ISO-10303-21;
HEADER;
FILE_DESCRIPTION (( 'STEP AP214' ),
    '1' );
FILE_NAME ('MAXM17572AMC+T.STEP',
    '2026-05-01T05:10:47',
    ( '' ),
    ( '' ),
    'SwSTEP 2.0',
    'SolidWorks 2023',
    '' );
FILE_SCHEMA (( 'AUTOMOTIVE_DESIGN' ));
ENDSEC;

DATA;
#1 = FILL_AREA_STYLE_COLOUR ( '', #608 ) ;
#2 = EDGE_CURVE ( 'NONE', #1087, #1379, #2297, .T. ) ;
#3 = ORIENTED_EDGE ( 'NONE', *, *, #1424, .F. ) ;
#4 = CARTESIAN_POINT ( 'NONE',  ( 1.649999999999999467, -0.6250000000000001110, 0.4870000000000000440 ) ) ;
#5 = CARTESIAN_POINT ( 'NONE',  ( 1.649999999999999467, 0.1250000000000000000, 0.4870000000000000440 ) ) ;
#6 = LINE ( 'NONE', #999, #3160 ) ;
#7 = EDGE_CURVE ( 'NONE', #11, #3000, #2045, .T. ) ;
#8 = CARTESIAN_POINT ( 'NONE',  ( -1.749999999999999556, -1.750000000000000000, 0.4970000000000000528 ) ) ;
#9 = UNCERTAINTY_MEASURE_WITH_UNIT (LENGTH_MEASURE( 1.000000000000000082E-05 ), #1152, 'distance_accuracy_value', 'NONE');
#10 = LINE ( 'NONE', #1872, #2354 ) ;
#11 = VERTEX_POINT ( 'NONE', #2811 ) ;
#12 = COLOUR_RGB ( '',0.6470588235294117974, 0.5176470588235293491, 0.000000000000000000 ) ;
#13 =( GEOMETRIC_REPRESENTATION_CONTEXT ( 3 ) GLOBAL_UNCERTAINTY_ASSIGNED_CONTEXT ( ( #1459 ) ) GLOBAL_UNIT_ASSIGNED_CONTEXT ( ( #1368, #1623, #2667 ) ) REPRESENTATION_CONTEXT ( 'NONE', 'WORKASPACE' ) );
#14 = CARTESIAN_POINT ( 'NONE',  ( 1.649999999999999467, 1.375000000000000000, 0.4870000000000000440 ) ) ;
#15 = ORIENTED_EDGE ( 'NONE', *, *, #1618, .F. ) ;
#16 = DIRECTION ( 'NONE',  ( 1.000000000000000000, 0.000000000000000000, 0.000000000000000000 ) ) ;
#17 = ORIENTED_EDGE ( 'NONE', *, *, #135, .F. ) ;
#18 = PRESENTATION_STYLE_ASSIGNMENT (( #2325 ) ) ;
#19 = COLOUR_RGB ( '',0.6470588235294117974, 0.5176470588235293491, 0.000000000000000000 ) ;
#20 = STYLED_ITEM ( 'NONE', ( #936 ), #478 ) ;
#21 = LINE ( 'NONE', #1286, #2597 ) ;
#22 = ORIENTED_EDGE ( 'NONE', *, *, #1576, .F. ) ;
#23 = LINE ( 'NONE', #67, #809 ) ;
#24 = CARTESIAN_POINT ( 'NONE',  ( -1.050000000000000044, 1.199999999999999956, 0.4870000000000000440 ) ) ;
#25 = VECTOR ( 'NONE', #2854, 1000.000000000000000 ) ;
#26 =( GEOMETRIC_REPRESENTATION_CONTEXT ( 3 ) GLOBAL_UNCERTAINTY_ASSIGNED_CONTEXT ( ( #981 ) ) GLOBAL_UNIT_ASSIGNED_CONTEXT ( ( #1951, #645, #3220 ) ) REPRESENTATION_CONTEXT ( 'NONE', 'WORKASPACE' ) );
#27 = FILL_AREA_STYLE ('',( #2606 ) ) ;
#28 = STYLED_ITEM ( 'NONE', ( #238 ), #207 ) ;
#29 = LINE ( 'NONE', #1611, #411 ) ;
#30 =( NAMED_UNIT ( * ) SI_UNIT ( $, .STERADIAN. ) SOLID_ANGLE_UNIT ( ) );
#31 = PRESENTATION_STYLE_ASSIGNMENT (( #3111 ) ) ;
#32 = ORIENTED_EDGE ( 'NONE', *, *, #370, .T. ) ;
#33 = EDGE_CURVE ( 'NONE', #2078, #1351, #2568, .T. ) ;
#34 = EDGE_CURVE ( 'NONE', #2371, #3148, #2556, .T. ) ;
#35 = PRESENTATION_LAYER_ASSIGNMENT (  '', '', ( #1481 ) ) ;
#36 = VERTEX_POINT ( 'NONE', #1660 ) ;
#37 = AXIS2_PLACEMENT_3D ( 'NONE', #2679, #391, #1419 ) ;
#38 = EDGE_CURVE ( 'NONE', #3181, #2118, #1917, .T. ) ;
#39 =( GEOMETRIC_REPRESENTATION_CONTEXT ( 3 ) GLOBAL_UNCERTAINTY_ASSIGNED_CONTEXT ( ( #1257 ) ) GLOBAL_UNIT_ASSIGNED_CONTEXT ( ( #980, #2368, #1051 ) ) REPRESENTATION_CONTEXT ( 'NONE', 'WORKASPACE' ) );
#40 = SURFACE_SIDE_STYLE ('',( #2405 ) ) ;
#41 = EDGE_CURVE ( 'NONE', #500, #1381, #355, .T. ) ;
#42 = ORIENTED_EDGE ( 'NONE', *, *, #2710, .F. ) ;
#43 = DIRECTION ( 'NONE',  ( 0.000000000000000000, 0.000000000000000000, -1.000000000000000000 ) ) ;
#44 = DIRECTION ( 'NONE',  ( -0.000000000000000000, -0.000000000000000000, 1.000000000000000000 ) ) ;
#45 = CARTESIAN_POINT ( 'NONE',  ( -1.299999999999999600, 1.375000000000000000, 0.4870000000000000440 ) ) ;
#46 = ORIENTED_EDGE ( 'NONE', *, *, #475, .F. ) ;
#47 = VERTEX_POINT ( 'NONE', #2911 ) ;
#48 = CARTESIAN_POINT ( 'NONE',  ( 1.299999999999999600, 1.375000000000000000, 0.4870000000000000440 ) ) ;
#49 = ORIENTED_EDGE ( 'NONE', *, *, #3106, .T. ) ;
#50 = FILL_AREA_STYLE_COLOUR ( '', #652 ) ;
#51 = ADVANCED_FACE ( 'NONE', ( #2668 ), #913, .T. ) ;
#52 = PLANE ( 'NONE',  #2890 ) ;
#53 = EDGE_LOOP ( 'NONE', ( #1959, #571, #2703, #403 ) ) ;
#54 = CARTESIAN_POINT ( 'NONE',  ( -1.050000000000000044, -1.199999999999999956, 0.4870000000000000440 ) ) ;
#55 = DIRECTION ( 'NONE',  ( -0.7071067811865474617, 0.7071067811865474617, -0.000000000000000000 ) ) ;
#56 = LINE ( 'NONE', #2340, #1385 ) ;
#57 = PRESENTATION_STYLE_ASSIGNMENT (( #3158 ) ) ;
#58 = DIRECTION ( 'NONE',  ( -0.000000000000000000, -0.000000000000000000, 1.000000000000000000 ) ) ;
#59 = ORIENTED_EDGE ( 'NONE', *, *, #2946, .T. ) ;
#60 = CARTESIAN_POINT ( 'NONE',  ( 0.000000000000000000, 0.000000000000000000, 0.000000000000000000 ) ) ;
#61 =( NAMED_UNIT ( * ) SI_UNIT ( $, .STERADIAN. ) SOLID_ANGLE_UNIT ( ) );
#62 = STYLED_ITEM ( 'NONE', ( #3004 ), #2910 ) ;
#63 =( GEOMETRIC_REPRESENTATION_CONTEXT ( 3 ) GLOBAL_UNCERTAINTY_ASSIGNED_CONTEXT ( ( #1870 ) ) GLOBAL_UNIT_ASSIGNED_CONTEXT ( ( #3253, #1498, #430 ) ) REPRESENTATION_CONTEXT ( 'NONE', 'WORKASPACE' ) );
#64 = DIRECTION ( 'NONE',  ( -0.000000000000000000, -0.000000000000000000, 1.000000000000000000 ) ) ;
#65 = ORIENTED_EDGE ( 'NONE', *, *, #1474, .F. ) ;
#66 = EDGE_CURVE ( 'NONE', #859, #3000, #2461, .T. ) ;
#67 = CARTESIAN_POINT ( 'NONE',  ( -1.649999999999999467, -1.125000000000000222, 0.4870000000000000440 ) ) ;
#68 = PRODUCT_RELATED_PRODUCT_CATEGORY ( 'part', '', ( #1884 ) ) ;
#69 = SURFACE_STYLE_USAGE ( .BOTH. , #2425 ) ;
#70 = DIRECTION ( 'NONE',  ( 0.000000000000000000, -1.000000000000000000, 0.000000000000000000 ) ) ;
#71 = UNCERTAINTY_MEASURE_WITH_UNIT (LENGTH_MEASURE( 1.000000000000000082E-05 ), #1005, 'distance_accuracy_value', 'NONE');
#72 = MECHANICAL_DESIGN_GEOMETRIC_PRESENTATION_REPRESENTATION (  '', ( #2957 ), #1694 ) ;
#73 = PLANE ( 'NONE',  #255 ) ;
#74 = MECHANICAL_DESIGN_GEOMETRIC_PRESENTATION_REPRESENTATION (  '', ( #28 ), #2797 ) ;
#75 = VERTEX_POINT ( 'NONE', #1417 ) ;
#76 = MECHANICAL_DESIGN_GEOMETRIC_PRESENTATION_REPRESENTATION (  '', ( #1808 ), #335 ) ;
#77 =( NAMED_UNIT ( * ) SI_UNIT ( $, .STERADIAN. ) SOLID_ANGLE_UNIT ( ) );
#78 = MECHANICAL_DESIGN_GEOMETRIC_PRESENTATION_REPRESENTATION (  '', ( #2692 ), #2646 ) ;
#79 = CARTESIAN_POINT ( 'NONE',  ( 1.299999999999999600, -0.6250000000000001110, 0.4970000000000000528 ) ) ;
#80 = EDGE_LOOP ( 'NONE', ( #2808, #400, #2917, #656 ) ) ;
#81 = SURFACE_STYLE_USAGE ( .BOTH. , #266 ) ;
#82 = DIRECTION ( 'NONE',  ( 0.000000000000000000, -1.000000000000000000, 0.000000000000000000 ) ) ;
#83 = VECTOR ( 'NONE', #1718, 1000.000000000000000 ) ;
#84 = VECTOR ( 'NONE', #55, 1000.000000000000114 ) ;
#85 = ORIENTED_EDGE ( 'NONE', *, *, #2088, .T. ) ;
#86 = PLANE ( 'NONE',  #121 ) ;
#87 =( NAMED_UNIT ( * ) SI_UNIT ( $, .STERADIAN. ) SOLID_ANGLE_UNIT ( ) );
#88 = COLOUR_RGB ( '',0.6470588235294117974, 0.5176470588235293491, 0.000000000000000000 ) ;
#89 = FILL_AREA_STYLE_COLOUR ( '', #823 ) ;
#90 = AXIS2_PLACEMENT_3D ( 'NONE', #1599, #525, #279 ) ;
#91 = VECTOR ( 'NONE', #2324, 1000.000000000000000 ) ;
#92 = FILL_AREA_STYLE_COLOUR ( '', #2561 ) ;
#93 = SURFACE_STYLE_FILL_AREA ( #325 ) ;
#94 = CARTESIAN_POINT ( 'NONE',  ( -1.299999999999999600, 0.3749999999999998890, 0.4870000000000000440 ) ) ;
#95 = EDGE_LOOP ( 'NONE', ( #784, #505, #2458, #2664 ) ) ;
#96 =( NAMED_UNIT ( * ) PLANE_ANGLE_UNIT ( ) SI_UNIT ( $, .RADIAN. ) );
#97 = LINE ( 'NONE', #2154, #598 ) ;
#98 = DIRECTION ( 'NONE',  ( -0.000000000000000000, 0.000000000000000000, 1.000000000000000000 ) ) ;
#99 = ORIENTED_EDGE ( 'NONE', *, *, #34, .F. ) ;
#100 = CARTESIAN_POINT ( 'NONE',  ( 1.264394284373792088, 1.565992921013407146, 0.000000000000000000 ) ) ;
#101 = FILL_AREA_STYLE_COLOUR ( '', #2020 ) ;
#102 = ORIENTED_EDGE ( 'NONE', *, *, #3118, .T. ) ;
#103 = DIRECTION ( 'NONE',  ( -0.000000000000000000, -0.000000000000000000, 1.000000000000000000 ) ) ;
#104 = EDGE_CURVE ( 'NONE', #1893, #36, #885, .T. ) ;
#105 = LINE ( 'NONE', #629, #3099 ) ;
#106 = STYLED_ITEM ( 'NONE', ( #444 ), #685 ) ;
#107 = DIRECTION ( 'NONE',  ( 0.000000000000000000, 0.000000000000000000, 1.000000000000000000 ) ) ;
#108 = EDGE_CURVE ( 'NONE', #1163, #782, #105, .T. ) ;
#109 = PRESENTATION_STYLE_ASSIGNMENT (( #2464 ) ) ;
#110 = VECTOR ( 'NONE', #3107, 1000.000000000000000 ) ;
#111 = PLANE ( 'NONE',  #243 ) ;
#112 = ORIENTED_EDGE ( 'NONE', *, *, #33, .F. ) ;
#113 = CARTESIAN_POINT ( 'NONE',  ( 1.299999999999999600, 1.125000000000000222, 0.4870000000000000440 ) ) ;
#114 = DIRECTION ( 'NONE',  ( -0.000000000000000000, 1.000000000000000000, -0.000000000000000000 ) ) ;
#115 = PRESENTATION_STYLE_ASSIGNMENT (( #622 ) ) ;
#116 = DIRECTION ( 'NONE',  ( 0.000000000000000000, -0.000000000000000000, -1.000000000000000000 ) ) ;
#117 = EDGE_LOOP ( 'NONE', ( #1202, #2988, #642, #3267 ) ) ;
#118 =( GEOMETRIC_REPRESENTATION_CONTEXT ( 3 ) GLOBAL_UNCERTAINTY_ASSIGNED_CONTEXT ( ( #2623 ) ) GLOBAL_UNIT_ASSIGNED_CONTEXT ( ( #2903, #2686, #575 ) ) REPRESENTATION_CONTEXT ( 'NONE', 'WORKASPACE' ) );
#119 = CARTESIAN_POINT ( 'NONE',  ( 1.649999999999999467, 0.1250000000000000000, 0.4870000000000000440 ) ) ;
#120 = VERTEX_POINT ( 'NONE', #2944 ) ;
#121 = AXIS2_PLACEMENT_3D ( 'NONE', #2941, #1894, #1671 ) ;
#122 = CARTESIAN_POINT ( 'NONE',  ( 1.299999999999999600, -0.6250000000000001110, 0.4870000000000000440 ) ) ;
#123 = CARTESIAN_POINT ( 'NONE',  ( 1.649999999999999467, -0.3749999999999998890, 0.4870000000000000440 ) ) ;
#124 = STYLED_ITEM ( 'NONE', ( #1904 ), #1335 ) ;
#125 = FACE_OUTER_BOUND ( 'NONE', #1503, .T. ) ;
#126 = LINE ( 'NONE', #618, #3035 ) ;
#127 =( LENGTH_UNIT ( ) NAMED_UNIT ( * ) SI_UNIT ( .MILLI., .METRE. ) );
#128 = AXIS2_PLACEMENT_3D ( 'NONE', #2441, #2506, #662 ) ;
#129 =( NAMED_UNIT ( * ) SI_UNIT ( $, .STERADIAN. ) SOLID_ANGLE_UNIT ( ) );
#130 = EDGE_CURVE ( 'NONE', #750, #1430, #1695, .T. ) ;
#131 = AXIS2_PLACEMENT_3D ( 'NONE', #2648, #351, #1382 ) ;
#132 = EDGE_LOOP ( 'NONE', ( #2627, #3052, #1176, #112 ) ) ;
#133 = DIRECTION ( 'NONE',  ( 3.097720492815726673E-16, 1.000000000000000000, 0.000000000000000000 ) ) ;
#134 = FILL_AREA_STYLE ('',( #101 ) ) ;
#135 = EDGE_CURVE ( 'NONE', #2453, #1841, #2146, .T. ) ;
#136 = ORIENTED_EDGE ( 'NONE', *, *, #569, .F. ) ;
#137 = ADVANCED_FACE ( 'NONE', ( #1169 ), #1897, .F. ) ;
#138 = MECHANICAL_DESIGN_GEOMETRIC_PRESENTATION_REPRESENTATION (  '', ( #819 ), #994 ) ;
#139 = EDGE_CURVE ( 'NONE', #1961, #2371, #3039, .T. ) ;
#140 = DIRECTION ( 'NONE',  ( 0.000000000000000000, 0.000000000000000000, -1.000000000000000000 ) ) ;
#141 = VECTOR ( 'NONE', #1374, 1000.000000000000000 ) ;
#142 = VECTOR ( 'NONE', #212, 1000.000000000000000 ) ;
#143 = DIRECTION ( 'NONE',  ( -0.000000000000000000, 1.000000000000000000, -0.000000000000000000 ) ) ;
#144 = CARTESIAN_POINT ( 'NONE',  ( 1.299999999999999600, 0.1250000000000001110, 0.4970000000000000528 ) ) ;
#145 = PRESENTATION_STYLE_ASSIGNMENT (( #631 ) ) ;
#146 = ORIENTED_EDGE ( 'NONE', *, *, #486, .T. ) ;
#147 =( NAMED_UNIT ( * ) PLANE_ANGLE_UNIT ( ) SI_UNIT ( $, .RADIAN. ) );
#148 = FILL_AREA_STYLE ('',( #1390 ) ) ;
#149 = UNCERTAINTY_MEASURE_WITH_UNIT (LENGTH_MEASURE( 1.000000000000000082E-05 ), #3147, 'distance_accuracy_value', 'NONE');
#150 = LINE ( 'NONE', #364, #2341 ) ;
#151 = EDGE_CURVE ( 'NONE', #1379, #1141, #996, .T. ) ;
#152 = ORIENTED_EDGE ( 'NONE', *, *, #1900, .T. ) ;
#153 = EDGE_LOOP ( 'NONE', ( #1439, #3303, #577, #1262 ) ) ;
#154 = LINE ( 'NONE', #2252, #2945 ) ;
#155 = ORIENTED_EDGE ( 'NONE', *, *, #2656, .T. ) ;
#156 = EDGE_CURVE ( 'NONE', #2737, #2349, #1488, .T. ) ;
#157 = CARTESIAN_POINT ( 'NONE',  ( -1.649999999999999467, 0.3749999999999998890, 0.4970000000000000528 ) ) ;
#158 = VERTEX_POINT ( 'NONE', #1009 ) ;
#159 = SURFACE_SIDE_STYLE ('',( #1641 ) ) ;
#160 = CARTESIAN_POINT ( 'NONE',  ( 1.649999999999999467, 1.375000000000000000, 0.4970000000000000528 ) ) ;
#161 = PLANE ( 'NONE',  #1271 ) ;
#162 = LINE ( 'NONE', #1226, #1162 ) ;
#163 = CARTESIAN_POINT ( 'NONE',  ( -1.050000000000000044, -1.199999999999999956, 0.4870000000000000440 ) ) ;
#164 =( NAMED_UNIT ( * ) PLANE_ANGLE_UNIT ( ) SI_UNIT ( $, .RADIAN. ) );
#165 = LINE ( 'NONE', #1140, #661 ) ;
#166 = ORIENTED_EDGE ( 'NONE', *, *, #2821, .F. ) ;
#167 = SURFACE_STYLE_FILL_AREA ( #2503 ) ;
#168 = EDGE_LOOP ( 'NONE', ( #445, #1667, #2979, #3239 ) ) ;
#169 = COLOUR_RGB ( '',0.6470588235294117974, 0.5176470588235293491, 0.000000000000000000 ) ;
#170 = FACE_OUTER_BOUND ( 'NONE', #2364, .T. ) ;
#171 = VECTOR ( 'NONE', #2874, 1000.000000000000000 ) ;
#172 = EDGE_CURVE ( 'NONE', #1792, #895, #3259, .T. ) ;
#173 = ORIENTED_EDGE ( 'NONE', *, *, #2922, .T. ) ;
#174 = DIRECTION ( 'NONE',  ( 0.000000000000000000, -0.000000000000000000, 1.000000000000000000 ) ) ;
#175 = STYLED_ITEM ( 'NONE', ( #1212 ), #1254 ) ;
#176 = PRESENTATION_LAYER_ASSIGNMENT (  '', '', ( #2483 ) ) ;
#177 = DIRECTION ( 'NONE',  ( -1.000000000000000000, 0.000000000000000000, 0.000000000000000000 ) ) ;
#178 = LINE ( 'NONE', #1207, #2500 ) ;
#179 = UNCERTAINTY_MEASURE_WITH_UNIT (LENGTH_MEASURE( 1.000000000000000082E-05 ), #2768, 'distance_accuracy_value', 'NONE');
#180 = CARTESIAN_POINT ( 'NONE',  ( -1.649999999999999467, 1.375000000000000000, 0.4870000000000000440 ) ) ;
#181 = VERTEX_POINT ( 'NONE', #2476 ) ;
#182 = LINE ( 'NONE', #720, #2762 ) ;
#183 = FILL_AREA_STYLE_COLOUR ( '', #2965 ) ;
#184 = ORIENTED_EDGE ( 'NONE', *, *, #1903, .T. ) ;
#185 = VECTOR ( 'NONE', #3296, 1000.000000000000000 ) ;
#186 = FILL_AREA_STYLE_COLOUR ( '', #1575 ) ;
#187 = DIRECTION ( 'NONE',  ( -1.000000000000000000, 0.000000000000000000, -0.000000000000000000 ) ) ;
#188 = STYLED_ITEM ( 'NONE', ( #3021 ), #214 ) ;
#189 = VECTOR ( 'NONE', #1996, 1000.000000000000000 ) ;
#190 = CARTESIAN_POINT ( 'NONE',  ( 1.589192816139537667, 1.565992921013407146, 0.01000000000000000021 ) ) ;
#191 = ORIENTED_EDGE ( 'NONE', *, *, #1308, .T. ) ;
#192 = STYLED_ITEM ( 'NONE', ( #1646 ), #1185 ) ;
#193 = CARTESIAN_POINT ( 'NONE',  ( 1.649999999999999467, 0.3749999999999998890, 0.4970000000000000528 ) ) ;
#194 = PRESENTATION_LAYER_ASSIGNMENT (  '', '', ( #926 ) ) ;
#195 = PRESENTATION_LAYER_ASSIGNMENT (  '', '', ( #561 ) ) ;
#196 = CARTESIAN_POINT ( 'NONE',  ( -1.050000000000000044, 1.199999999999999956, 0.4870000000000000440 ) ) ;
#197 = FACE_BOUND ( 'NONE', #3092, .T. ) ;
#198 = CARTESIAN_POINT ( 'NONE',  ( -1.649999999999999467, -1.375000000000000000, 0.4970000000000000528 ) ) ;
#199 = DIRECTION ( 'NONE',  ( -0.000000000000000000, -0.000000000000000000, 1.000000000000000000 ) ) ;
#200 = CARTESIAN_POINT ( 'NONE',  ( 1.200000000000000178, 1.199999999999999734, -2.003000000000000114 ) ) ;
#201 = VERTEX_POINT ( 'NONE', #3003 ) ;
#202 = FILL_AREA_STYLE_COLOUR ( '', #1698 ) ;
#203 =( NAMED_UNIT ( * ) PLANE_ANGLE_UNIT ( ) SI_UNIT ( $, .RADIAN. ) );
#204 = EDGE_CURVE ( 'NONE', #1348, #289, #1731, .T. ) ;
#205 = ORIENTED_EDGE ( 'NONE', *, *, #38, .T. ) ;
#206 = PLANE ( 'NONE',  #2384 ) ;
#207 = ADVANCED_FACE ( 'NONE', ( #950 ), #423, .F. ) ;
#208 = DIRECTION ( 'NONE',  ( -0.000000000000000000, -0.000000000000000000, 1.000000000000000000 ) ) ;
#209 =( LENGTH_UNIT ( ) NAMED_UNIT ( * ) SI_UNIT ( .MILLI., .METRE. ) );
#210 = DIRECTION ( 'NONE',  ( 0.000000000000000000, 1.000000000000000000, 0.000000000000000000 ) ) ;
#211 = FACE_BOUND ( 'NONE', #132, .T. ) ;
#212 = DIRECTION ( 'NONE',  ( -0.000000000000000000, -0.000000000000000000, 1.000000000000000000 ) ) ;
#213 = UNCERTAINTY_MEASURE_WITH_UNIT (LENGTH_MEASURE( 1.000000000000000082E-05 ), #1397, 'distance_accuracy_value', 'NONE');
#214 = ADVANCED_FACE ( 'NONE', ( #1986 ), #206, .F. ) ;
#215 = CARTESIAN_POINT ( 'NONE',  ( 1.649999999999999467, 1.375000000000000000, 0.4870000000000000440 ) ) ;
#216 = ORIENTED_EDGE ( 'NONE', *, *, #569, .T. ) ;
#217 =( GEOMETRIC_REPRESENTATION_CONTEXT ( 3 ) GLOBAL_UNCERTAINTY_ASSIGNED_CONTEXT ( ( #635 ) ) GLOBAL_UNIT_ASSIGNED_CONTEXT ( ( #1175, #905, #982 ) ) REPRESENTATION_CONTEXT ( 'NONE', 'WORKASPACE' ) );
#218 = PRESENTATION_STYLE_ASSIGNMENT (( #1006 ) ) ;
#219 = COLOUR_RGB ( '',0.6470588235294117974, 0.5176470588235293491, 0.000000000000000000 ) ;
#220 = DIRECTION ( 'NONE',  ( -0.000000000000000000, -0.000000000000000000, 1.000000000000000000 ) ) ;
#221 = ORIENTED_EDGE ( 'NONE', *, *, #2234, .T. ) ;
#222 = COLOUR_RGB ( '',0.6470588235294117974, 0.5176470588235293491, 0.000000000000000000 ) ;
#223 = SURFACE_STYLE_FILL_AREA ( #474 ) ;
#224 = MECHANICAL_DESIGN_GEOMETRIC_PRESENTATION_REPRESENTATION (  '', ( #1683 ), #2428 ) ;
#225 = CARTESIAN_POINT ( 'NONE',  ( -1.199999999999999734, -1.200000000000000178, 0.000000000000000000 ) ) ;
#226 =( LENGTH_UNIT ( ) NAMED_UNIT ( * ) SI_UNIT ( .MILLI., .METRE. ) );
#227 = SURFACE_STYLE_USAGE ( .BOTH. , #1478 ) ;
#228 =( NAMED_UNIT ( * ) PLANE_ANGLE_UNIT ( ) SI_UNIT ( $, .RADIAN. ) );
#229 = VERTEX_POINT ( 'NONE', #2569 ) ;
#230 = ADVANCED_FACE ( 'NONE', ( #2586 ), #546, .F. ) ;
#231 = EDGE_CURVE ( 'NONE', #536, #2737, #23, .T. ) ;
#232 = VECTOR ( 'NONE', #1729, 1000.000000000000000 ) ;
#233 = EDGE_CURVE ( 'NONE', #2008, #1999, #1025, .T. ) ;
#234 = PRESENTATION_LAYER_ASSIGNMENT (  '', '', ( #2229 ) ) ;
#235 = CARTESIAN_POINT ( 'NONE',  ( 1.589192816139537667, 1.565992921013407146, 0.000000000000000000 ) ) ;
#237 = EDGE_CURVE ( 'NONE', #75, #1728, #1322, .T. ) ;
#236 = ORIENTED_EDGE ( 'NONE', *, *, #2972, .T. ) ;
#238 = PRESENTATION_STYLE_ASSIGNMENT (( #2299 ) ) ;
#239 = CARTESIAN_POINT ( 'NONE',  ( 1.299999999999999600, -0.6250000000000001110, 0.4870000000000000440 ) ) ;
#240 = FILL_AREA_STYLE_COLOUR ( '', #291 ) ;
#241 = DIRECTION ( 'NONE',  ( -0.000000000000000000, -0.000000000000000000, 1.000000000000000000 ) ) ;
#242 = UNCERTAINTY_MEASURE_WITH_UNIT (LENGTH_MEASURE( 1.000000000000000082E-05 ), #2557, 'distance_accuracy_value', 'NONE');
#243 = AXIS2_PLACEMENT_3D ( 'NONE', #2704, #655, #2723 ) ;
#244 = FILL_AREA_STYLE ('',( #1525 ) ) ;
#245 = VECTOR ( 'NONE', #748, 1000.000000000000000 ) ;
#246 = ADVANCED_FACE ( 'NONE', ( #774 ), #2061, .F. ) ;
#247 =( LENGTH_UNIT ( ) NAMED_UNIT ( * ) SI_UNIT ( .MILLI., .METRE. ) );
#248 = VERTEX_POINT ( 'NONE', #2331 ) ;
#249 = CARTESIAN_POINT ( 'NONE',  ( -1.299999999999999600, -0.1250000000000001110, 0.4870000000000000440 ) ) ;
#250 = EDGE_CURVE ( 'NONE', #1410, #1362, #2092, .T. ) ;
#251 = EDGE_LOOP ( 'NONE', ( #396, #2682, #2099, #1282 ) ) ;
#252 = DIRECTION ( 'NONE',  ( -0.000000000000000000, -0.000000000000000000, 1.000000000000000000 ) ) ;
#253 =( GEOMETRIC_REPRESENTATION_CONTEXT ( 3 ) GLOBAL_UNCERTAINTY_ASSIGNED_CONTEXT ( ( #1052 ) ) GLOBAL_UNIT_ASSIGNED_CONTEXT ( ( #1855, #813, #1079 ) ) REPRESENTATION_CONTEXT ( 'NONE', 'WORKASPACE' ) );
#254 = CARTESIAN_POINT ( 'NONE',  ( -1.649999999999999467, 1.375000000000000000, 0.4870000000000000440 ) ) ;
#255 = AXIS2_PLACEMENT_3D ( 'NONE', #1375, #1101, #1387 ) ;
#256 = EDGE_LOOP ( 'NONE', ( #1200, #264, #1247, #313 ) ) ;
#257 = FILL_AREA_STYLE ('',( #1543 ) ) ;
#258 = PLANE ( 'NONE',  #2187 ) ;
#259 = DIRECTION ( 'NONE',  ( 1.000000000000000000, 0.000000000000000000, 0.000000000000000000 ) ) ;
#260 = CARTESIAN_POINT ( 'NONE',  ( 1.299999999999999600, 1.375000000000000000, 0.4970000000000000528 ) ) ;
#261 = VERTEX_POINT ( 'NONE', #1818 ) ;
#262 = ADVANCED_BREP_SHAPE_REPRESENTATION ( 'MAXM17572AMC+T', ( #2137, #2868 ), #2663 ) ;
#263 = DIRECTION ( 'NONE',  ( -0.000000000000000000, -0.000000000000000000, 1.000000000000000000 ) ) ;
#264 = ORIENTED_EDGE ( 'NONE', *, *, #3001, .T. ) ;
#265 = CARTESIAN_POINT ( 'NONE',  ( -1.050000000000000044, -1.199999999999999956, 0.4870000000000000440 ) ) ;
#266 = SURFACE_SIDE_STYLE ('',( #1363 ) ) ;
#267 = VERTEX_POINT ( 'NONE', #1356 ) ;
#268 = AXIS2_PLACEMENT_3D ( 'NONE', #1909, #2193, #379 ) ;
#269 = ORIENTED_EDGE ( 'NONE', *, *, #2515, .F. ) ;
#270 =( GEOMETRIC_REPRESENTATION_CONTEXT ( 3 ) GLOBAL_UNCERTAINTY_ASSIGNED_CONTEXT ( ( #1327 ) ) GLOBAL_UNIT_ASSIGNED_CONTEXT ( ( #765, #1771, #1223 ) ) REPRESENTATION_CONTEXT ( 'NONE', 'WORKASPACE' ) );
#271 =( LENGTH_UNIT ( ) NAMED_UNIT ( * ) SI_UNIT ( .MILLI., .METRE. ) );
#272 = ADVANCED_FACE ( 'NONE', ( #2107 ), #3103, .T. ) ;
#273 =( LENGTH_UNIT ( ) NAMED_UNIT ( * ) SI_UNIT ( .MILLI., .METRE. ) );
#274 = DIRECTION ( 'NONE',  ( 1.000000000000000000, 0.000000000000000000, 0.000000000000000000 ) ) ;
#275 =( GEOMETRIC_REPRESENTATION_CONTEXT ( 3 ) GLOBAL_UNCERTAINTY_ASSIGNED_CONTEXT ( ( #934 ) ) GLOBAL_UNIT_ASSIGNED_CONTEXT ( ( #2508, #2300, #3273 ) ) REPRESENTATION_CONTEXT ( 'NONE', 'WORKASPACE' ) );
#276 = LINE ( 'NONE', #2082, #768 ) ;
#277 = UNCERTAINTY_MEASURE_WITH_UNIT (LENGTH_MEASURE( 1.000000000000000082E-05 ), #1441, 'distance_accuracy_value', 'NONE');
#278 = EDGE_LOOP ( 'NONE', ( #1669, #294, #1886, #1881 ) ) ;
#279 = DIRECTION ( 'NONE',  ( -0.7071067811865474617, 0.7071067811865474617, 0.000000000000000000 ) ) ;
#280 = ORIENTED_EDGE ( 'NONE', *, *, #1592, .T. ) ;
#281 = VECTOR ( 'NONE', #1449, 1000.000000000000000 ) ;
#282 = EDGE_CURVE ( 'NONE', #1999, #3153, #2407, .T. ) ;
#283 = DIRECTION ( 'NONE',  ( -0.000000000000000000, 0.000000000000000000, 1.000000000000000000 ) ) ;
#284 = EDGE_LOOP ( 'NONE', ( #2416, #1297, #2275, #2803 ) ) ;
#285 = DIRECTION ( 'NONE',  ( 1.000000000000000000, 0.000000000000000000, 0.000000000000000000 ) ) ;
#286 = DIRECTION ( 'NONE',  ( -1.000000000000000000, -0.000000000000000000, -0.000000000000000000 ) ) ;
#287 = AXIS2_PLACEMENT_3D ( 'NONE', #215, #1244, #2787 ) ;
#288 =( GEOMETRIC_REPRESENTATION_CONTEXT ( 3 ) GLOBAL_UNCERTAINTY_ASSIGNED_CONTEXT ( ( #179 ) ) GLOBAL_UNIT_ASSIGNED_CONTEXT ( ( #2768, #2799, #2511 ) ) REPRESENTATION_CONTEXT ( 'NONE', 'WORKASPACE' ) );
#289 = VERTEX_POINT ( 'NONE', #353 ) ;
#290 = CARTESIAN_POINT ( 'NONE',  ( 1.649999999999999467, -0.3749999999999998890, 0.4870000000000000440 ) ) ;
#291 = COLOUR_RGB ( '',0.6470588235294117974, 0.5176470588235293491, 0.000000000000000000 ) ;
#292 =( GEOMETRIC_REPRESENTATION_CONTEXT ( 3 ) GLOBAL_UNCERTAINTY_ASSIGNED_CONTEXT ( ( #1359 ) ) GLOBAL_UNIT_ASSIGNED_CONTEXT ( ( #2521, #1339, #840 ) ) REPRESENTATION_CONTEXT ( 'NONE', 'WORKASPACE' ) );
#293 = SURFACE_SIDE_STYLE ('',( #323 ) ) ;
#294 = ORIENTED_EDGE ( 'NONE', *, *, #2708, .F. ) ;
#295 = SURFACE_STYLE_USAGE ( .BOTH. , #2578 ) ;
#296 = CARTESIAN_POINT ( 'NONE',  ( -1.199999999999999734, -1.200000000000000178, 0.000000000000000000 ) ) ;
#297 = ORIENTED_EDGE ( 'NONE', *, *, #345, .T. ) ;
#298 = VECTOR ( 'NONE', #521, 1000.000000000000000 ) ;
#299 = LINE ( 'NONE', #3302, #1743 ) ;
#300 = VECTOR ( 'NONE', #2734, 1000.000000000000114 ) ;
#301 = LINE ( 'NONE', #1504, #2479 ) ;
#302 = CARTESIAN_POINT ( 'NONE',  ( -1.649999999999999467, -1.375000000000000000, 0.4870000000000000440 ) ) ;
#303 = ORIENTED_EDGE ( 'NONE', *, *, #34, .T. ) ;
#304 = CARTESIAN_POINT ( 'NONE',  ( 1.750000000000000444, -1.750000000000000000, 0.000000000000000000 ) ) ;
#305 = CARTESIAN_POINT ( 'NONE',  ( 0.000000000000000000, 0.000000000000000000, 0.4870000000000000440 ) ) ;
#306 = FACE_OUTER_BOUND ( 'NONE', #1979, .T. ) ;
#307 = STYLED_ITEM ( 'NONE', ( #2433 ), #3315 ) ;
#308 = PLANE ( 'NONE',  #1714 ) ;
#309 =( LENGTH_UNIT ( ) NAMED_UNIT ( * ) SI_UNIT ( .MILLI., .METRE. ) );
#310 = UNCERTAINTY_MEASURE_WITH_UNIT (LENGTH_MEASURE( 1.000000000000000082E-05 ), #2707, 'distance_accuracy_value', 'NONE');
#311 = FACE_OUTER_BOUND ( 'NONE', #3077, .T. ) ;
#312 = DIRECTION ( 'NONE',  ( 0.000000000000000000, 1.000000000000000000, 0.000000000000000000 ) ) ;
#313 = ORIENTED_EDGE ( 'NONE', *, *, #2886, .T. ) ;
#314 =( LENGTH_UNIT ( ) NAMED_UNIT ( * ) SI_UNIT ( .MILLI., .METRE. ) );
#315 = DIRECTION ( 'NONE',  ( -0.000000000000000000, -0.000000000000000000, 1.000000000000000000 ) ) ;
#316 = EDGE_CURVE ( 'NONE', #2507, #1295, #1182, .T. ) ;
#317 = VECTOR ( 'NONE', #1008, 1000.000000000000000 ) ;
#318 = EDGE_CURVE ( 'NONE', #261, #3149, #2211, .T. ) ;
#319 = DIRECTION ( 'NONE',  ( -1.000000000000000000, -3.097720492815726673E-16, 0.000000000000000000 ) ) ;
#320 = DIRECTION ( 'NONE',  ( -0.000000000000000000, -0.000000000000000000, -1.000000000000000000 ) ) ;
#321 = ORIENTED_EDGE ( 'NONE', *, *, #2243, .T. ) ;
#322 = FACE_OUTER_BOUND ( 'NONE', #278, .T. ) ;
#323 = SURFACE_STYLE_FILL_AREA ( #523 ) ;
#324 = CARTESIAN_POINT ( 'NONE',  ( 0.7500000000000002220, 1.199999999999999956, 0.4970000000000000528 ) ) ;
#325 = FILL_AREA_STYLE ('',( #1 ) ) ;
#326 = SURFACE_STYLE_USAGE ( .BOTH. , #1056 ) ;
#327 = ORIENTED_EDGE ( 'NONE', *, *, #2826, .T. ) ;
#328 = CARTESIAN_POINT ( 'NONE',  ( 1.050000000000000044, -1.199999999999999956, 0.4870000000000000440 ) ) ;
#329 = STYLED_ITEM ( 'NONE', ( #590 ), #3042 ) ;
#330 = DIRECTION ( 'NONE',  ( 0.000000000000000000, 0.000000000000000000, 1.000000000000000000 ) ) ;
#331 = ORIENTED_EDGE ( 'NONE', *, *, #475, .T. ) ;
#332 = ADVANCED_FACE ( 'NONE', ( #2926 ), #86, .F. ) ;
#333 = LINE ( 'NONE', #1164, #2163 ) ;
#334 = FILL_AREA_STYLE ('',( #2637 ) ) ;
#335 =( GEOMETRIC_REPRESENTATION_CONTEXT ( 3 ) GLOBAL_UNCERTAINTY_ASSIGNED_CONTEXT ( ( #601 ) ) GLOBAL_UNIT_ASSIGNED_CONTEXT ( ( #736, #1791, #3264 ) ) REPRESENTATION_CONTEXT ( 'NONE', 'WORKASPACE' ) );
#336 =( GEOMETRIC_REPRESENTATION_CONTEXT ( 3 ) GLOBAL_UNCERTAINTY_ASSIGNED_CONTEXT ( ( #1193 ) ) GLOBAL_UNIT_ASSIGNED_CONTEXT ( ( #883, #1935, #2108 ) ) REPRESENTATION_CONTEXT ( 'NONE', 'WORKASPACE' ) );
#337 =( NAMED_UNIT ( * ) PLANE_ANGLE_UNIT ( ) SI_UNIT ( $, .RADIAN. ) );
#338 = PRODUCT_DEFINITION_CONTEXT ( 'detailed design', #900, 'design' ) ;
#339 = COLOUR_RGB ( '',0.6470588235294117974, 0.5176470588235293491, 0.000000000000000000 ) ;
#340 = FILL_AREA_STYLE ('',( #92 ) ) ;
#341 = VECTOR ( 'NONE', #1454, 1000.000000000000000 ) ;
#342 = STYLED_ITEM ( 'NONE', ( #1805 ), #2631 ) ;
#343 = FILL_AREA_STYLE_COLOUR ( '', #1412 ) ;
#344 = ORIENTED_EDGE ( 'NONE', *, *, #231, .T. ) ;
#345 = EDGE_CURVE ( 'NONE', #2729, #2238, #333, .T. ) ;
#346 = CARTESIAN_POINT ( 'NONE',  ( -1.199999999999999734, -1.200000000000000178, -2.003000000000000114 ) ) ;
#347 = CARTESIAN_POINT ( 'NONE',  ( 1.649999999999999467, -0.1250000000000000000, 0.4870000000000000440 ) ) ;
#348 = FILL_AREA_STYLE ('',( #3165 ) ) ;
#349 =( GEOMETRIC_REPRESENTATION_CONTEXT ( 3 ) GLOBAL_UNCERTAINTY_ASSIGNED_CONTEXT ( ( #2003 ) ) GLOBAL_UNIT_ASSIGNED_CONTEXT ( ( #209, #2964, #1221 ) ) REPRESENTATION_CONTEXT ( 'NONE', 'WORKASPACE' ) );
#350 = ORIENTED_EDGE ( 'NONE', *, *, #753, .T. ) ;
#351 = DIRECTION ( 'NONE',  ( 0.000000000000000000, 1.000000000000000000, 0.000000000000000000 ) ) ;
#352 = ORIENTED_EDGE ( 'NONE', *, *, #1541, .T. ) ;
#353 = CARTESIAN_POINT ( 'NONE',  ( 1.299999999999999600, -0.1250000000000001110, 0.4970000000000000528 ) ) ;
#354 = DIRECTION ( 'NONE',  ( 0.000000000000000000, -0.000000000000000000, 1.000000000000000000 ) ) ;
#355 = LINE ( 'NONE', #597, #2365 ) ;
#356 = EDGE_CURVE ( 'NONE', #907, #3265, #2180, .T. ) ;
#357 =( LENGTH_UNIT ( ) NAMED_UNIT ( * ) SI_UNIT ( .MILLI., .METRE. ) );
#358 = VECTOR ( 'NONE', #2598, 1000.000000000000000 ) ;
#359 =( LENGTH_UNIT ( ) NAMED_UNIT ( * ) SI_UNIT ( .MILLI., .METRE. ) );
#360 = CARTESIAN_POINT ( 'NONE',  ( 1.589192816139537667, 1.565992921013407146, 0.000000000000000000 ) ) ;
#361 = DIRECTION ( 'NONE',  ( -0.000000000000000000, 0.000000000000000000, 1.000000000000000000 ) ) ;
#362 = ORIENTED_EDGE ( 'NONE', *, *, #722, .T. ) ;
#363 = CARTESIAN_POINT ( 'NONE',  ( -1.649999999999999467, -0.6250000000000001110, 0.4970000000000000528 ) ) ;
#364 = CARTESIAN_POINT ( 'NONE',  ( 1.649999999999999467, -0.3749999999999998890, 0.4970000000000000528 ) ) ;
#365 =( NAMED_UNIT ( * ) SI_UNIT ( $, .STERADIAN. ) SOLID_ANGLE_UNIT ( ) );
#366 = ORIENTED_EDGE ( 'NONE', *, *, #356, .F. ) ;
#367 = ORIENTED_EDGE ( 'NONE', *, *, #1165, .F. ) ;
#368 = CARTESIAN_POINT ( 'NONE',  ( -1.299999999999999600, 1.375000000000000000, 0.4970000000000000528 ) ) ;
#369 = SURFACE_STYLE_FILL_AREA ( #617 ) ;
#370 = EDGE_CURVE ( 'NONE', #2072, #970, #2891, .T. ) ;
#371 = MECHANICAL_DESIGN_GEOMETRIC_PRESENTATION_REPRESENTATION (  '', ( #2571 ), #2256 ) ;
#372 = DIRECTION ( 'NONE',  ( 0.000000000000000000, 1.000000000000000000, 0.000000000000000000 ) ) ;
#373 = EDGE_CURVE ( 'NONE', #1329, #1321, #1950, .T. ) ;
#374 = FILL_AREA_STYLE_COLOUR ( '', #1324 ) ;
#375 = CARTESIAN_POINT ( 'NONE',  ( -1.649999999999999467, 0.3749999999999998890, 0.4870000000000000440 ) ) ;
#376 = ADVANCED_FACE ( 'NONE', ( #2159 ), #595, .F. ) ;
#377 =( NAMED_UNIT ( * ) SI_UNIT ( $, .STERADIAN. ) SOLID_ANGLE_UNIT ( ) );
#378 = SURFACE_SIDE_STYLE ('',( #2673 ) ) ;
#379 = DIRECTION ( 'NONE',  ( 0.000000000000000000, 0.000000000000000000, 1.000000000000000000 ) ) ;
#380 = ADVANCED_FACE ( 'NONE', ( #1205 ), #2189, .F. ) ;
#381 = DIRECTION ( 'NONE',  ( -0.000000000000000000, -0.000000000000000000, 1.000000000000000000 ) ) ;
#382 = ORIENTED_EDGE ( 'NONE', *, *, #1789, .F. ) ;
#383 = SURFACE_STYLE_USAGE ( .BOTH. , #1654 ) ;
#384 = LINE ( 'NONE', #1711, #654 ) ;
#385 = EDGE_CURVE ( 'NONE', #3065, #158, #1941, .T. ) ;
#386 = ORIENTED_EDGE ( 'NONE', *, *, #2849, .T. ) ;
#387 = PRESENTATION_LAYER_ASSIGNMENT (  '', '', ( #3008 ) ) ;
#388 = VECTOR ( 'NONE', #723, 1000.000000000000000 ) ;
#389 = SURFACE_SIDE_STYLE ('',( #369 ) ) ;
#390 = EDGE_CURVE ( 'NONE', #2539, #467, #3225, .T. ) ;
#391 = DIRECTION ( 'NONE',  ( -1.000000000000000000, 0.000000000000000000, -0.000000000000000000 ) ) ;
#392 = SURFACE_STYLE_USAGE ( .BOTH. , #425 ) ;
#393 = CARTESIAN_POINT ( 'NONE',  ( 1.299999999999999600, -0.1250000000000001110, 0.4870000000000000440 ) ) ;
#394 = PRESENTATION_STYLE_ASSIGNMENT (( #1976 ) ) ;
#395 = COLOUR_RGB ( '',0.6470588235294117974, 0.5176470588235293491, 0.000000000000000000 ) ;
#396 = ORIENTED_EDGE ( 'NONE', *, *, #2554, .F. ) ;
#397 = SURFACE_SIDE_STYLE ('',( #1888 ) ) ;
#398 = PRESENTATION_LAYER_ASSIGNMENT (  '', '', ( #1418 ) ) ;
#399 = FACE_OUTER_BOUND ( 'NONE', #1817, .T. ) ;
#400 = ORIENTED_EDGE ( 'NONE', *, *, #3276, .F. ) ;
#401 = LINE ( 'NONE', #1092, #1678 ) ;
#402 = SURFACE_STYLE_FILL_AREA ( #134 ) ;
#403 = ORIENTED_EDGE ( 'NONE', *, *, #2870, .T. ) ;
#404 = MECHANICAL_DESIGN_GEOMETRIC_PRESENTATION_REPRESENTATION (  '', ( #1426 ), #555 ) ;
#405 = DIRECTION ( 'NONE',  ( 1.000000000000000000, 0.000000000000000000, 0.000000000000000000 ) ) ;
#406 = DIRECTION ( 'NONE',  ( -0.000000000000000000, 1.000000000000000000, -0.000000000000000000 ) ) ;
#407 = VERTEX_POINT ( 'NONE', #1680 ) ;
#408 = CARTESIAN_POINT ( 'NONE',  ( 0.000000000000000000, 0.000000000000000000, 0.4870000000000000440 ) ) ;
#409 = PLANE ( 'NONE',  #663 ) ;
#410 = SURFACE_STYLE_FILL_AREA ( #3178 ) ;
#411 = VECTOR ( 'NONE', #1050, 1000.000000000000000 ) ;
#412 = DIRECTION ( 'NONE',  ( -0.000000000000000000, -0.000000000000000000, 1.000000000000000000 ) ) ;
#413 = DIRECTION ( 'NONE',  ( -0.000000000000000000, -0.000000000000000000, 1.000000000000000000 ) ) ;
#414 = UNCERTAINTY_MEASURE_WITH_UNIT (LENGTH_MEASURE( 1.000000000000000082E-05 ), #2130, 'distance_accuracy_value', 'NONE');
#415 = FACE_OUTER_BOUND ( 'NONE', #724, .T. ) ;
#416 = ORIENTED_EDGE ( 'NONE', *, *, #1942, .T. ) ;
#417 = ORIENTED_EDGE ( 'NONE', *, *, #1659, .F. ) ;
#418 = ADVANCED_FACE ( 'NONE', ( #1663 ), #2968, .F. ) ;
#419 = SURFACE_STYLE_FILL_AREA ( #2223 ) ;
#420 = EDGE_LOOP ( 'NONE', ( #2309, #1302, #1982, #2361 ) ) ;
#421 = PRESENTATION_STYLE_ASSIGNMENT (( #2942 ) ) ;
#422 = EDGE_LOOP ( 'NONE', ( #465, #854, #2473, #59 ) ) ;
#423 = PLANE ( 'NONE',  #760 ) ;
#424 = SURFACE_STYLE_USAGE ( .BOTH. , #2017 ) ;
#425 = SURFACE_SIDE_STYLE ('',( #1940 ) ) ;
#426 = FACE_OUTER_BOUND ( 'NONE', #1656, .T. ) ;
#427 = ORIENTED_EDGE ( 'NONE', *, *, #2616, .T. ) ;
#428 = DIRECTION ( 'NONE',  ( -0.000000000000000000, -1.000000000000000000, -0.000000000000000000 ) ) ;
#429 = ORIENTED_EDGE ( 'NONE', *, *, #1513, .T. ) ;
#430 =( NAMED_UNIT ( * ) SI_UNIT ( $, .STERADIAN. ) SOLID_ANGLE_UNIT ( ) );
#431 =( NAMED_UNIT ( * ) SI_UNIT ( $, .STERADIAN. ) SOLID_ANGLE_UNIT ( ) );
#432 = VECTOR ( 'NONE', #2374, 1000.000000000000000 ) ;
#433 = CARTESIAN_POINT ( 'NONE',  ( -1.299999999999999600, -0.1250000000000001110, 0.4870000000000000440 ) ) ;
#434 =( GEOMETRIC_REPRESENTATION_CONTEXT ( 3 ) GLOBAL_UNCERTAINTY_ASSIGNED_CONTEXT ( ( #2095 ) ) GLOBAL_UNIT_ASSIGNED_CONTEXT ( ( #2601, #1093, #2140 ) ) REPRESENTATION_CONTEXT ( 'NONE', 'WORKASPACE' ) );
#435 = ORIENTED_EDGE ( 'NONE', *, *, #130, .F. ) ;
#436 = FILL_AREA_STYLE ('',( #2730 ) ) ;
#437 = UNCERTAINTY_MEASURE_WITH_UNIT (LENGTH_MEASURE( 1.000000000000000082E-05 ), #510, 'distance_accuracy_value', 'NONE');
#438 = VECTOR ( 'NONE', #263, 1000.000000000000000 ) ;
#439 = COLOUR_RGB ( '',0.6470588235294117974, 0.5176470588235293491, 0.000000000000000000 ) ;
#440 =( NAMED_UNIT ( * ) SI_UNIT ( $, .STERADIAN. ) SOLID_ANGLE_UNIT ( ) );
#441 = CARTESIAN_POINT ( 'NONE',  ( -1.299999999999999600, -0.8749999999999998890, 0.4870000000000000440 ) ) ;
#442 = UNCERTAINTY_MEASURE_WITH_UNIT (LENGTH_MEASURE( 1.000000000000000082E-05 ), #3055, 'distance_accuracy_value', 'NONE');
#443 = ORIENTED_EDGE ( 'NONE', *, *, #1837, .T. ) ;
#444 = PRESENTATION_STYLE_ASSIGNMENT (( #227 ) ) ;
#445 = ORIENTED_EDGE ( 'NONE', *, *, #151, .T. ) ;
#446 = MECHANICAL_DESIGN_GEOMETRIC_PRESENTATION_REPRESENTATION (  '', ( #918 ), #1097 ) ;
#447 = SURFACE_STYLE_USAGE ( .BOTH. , #3233 ) ;
#448 = VECTOR ( 'NONE', #2728, 1000.000000000000000 ) ;
#449 = CARTESIAN_POINT ( 'NONE',  ( -1.649999999999999467, -0.1250000000000000000, 0.4870000000000000440 ) ) ;
#450 = AXIS2_PLACEMENT_3D ( 'NONE', #2546, #2307, #719 ) ;
#451 =( NAMED_UNIT ( * ) SI_UNIT ( $, .STERADIAN. ) SOLID_ANGLE_UNIT ( ) );
#452 = CARTESIAN_POINT ( 'NONE',  ( 1.649999999999999467, 0.8749999999999998890, 0.4870000000000000440 ) ) ;
#453 = ORIENTED_EDGE ( 'NONE', *, *, #899, .F. ) ;
#454 = SURFACE_STYLE_FILL_AREA ( #436 ) ;
#455 = MECHANICAL_DESIGN_GEOMETRIC_PRESENTATION_REPRESENTATION (  '', ( #2129 ), #2393 ) ;
#456 = DIRECTION ( 'NONE',  ( -1.000000000000000000, -0.000000000000000000, -0.000000000000000000 ) ) ;
#457 = DIRECTION ( 'NONE',  ( 0.000000000000000000, -0.000000000000000000, 1.000000000000000000 ) ) ;
#458 =( GEOMETRIC_REPRESENTATION_CONTEXT ( 3 ) GLOBAL_UNCERTAINTY_ASSIGNED_CONTEXT ( ( #2037 ) ) GLOBAL_UNIT_ASSIGNED_CONTEXT ( ( #2343, #2611, #2835 ) ) REPRESENTATION_CONTEXT ( 'NONE', 'WORKASPACE' ) );
#459 = DIRECTION ( 'NONE',  ( 0.000000000000000000, 0.000000000000000000, -1.000000000000000000 ) ) ;
#460 = LINE ( 'NONE', #1491, #1906 ) ;
#461 = CARTESIAN_POINT ( 'NONE',  ( -1.299999999999999600, -1.125000000000000222, 0.4870000000000000440 ) ) ;
#462 = CARTESIAN_POINT ( 'NONE',  ( 1.649999999999999467, -1.125000000000000222, 0.4870000000000000440 ) ) ;
#463 = DIRECTION ( 'NONE',  ( -0.000000000000000000, 0.000000000000000000, 1.000000000000000000 ) ) ;
#464 = AXIS2_PLACEMENT_3D ( 'NONE', #769, #1806, #1842 ) ;
#465 = ORIENTED_EDGE ( 'NONE', *, *, #2145, .T. ) ;
#466 = DIRECTION ( 'NONE',  ( -1.000000000000000000, 0.000000000000000000, 0.000000000000000000 ) ) ;
#467 = VERTEX_POINT ( 'NONE', #1190 ) ;
#468 = DIRECTION ( 'NONE',  ( -0.000000000000000000, -0.000000000000000000, 1.000000000000000000 ) ) ;
#469 = SURFACE_STYLE_USAGE ( .BOTH. , #709 ) ;
#470 = ORIENTED_EDGE ( 'NONE', *, *, #2510, .F. ) ;
#471 = SURFACE_STYLE_FILL_AREA ( #931 ) ;
#472 = SURFACE_SIDE_STYLE ('',( #804 ) ) ;
#473 = LINE ( 'NONE', #1442, #1764 ) ;
#474 = FILL_AREA_STYLE ('',( #3044 ) ) ;
#475 = EDGE_CURVE ( 'NONE', #489, #1526, #3180, .T. ) ;
#476 = DIRECTION ( 'NONE',  ( 0.000000000000000000, 0.000000000000000000, 1.000000000000000000 ) ) ;
#477 = CARTESIAN_POINT ( 'NONE',  ( 1.750000000000000444, -1.750000000000000000, 0.000000000000000000 ) ) ;
#478 = ADVANCED_FACE ( 'NONE', ( #1803 ), #1754, .T. ) ;
#479 = UNCERTAINTY_MEASURE_WITH_UNIT (LENGTH_MEASURE( 1.000000000000000082E-05 ), #1462, 'distance_accuracy_value', 'NONE');
#480 = DIRECTION ( 'NONE',  ( -0.000000000000000000, 1.000000000000000000, -0.000000000000000000 ) ) ;
#481 = ORIENTED_EDGE ( 'NONE', *, *, #899, .T. ) ;
#482 = PLANE ( 'NONE',  #287 ) ;
#483 = EDGE_LOOP ( 'NONE', ( #3187, #613, #280, #1590 ) ) ;
#484 = DIRECTION ( 'NONE',  ( 0.000000000000000000, 0.000000000000000000, -1.000000000000000000 ) ) ;
#485 = FILL_AREA_STYLE_COLOUR ( '', #1815 ) ;
#486 = EDGE_CURVE ( 'NONE', #3170, #500, #1546, .T. ) ;
#487 = EDGE_CURVE ( 'NONE', #1430, #1453, #460, .T. ) ;
#488 = STYLED_ITEM ( 'NONE', ( #2609 ), #1049 ) ;
#489 = VERTEX_POINT ( 'NONE', #3009 ) ;
#490 = DIRECTION ( 'NONE',  ( 0.000000000000000000, 0.000000000000000000, -1.000000000000000000 ) ) ;
#491 = CARTESIAN_POINT ( 'NONE',  ( 1.299999999999999600, -0.6250000000000001110, 0.4870000000000000440 ) ) ;
#492 = VECTOR ( 'NONE', #64, 1000.000000000000000 ) ;
#493 = CARTESIAN_POINT ( 'NONE',  ( 1.200000000000000178, -1.200000000000000178, -2.003000000000000114 ) ) ;
#494 = EDGE_CURVE ( 'NONE', #2349, #3252, #682, .T. ) ;
#495 = FACE_BOUND ( 'NONE', #1807, .T. ) ;
#496 = LINE ( 'NONE', #2337, #1429 ) ;
#497 = CARTESIAN_POINT ( 'NONE',  ( 1.649999999999999467, 0.6250000000000001110, 0.4970000000000000528 ) ) ;
#498 =( NAMED_UNIT ( * ) SI_UNIT ( $, .STERADIAN. ) SOLID_ANGLE_UNIT ( ) );
#499 = ORIENTED_EDGE ( 'NONE', *, *, #1398, .F. ) ;
#500 = VERTEX_POINT ( 'NONE', #1735 ) ;
#501 = CARTESIAN_POINT ( 'NONE',  ( 1.649999999999999467, 0.1250000000000000000, 0.4870000000000000440 ) ) ;
#502 =( NAMED_UNIT ( * ) SI_UNIT ( $, .STERADIAN. ) SOLID_ANGLE_UNIT ( ) );
#503 = VECTOR ( 'NONE', #2366, 1000.000000000000000 ) ;
#504 = SURFACE_STYLE_USAGE ( .BOTH. , #1798 ) ;
#505 = ORIENTED_EDGE ( 'NONE', *, *, #316, .F. ) ;
#506 = FILL_AREA_STYLE ('',( #776 ) ) ;
#507 = DIRECTION ( 'NONE',  ( 0.000000000000000000, -1.000000000000000000, 0.000000000000000000 ) ) ;
#508 = FACE_OUTER_BOUND ( 'NONE', #2695, .T. ) ;
#509 = UNCERTAINTY_MEASURE_WITH_UNIT (LENGTH_MEASURE( 1.000000000000000082E-05 ), #127, 'distance_accuracy_value', 'NONE');
#510 =( LENGTH_UNIT ( ) NAMED_UNIT ( * ) SI_UNIT ( .MILLI., .METRE. ) );
#511 = ORIENTED_EDGE ( 'NONE', *, *, #1370, .T. ) ;
#512 =( LENGTH_UNIT ( ) NAMED_UNIT ( * ) SI_UNIT ( .MILLI., .METRE. ) );
#513 = CARTESIAN_POINT ( 'NONE',  ( -1.649999999999999467, -0.1250000000000000000, 0.4970000000000000528 ) ) ;
#514 = ORIENTED_EDGE ( 'NONE', *, *, #815, .F. ) ;
#515 = SURFACE_STYLE_FILL_AREA ( #1861 ) ;
#516 = LINE ( 'NONE', #1762, #1536 ) ;
#517 = EDGE_LOOP ( 'NONE', ( #2548, #470, #2199, #762 ) ) ;
#518 = SURFACE_STYLE_USAGE ( .BOTH. , #3036 ) ;
#519 = STYLED_ITEM ( 'NONE', ( #2780 ), #898 ) ;
#520 = ORIENTED_EDGE ( 'NONE', *, *, #2392, .T. ) ;
#521 = DIRECTION ( 'NONE',  ( -0.000000000000000000, -0.000000000000000000, 1.000000000000000000 ) ) ;
#522 = LINE ( 'NONE', #533, #2000 ) ;
#523 = FILL_AREA_STYLE ('',( #2111 ) ) ;
#524 = LINE ( 'NONE', #2576, #2026 ) ;
#525 = DIRECTION ( 'NONE',  ( 0.7071067811865475727, 0.7071067811865475727, 0.000000000000000000 ) ) ;
#526 = ORIENTED_EDGE ( 'NONE', *, *, #2012, .F. ) ;
#527 = ORIENTED_EDGE ( 'NONE', *, *, #2931, .F. ) ;
#528 =( NAMED_UNIT ( * ) PLANE_ANGLE_UNIT ( ) SI_UNIT ( $, .RADIAN. ) );
#529 = LINE ( 'NONE', #1606, #639 ) ;
#530 = ORIENTED_EDGE ( 'NONE', *, *, #3245, .T. ) ;
#531 = CARTESIAN_POINT ( 'NONE',  ( 1.649999999999999467, -1.375000000000000000, 0.4870000000000000440 ) ) ;
#532 = ADVANCED_FACE ( 'NONE', ( #2732, #3045, #1471, #495, #699, #211, #2496, #2781, #197, #1225, #2245, #2262, #1275, #732 ), #3262, .F. ) ;
#533 = CARTESIAN_POINT ( 'NONE',  ( 1.264394284373792088, 1.565992921013407146, 0.01000000000000000021 ) ) ;
#534 = COLOUR_RGB ( '',0.6470588235294117974, 0.5176470588235293491, 0.000000000000000000 ) ;
#535 = UNCERTAINTY_MEASURE_WITH_UNIT (LENGTH_MEASURE( 1.000000000000000082E-05 ), #1978, 'distance_accuracy_value', 'NONE');
#536 = VERTEX_POINT ( 'NONE', #2081 ) ;
#537 = MECHANICAL_DESIGN_GEOMETRIC_PRESENTATION_REPRESENTATION (  '', ( #693 ), #63 ) ;
#538 = AXIS2_PLACEMENT_3D ( 'NONE', #3171, #2693, #405 ) ;
#539 = ORIENTED_EDGE ( 'NONE', *, *, #2352, .T. ) ;
#540 = CARTESIAN_POINT ( 'NONE',  ( 1.649999999999999467, 1.375000000000000000, 0.4870000000000000440 ) ) ;
#541 =( NAMED_UNIT ( * ) SI_UNIT ( $, .STERADIAN. ) SOLID_ANGLE_UNIT ( ) );
#542 = AXIS2_PLACEMENT_3D ( 'NONE', #2194, #891, #463 ) ;
#543 = CARTESIAN_POINT ( 'NONE',  ( -1.299999999999999600, 1.125000000000000222, 0.4870000000000000440 ) ) ;
#544 = EDGE_LOOP ( 'NONE', ( #386, #3031, #2896, #2339 ) ) ;
#545 = VECTOR ( 'NONE', #1183, 1000.000000000000000 ) ;
#546 = PLANE ( 'NONE',  #648 ) ;
#547 = DIRECTION ( 'NONE',  ( 1.000000000000000000, 0.000000000000000000, 0.000000000000000000 ) ) ;
#548 = VECTOR ( 'NONE', #3183, 1000.000000000000000 ) ;
#549 = VECTOR ( 'NONE', #1248, 1000.000000000000000 ) ;
#550 = CARTESIAN_POINT ( 'NONE',  ( 1.264394284373792088, 1.565992921013407146, 0.01000000000000000021 ) ) ;
#551 = VECTOR ( 'NONE', #1483, 1000.000000000000000 ) ;
#552 = FILL_AREA_STYLE ('',( #1822 ) ) ;
#553 = LINE ( 'NONE', #1032, #884 ) ;
#554 =( NAMED_UNIT ( * ) PLANE_ANGLE_UNIT ( ) SI_UNIT ( $, .RADIAN. ) );
#555 =( GEOMETRIC_REPRESENTATION_CONTEXT ( 3 ) GLOBAL_UNCERTAINTY_ASSIGNED_CONTEXT ( ( #2338 ) ) GLOBAL_UNIT_ASSIGNED_CONTEXT ( ( #1973, #1131, #2915 ) ) REPRESENTATION_CONTEXT ( 'NONE', 'WORKASPACE' ) );
#556 = AXIS2_PLACEMENT_3D ( 'NONE', #393, #1422, #361 ) ;
#557 = ORIENTED_EDGE ( 'NONE', *, *, #1794, .T. ) ;
#558 = AXIS2_PLACEMENT_3D ( 'NONE', #2244, #933, #3260 ) ;
#559 = DIRECTION ( 'NONE',  ( 0.000000000000000000, -1.000000000000000000, 0.000000000000000000 ) ) ;
#560 = DIRECTION ( 'NONE',  ( 0.000000000000000000, 0.000000000000000000, -1.000000000000000000 ) ) ;
#561 = STYLED_ITEM ( 'NONE', ( #2263 ), #1552 ) ;
#562 = LINE ( 'NONE', #1605, #1303 ) ;
#563 = LINE ( 'NONE', #1319, #3275 ) ;
#564 = ORIENTED_EDGE ( 'NONE', *, *, #2818, .F. ) ;
#565 = MECHANICAL_DESIGN_GEOMETRIC_PRESENTATION_REPRESENTATION (  '', ( #2483 ), #827 ) ;
#566 = SURFACE_STYLE_FILL_AREA ( #1800 ) ;
#567 = SURFACE_STYLE_FILL_AREA ( #1081 ) ;
#568 = LINE ( 'NONE', #260, #1716 ) ;
#569 = EDGE_CURVE ( 'NONE', #2453, #47, #1099, .T. ) ;
#570 = LINE ( 'NONE', #1631, #3085 ) ;
#571 = ORIENTED_EDGE ( 'NONE', *, *, #1165, .T. ) ;
#572 = PRODUCT_CONTEXT ( 'NONE', #945, 'mechanical' ) ;
#573 = ADVANCED_FACE ( 'NONE', ( #1562 ), #308, .F. ) ;
#574 = ADVANCED_FACE ( 'NONE', ( #2574 ), #3108, .F. ) ;
#575 =( NAMED_UNIT ( * ) SI_UNIT ( $, .STERADIAN. ) SOLID_ANGLE_UNIT ( ) );
#576 = FILL_AREA_STYLE_COLOUR ( '', #908 ) ;
#577 = ORIENTED_EDGE ( 'NONE', *, *, #964, .F. ) ;
#578 = DIRECTION ( 'NONE',  ( -0.000000000000000000, 1.000000000000000000, -0.000000000000000000 ) ) ;
#579 = CARTESIAN_POINT ( 'NONE',  ( 1.050000000000000044, -1.199999999999999956, 0.4970000000000000528 ) ) ;
#580 = EDGE_CURVE ( 'NONE', #895, #289, #2864, .T. ) ;
#581 = CARTESIAN_POINT ( 'NONE',  ( 1.649999999999999467, -0.1250000000000000000, 0.4970000000000000528 ) ) ;
#582 = DIRECTION ( 'NONE',  ( 1.000000000000000000, 0.000000000000000000, 0.000000000000000000 ) ) ;
#583 = EDGE_CURVE ( 'NONE', #2207, #1340, #29, .T. ) ;
#584 = EDGE_LOOP ( 'NONE', ( #2775, #2674, #2757, #1109 ) ) ;
#585 = ORIENTED_EDGE ( 'NONE', *, *, #1398, .T. ) ;
#586 = VECTOR ( 'NONE', #456, 1000.000000000000000 ) ;
#587 = FILL_AREA_STYLE ('',( #2885 ) ) ;
#588 = ORIENTED_EDGE ( 'NONE', *, *, #3098, .F. ) ;
#589 = ADVANCED_FACE ( 'NONE', ( #2829 ), #2683, .F. ) ;
#590 = PRESENTATION_STYLE_ASSIGNMENT (( #383 ) ) ;
#591 = CARTESIAN_POINT ( 'NONE',  ( -1.649999999999999467, -0.3749999999999998890, 0.4870000000000000440 ) ) ;
#592 = MECHANICAL_DESIGN_GEOMETRIC_PRESENTATION_REPRESENTATION (  '', ( #1310 ), #1090 ) ;
#593 = AXIS2_PLACEMENT_3D ( 'NONE', #2622, #1066, #2063 ) ;
#594 = ORIENTED_EDGE ( 'NONE', *, *, #2352, .F. ) ;
#595 = PLANE ( 'NONE',  #1593 ) ;
#596 = SURFACE_STYLE_FILL_AREA ( #1096 ) ;
#597 = CARTESIAN_POINT ( 'NONE',  ( 1.649999999999999467, -0.6250000000000001110, 0.4970000000000000528 ) ) ;
#598 = VECTOR ( 'NONE', #1908, 1000.000000000000000 ) ;
#599 = MECHANICAL_DESIGN_GEOMETRIC_PRESENTATION_REPRESENTATION (  '', ( #1367 ), #2542 ) ;
#600 = CARTESIAN_POINT ( 'NONE',  ( 1.200000000000000178, -1.200000000000000178, -2.003000000000000114 ) ) ;
#601 = UNCERTAINTY_MEASURE_WITH_UNIT (LENGTH_MEASURE( 1.000000000000000082E-05 ), #736, 'distance_accuracy_value', 'NONE');
#602 = AXIS2_PLACEMENT_3D ( 'NONE', #1236, #728, #490 ) ;
#603 = MECHANICAL_DESIGN_GEOMETRIC_PRESENTATION_REPRESENTATION (  '', ( #708 ), #3075 ) ;
#604 = SURFACE_STYLE_FILL_AREA ( #1443 ) ;
#605 =( NAMED_UNIT ( * ) SI_UNIT ( $, .STERADIAN. ) SOLID_ANGLE_UNIT ( ) );
#606 = EDGE_LOOP ( 'NONE', ( #2314, #1567, #930, #416 ) ) ;
#607 = PLANE ( 'NONE',  #681 ) ;
#608 = COLOUR_RGB ( '',0.6470588235294117974, 0.5176470588235293491, 0.000000000000000000 ) ;
#609 = STYLED_ITEM ( 'NONE', ( #1987 ), #1834 ) ;
#610 = ORIENTED_EDGE ( 'NONE', *, *, #1685, .F. ) ;
#611 = PRESENTATION_STYLE_ASSIGNMENT (( #469 ) ) ;
#612 = AXIS2_PLACEMENT_3D ( 'NONE', #1974, #2751, #2985 ) ;
#613 = ORIENTED_EDGE ( 'NONE', *, *, #1954, .T. ) ;
#614 = CARTESIAN_POINT ( 'NONE',  ( -1.649999999999999467, 0.1250000000000000000, 0.4870000000000000440 ) ) ;
#615 = ADVANCED_FACE ( 'NONE', ( #3150 ), #1425, .F. ) ;
#616 = CARTESIAN_POINT ( 'NONE',  ( -1.649999999999999467, 0.8749999999999998890, 0.4870000000000000440 ) ) ;
#617 = FILL_AREA_STYLE ('',( #2929 ) ) ;
#618 = CARTESIAN_POINT ( 'NONE',  ( -1.649999999999999467, -0.8749999999999998890, 0.4870000000000000440 ) ) ;
#619 =( NAMED_UNIT ( * ) SI_UNIT ( $, .STERADIAN. ) SOLID_ANGLE_UNIT ( ) );
#620 = FACE_OUTER_BOUND ( 'NONE', #2836, .T. ) ;
#621 = FILL_AREA_STYLE_COLOUR ( '', #3184 ) ;
#622 = SURFACE_STYLE_USAGE ( .BOTH. , #1684 ) ;
#623 = SURFACE_SIDE_STYLE ('',( #2921 ) ) ;
#624 = EDGE_LOOP ( 'NONE', ( #2724, #2701, #1180, #2222 ) ) ;
#625 = DIRECTION ( 'NONE',  ( 1.000000000000000000, 0.000000000000000000, -0.000000000000000000 ) ) ;
#626 = EDGE_LOOP ( 'NONE', ( #1560, #2840, #2257, #205 ) ) ;
#627 = EDGE_CURVE ( 'NONE', #3069, #1785, #1651, .T. ) ;
#628 = SURFACE_STYLE_USAGE ( .BOTH. , #1384 ) ;
#629 = CARTESIAN_POINT ( 'NONE',  ( -1.299999999999999600, -0.3749999999999998890, 0.4870000000000000440 ) ) ;
#630 = DIRECTION ( 'NONE',  ( -0.000000000000000000, 1.000000000000000000, -0.000000000000000000 ) ) ;
#631 = SURFACE_STYLE_USAGE ( .BOTH. , #1955 ) ;
#632 = CARTESIAN_POINT ( 'NONE',  ( -1.649999999999999467, 1.375000000000000000, 0.4870000000000000440 ) ) ;
#633 = MECHANICAL_DESIGN_GEOMETRIC_PRESENTATION_REPRESENTATION (  '', ( #488 ), #1952 ) ;
#634 = PLANE ( 'NONE',  #556 ) ;
#635 = UNCERTAINTY_MEASURE_WITH_UNIT (LENGTH_MEASURE( 1.000000000000000082E-05 ), #1175, 'distance_accuracy_value', 'NONE');
#636 = PRESENTATION_STYLE_ASSIGNMENT (( #1943 ) ) ;
#637 = CARTESIAN_POINT ( 'NONE',  ( 1.200000000000000178, 1.199999999999999734, -2.003000000000000114 ) ) ;
#638 = ORIENTED_EDGE ( 'NONE', *, *, #1557, .F. ) ;
#639 = VECTOR ( 'NONE', #2618, 1000.000000000000000 ) ;
#640 = PRESENTATION_STYLE_ASSIGNMENT (( #1124 ) ) ;
#641 = LINE ( 'NONE', #2688, #807 ) ;
#642 = ORIENTED_EDGE ( 'NONE', *, *, #2176, .F. ) ;
#643 = VECTOR ( 'NONE', #2774, 1000.000000000000000 ) ;
#644 = SURFACE_STYLE_FILL_AREA ( #842 ) ;
#645 =( NAMED_UNIT ( * ) PLANE_ANGLE_UNIT ( ) SI_UNIT ( $, .RADIAN. ) );
#646 =( LENGTH_UNIT ( ) NAMED_UNIT ( * ) SI_UNIT ( .MILLI., .METRE. ) );
#647 = FACE_OUTER_BOUND ( 'NONE', #517, .T. ) ;
#648 = AXIS2_PLACEMENT_3D ( 'NONE', #1852, #1591, #2860 ) ;
#649 = PLANE ( 'NONE',  #612 ) ;
#650 = ADVANCED_FACE ( 'NONE', ( #838 ), #607, .T. ) ;
#651 = LINE ( 'NONE', #2417, #2959 ) ;
#652 = COLOUR_RGB ( '',0.6470588235294117974, 0.5176470588235293491, 0.000000000000000000 ) ;
#653 = ORIENTED_EDGE ( 'NONE', *, *, #2143, .F. ) ;
#654 = VECTOR ( 'NONE', #1179, 1000.000000000000000 ) ;
#655 = DIRECTION ( 'NONE',  ( 3.097720492815726673E-16, -1.000000000000000000, 0.000000000000000000 ) ) ;
#656 = ORIENTED_EDGE ( 'NONE', *, *, #1557, .T. ) ;
#657 = FACE_OUTER_BOUND ( 'NONE', #1284, .T. ) ;
#658 = PRESENTATION_STYLE_ASSIGNMENT (( #1432 ) ) ;
#659 = VERTEX_POINT ( 'NONE', #702 ) ;
#660 = COLOUR_RGB ( '',0.6470588235294117974, 0.5176470588235293491, 0.000000000000000000 ) ;
#661 = VECTOR ( 'NONE', #906, 1000.000000000000000 ) ;
#662 = DIRECTION ( 'NONE',  ( 0.000000000000000000, 0.000000000000000000, -1.000000000000000000 ) ) ;
#663 = AXIS2_PLACEMENT_3D ( 'NONE', #491, #3059, #1544 ) ;
#664 = ORIENTED_EDGE ( 'NONE', *, *, #2948, .F. ) ;
#665 = DIRECTION ( 'NONE',  ( -0.6904757466825014456, 0.7233555441435712829, -0.000000000000000000 ) ) ;
#666 = CARTESIAN_POINT ( 'NONE',  ( -1.299999999999999600, 0.3749999999999998890, 0.4970000000000000528 ) ) ;
#667 = DIRECTION ( 'NONE',  ( -0.000000000000000000, 0.000000000000000000, 1.000000000000000000 ) ) ;
#668 = FILL_AREA_STYLE ('',( #1240 ) ) ;
#669 = UNCERTAINTY_MEASURE_WITH_UNIT (LENGTH_MEASURE( 1.000000000000000082E-05 ), #2973, 'distance_accuracy_value', 'NONE');
#670 = VECTOR ( 'NONE', #2879, 1000.000000000000000 ) ;
#671 = LINE ( 'NONE', #1476, #756 ) ;
#672 = ORIENTED_EDGE ( 'NONE', *, *, #345, .F. ) ;
#673 = DIRECTION ( 'NONE',  ( 0.000000000000000000, 1.000000000000000000, 0.000000000000000000 ) ) ;
#674 = VERTEX_POINT ( 'NONE', #497 ) ;
#675 = ORIENTED_EDGE ( 'NONE', *, *, #2844, .T. ) ;
#676 = PRESENTATION_STYLE_ASSIGNMENT (( #1246 ) ) ;
#677 = CARTESIAN_POINT ( 'NONE',  ( -1.649999999999999467, -1.125000000000000222, 0.4970000000000000528 ) ) ;
#678 = EDGE_LOOP ( 'NONE', ( #2522, #2357, #1528, #2470 ) ) ;
#679 = EDGE_LOOP ( 'NONE', ( #2268, #1229, #1020, #993 ) ) ;
#680 = DIRECTION ( 'NONE',  ( 0.000000000000000000, 0.000000000000000000, 1.000000000000000000 ) ) ;
#681 = AXIS2_PLACEMENT_3D ( 'NONE', #2989, #1242, #737 ) ;
#682 = LINE ( 'NONE', #2049, #1625 ) ;
#683 = LINE ( 'NONE', #1256, #716 ) ;
#684 = CARTESIAN_POINT ( 'NONE',  ( -1.199999999999999734, -1.200000000000000178, -2.003000000000000114 ) ) ;
#685 = ADVANCED_FACE ( 'NONE', ( #958 ), #1495, .F. ) ;
#686 = DIRECTION ( 'NONE',  ( -0.000000000000000000, -0.000000000000000000, 1.000000000000000000 ) ) ;
#687 = PRESENTATION_STYLE_ASSIGNMENT (( #1992 ) ) ;
#688 = ORIENTED_EDGE ( 'NONE', *, *, #2392, .F. ) ;
#689 = DIRECTION ( 'NONE',  ( 1.000000000000000000, 0.000000000000000000, 0.000000000000000000 ) ) ;
#690 = FILL_AREA_STYLE ('',( #485 ) ) ;
#691 = EDGE_CURVE ( 'NONE', #2381, #2207, #3280, .T. ) ;
#692 = CARTESIAN_POINT ( 'NONE',  ( -1.749999999999999556, 1.750000000000000000, 0.000000000000000000 ) ) ;
#693 = STYLED_ITEM ( 'NONE', ( #676 ), #3142 ) ;
#694 = EDGE_LOOP ( 'NONE', ( #303, #15, #1826, #3063 ) ) ;
#695 = VECTOR ( 'NONE', #1127, 1000.000000000000000 ) ;
#696 = CARTESIAN_POINT ( 'NONE',  ( -1.050000000000000044, 1.199999999999999956, 0.4970000000000000528 ) ) ;
#697 = SURFACE_SIDE_STYLE ('',( #2731 ) ) ;
#698 = PLANE ( 'NONE',  #2525 ) ;
#699 = FACE_BOUND ( 'NONE', #2880, .T. ) ;
#700 = LINE ( 'NONE', #3263, #3030 ) ;
#701 = ORIENTED_EDGE ( 'NONE', *, *, #2650, .T. ) ;
#702 = CARTESIAN_POINT ( 'NONE',  ( -1.299999999999999600, -1.125000000000000222, 0.4970000000000000528 ) ) ;
#703 = ORIENTED_EDGE ( 'NONE', *, *, #715, .F. ) ;
#704 = CARTESIAN_POINT ( 'NONE',  ( 1.050000000000000044, -1.199999999999999956, 0.4970000000000000528 ) ) ;
#705 =( GEOMETRIC_REPRESENTATION_CONTEXT ( 3 ) GLOBAL_UNCERTAINTY_ASSIGNED_CONTEXT ( ( #213 ) ) GLOBAL_UNIT_ASSIGNED_CONTEXT ( ( #1397, #1624, #1915 ) ) REPRESENTATION_CONTEXT ( 'NONE', 'WORKASPACE' ) );
#706 = ORIENTED_EDGE ( 'NONE', *, *, #580, .T. ) ;
#707 = CARTESIAN_POINT ( 'NONE',  ( 1.299999999999999600, -0.8749999999999998890, 0.4870000000000000440 ) ) ;
#708 = STYLED_ITEM ( 'NONE', ( #2296 ), #2720 ) ;
#709 = SURFACE_SIDE_STYLE ('',( #1765 ) ) ;
#710 = ORIENTED_EDGE ( 'NONE', *, *, #815, .T. ) ;
#711 = AXIS2_PLACEMENT_3D ( 'NONE', #1456, #177, #107 ) ;
#712 = DIRECTION ( 'NONE',  ( -0.000000000000000000, -0.000000000000000000, 1.000000000000000000 ) ) ;
#713 = MECHANICAL_DESIGN_GEOMETRIC_PRESENTATION_REPRESENTATION (  '', ( #926 ), #2806 ) ;
#714 = FILL_AREA_STYLE_COLOUR ( '', #2943 ) ;
#715 = EDGE_CURVE ( 'NONE', #3114, #2954, #2482, .T. ) ;
#716 = VECTOR ( 'NONE', #1444, 1000.000000000000000 ) ;
#717 = FILL_AREA_STYLE ('',( #3007 ) ) ;
#718 = EDGE_CURVE ( 'NONE', #1351, #1890, #3029, .T. ) ;
#719 = DIRECTION ( 'NONE',  ( 0.000000000000000000, 0.000000000000000000, -1.000000000000000000 ) ) ;
#720 = CARTESIAN_POINT ( 'NONE',  ( -1.649999999999999467, -1.125000000000000222, 0.4970000000000000528 ) ) ;
#721 = VERTEX_POINT ( 'NONE', #200 ) ;
#722 = EDGE_CURVE ( 'NONE', #2158, #790, #182, .T. ) ;
#723 = DIRECTION ( 'NONE',  ( -1.000000000000000000, 0.000000000000000000, 0.000000000000000000 ) ) ;
#724 = EDGE_LOOP ( 'NONE', ( #344, #1487, #841, #927 ) ) ;
#725 = EDGE_LOOP ( 'NONE', ( #585, #3138, #2288, #2388 ) ) ;
#726 = CARTESIAN_POINT ( 'NONE',  ( 1.649999999999999467, -0.1250000000000000000, 0.4870000000000000440 ) ) ;
#727 = ORIENTED_EDGE ( 'NONE', *, *, #204, .F. ) ;
#728 = DIRECTION ( 'NONE',  ( 0.000000000000000000, -1.000000000000000000, -0.000000000000000000 ) ) ;
#729 = CARTESIAN_POINT ( 'NONE',  ( -1.299999999999999600, 0.8749999999999998890, 0.4970000000000000528 ) ) ;
#730 = CARTESIAN_POINT ( 'NONE',  ( -1.649999999999999467, 0.8749999999999998890, 0.4970000000000000528 ) ) ;
#731 = CARTESIAN_POINT ( 'NONE',  ( 1.649999999999999467, 0.3749999999999998890, 0.4870000000000000440 ) ) ;
#732 = FACE_OUTER_BOUND ( 'NONE', #256, .T. ) ;
#733 = EDGE_CURVE ( 'NONE', #782, #1679, #1211, .T. ) ;
#734 = DIRECTION ( 'NONE',  ( -0.000000000000000000, -0.000000000000000000, 1.000000000000000000 ) ) ;
#735 = UNCERTAINTY_MEASURE_WITH_UNIT (LENGTH_MEASURE( 1.000000000000000082E-05 ), #2467, 'distance_accuracy_value', 'NONE');
#736 =( LENGTH_UNIT ( ) NAMED_UNIT ( * ) SI_UNIT ( .MILLI., .METRE. ) );
#737 = DIRECTION ( 'NONE',  ( 1.000000000000000000, 0.000000000000000000, 0.000000000000000000 ) ) ;
#738 = PLANE ( 'NONE',  #1464 ) ;
#739 = EDGE_LOOP ( 'NONE', ( #706, #727, #1689, #3132 ) ) ;
#740 = EDGE_LOOP ( 'NONE', ( #184, #17, #2060, #2475 ) ) ;
#741 = DIRECTION ( 'NONE',  ( 1.000000000000000000, 0.000000000000000000, -0.000000000000000000 ) ) ;
#742 = MECHANICAL_DESIGN_GEOMETRIC_PRESENTATION_REPRESENTATION (  '', ( #1399 ), #1243 ) ;
#743 = ORIENTED_EDGE ( 'NONE', *, *, #627, .T. ) ;
#744 =( NAMED_UNIT ( * ) SI_UNIT ( $, .STERADIAN. ) SOLID_ANGLE_UNIT ( ) );
#745 = DIRECTION ( 'NONE',  ( 0.000000000000000000, -1.000000000000000000, 0.000000000000000000 ) ) ;
#746 = FACE_OUTER_BOUND ( 'NONE', #584, .T. ) ;
#747 = SURFACE_STYLE_FILL_AREA ( #955 ) ;
#748 = DIRECTION ( 'NONE',  ( 1.000000000000000000, 0.000000000000000000, 0.000000000000000000 ) ) ;
#749 = SURFACE_STYLE_USAGE ( .BOTH. , #3062 ) ;
#750 = VERTEX_POINT ( 'NONE', #1509 ) ;
#751 = EDGE_CURVE ( 'NONE', #1846, #1893, #1527, .T. ) ;
#752 = FILL_AREA_STYLE_COLOUR ( '', #2841 ) ;
#753 = EDGE_CURVE ( 'NONE', #674, #1106, #3250, .T. ) ;
#754 = VERTEX_POINT ( 'NONE', #3298 ) ;
#755 = LINE ( 'NONE', #540, #358 ) ;
#756 = VECTOR ( 'NONE', #2770, 1000.000000000000000 ) ;
#757 = AXIS2_PLACEMENT_3D ( 'NONE', #2182, #829, #2621 ) ;
#758 = MECHANICAL_DESIGN_GEOMETRIC_PRESENTATION_REPRESENTATION (  '', ( #2229 ), #1463 ) ;
#759 = FACE_OUTER_BOUND ( 'NONE', #2649, .T. ) ;
#760 = AXIS2_PLACEMENT_3D ( 'NONE', #3240, #2745, #174 ) ;
#761 =( GEOMETRIC_REPRESENTATION_CONTEXT ( 3 ) GLOBAL_UNCERTAINTY_ASSIGNED_CONTEXT ( ( #3294 ) ) GLOBAL_UNIT_ASSIGNED_CONTEXT ( ( #1655, #2665, #878 ) ) REPRESENTATION_CONTEXT ( 'NONE', 'WORKASPACE' ) );
#762 = ORIENTED_EDGE ( 'NONE', *, *, #881, .T. ) ;
#763 =( NAMED_UNIT ( * ) SI_UNIT ( $, .STERADIAN. ) SOLID_ANGLE_UNIT ( ) );
#764 = CARTESIAN_POINT ( 'NONE',  ( -1.649999999999999467, -0.6250000000000001110, 0.4970000000000000528 ) ) ;
#765 =( LENGTH_UNIT ( ) NAMED_UNIT ( * ) SI_UNIT ( .MILLI., .METRE. ) );
#766 = VECTOR ( 'NONE', #952, 1000.000000000000000 ) ;
#767 = UNCERTAINTY_MEASURE_WITH_UNIT (LENGTH_MEASURE( 1.000000000000000082E-05 ), #271, 'distance_accuracy_value', 'NONE');
#768 = VECTOR ( 'NONE', #2782, 1000.000000000000000 ) ;
#769 = CARTESIAN_POINT ( 'NONE',  ( -1.050000000000000044, 1.199999999999999956, 0.4870000000000000440 ) ) ;
#770 = ORIENTED_EDGE ( 'NONE', *, *, #3210, .T. ) ;
#771 = PRESENTATION_STYLE_ASSIGNMENT (( #2289 ) ) ;
#772 = DIRECTION ( 'NONE',  ( -0.000000000000000000, -0.000000000000000000, 1.000000000000000000 ) ) ;
#773 = DIRECTION ( 'NONE',  ( -0.000000000000000000, -0.000000000000000000, -1.000000000000000000 ) ) ;
#774 = FACE_OUTER_BOUND ( 'NONE', #2763, .T. ) ;
#775 = EDGE_CURVE ( 'NONE', #3149, #970, #1228, .T. ) ;
#776 = FILL_AREA_STYLE_COLOUR ( '', #1529 ) ;
#777 = CARTESIAN_POINT ( 'NONE',  ( -1.050000000000000044, -1.199999999999999956, 0.4870000000000000440 ) ) ;
#778 = MECHANICAL_DESIGN_GEOMETRIC_PRESENTATION_REPRESENTATION (  '', ( #2772 ), #1835 ) ;
#779 = PRESENTATION_STYLE_ASSIGNMENT (( #1547 ) ) ;
#780 = ADVANCED_FACE ( 'NONE', ( #1739 ), #2248, .F. ) ;
#781 =( NAMED_UNIT ( * ) PLANE_ANGLE_UNIT ( ) SI_UNIT ( $, .RADIAN. ) );
#782 = VERTEX_POINT ( 'NONE', #1858 ) ;
#783 = VECTOR ( 'NONE', #665, 1000.000000000000114 ) ;
#784 = ORIENTED_EDGE ( 'NONE', *, *, #3248, .T. ) ;
#785 = CARTESIAN_POINT ( 'NONE',  ( -1.299999999999999600, 1.375000000000000000, 0.4870000000000000440 ) ) ;
#786 = EDGE_CURVE ( 'NONE', #2349, #3048, #10, .T. ) ;
#787 = CARTESIAN_POINT ( 'NONE',  ( 1.649999999999999467, 0.3749999999999998890, 0.4970000000000000528 ) ) ;
#788 = COLOUR_RGB ( '',0.6470588235294117974, 0.5176470588235293491, 0.000000000000000000 ) ;
#789 = LINE ( 'NONE', #1849, #432 ) ;
#790 = VERTEX_POINT ( 'NONE', #2592 ) ;
#791 = VECTOR ( 'NONE', #1801, 1000.000000000000000 ) ;
#792 = CARTESIAN_POINT ( 'NONE',  ( -1.050000000000000044, -1.199999999999999956, 0.4970000000000000528 ) ) ;
#793 = DIRECTION ( 'NONE',  ( -0.6904757466825014456, 0.7233555441435712829, -0.000000000000000000 ) ) ;
#794 = DIRECTION ( 'NONE',  ( -1.000000000000000000, -3.097720492815726673E-16, 0.000000000000000000 ) ) ;
#795 = VECTOR ( 'NONE', #2363, 1000.000000000000000 ) ;
#796 = SURFACE_SIDE_STYLE ('',( #2801 ) ) ;
#797 = LINE ( 'NONE', #2833, #2456 ) ;
#798 = MECHANICAL_DESIGN_GEOMETRIC_PRESENTATION_REPRESENTATION (  '', ( #3008 ), #2109 ) ;
#799 = ORIENTED_EDGE ( 'NONE', *, *, #1871, .T. ) ;
#800 = CARTESIAN_POINT ( 'NONE',  ( 1.649999999999999467, 1.125000000000000222, 0.4870000000000000440 ) ) ;
#801 = ORIENTED_EDGE ( 'NONE', *, *, #2033, .T. ) ;
#802 = DIRECTION ( 'NONE',  ( 1.000000000000000000, 0.000000000000000000, 0.000000000000000000 ) ) ;
#803 = MECHANICAL_DESIGN_GEOMETRIC_PRESENTATION_REPRESENTATION (  '', ( #124 ), #857 ) ;
#804 = SURFACE_STYLE_FILL_AREA ( #3310 ) ;
#805 = LINE ( 'NONE', #2123, #2106 ) ;
#806 = EDGE_LOOP ( 'NONE', ( #3121, #1083, #1977, #1413 ) ) ;
#807 = VECTOR ( 'NONE', #1947, 1000.000000000000000 ) ;
#808 = FILL_AREA_STYLE_COLOUR ( '', #339 ) ;
#809 = VECTOR ( 'NONE', #1574, 1000.000000000000000 ) ;
#810 = VECTOR ( 'NONE', #2466, 1000.000000000000000 ) ;
#811 = EDGE_CURVE ( 'NONE', #289, #877, #1564, .T. ) ;
#812 = AXIS2_PLACEMENT_3D ( 'NONE', #894, #3235, #1929 ) ;
#813 =( NAMED_UNIT ( * ) PLANE_ANGLE_UNIT ( ) SI_UNIT ( $, .RADIAN. ) );
#814 = CARTESIAN_POINT ( 'NONE',  ( -1.299999999999999600, -0.1250000000000001110, 0.4970000000000000528 ) ) ;
#815 = EDGE_CURVE ( 'NONE', #1728, #1961, #553, .T. ) ;
#816 = SURFACE_STYLE_FILL_AREA ( #2802 ) ;
#817 =( NAMED_UNIT ( * ) PLANE_ANGLE_UNIT ( ) SI_UNIT ( $, .RADIAN. ) );
#818 = EDGE_CURVE ( 'NONE', #1460, #2052, #568, .T. ) ;
#819 = STYLED_ITEM ( 'NONE', ( #888 ), #380 ) ;
#820 = CARTESIAN_POINT ( 'NONE',  ( 1.649999999999999467, -1.375000000000000000, 0.4970000000000000528 ) ) ;
#821 =( GEOMETRIC_REPRESENTATION_CONTEXT ( 3 ) GLOBAL_UNCERTAINTY_ASSIGNED_CONTEXT ( ( #9 ) ) GLOBAL_UNIT_ASSIGNED_CONTEXT ( ( #1152, #935, #1662 ) ) REPRESENTATION_CONTEXT ( 'NONE', 'WORKASPACE' ) );
#822 = VERTEX_POINT ( 'NONE', #2869 ) ;
#823 = COLOUR_RGB ( '',0.6470588235294117974, 0.5176470588235293491, 0.000000000000000000 ) ;
#824 = DIRECTION ( 'NONE',  ( -1.000000000000000000, 0.000000000000000000, -0.000000000000000000 ) ) ;
#825 = CARTESIAN_POINT ( 'NONE',  ( -1.749999999999999556, -1.750000000000000000, 0.4970000000000000528 ) ) ;
#826 = ORIENTED_EDGE ( 'NONE', *, *, #139, .T. ) ;
#827 =( GEOMETRIC_REPRESENTATION_CONTEXT ( 3 ) GLOBAL_UNCERTAINTY_ASSIGNED_CONTEXT ( ( #2817 ) ) GLOBAL_UNIT_ASSIGNED_CONTEXT ( ( #2336, #1358, #2319 ) ) REPRESENTATION_CONTEXT ( 'NONE', 'WORKASPACE' ) );
#828 =( GEOMETRIC_REPRESENTATION_CONTEXT ( 3 ) GLOBAL_UNCERTAINTY_ASSIGNED_CONTEXT ( ( #2714 ) ) GLOBAL_UNIT_ASSIGNED_CONTEXT ( ( #314, #96, #1120 ) ) REPRESENTATION_CONTEXT ( 'NONE', 'WORKASPACE' ) );
#829 = DIRECTION ( 'NONE',  ( 0.000000000000000000, -1.000000000000000000, -0.000000000000000000 ) ) ;
#830 = SURFACE_STYLE_USAGE ( .BOTH. , #293 ) ;
#831 = CARTESIAN_POINT ( 'NONE',  ( -1.749999999999999556, -1.750000000000000000, 0.4970000000000000528 ) ) ;
#832 = SURFACE_SIDE_STYLE ('',( #2043 ) ) ;
#833 = EDGE_CURVE ( 'NONE', #2737, #790, #797, .T. ) ;
#834 = CARTESIAN_POINT ( 'NONE',  ( 1.750000000000000444, 1.750000000000000000, 0.000000000000000000 ) ) ;
#835 = ORIENTED_EDGE ( 'NONE', *, *, #1011, .T. ) ;
#836 = CARTESIAN_POINT ( 'NONE',  ( 1.589192816139537667, 1.565992921013407146, 0.01000000000000000021 ) ) ;
#837 = LINE ( 'NONE', #328, #2741 ) ;
#838 = FACE_OUTER_BOUND ( 'NONE', #53, .T. ) ;
#839 =( LENGTH_UNIT ( ) NAMED_UNIT ( * ) SI_UNIT ( .MILLI., .METRE. ) );
#840 =( NAMED_UNIT ( * ) SI_UNIT ( $, .STERADIAN. ) SOLID_ANGLE_UNIT ( ) );
#841 = ORIENTED_EDGE ( 'NONE', *, *, #786, .T. ) ;
#842 = FILL_AREA_STYLE ('',( #1637 ) ) ;
#843 = VERTEX_POINT ( 'NONE', #45 ) ;
#844 = DIRECTION ( 'NONE',  ( -0.000000000000000000, -0.000000000000000000, 1.000000000000000000 ) ) ;
#845 =( LENGTH_UNIT ( ) NAMED_UNIT ( * ) SI_UNIT ( .MILLI., .METRE. ) );
#846 = PRESENTATION_LAYER_ASSIGNMENT (  '', '', ( #1080 ) ) ;
#847 = CARTESIAN_POINT ( 'NONE',  ( -1.649999999999999467, 0.8749999999999998890, 0.4870000000000000440 ) ) ;
#848 = ORIENTED_EDGE ( 'NONE', *, *, #3043, .T. ) ;
#849 = PLANE ( 'NONE',  #1062 ) ;
#850 = DIRECTION ( 'NONE',  ( 1.000000000000000000, 0.000000000000000000, 0.000000000000000000 ) ) ;
#851 = PRESENTATION_LAYER_ASSIGNMENT (  '', '', ( #693 ) ) ;
#852 = ADVANCED_FACE ( 'NONE', ( #311 ), #1082, .F. ) ;
#853 = VECTOR ( 'NONE', #1932, 1000.000000000000000 ) ;
#854 = ORIENTED_EDGE ( 'NONE', *, *, #2290, .F. ) ;
#855 = SURFACE_STYLE_FILL_AREA ( #2387 ) ;
#856 = SURFACE_SIDE_STYLE ('',( #402 ) ) ;
#857 =( GEOMETRIC_REPRESENTATION_CONTEXT ( 3 ) GLOBAL_UNCERTAINTY_ASSIGNED_CONTEXT ( ( #2498 ) ) GLOBAL_UNIT_ASSIGNED_CONTEXT ( ( #1313, #1086, #3094 ) ) REPRESENTATION_CONTEXT ( 'NONE', 'WORKASPACE' ) );
#858 =( GEOMETRIC_REPRESENTATION_CONTEXT ( 3 ) GLOBAL_UNCERTAINTY_ASSIGNED_CONTEXT ( ( #2528 ) ) GLOBAL_UNIT_ASSIGNED_CONTEXT ( ( #1013, #2282, #1291 ) ) REPRESENTATION_CONTEXT ( 'NONE', 'WORKASPACE' ) );
#859 = VERTEX_POINT ( 'NONE', #1312 ) ;
#860 = ORIENTED_EDGE ( 'NONE', *, *, #2616, .F. ) ;
#861 = EDGE_CURVE ( 'NONE', #659, #2158, #56, .T. ) ;
#862 = AXIS2_PLACEMENT_3D ( 'NONE', #305, #1077, #547 ) ;
#863 = DIRECTION ( 'NONE',  ( -1.000000000000000000, 0.000000000000000000, 0.000000000000000000 ) ) ;
#864 = ORIENTED_EDGE ( 'NONE', *, *, #977, .F. ) ;
#865 = AXIS2_PLACEMENT_3D ( 'NONE', #254, #3287, #1234 ) ;
#866 = CARTESIAN_POINT ( 'NONE',  ( 1.649999999999999467, 0.3749999999999998890, 0.4870000000000000440 ) ) ;
#867 = CARTESIAN_POINT ( 'NONE',  ( 1.299999999999999600, 0.8749999999999998890, 0.4970000000000000528 ) ) ;
#868 = ORIENTED_EDGE ( 'NONE', *, *, #1199, .T. ) ;
#869 = SURFACE_STYLE_FILL_AREA ( #2873 ) ;
#870 = CARTESIAN_POINT ( 'NONE',  ( 0.7500000000000002220, 1.199999999999999956, 0.4870000000000000440 ) ) ;
#871 = ADVANCED_FACE ( 'NONE', ( #2164 ), #73, .F. ) ;
#872 = SURFACE_STYLE_FILL_AREA ( #1407 ) ;
#873 = STYLED_ITEM ( 'NONE', ( #57 ), #1072 ) ;
#874 = ORIENTED_EDGE ( 'NONE', *, *, #172, .F. ) ;
#875 = AXIS2_PLACEMENT_3D ( 'NONE', #1455, #2477, #457 ) ;
#876 = DIRECTION ( 'NONE',  ( 0.000000000000000000, -1.000000000000000000, 0.000000000000000000 ) ) ;
#877 = VERTEX_POINT ( 'NONE', #2657 ) ;
#878 =( NAMED_UNIT ( * ) SI_UNIT ( $, .STERADIAN. ) SOLID_ANGLE_UNIT ( ) );
#879 = AXIS2_PLACEMENT_3D ( 'NONE', #2370, #312, #2152 ) ;
#880 = ORIENTED_EDGE ( 'NONE', *, *, #2418, .F. ) ;
#881 = EDGE_CURVE ( 'NONE', #2974, #1141, #1129, .T. ) ;
#882 = DIRECTION ( 'NONE',  ( 0.000000000000000000, -1.000000000000000000, 0.000000000000000000 ) ) ;
#883 =( LENGTH_UNIT ( ) NAMED_UNIT ( * ) SI_UNIT ( .MILLI., .METRE. ) );
#884 = VECTOR ( 'NONE', #3078, 1000.000000000000000 ) ;
#885 = LINE ( 'NONE', #1937, #2670 ) ;
#886 = FILL_AREA_STYLE_COLOUR ( '', #3189 ) ;
#887 = PLANE ( 'NONE',  #1167 ) ;
#888 = PRESENTATION_STYLE_ASSIGNMENT (( #2432 ) ) ;
#889 = FILL_AREA_STYLE ('',( #621 ) ) ;
#890 = DIRECTION ( 'NONE',  ( 0.000000000000000000, -1.000000000000000000, 0.000000000000000000 ) ) ;
#891 = DIRECTION ( 'NONE',  ( -1.000000000000000000, 0.000000000000000000, -0.000000000000000000 ) ) ;
#892 = ORIENTED_EDGE ( 'NONE', *, *, #7, .F. ) ;
#893 = LINE ( 'NONE', #1891, #1461 ) ;
#894 = CARTESIAN_POINT ( 'NONE',  ( -1.649999999999999467, -0.1250000000000000000, 0.4870000000000000440 ) ) ;
#895 = VERTEX_POINT ( 'NONE', #581 ) ;
#896 = DIRECTION ( 'NONE',  ( -0.000000000000000000, 1.000000000000000000, -0.000000000000000000 ) ) ;
#897 = LINE ( 'NONE', #2694, #1913 ) ;
#898 = ADVANCED_FACE ( 'NONE', ( #1629 ), #1239, .F. ) ;
#899 = EDGE_CURVE ( 'NONE', #1057, #201, #6, .T. ) ;
#900 = APPLICATION_CONTEXT ( 'automotive_design' ) ;
#901 = DIRECTION ( 'NONE',  ( 0.000000000000000000, -1.000000000000000000, 0.000000000000000000 ) ) ;
#902 = MECHANICAL_DESIGN_GEOMETRIC_PRESENTATION_REPRESENTATION (  '', ( #1191 ), #270 ) ;
#903 = UNCERTAINTY_MEASURE_WITH_UNIT (LENGTH_MEASURE( 1.000000000000000082E-05 ), #273, 'distance_accuracy_value', 'NONE');
#904 = SURFACE_SIDE_STYLE ('',( #917 ) ) ;
#905 =( NAMED_UNIT ( * ) PLANE_ANGLE_UNIT ( ) SI_UNIT ( $, .RADIAN. ) );
#906 = DIRECTION ( 'NONE',  ( 1.000000000000000000, -0.000000000000000000, -0.000000000000000000 ) ) ;
#907 = VERTEX_POINT ( 'NONE', #3024 ) ;
#908 = COLOUR_RGB ( '',0.6470588235294117974, 0.5176470588235293491, 0.000000000000000000 ) ;
#909 = PLANE ( 'NONE',  #2326 ) ;
#910 = ORIENTED_EDGE ( 'NONE', *, *, #2276, .F. ) ;
#911 = LINE ( 'NONE', #433, #2342 ) ;
#912 = ORIENTED_EDGE ( 'NONE', *, *, #204, .T. ) ;
#913 = PLANE ( 'NONE',  #2253 ) ;
#914 = DIRECTION ( 'NONE',  ( 1.000000000000000000, 0.000000000000000000, 0.000000000000000000 ) ) ;
#915 = MECHANICAL_DESIGN_GEOMETRIC_PRESENTATION_REPRESENTATION (  '', ( #188 ), #2543 ) ;
#916 = CARTESIAN_POINT ( 'NONE',  ( -1.649999999999999467, -0.8749999999999998890, 0.4870000000000000440 ) ) ;
#917 = SURFACE_STYLE_FILL_AREA ( #1666 ) ;
#918 = STYLED_ITEM ( 'NONE', ( #18 ), #2412 ) ;
#919 = ORIENTED_EDGE ( 'NONE', *, *, #66, .F. ) ;
#920 = FILL_AREA_STYLE ('',( #2220 ) ) ;
#921 = AXIS2_PLACEMENT_3D ( 'NONE', #963, #944, #741 ) ;
#922 = FILL_AREA_STYLE ('',( #2221 ) ) ;
#923 = EDGE_LOOP ( 'NONE', ( #2759, #2709, #1316, #2291 ) ) ;
#924 = CARTESIAN_POINT ( 'NONE',  ( 1.200000000000000178, -1.200000000000000178, -2.003000000000000114 ) ) ;
#925 =( NAMED_UNIT ( * ) PLANE_ANGLE_UNIT ( ) SI_UNIT ( $, .RADIAN. ) );
#926 = STYLED_ITEM ( 'NONE', ( #2669 ), #1693 ) ;
#927 = ORIENTED_EDGE ( 'NONE', *, *, #2409, .T. ) ;
#928 = CARTESIAN_POINT ( 'NONE',  ( 1.299999999999999600, -1.375000000000000000, 0.4970000000000000528 ) ) ;
#929 = ADVANCED_FACE ( 'NONE', ( #1788 ), #1027, .F. ) ;
#930 = ORIENTED_EDGE ( 'NONE', *, *, #233, .F. ) ;
#931 = FILL_AREA_STYLE ('',( #1220 ) ) ;
#932 = EDGE_CURVE ( 'NONE', #907, #2936, #2560, .T. ) ;
#933 = DIRECTION ( 'NONE',  ( 1.000000000000000000, -0.000000000000000000, 0.000000000000000000 ) ) ;
#934 = UNCERTAINTY_MEASURE_WITH_UNIT (LENGTH_MEASURE( 1.000000000000000082E-05 ), #2508, 'distance_accuracy_value', 'NONE');
#935 =( NAMED_UNIT ( * ) PLANE_ANGLE_UNIT ( ) SI_UNIT ( $, .RADIAN. ) );
#936 = PRESENTATION_STYLE_ASSIGNMENT (( #2562 ) ) ;
#937 = CARTESIAN_POINT ( 'NONE',  ( -1.649999999999999467, 1.375000000000000000, 0.4970000000000000528 ) ) ;
#938 = MECHANICAL_DESIGN_GEOMETRIC_PRESENTATION_REPRESENTATION (  '', ( #519 ), #3109 ) ;
#939 = MECHANICAL_DESIGN_GEOMETRIC_PRESENTATION_REPRESENTATION (  '', ( #307 ), #828 ) ;
#940 = CARTESIAN_POINT ( 'NONE',  ( 1.649999999999999467, -0.1250000000000000000, 0.4870000000000000440 ) ) ;
#941 = SURFACE_SIDE_STYLE ('',( #1709 ) ) ;
#942 = ORIENTED_EDGE ( 'NONE', *, *, #1346, .F. ) ;
#943 = DIRECTION ( 'NONE',  ( 0.000000000000000000, -1.000000000000000000, 0.000000000000000000 ) ) ;
#944 = DIRECTION ( 'NONE',  ( 0.000000000000000000, 0.000000000000000000, 1.000000000000000000 ) ) ;
#945 = APPLICATION_CONTEXT ( 'automotive_design' ) ;
#946 = LINE ( 'NONE', #2961, #2178 ) ;
#947 = EDGE_LOOP ( 'NONE', ( #32, #1824, #2173, #2175 ) ) ;
#948 = COLOUR_RGB ( '',0.6470588235294117974, 0.5176470588235293491, 0.000000000000000000 ) ;
#949 = ORIENTED_EDGE ( 'NONE', *, *, #2114, .F. ) ;
#950 = FACE_OUTER_BOUND ( 'NONE', #1021, .T. ) ;
#951 = CARTESIAN_POINT ( 'NONE',  ( 1.299999999999999600, 0.3749999999999998890, 0.4870000000000000440 ) ) ;
#952 = DIRECTION ( 'NONE',  ( -0.000000000000000000, 1.000000000000000000, -0.000000000000000000 ) ) ;
#953 = DIRECTION ( 'NONE',  ( 1.000000000000000000, 0.000000000000000000, 0.000000000000000000 ) ) ;
#954 = PRESENTATION_LAYER_ASSIGNMENT (  '', '', ( #106 ) ) ;
#955 = FILL_AREA_STYLE ('',( #3314 ) ) ;
#956 = CARTESIAN_POINT ( 'NONE',  ( -1.649999999999999467, -0.6250000000000001110, 0.4970000000000000528 ) ) ;
#957 = LINE ( 'NONE', #2783, #2642 ) ;
#958 = FACE_OUTER_BOUND ( 'NONE', #2321, .T. ) ;
#959 = STYLED_ITEM ( 'NONE', ( #2280 ), #971 ) ;
#960 = FACE_OUTER_BOUND ( 'NONE', #626, .T. ) ;
#961 = ORIENTED_EDGE ( 'NONE', *, *, #494, .F. ) ;
#962 = CARTESIAN_POINT ( 'NONE',  ( 1.750000000000000444, -1.750000000000000000, 0.4970000000000000528 ) ) ;
#963 = CARTESIAN_POINT ( 'NONE',  ( 0.000000000000000000, 0.000000000000000000, 0.4870000000000000440 ) ) ;
#964 = EDGE_CURVE ( 'NONE', #2517, #754, #3313, .T. ) ;
#965 =( GEOMETRIC_REPRESENTATION_CONTEXT ( 3 ) GLOBAL_UNCERTAINTY_ASSIGNED_CONTEXT ( ( #1661 ) ) GLOBAL_UNIT_ASSIGNED_CONTEXT ( ( #2856, #3169, #1393 ) ) REPRESENTATION_CONTEXT ( 'NONE', 'WORKASPACE' ) );
#966 = ADVANCED_FACE ( 'NONE', ( #746 ), #698, .F. ) ;
#967 = CARTESIAN_POINT ( 'NONE',  ( -1.299999999999999600, 0.6250000000000001110, 0.4870000000000000440 ) ) ;
#968 = LINE ( 'NONE', #1672, #1149 ) ;
#969 = AXIS2_PLACEMENT_3D ( 'NONE', #2758, #3284, #1725 ) ;
#971 = ADVANCED_FACE ( 'NONE', ( #2509 ), #3277, .F. ) ;
#970 = VERTEX_POINT ( 'NONE', #1489 ) ;
#972 = COLOUR_RGB ( '',0.6470588235294117974, 0.5176470588235293491, 0.000000000000000000 ) ;
#973 = EDGE_CURVE ( 'NONE', #201, #2069, #1325, .T. ) ;
#974 = SURFACE_STYLE_USAGE ( .BOTH. , #472 ) ;
#975 =( NAMED_UNIT ( * ) PLANE_ANGLE_UNIT ( ) SI_UNIT ( $, .RADIAN. ) );
#976 = COLOUR_RGB ( '',0.6470588235294117974, 0.5176470588235293491, 0.000000000000000000 ) ;
#977 = EDGE_CURVE ( 'NONE', #1785, #11, #522, .T. ) ;
#978 =( LENGTH_UNIT ( ) NAMED_UNIT ( * ) SI_UNIT ( .MILLI., .METRE. ) );
#979 = SURFACE_STYLE_USAGE ( .BOTH. , #3278 ) ;
#980 =( LENGTH_UNIT ( ) NAMED_UNIT ( * ) SI_UNIT ( .MILLI., .METRE. ) );
#981 = UNCERTAINTY_MEASURE_WITH_UNIT (LENGTH_MEASURE( 1.000000000000000082E-05 ), #1951, 'distance_accuracy_value', 'NONE');
#982 =( NAMED_UNIT ( * ) SI_UNIT ( $, .STERADIAN. ) SOLID_ANGLE_UNIT ( ) );
#983 = COLOUR_RGB ( '',0.5019607843137254832, 0.5019607843137254832, 0.5019607843137254832 ) ;
#984 = ORIENTED_EDGE ( 'NONE', *, *, #718, .T. ) ;
#985 = STYLED_ITEM ( 'NONE', ( #3034 ), #2317 ) ;
#986 = FACE_OUTER_BOUND ( 'NONE', #2666, .T. ) ;
#987 = ADVANCED_FACE ( 'NONE', ( #306 ), #1561, .F. ) ;
#988 = VECTOR ( 'NONE', #3067, 1000.000000000000000 ) ;
#989 = EDGE_LOOP ( 'NONE', ( #2101, #1750, #874, #2153 ) ) ;
#990 = FACE_OUTER_BOUND ( 'NONE', #1910, .T. ) ;
#991 = VECTOR ( 'NONE', #2274, 1000.000000000000000 ) ;
#992 = FACE_OUTER_BOUND ( 'NONE', #606, .T. ) ;
#993 = ORIENTED_EDGE ( 'NONE', *, *, #3110, .T. ) ;
#994 =( GEOMETRIC_REPRESENTATION_CONTEXT ( 3 ) GLOBAL_UNCERTAINTY_ASSIGNED_CONTEXT ( ( #509 ) ) GLOBAL_UNIT_ASSIGNED_CONTEXT ( ( #127, #147, #619 ) ) REPRESENTATION_CONTEXT ( 'NONE', 'WORKASPACE' ) );
#995 = STYLED_ITEM ( 'NONE', ( #1420 ), #1181 ) ;
#996 = LINE ( 'NONE', #2046, #1812 ) ;
#997 = VECTOR ( 'NONE', #2866, 1000.000000000000000 ) ;
#998 = LINE ( 'NONE', #1833, #1691 ) ;
#999 = CARTESIAN_POINT ( 'NONE',  ( 1.649999999999999467, 0.6250000000000001110, 0.4870000000000000440 ) ) ;
#1000 = CARTESIAN_POINT ( 'NONE',  ( -1.299999999999999600, 0.3749999999999998890, 0.4870000000000000440 ) ) ;
#1001 = CARTESIAN_POINT ( 'NONE',  ( -1.299999999999999600, -0.6250000000000001110, 0.4870000000000000440 ) ) ;
#1002 = VERTEX_POINT ( 'NONE', #2573 ) ;
#1003 = DIRECTION ( 'NONE',  ( 0.000000000000000000, -1.000000000000000000, 0.000000000000000000 ) ) ;
#1004 = ORIENTED_EDGE ( 'NONE', *, *, #2181, .F. ) ;
#1005 =( LENGTH_UNIT ( ) NAMED_UNIT ( * ) SI_UNIT ( .MILLI., .METRE. ) );
#1006 = SURFACE_STYLE_USAGE ( .BOTH. , #1215 ) ;
#1007 = DIRECTION ( 'NONE',  ( 1.000000000000000000, -0.000000000000000000, -0.000000000000000000 ) ) ;
#1008 = DIRECTION ( 'NONE',  ( -0.000000000000000000, -0.000000000000000000, -1.000000000000000000 ) ) ;
#1009 = CARTESIAN_POINT ( 'NONE',  ( -1.649999999999999467, 0.3749999999999998890, 0.4970000000000000528 ) ) ;
#1010 = ADVANCED_FACE ( 'NONE', ( #2335 ), #1594, .F. ) ;
#1011 = EDGE_CURVE ( 'NONE', #11, #3069, #1873, .T. ) ;
#1012 = DIRECTION ( 'NONE',  ( 0.000000000000000000, 0.000000000000000000, -1.000000000000000000 ) ) ;
#1013 =( LENGTH_UNIT ( ) NAMED_UNIT ( * ) SI_UNIT ( .MILLI., .METRE. ) );
#1014 = LINE ( 'NONE', #2050, #2653 ) ;
#1015 = UNCERTAINTY_MEASURE_WITH_UNIT (LENGTH_MEASURE( 1.000000000000000082E-05 ), #247, 'distance_accuracy_value', 'NONE');
#1016 = LINE ( 'NONE', #940, #1916 ) ;
#1017 = ORIENTED_EDGE ( 'NONE', *, *, #2818, .T. ) ;
#1018 = DIRECTION ( 'NONE',  ( 0.000000000000000000, -1.000000000000000000, 0.000000000000000000 ) ) ;
#1019 = ORIENTED_EDGE ( 'NONE', *, *, #2243, .F. ) ;
#1020 = ORIENTED_EDGE ( 'NONE', *, *, #1682, .T. ) ;
#1021 = EDGE_LOOP ( 'NONE', ( #3186, #2593, #1043, #1054 ) ) ;
#1022 = FACE_OUTER_BOUND ( 'NONE', #1177, .T. ) ;
#1023 = FILL_AREA_STYLE_COLOUR ( '', #2070 ) ;
#1024 = ORIENTED_EDGE ( 'NONE', *, *, #3166, .T. ) ;
#1025 = LINE ( 'NONE', #4, #1810 ) ;
#1026 = LINE ( 'NONE', #24, #3234 ) ;
#1027 = PLANE ( 'NONE',  #1299 ) ;
#1028 = CARTESIAN_POINT ( 'NONE',  ( 1.649999999999999467, -0.8749999999999998890, 0.4870000000000000440 ) ) ;
#1029 = COLOUR_RGB ( '',0.6470588235294117974, 0.5176470588235293491, 0.000000000000000000 ) ;
#1030 = VECTOR ( 'NONE', #1988, 1000.000000000000000 ) ;
#1031 = ORIENTED_EDGE ( 'NONE', *, *, #1204, .F. ) ;
#1032 = CARTESIAN_POINT ( 'NONE',  ( 1.649999999999999467, 0.1250000000000000000, 0.4970000000000000528 ) ) ;
#1033 = VERTEX_POINT ( 'NONE', #1085 ) ;
#1034 = FILL_AREA_STYLE_COLOUR ( '', #1029 ) ;
#1035 = ORIENTED_EDGE ( 'NONE', *, *, #2454, .T. ) ;
#1036 = LINE ( 'NONE', #2071, #3197 ) ;
#1037 = EDGE_LOOP ( 'NONE', ( #1742, #1035, #481, #2054 ) ) ;
#1038 = STYLED_ITEM ( 'NONE', ( #2481 ), #2600 ) ;
#1039 = VECTOR ( 'NONE', #2390, 1000.000000000000000 ) ;
#1040 = SURFACE_STYLE_USAGE ( .BOTH. , #40 ) ;
#1041 = STYLED_ITEM ( 'NONE', ( #1674 ), #137 ) ;
#1042 = AXIS2_PLACEMENT_3D ( 'NONE', #1990, #1241, #1508 ) ;
#1043 = ORIENTED_EDGE ( 'NONE', *, *, #2826, .F. ) ;
#1044 = DIRECTION ( 'NONE',  ( -1.000000000000000000, 0.000000000000000000, 0.000000000000000000 ) ) ;
#1045 =( NAMED_UNIT ( * ) PLANE_ANGLE_UNIT ( ) SI_UNIT ( $, .RADIAN. ) );
#1046 = VECTOR ( 'NONE', #381, 1000.000000000000000 ) ;
#1047 = DIRECTION ( 'NONE',  ( -0.7233555441435712829, -0.6904757466825014456, 0.000000000000000000 ) ) ;
#1048 = PRESENTATION_LAYER_ASSIGNMENT (  '', '', ( #3241 ) ) ;
#1049 = ADVANCED_FACE ( 'NONE', ( #1266 ), #1377, .F. ) ;
#1050 = DIRECTION ( 'NONE',  ( -1.000000000000000000, 0.000000000000000000, 0.000000000000000000 ) ) ;
#1051 =( NAMED_UNIT ( * ) SI_UNIT ( $, .STERADIAN. ) SOLID_ANGLE_UNIT ( ) );
#1052 = UNCERTAINTY_MEASURE_WITH_UNIT (LENGTH_MEASURE( 1.000000000000000082E-05 ), #1855, 'distance_accuracy_value', 'NONE');
#1053 = VECTOR ( 'NONE', #3026, 1000.000000000000000 ) ;
#1054 = ORIENTED_EDGE ( 'NONE', *, *, #1466, .T. ) ;
#1055 = EDGE_LOOP ( 'NONE', ( #1017, #3, #367, #2619 ) ) ;
#1056 = SURFACE_SIDE_STYLE ('',( #3112 ) ) ;
#1057 = VERTEX_POINT ( 'NONE', #2150 ) ;
#1058 = PLANE ( 'NONE',  #1084 ) ;
#1059 =( NAMED_UNIT ( * ) PLANE_ANGLE_UNIT ( ) SI_UNIT ( $, .RADIAN. ) );
#1060 = EDGE_CURVE ( 'NONE', #1321, #467, #2625, .T. ) ;
#1061 = VECTOR ( 'NONE', #480, 1000.000000000000000 ) ;
#1062 = AXIS2_PLACEMENT_3D ( 'NONE', #836, #2399, #3182 ) ;
#1063 = ORIENTED_EDGE ( 'NONE', *, *, #1686, .F. ) ;
#1064 = SURFACE_SIDE_STYLE ('',( #2353 ) ) ;
#1065 = DIRECTION ( 'NONE',  ( 0.000000000000000000, -0.000000000000000000, 1.000000000000000000 ) ) ;
#1066 = DIRECTION ( 'NONE',  ( 0.000000000000000000, 0.000000000000000000, -1.000000000000000000 ) ) ;
#1067 = DIRECTION ( 'NONE',  ( -1.000000000000000000, 0.000000000000000000, -0.000000000000000000 ) ) ;
#1068 = ORIENTED_EDGE ( 'NONE', *, *, #2744, .F. ) ;
#1069 = ORIENTED_EDGE ( 'NONE', *, *, #356, .T. ) ;
#1070 = ORIENTED_EDGE ( 'NONE', *, *, #390, .F. ) ;
#1071 = FILL_AREA_STYLE ('',( #50 ) ) ;
#1072 = ADVANCED_FACE ( 'NONE', ( #1614 ), #2397, .F. ) ;
#1073 = CARTESIAN_POINT ( 'NONE',  ( -1.649999999999999467, -0.6250000000000001110, 0.4870000000000000440 ) ) ;
#1074 = PRESENTATION_STYLE_ASSIGNMENT (( #1040 ) ) ;
#1075 = ORIENTED_EDGE ( 'NONE', *, *, #486, .F. ) ;
#1076 = SURFACE_STYLE_USAGE ( .BOTH. , #2315 ) ;
#1077 = DIRECTION ( 'NONE',  ( -0.000000000000000000, 0.000000000000000000, 1.000000000000000000 ) ) ;
#1078 = ADVANCED_FACE ( 'NONE', ( #2431 ), #2967, .F. ) ;
#1079 =( NAMED_UNIT ( * ) SI_UNIT ( $, .STERADIAN. ) SOLID_ANGLE_UNIT ( ) );
#1080 = STYLED_ITEM ( 'NONE', ( #1074 ), #2749 ) ;
#1081 = FILL_AREA_STYLE ('',( #3156 ) ) ;
#1082 = PLANE ( 'NONE',  #90 ) ;
#1083 = ORIENTED_EDGE ( 'NONE', *, *, #2084, .F. ) ;
#1084 = AXIS2_PLACEMENT_3D ( 'NONE', #249, #16, #484 ) ;
#1085 = CARTESIAN_POINT ( 'NONE',  ( -1.299999999999999600, 0.8749999999999998890, 0.4870000000000000440 ) ) ;
#1086 =( NAMED_UNIT ( * ) PLANE_ANGLE_UNIT ( ) SI_UNIT ( $, .RADIAN. ) );
#1087 = VERTEX_POINT ( 'NONE', #2698 ) ;
#1088 = DIRECTION ( 'NONE',  ( 1.000000000000000000, 0.000000000000000000, 0.000000000000000000 ) ) ;
#1089 = FILL_AREA_STYLE_COLOUR ( '', #395 ) ;
#1090 =( GEOMETRIC_REPRESENTATION_CONTEXT ( 3 ) GLOBAL_UNCERTAINTY_ASSIGNED_CONTEXT ( ( #2264 ) ) GLOBAL_UNIT_ASSIGNED_CONTEXT ( ( #1825, #228, #1496 ) ) REPRESENTATION_CONTEXT ( 'NONE', 'WORKASPACE' ) );
#1091 = ADVANCED_FACE ( 'NONE', ( #2478 ), #161, .T. ) ;
#1092 = CARTESIAN_POINT ( 'NONE',  ( -1.749999999999999556, 1.750000000000000000, 0.4970000000000000528 ) ) ;
#1093 =( NAMED_UNIT ( * ) PLANE_ANGLE_UNIT ( ) SI_UNIT ( $, .RADIAN. ) );
#1094 = VERTEX_POINT ( 'NONE', #2983 ) ;
#1095 = VECTOR ( 'NONE', #2350, 1000.000000000000000 ) ;
#1096 = FILL_AREA_STYLE ('',( #3123 ) ) ;
#1097 =( GEOMETRIC_REPRESENTATION_CONTEXT ( 3 ) GLOBAL_UNCERTAINTY_ASSIGNED_CONTEXT ( ( #2463 ) ) GLOBAL_UNIT_ASSIGNED_CONTEXT ( ( #2073, #3115, #61 ) ) REPRESENTATION_CONTEXT ( 'NONE', 'WORKASPACE' ) );
#1098 = EDGE_CURVE ( 'NONE', #2502, #2902, #2232, .T. ) ;
#1099 = LINE ( 'NONE', #777, #1143 ) ;
#1100 = SURFACE_STYLE_FILL_AREA ( #2395 ) ;
#1101 = DIRECTION ( 'NONE',  ( 0.000000000000000000, 1.000000000000000000, 0.000000000000000000 ) ) ;
#1102 = ORIENTED_EDGE ( 'NONE', *, *, #1541, .F. ) ;
#1103 = STYLED_ITEM ( 'NONE', ( #145 ), #1091 ) ;
#1104 = ORIENTED_EDGE ( 'NONE', *, *, #1204, .T. ) ;
#1105 = PRESENTATION_LAYER_ASSIGNMENT (  '', '', ( #2129 ) ) ;
#1106 = VERTEX_POINT ( 'NONE', #3211 ) ;
#1107 = PLANE ( 'NONE',  #969 ) ;
#1108 = CARTESIAN_POINT ( 'NONE',  ( 1.200000000000000178, 1.199999999999999734, -2.003000000000000114 ) ) ;
#1109 = ORIENTED_EDGE ( 'NONE', *, *, #3098, .T. ) ;
#1110 = PRESENTATION_LAYER_ASSIGNMENT (  '', '', ( #2559 ) ) ;
#1111 = SURFACE_STYLE_USAGE ( .BOTH. , #2389 ) ;
#1112 = MECHANICAL_DESIGN_GEOMETRIC_PRESENTATION_REPRESENTATION (  '', ( #3307 ), #1281 ) ;
#1113 = CARTESIAN_POINT ( 'NONE',  ( 1.299999999999999600, 1.375000000000000000, 0.4870000000000000440 ) ) ;
#1114 = CARTESIAN_POINT ( 'NONE',  ( 1.264394284373792088, 1.565992921013407146, 0.000000000000000000 ) ) ;
#1115 = FACE_OUTER_BOUND ( 'NONE', #3271, .T. ) ;
#1116 = ADVANCED_FACE ( 'NONE', ( #3244 ), #887, .F. ) ;
#1117 =( NAMED_UNIT ( * ) PLANE_ANGLE_UNIT ( ) SI_UNIT ( $, .RADIAN. ) );
#1118 =( NAMED_UNIT ( * ) PLANE_ANGLE_UNIT ( ) SI_UNIT ( $, .RADIAN. ) );
#1119 = ORIENTED_EDGE ( 'NONE', *, *, #1592, .F. ) ;
#1120 =( NAMED_UNIT ( * ) SI_UNIT ( $, .STERADIAN. ) SOLID_ANGLE_UNIT ( ) );
#1121 = FILL_AREA_STYLE_COLOUR ( '', #2798 ) ;
#1122 =( LENGTH_UNIT ( ) NAMED_UNIT ( * ) SI_UNIT ( .MILLI., .METRE. ) );
#1123 = ORIENTED_EDGE ( 'NONE', *, *, #1011, .F. ) ;
#1124 = SURFACE_STYLE_USAGE ( .BOTH. , #3200 ) ;
#1125 = LINE ( 'NONE', #2924, #1588 ) ;
#1126 = ORIENTED_EDGE ( 'NONE', *, *, #1659, .T. ) ;
#1127 = DIRECTION ( 'NONE',  ( -0.000000000000000000, 1.000000000000000000, -0.000000000000000000 ) ) ;
#1128 = DIRECTION ( 'NONE',  ( 1.000000000000000000, 0.000000000000000000, -0.000000000000000000 ) ) ;
#1129 = LINE ( 'NONE', #831, #670 ) ;
#1130 = VECTOR ( 'NONE', #3101, 1000.000000000000000 ) ;
#1131 =( NAMED_UNIT ( * ) PLANE_ANGLE_UNIT ( ) SI_UNIT ( $, .RADIAN. ) );
#1132 =( LENGTH_UNIT ( ) NAMED_UNIT ( * ) SI_UNIT ( .MILLI., .METRE. ) );
#1133 = EDGE_LOOP ( 'NONE', ( #2889, #152, #2087, #2533 ) ) ;
#1134 = CARTESIAN_POINT ( 'NONE',  ( -1.649999999999999467, -0.3749999999999998890, 0.4870000000000000440 ) ) ;
#1135 = COLOUR_RGB ( '',0.6470588235294117974, 0.5176470588235293491, 0.000000000000000000 ) ;
#1136 = SURFACE_STYLE_USAGE ( .BOTH. , #397 ) ;
#1137 = PRESENTATION_LAYER_ASSIGNMENT (  '', '', ( #2327 ) ) ;
#1138 = EDGE_CURVE ( 'NONE', #536, #2158, #2215, .T. ) ;
#1139 = ORIENTED_EDGE ( 'NONE', *, *, #2884, .F. ) ;
#1140 = CARTESIAN_POINT ( 'NONE',  ( 1.649999999999999467, 1.125000000000000222, 0.4970000000000000528 ) ) ;
#1141 = VERTEX_POINT ( 'NONE', #1677 ) ;
#1142 = SURFACE_STYLE_FILL_AREA ( #3151 ) ;
#1143 = VECTOR ( 'NONE', #274, 1000.000000000000000 ) ;
#1144 = VERTEX_POINT ( 'NONE', #360 ) ;
#1145 = PRESENTATION_STYLE_ASSIGNMENT (( #628 ) ) ;
#1146 = FACE_OUTER_BOUND ( 'NONE', #3199, .T. ) ;
#1147 = VECTOR ( 'NONE', #2927, 1000.000000000000000 ) ;
#1148 = MECHANICAL_DESIGN_GEOMETRIC_PRESENTATION_REPRESENTATION (  '', ( #3288 ), #1863 ) ;
#1149 = VECTOR ( 'NONE', #2676, 1000.000000000000000 ) ;
#1150 = LINE ( 'NONE', #324, #84 ) ;
#1151 = VECTOR ( 'NONE', #220, 1000.000000000000000 ) ;
#1152 =( LENGTH_UNIT ( ) NAMED_UNIT ( * ) SI_UNIT ( .MILLI., .METRE. ) );
#1153 =( NAMED_UNIT ( * ) SI_UNIT ( $, .STERADIAN. ) SOLID_ANGLE_UNIT ( ) );
#1154 = CARTESIAN_POINT ( 'NONE',  ( -1.050000000000000044, 1.199999999999999956, 0.4970000000000000528 ) ) ;
#1155 = DIRECTION ( 'NONE',  ( 1.000000000000000000, 0.000000000000000000, 0.000000000000000000 ) ) ;
#1156 = CARTESIAN_POINT ( 'NONE',  ( 1.589192816139537667, 1.565992921013407146, 0.01000000000000000021 ) ) ;
#1157 = VECTOR ( 'NONE', #3224, 1000.000000000000000 ) ;
#1158 = AXIS2_PLACEMENT_3D ( 'NONE', #2878, #372, #2654 ) ;
#1159 = VERTEX_POINT ( 'NONE', #1921 ) ;
#1160 = DIRECTION ( 'NONE',  ( -1.000000000000000000, 3.097720492815726673E-16, 0.000000000000000000 ) ) ;
#1161 = SURFACE_SIDE_STYLE ('',( #419 ) ) ;
#1162 = VECTOR ( 'NONE', #1192, 1000.000000000000000 ) ;
#1163 = VERTEX_POINT ( 'NONE', #2914 ) ;
#1164 = CARTESIAN_POINT ( 'NONE',  ( -1.649999999999999467, -0.1250000000000000000, 0.4870000000000000440 ) ) ;
#1165 = EDGE_CURVE ( 'NONE', #1430, #261, #126, .T. ) ;
#1166 = LINE ( 'NONE', #2212, #2018 ) ;
#1167 = AXIS2_PLACEMENT_3D ( 'NONE', #2413, #1189, #1701 ) ;
#1168 = STYLED_ITEM ( 'NONE', ( #2379 ), #871 ) ;
#1169 = FACE_OUTER_BOUND ( 'NONE', #1622, .T. ) ;
#1170 = FACE_OUTER_BOUND ( 'NONE', #422, .T. ) ;
#1171 = CARTESIAN_POINT ( 'NONE',  ( -1.649999999999999467, -1.125000000000000222, 0.4870000000000000440 ) ) ;
#1172 = CARTESIAN_POINT ( 'NONE',  ( -1.649999999999999467, 0.3749999999999998890, 0.4870000000000000440 ) ) ;
#1173 = SURFACE_STYLE_FILL_AREA ( #148 ) ;
#1174 = DIRECTION ( 'NONE',  ( 1.000000000000000000, -0.000000000000000000, -0.000000000000000000 ) ) ;
#1175 =( LENGTH_UNIT ( ) NAMED_UNIT ( * ) SI_UNIT ( .MILLI., .METRE. ) );
#1176 = ORIENTED_EDGE ( 'NONE', *, *, #718, .F. ) ;
#1177 = EDGE_LOOP ( 'NONE', ( #2450, #1875, #2420, #520 ) ) ;
#1178 = LINE ( 'NONE', #2270, #1854 ) ;
#1179 = DIRECTION ( 'NONE',  ( -0.000000000000000000, 1.000000000000000000, -0.000000000000000000 ) ) ;
#1180 = ORIENTED_EDGE ( 'NONE', *, *, #2033, .F. ) ;
#1181 = ADVANCED_FACE ( 'NONE', ( #2715 ), #634, .F. ) ;
#1182 = LINE ( 'NONE', #614, #853 ) ;
#1183 = DIRECTION ( 'NONE',  ( -1.000000000000000000, -0.000000000000000000, -0.000000000000000000 ) ) ;
#1184 = ORIENTED_EDGE ( 'NONE', *, *, #2290, .T. ) ;
#1185 = ADVANCED_FACE ( 'NONE', ( #1681 ), #111, .F. ) ;
#1186 = FILL_AREA_STYLE_COLOUR ( '', #948 ) ;
#1187 =( LENGTH_UNIT ( ) NAMED_UNIT ( * ) SI_UNIT ( .MILLI., .METRE. ) );
#1188 = EDGE_CURVE ( 'NONE', #721, #2381, #1196, .T. ) ;
#1189 = DIRECTION ( 'NONE',  ( 0.000000000000000000, -1.000000000000000000, 0.000000000000000000 ) ) ;
#1190 = CARTESIAN_POINT ( 'NONE',  ( -1.649999999999999467, 1.375000000000000000, 0.4970000000000000528 ) ) ;
#1191 = STYLED_ITEM ( 'NONE', ( #1274 ), #966 ) ;
#1192 = DIRECTION ( 'NONE',  ( -0.000000000000000000, -0.000000000000000000, 1.000000000000000000 ) ) ;
#1193 = UNCERTAINTY_MEASURE_WITH_UNIT (LENGTH_MEASURE( 1.000000000000000082E-05 ), #883, 'distance_accuracy_value', 'NONE');
#1194 = LINE ( 'NONE', #3212, #810 ) ;
#1195 = CARTESIAN_POINT ( 'NONE',  ( 1.649999999999999467, -1.125000000000000222, 0.4970000000000000528 ) ) ;
#1196 = LINE ( 'NONE', #637, #1046 ) ;
#1197 = ORIENTED_EDGE ( 'NONE', *, *, #1759, .T. ) ;
#1198 = STYLED_ITEM ( 'NONE', ( #2031 ), #2963 ) ;
#1199 = EDGE_CURVE ( 'NONE', #2729, #1679, #2990, .T. ) ;
#1200 = ORIENTED_EDGE ( 'NONE', *, *, #715, .T. ) ;
#1201 = EDGE_CURVE ( 'NONE', #2902, #75, #2684, .T. ) ;
#1202 = ORIENTED_EDGE ( 'NONE', *, *, #818, .F. ) ;
#1203 = CARTESIAN_POINT ( 'NONE',  ( 1.649999999999999467, -0.1250000000000000000, 0.4970000000000000528 ) ) ;
#1204 = EDGE_CURVE ( 'NONE', #2954, #1362, #3230, .T. ) ;
#1205 = FACE_OUTER_BOUND ( 'NONE', #95, .T. ) ;
#1206 = PRESENTATION_LAYER_ASSIGNMENT (  '', '', ( #1318 ) ) ;
#1207 = CARTESIAN_POINT ( 'NONE',  ( 1.649999999999999467, 0.8749999999999998890, 0.4970000000000000528 ) ) ;
#1208 = VECTOR ( 'NONE', #712, 1000.000000000000000 ) ;
#1209 = PRESENTATION_LAYER_ASSIGNMENT (  '', '', ( #708 ) ) ;
#1210 = ORIENTED_EDGE ( 'NONE', *, *, #1330, .T. ) ;
#1211 = LINE ( 'NONE', #2547, #1061 ) ;
#1212 = PRESENTATION_STYLE_ASSIGNMENT (( #1741 ) ) ;
#1213 = EDGE_LOOP ( 'NONE', ( #1278, #2486, #2460, #1862 ) ) ;
#1214 = PLANE ( 'NONE',  #2534 ) ;
#1215 = SURFACE_SIDE_STYLE ('',( #1500 ) ) ;
#1216 = VECTOR ( 'NONE', #1717, 1000.000000000000000 ) ;
#1217 = FACE_OUTER_BOUND ( 'NONE', #3257, .T. ) ;
#1218 = VECTOR ( 'NONE', #1309, 1000.000000000000000 ) ;
#1219 = ORIENTED_EDGE ( 'NONE', *, *, #2810, .T. ) ;
#1220 = FILL_AREA_STYLE_COLOUR ( '', #1638 ) ;
#1221 =( NAMED_UNIT ( * ) SI_UNIT ( $, .STERADIAN. ) SOLID_ANGLE_UNIT ( ) );
#1222 = UNCERTAINTY_MEASURE_WITH_UNIT (LENGTH_MEASURE( 1.000000000000000082E-05 ), #1568, 'distance_accuracy_value', 'NONE');
#1223 =( NAMED_UNIT ( * ) SI_UNIT ( $, .STERADIAN. ) SOLID_ANGLE_UNIT ( ) );
#1224 = EDGE_CURVE ( 'NONE', #2052, #2118, #165, .T. ) ;
#1225 = FACE_BOUND ( 'NONE', #117, .T. ) ;
#1226 = CARTESIAN_POINT ( 'NONE',  ( -1.649999999999999467, -0.6250000000000001110, 0.4870000000000000440 ) ) ;
#1227 = UNCERTAINTY_MEASURE_WITH_UNIT (LENGTH_MEASURE( 1.000000000000000082E-05 ), #357, 'distance_accuracy_value', 'NONE');
#1228 = LINE ( 'NONE', #1001, #2198 ) ;
#1229 = ORIENTED_EDGE ( 'NONE', *, *, #2821, .T. ) ;
#1230 = CARTESIAN_POINT ( 'NONE',  ( -1.649999999999999467, 0.6250000000000001110, 0.4970000000000000528 ) ) ;
#1231 = FILL_AREA_STYLE ('',( #202 ) ) ;
#1232 = ADVANCED_FACE ( 'NONE', ( #399 ), #1960, .F. ) ;
#1233 = VECTOR ( 'NONE', #1540, 1000.000000000000000 ) ;
#1234 = DIRECTION ( 'NONE',  ( 0.000000000000000000, -0.000000000000000000, 1.000000000000000000 ) ) ;
#1235 = ORIENTED_EDGE ( 'NONE', *, *, #1427, .T. ) ;
#1236 = CARTESIAN_POINT ( 'NONE',  ( 1.649999999999999467, -0.3749999999999998890, 0.4870000000000000440 ) ) ;
#1237 = DIRECTION ( 'NONE',  ( -0.000000000000000000, -0.000000000000000000, -1.000000000000000000 ) ) ;
#1238 = LINE ( 'NONE', #2696, #2652 ) ;
#1239 = PLANE ( 'NONE',  #2575 ) ;
#1240 = FILL_AREA_STYLE_COLOUR ( '', #2028 ) ;
#1241 = DIRECTION ( 'NONE',  ( -0.000000000000000000, 0.000000000000000000, -1.000000000000000000 ) ) ;
#1242 = DIRECTION ( 'NONE',  ( -0.000000000000000000, 0.000000000000000000, 1.000000000000000000 ) ) ;
#1243 =( GEOMETRIC_REPRESENTATION_CONTEXT ( 3 ) GLOBAL_UNCERTAINTY_ASSIGNED_CONTEXT ( ( #442 ) ) GLOBAL_UNIT_ASSIGNED_CONTEXT ( ( #3055, #554, #502 ) ) REPRESENTATION_CONTEXT ( 'NONE', 'WORKASPACE' ) );
#1244 = DIRECTION ( 'NONE',  ( 1.000000000000000000, 0.000000000000000000, 0.000000000000000000 ) ) ;
#1245 = ORIENTED_EDGE ( 'NONE', *, *, #1394, .T. ) ;
#1246 = SURFACE_STYLE_USAGE ( .BOTH. , #1480 ) ;
#1247 = ORIENTED_EDGE ( 'NONE', *, *, #1652, .T. ) ;
#1248 = DIRECTION ( 'NONE',  ( 1.000000000000000000, 3.097720492815726673E-16, 0.000000000000000000 ) ) ;
#1249 = DIRECTION ( 'NONE',  ( 0.000000000000000000, -1.000000000000000000, -0.000000000000000000 ) ) ;
#1250 = VERTEX_POINT ( 'NONE', #1447 ) ;
#1251 =( LENGTH_UNIT ( ) NAMED_UNIT ( * ) SI_UNIT ( .MILLI., .METRE. ) );
#1252 = LINE ( 'NONE', #729, #2635 ) ;
#1253 = MECHANICAL_DESIGN_GEOMETRIC_PRESENTATION_REPRESENTATION (  '', ( #2735 ), #1521 ) ;
#1254 = ADVANCED_FACE ( 'NONE', ( #2208 ), #2174, .F. ) ;
#1255 = SURFACE_STYLE_USAGE ( .BOTH. , #1505 ) ;
#1256 = CARTESIAN_POINT ( 'NONE',  ( -1.299999999999999600, 0.1250000000000001110, 0.4870000000000000440 ) ) ;
#1257 = UNCERTAINTY_MEASURE_WITH_UNIT (LENGTH_MEASURE( 1.000000000000000082E-05 ), #980, 'distance_accuracy_value', 'NONE');
#1258 =( NAMED_UNIT ( * ) SI_UNIT ( $, .STERADIAN. ) SOLID_ANGLE_UNIT ( ) );
#1259 = CARTESIAN_POINT ( 'NONE',  ( -1.649999999999999467, -1.125000000000000222, 0.4870000000000000440 ) ) ;
#1260 = MECHANICAL_DESIGN_GEOMETRIC_PRESENTATION_REPRESENTATION (  '', ( #2492 ), #336 ) ;
#1261 = LINE ( 'NONE', #2267, #438 ) ;
#1262 = ORIENTED_EDGE ( 'NONE', *, *, #2744, .T. ) ;
#1263 = AXIS2_PLACEMENT_3D ( 'NONE', #2102, #802, #1315 ) ;
#1264 = DIRECTION ( 'NONE',  ( -1.000000000000000000, 0.000000000000000000, 0.000000000000000000 ) ) ;
#1265 = AXIS2_PLACEMENT_3D ( 'NONE', #2809, #3016, #187 ) ;
#1266 = FACE_OUTER_BOUND ( 'NONE', #3033, .T. ) ;
#1267 = FILL_AREA_STYLE ('',( #2505 ) ) ;
#1268 = ADVANCED_FACE ( 'NONE', ( #2053 ), #2250, .F. ) ;
#1269 = ORIENTED_EDGE ( 'NONE', *, *, #1869, .F. ) ;
#1270 = PRESENTATION_LAYER_ASSIGNMENT (  '', '', ( #1426 ) ) ;
#1271 = AXIS2_PLACEMENT_3D ( 'NONE', #2188, #680, #3193 ) ;
#1272 = DIRECTION ( 'NONE',  ( 1.000000000000000000, 0.000000000000000000, 0.000000000000000000 ) ) ;
#1273 = SURFACE_STYLE_USAGE ( .BOTH. , #1064 ) ;
#1274 = PRESENTATION_STYLE_ASSIGNMENT (( #1522 ) ) ;
#1275 = FACE_BOUND ( 'NONE', #2925, .T. ) ;
#1276 =( NAMED_UNIT ( * ) PLANE_ANGLE_UNIT ( ) SI_UNIT ( $, .RADIAN. ) );
#1277 = SURFACE_STYLE_FILL_AREA ( #244 ) ;
#1278 = ORIENTED_EDGE ( 'NONE', *, *, #861, .T. ) ;
#1279 = ORIENTED_EDGE ( 'NONE', *, *, #1975, .F. ) ;
#1280 = DIRECTION ( 'NONE',  ( 0.000000000000000000, -0.000000000000000000, -1.000000000000000000 ) ) ;
#1281 =( GEOMETRIC_REPRESENTATION_CONTEXT ( 3 ) GLOBAL_UNCERTAINTY_ASSIGNED_CONTEXT ( ( #2986 ) ) GLOBAL_UNIT_ASSIGNED_CONTEXT ( ( #1549, #2356, #2320 ) ) REPRESENTATION_CONTEXT ( 'NONE', 'WORKASPACE' ) );
#1282 = ORIENTED_EDGE ( 'NONE', *, *, #733, .F. ) ;
#1283 =( NAMED_UNIT ( * ) SI_UNIT ( $, .STERADIAN. ) SOLID_ANGLE_UNIT ( ) );
#1284 = EDGE_LOOP ( 'NONE', ( #1647, #2905, #173, #1479 ) ) ;
#1285 = CARTESIAN_POINT ( 'NONE',  ( 1.649999999999999467, 0.6250000000000001110, 0.4870000000000000440 ) ) ;
#1286 = CARTESIAN_POINT ( 'NONE',  ( 1.299999999999999600, -0.3749999999999998890, 0.4870000000000000440 ) ) ;
#1287 = ORIENTED_EDGE ( 'NONE', *, *, #1727, .F. ) ;
#1288 = CARTESIAN_POINT ( 'NONE',  ( -1.649999999999999467, -1.125000000000000222, 0.4870000000000000440 ) ) ;
#1289 = DIRECTION ( 'NONE',  ( 0.000000000000000000, -1.000000000000000000, 0.000000000000000000 ) ) ;
#1290 = EDGE_CURVE ( 'NONE', #3236, #3177, #1531, .T. ) ;
#1291 =( NAMED_UNIT ( * ) SI_UNIT ( $, .STERADIAN. ) SOLID_ANGLE_UNIT ( ) );
#1292 = EDGE_LOOP ( 'NONE', ( #221, #1993, #2743, #2493 ) ) ;
#1293 = DIRECTION ( 'NONE',  ( 0.000000000000000000, -1.000000000000000000, 0.000000000000000000 ) ) ;
#1294 = EDGE_LOOP ( 'NONE', ( #1850, #2251, #2136, #2105 ) ) ;
#1295 = VERTEX_POINT ( 'NONE', #1811 ) ;
#1296 = FILL_AREA_STYLE ('',( #2007 ) ) ;
#1297 = ORIENTED_EDGE ( 'NONE', *, *, #1548, .F. ) ;
#1298 = DIRECTION ( 'NONE',  ( 1.000000000000000000, 0.000000000000000000, -0.000000000000000000 ) ) ;
#1299 = AXIS2_PLACEMENT_3D ( 'NONE', #493, #210, #3074 ) ;
#1300 = SURFACE_STYLE_FILL_AREA ( #1267 ) ;
#1301 = ADVANCED_FACE ( 'NONE', ( #960 ), #482, .F. ) ;
#1302 = ORIENTED_EDGE ( 'NONE', *, *, #722, .F. ) ;
#1303 = VECTOR ( 'NONE', #3040, 1000.000000000000000 ) ;
#1304 = PLANE ( 'NONE',  #2120 ) ;
#1305 = VECTOR ( 'NONE', #689, 1000.000000000000000 ) ;
#1306 = MECHANICAL_DESIGN_GEOMETRIC_PRESENTATION_REPRESENTATION (  '', ( #2838 ), #3025 ) ;
#1307 =( NAMED_UNIT ( * ) SI_UNIT ( $, .STERADIAN. ) SOLID_ANGLE_UNIT ( ) );
#1308 = EDGE_CURVE ( 'NONE', #3050, #489, #1261, .T. ) ;
#1309 = DIRECTION ( 'NONE',  ( 1.000000000000000000, -0.000000000000000000, -0.000000000000000000 ) ) ;
#1310 = STYLED_ITEM ( 'NONE', ( #1779 ), #1301 ) ;
#1311 = MECHANICAL_DESIGN_GEOMETRIC_PRESENTATION_REPRESENTATION (  '', ( #20 ), #288 ) ;
#1312 = CARTESIAN_POINT ( 'NONE',  ( 1.589192816139538333, 1.225727792496912771, 0.000000000000000000 ) ) ;
#1313 =( LENGTH_UNIT ( ) NAMED_UNIT ( * ) SI_UNIT ( .MILLI., .METRE. ) );
#1314 = ORIENTED_EDGE ( 'NONE', *, *, #1581, .T. ) ;
#1315 = DIRECTION ( 'NONE',  ( 0.000000000000000000, 0.000000000000000000, -1.000000000000000000 ) ) ;
#1316 = ORIENTED_EDGE ( 'NONE', *, *, #2067, .F. ) ;
#1317 = VECTOR ( 'NONE', #2681, 1000.000000000000000 ) ;
#1318 = STYLED_ITEM ( 'NONE', ( #421 ), #2005 ) ;
#1319 = CARTESIAN_POINT ( 'NONE',  ( -1.649999999999999467, -0.8749999999999998890, 0.4970000000000000528 ) ) ;
#1320 = MECHANICAL_DESIGN_GEOMETRIC_PRESENTATION_REPRESENTATION (  '', ( #3022 ), #292 ) ;
#1321 = VERTEX_POINT ( 'NONE', #2287 ) ;
#1322 = LINE ( 'NONE', #2842, #1095 ) ;
#1323 = DIRECTION ( 'NONE',  ( -0.000000000000000000, -0.000000000000000000, 1.000000000000000000 ) ) ;
#1324 = COLOUR_RGB ( '',0.6470588235294117974, 0.5176470588235293491, 0.000000000000000000 ) ;
#1325 = LINE ( 'NONE', #2093, #110 ) ;
#1326 = MECHANICAL_DESIGN_GEOMETRIC_PRESENTATION_REPRESENTATION (  '', ( #1595 ), #2966 ) ;
#1327 = UNCERTAINTY_MEASURE_WITH_UNIT (LENGTH_MEASURE( 1.000000000000000082E-05 ), #765, 'distance_accuracy_value', 'NONE');
#1328 = VECTOR ( 'NONE', #2671, 1000.000000000000000 ) ;
#1329 = VERTEX_POINT ( 'NONE', #3300 ) ;
#1330 = EDGE_CURVE ( 'NONE', #1057, #1526, #2039, .T. ) ;
#1331 = CARTESIAN_POINT ( 'NONE',  ( -1.649999999999999467, 0.6250000000000001110, 0.4870000000000000440 ) ) ;
#1332 = PRODUCT_DEFINITION ( 'UNKNOWN', '', #1607, #338 ) ;
#1333 = VERTEX_POINT ( 'NONE', #513 ) ;
#1334 = FILL_AREA_STYLE ('',( #1089 ) ) ;
#1335 = ADVANCED_FACE ( 'NONE', ( #2322 ), #738, .T. ) ;
#1336 = COLOUR_RGB ( '',0.6470588235294117974, 0.5176470588235293491, 0.000000000000000000 ) ;
#1337 = ADVANCED_FACE ( 'NONE', ( #2380 ), #2358, .F. ) ;
#1338 = LINE ( 'NONE', #2277, #1898 ) ;
#1339 =( NAMED_UNIT ( * ) PLANE_ANGLE_UNIT ( ) SI_UNIT ( $, .RADIAN. ) );
#1340 = VERTEX_POINT ( 'NONE', #296 ) ;
#1341 = DIRECTION ( 'NONE',  ( 1.000000000000000000, 0.000000000000000000, 0.000000000000000000 ) ) ;
#1342 = EDGE_CURVE ( 'NONE', #2177, #267, #1885, .T. ) ;
#1343 = CARTESIAN_POINT ( 'NONE',  ( -1.649999999999999467, 0.3749999999999998890, 0.4870000000000000440 ) ) ;
#1344 = CARTESIAN_POINT ( 'NONE',  ( -1.749999999999999556, -1.750000000000000000, 0.000000000000000000 ) ) ;
#1345 = DIRECTION ( 'NONE',  ( 1.000000000000000000, 0.000000000000000000, 0.000000000000000000 ) ) ;
#1346 = EDGE_CURVE ( 'NONE', #2962, #1159, #2626, .T. ) ;
#1347 = DIRECTION ( 'NONE',  ( -0.000000000000000000, -0.000000000000000000, 1.000000000000000000 ) ) ;
#1348 = VERTEX_POINT ( 'NONE', #3131 ) ;
#1349 = DIRECTION ( 'NONE',  ( -0.000000000000000000, 0.000000000000000000, 1.000000000000000000 ) ) ;
#1350 =( LENGTH_UNIT ( ) NAMED_UNIT ( * ) SI_UNIT ( .MILLI., .METRE. ) );
#1351 = VERTEX_POINT ( 'NONE', #820 ) ;
#1352 = FILL_AREA_STYLE ('',( #714 ) ) ;
#1353 = CARTESIAN_POINT ( 'NONE',  ( 1.299999999999999600, 0.3749999999999998890, 0.4970000000000000528 ) ) ;
#1354 = EDGE_LOOP ( 'NONE', ( #2564, #99, #1603, #514 ) ) ;
#1355 =( GEOMETRIC_REPRESENTATION_CONTEXT ( 3 ) GLOBAL_UNCERTAINTY_ASSIGNED_CONTEXT ( ( #903 ) ) GLOBAL_UNIT_ASSIGNED_CONTEXT ( ( #273, #1836, #1307 ) ) REPRESENTATION_CONTEXT ( 'NONE', 'WORKASPACE' ) );
#1356 = CARTESIAN_POINT ( 'NONE',  ( -1.649999999999999467, 0.6250000000000001110, 0.4970000000000000528 ) ) ;
#1357 = LINE ( 'NONE', #2377, #1636 ) ;
#1358 =( NAMED_UNIT ( * ) PLANE_ANGLE_UNIT ( ) SI_UNIT ( $, .RADIAN. ) );
#1359 = UNCERTAINTY_MEASURE_WITH_UNIT (LENGTH_MEASURE( 1.000000000000000082E-05 ), #2521, 'distance_accuracy_value', 'NONE');
#1360 =( NAMED_UNIT ( * ) SI_UNIT ( $, .STERADIAN. ) SOLID_ANGLE_UNIT ( ) );
#1361 = SURFACE_SIDE_STYLE ('',( #1859 ) ) ;
#1362 = VERTEX_POINT ( 'NONE', #834 ) ;
#1363 = SURFACE_STYLE_FILL_AREA ( #1334 ) ;
#1364 = FACE_OUTER_BOUND ( 'NONE', #3081, .T. ) ;
#1365 = ORIENTED_EDGE ( 'NONE', *, *, #3043, .F. ) ;
#1366 =( GEOMETRIC_REPRESENTATION_CONTEXT ( 3 ) GLOBAL_UNCERTAINTY_ASSIGNED_CONTEXT ( ( #1733 ) ) GLOBAL_UNIT_ASSIGNED_CONTEXT ( ( #2170, #2219, #129 ) ) REPRESENTATION_CONTEXT ( 'NONE', 'WORKASPACE' ) );
#1367 = STYLED_ITEM ( 'NONE', ( #2558 ), #1896 ) ;
#1368 =( LENGTH_UNIT ( ) NAMED_UNIT ( * ) SI_UNIT ( .MILLI., .METRE. ) );
#1369 = COLOUR_RGB ( '',0.6470588235294117974, 0.5176470588235293491, 0.000000000000000000 ) ;
#1370 = EDGE_CURVE ( 'NONE', #1931, #267, #1874, .T. ) ;
#1371 = MECHANICAL_DESIGN_GEOMETRIC_PRESENTATION_REPRESENTATION (  '', ( #1041 ), #2645 ) ;
#1372 = VECTOR ( 'NONE', #1537, 1000.000000000000000 ) ;
#1373 = DIRECTION ( 'NONE',  ( -0.000000000000000000, -0.000000000000000000, 1.000000000000000000 ) ) ;
#1374 = DIRECTION ( 'NONE',  ( -0.000000000000000000, -1.000000000000000000, -0.000000000000000000 ) ) ;
#1375 = CARTESIAN_POINT ( 'NONE',  ( 1.649999999999999467, 0.8749999999999998890, 0.4870000000000000440 ) ) ;
#1376 = EDGE_LOOP ( 'NONE', ( #743, #2596, #835 ) ) ;
#1377 = PLANE ( 'NONE',  #2372 ) ;
#1378 = DIRECTION ( 'NONE',  ( 1.000000000000000000, -0.000000000000000000, -0.000000000000000000 ) ) ;
#1379 = VERTEX_POINT ( 'NONE', #2640 ) ;
#1380 = VECTOR ( 'NONE', #3316, 1000.000000000000000 ) ;
#1381 = VERTEX_POINT ( 'NONE', #79 ) ;
#1382 = DIRECTION ( 'NONE',  ( 0.000000000000000000, -0.000000000000000000, 1.000000000000000000 ) ) ;
#1383 = ORIENTED_EDGE ( 'NONE', *, *, #1330, .F. ) ;
#1384 = SURFACE_SIDE_STYLE ('',( #644 ) ) ;
#1385 = VECTOR ( 'NONE', #2115, 1000.000000000000000 ) ;
#1386 =( NAMED_UNIT ( * ) SI_UNIT ( $, .STERADIAN. ) SOLID_ANGLE_UNIT ( ) );
#1387 = DIRECTION ( 'NONE',  ( 0.000000000000000000, -0.000000000000000000, 1.000000000000000000 ) ) ;
#1388 = FILL_AREA_STYLE_COLOUR ( '', #1428 ) ;
#1389 = CARTESIAN_POINT ( 'NONE',  ( -1.649999999999999467, 1.375000000000000000, 0.4870000000000000440 ) ) ;
#1390 = FILL_AREA_STYLE_COLOUR ( '', #2347 ) ;
#1391 = ORIENTED_EDGE ( 'NONE', *, *, #1759, .F. ) ;
#1392 = VERTEX_POINT ( 'NONE', #2871 ) ;
#1393 =( NAMED_UNIT ( * ) SI_UNIT ( $, .STERADIAN. ) SOLID_ANGLE_UNIT ( ) );
#1394 = EDGE_CURVE ( 'NONE', #1392, #3170, #570, .T. ) ;
#1395 = VERTEX_POINT ( 'NONE', #94 ) ;
#1396 = FILL_AREA_STYLE_COLOUR ( '', #972 ) ;
#1397 =( LENGTH_UNIT ( ) NAMED_UNIT ( * ) SI_UNIT ( .MILLI., .METRE. ) );
#1398 = EDGE_CURVE ( 'NONE', #1724, #2177, #3161, .T. ) ;
#1399 = STYLED_ITEM ( 'NONE', ( #1902 ), #1010 ) ;
#1400 = SURFACE_STYLE_USAGE ( .BOTH. , #389 ) ;
#1401 = SURFACE_SIDE_STYLE ('',( #567 ) ) ;
#1402 = ORIENTED_EDGE ( 'NONE', *, *, #1346, .T. ) ;
#1403 = DIRECTION ( 'NONE',  ( 0.000000000000000000, -0.000000000000000000, -1.000000000000000000 ) ) ;
#1404 = PRESENTATION_LAYER_ASSIGNMENT (  '', '', ( #62 ) ) ;
#1405 = EDGE_CURVE ( 'NONE', #3252, #659, #3293, .T. ) ;
#1406 = SURFACE_STYLE_FILL_AREA ( #3159 ) ;
#1407 = FILL_AREA_STYLE ('',( #2171 ) ) ;
#1408 = PRESENTATION_LAYER_ASSIGNMENT (  '', '', ( #2838 ) ) ;
#1409 =( NAMED_UNIT ( * ) PLANE_ANGLE_UNIT ( ) SI_UNIT ( $, .RADIAN. ) );
#1410 = VERTEX_POINT ( 'NONE', #477 ) ;
#1411 = CARTESIAN_POINT ( 'NONE',  ( -1.649999999999999467, 0.6250000000000001110, 0.4870000000000000440 ) ) ;
#1412 = COLOUR_RGB ( '',0.6470588235294117974, 0.5176470588235293491, 0.000000000000000000 ) ;
#1413 = ORIENTED_EDGE ( 'NONE', *, *, #1188, .T. ) ;
#1414 =( NAMED_UNIT ( * ) SI_UNIT ( $, .STERADIAN. ) SOLID_ANGLE_UNIT ( ) );
#1415 = PLANE ( 'NONE',  #2595 ) ;
#1416 = MECHANICAL_DESIGN_GEOMETRIC_PRESENTATION_REPRESENTATION (  '', ( #2687 ), #2279 ) ;
#1417 = CARTESIAN_POINT ( 'NONE',  ( 1.299999999999999600, 0.1250000000000001110, 0.4870000000000000440 ) ) ;
#1418 = STYLED_ITEM ( 'NONE', ( #658 ), #2172 ) ;
#1419 = DIRECTION ( 'NONE',  ( -0.000000000000000000, 0.000000000000000000, 1.000000000000000000 ) ) ;
#1420 = PRESENTATION_STYLE_ASSIGNMENT (( #392 ) ) ;
#1421 = DIRECTION ( 'NONE',  ( -1.000000000000000000, 0.000000000000000000, -0.000000000000000000 ) ) ;
#1422 = DIRECTION ( 'NONE',  ( -1.000000000000000000, 0.000000000000000000, -0.000000000000000000 ) ) ;
#1423 = ORIENTED_EDGE ( 'NONE', *, *, #2844, .F. ) ;
#1424 = EDGE_CURVE ( 'NONE', #261, #2072, #2284, .T. ) ;
#1425 = PLANE ( 'NONE',  #268 ) ;
#1426 = STYLED_ITEM ( 'NONE', ( #109 ), #418 ) ;
#1427 = EDGE_CURVE ( 'NONE', #970, #3299, #1702, .T. ) ;
#1428 = COLOUR_RGB ( '',0.6470588235294117974, 0.5176470588235293491, 0.000000000000000000 ) ;
#1429 = VECTOR ( 'NONE', #1579, 1000.000000000000000 ) ;
#1430 = VERTEX_POINT ( 'NONE', #916 ) ;
#1431 = CARTESIAN_POINT ( 'NONE',  ( 1.649999999999999467, -0.1250000000000000000, 0.4870000000000000440 ) ) ;
#1432 = SURFACE_STYLE_USAGE ( .BOTH. , #856 ) ;
#1433 = EDGE_CURVE ( 'NONE', #1340, #1094, #2002, .T. ) ;
#1434 = ORIENTED_EDGE ( 'NONE', *, *, #932, .T. ) ;
#1435 = EDGE_CURVE ( 'NONE', #229, #2517, #1956, .T. ) ;
#1436 =( NAMED_UNIT ( * ) PLANE_ANGLE_UNIT ( ) SI_UNIT ( $, .RADIAN. ) );
#1437 = LINE ( 'NONE', #692, #448 ) ;
#1438 = AXIS2_PLACEMENT_3D ( 'NONE', #1838, #1868, #2815 ) ;
#1439 = ORIENTED_EDGE ( 'NONE', *, *, #2931, .T. ) ;
#1440 =( GEOMETRIC_REPRESENTATION_CONTEXT ( 3 ) GLOBAL_UNCERTAINTY_ASSIGNED_CONTEXT ( ( #535 ) ) GLOBAL_UNIT_ASSIGNED_CONTEXT ( ( #1978, #2971, #2721 ) ) REPRESENTATION_CONTEXT ( 'NONE', 'WORKASPACE' ) );
#1441 =( LENGTH_UNIT ( ) NAMED_UNIT ( * ) SI_UNIT ( .MILLI., .METRE. ) );
#1442 = CARTESIAN_POINT ( 'NONE',  ( 1.589192816139537667, 1.565992921013407146, 0.000000000000000000 ) ) ;
#1443 = FILL_AREA_STYLE ('',( #2204 ) ) ;
#1444 = DIRECTION ( 'NONE',  ( -0.000000000000000000, -0.000000000000000000, 1.000000000000000000 ) ) ;
#1445 = FACE_OUTER_BOUND ( 'NONE', #168, .T. ) ;
#1446 = EDGE_LOOP ( 'NONE', ( #1782, #2210, #1075, #3320 ) ) ;
#1447 = CARTESIAN_POINT ( 'NONE',  ( 1.200000000000000178, -1.200000000000000178, -2.003000000000000114 ) ) ;
#1448 = ORIENTED_EDGE ( 'NONE', *, *, #1583, .F. ) ;
#1449 = DIRECTION ( 'NONE',  ( -1.000000000000000000, -3.097720492815726673E-16, 0.000000000000000000 ) ) ;
#1450 = ORIENTED_EDGE ( 'NONE', *, *, #2030, .T. ) ;
#1451 = EDGE_CURVE ( 'NONE', #1106, #489, #178, .T. ) ;
#1452 = CARTESIAN_POINT ( 'NONE',  ( -1.299999999999999600, 0.1250000000000001110, 0.4870000000000000440 ) ) ;
#1453 = VERTEX_POINT ( 'NONE', #1719 ) ;
#1454 = DIRECTION ( 'NONE',  ( -0.000000000000000000, 1.000000000000000000, -0.000000000000000000 ) ) ;
#1455 = CARTESIAN_POINT ( 'NONE',  ( -1.749999999999999556, -1.750000000000000000, 0.4970000000000000528 ) ) ;
#1456 = CARTESIAN_POINT ( 'NONE',  ( 1.200000000000000178, -1.200000000000000178, -2.003000000000000114 ) ) ;
#1457 = FILL_AREA_STYLE_COLOUR ( '', #3292 ) ;
#1458 = SURFACE_STYLE_USAGE ( .BOTH. , #2717 ) ;
#1459 = UNCERTAINTY_MEASURE_WITH_UNIT (LENGTH_MEASURE( 1.000000000000000082E-05 ), #1368, 'distance_accuracy_value', 'NONE');
#1460 = VERTEX_POINT ( 'NONE', #2699 ) ;
#1461 = VECTOR ( 'NONE', #1911, 1000.000000000000000 ) ;
#1462 =( LENGTH_UNIT ( ) NAMED_UNIT ( * ) SI_UNIT ( .MILLI., .METRE. ) );
#1463 =( GEOMETRIC_REPRESENTATION_CONTEXT ( 3 ) GLOBAL_UNCERTAINTY_ASSIGNED_CONTEXT ( ( #242 ) ) GLOBAL_UNIT_ASSIGNED_CONTEXT ( ( #2557, #1436, #1414 ) ) REPRESENTATION_CONTEXT ( 'NONE', 'WORKASPACE' ) );
#1464 = AXIS2_PLACEMENT_3D ( 'NONE', #2579, #283, #2895 ) ;
#1465 = CARTESIAN_POINT ( 'NONE',  ( 1.649999999999999467, -1.125000000000000222, 0.4870000000000000440 ) ) ;
#1466 = EDGE_CURVE ( 'NONE', #1395, #1767, #3247, .T. ) ;
#1467 = EDGE_LOOP ( 'NONE', ( #557, #664, #672, #868 ) ) ;
#1468 = PLANE ( 'NONE',  #875 ) ;
#1469 = DIRECTION ( 'NONE',  ( 0.000000000000000000, -1.000000000000000000, -0.000000000000000000 ) ) ;
#1470 = MECHANICAL_DESIGN_GEOMETRIC_PRESENTATION_REPRESENTATION (  '', ( #1038 ), #2442 ) ;
#1471 = FACE_BOUND ( 'NONE', #420, .T. ) ;
#1472 = VECTOR ( 'NONE', #103, 1000.000000000000000 ) ;
#1473 = CARTESIAN_POINT ( 'NONE',  ( -1.299999999999999600, 0.3749999999999998890, 0.4870000000000000440 ) ) ;
#1474 = EDGE_CURVE ( 'NONE', #467, #3265, #2497, .T. ) ;
#1475 = VECTOR ( 'NONE', #2242, 1000.000000000000000 ) ;
#1476 = CARTESIAN_POINT ( 'NONE',  ( -1.649999999999999467, 0.8749999999999998890, 0.4870000000000000440 ) ) ;
#1477 = COLOUR_RGB ( '',0.6470588235294117974, 0.5176470588235293491, 0.000000000000000000 ) ;
#1478 = SURFACE_SIDE_STYLE ('',( #2755 ) ) ;
#1479 = ORIENTED_EDGE ( 'NONE', *, *, #2515, .T. ) ;
#1480 = SURFACE_SIDE_STYLE ('',( #2239 ) ) ;
#1481 = STYLED_ITEM ( 'NONE', ( #687 ), #1232 ) ;
#1482 = VECTOR ( 'NONE', #44, 1000.000000000000000 ) ;
#1483 = DIRECTION ( 'NONE',  ( -0.000000000000000000, -0.000000000000000000, 1.000000000000000000 ) ) ;
#1484 = PLANE ( 'NONE',  #128 ) ;
#1485 = ADVANCED_FACE ( 'NONE', ( #2480 ), #649, .F. ) ;
#1486 = ORIENTED_EDGE ( 'NONE', *, *, #231, .F. ) ;
#1487 = ORIENTED_EDGE ( 'NONE', *, *, #156, .T. ) ;
#1488 = LINE ( 'NONE', #3058, #2494 ) ;
#1489 = CARTESIAN_POINT ( 'NONE',  ( -1.299999999999999600, -0.6250000000000001110, 0.4970000000000000528 ) ) ;
#1490 = PRESENTATION_LAYER_ASSIGNMENT (  '', '', ( #1985 ) ) ;
#1491 = CARTESIAN_POINT ( 'NONE',  ( -1.649999999999999467, -0.8749999999999998890, 0.4870000000000000440 ) ) ;
#1492 = EDGE_CURVE ( 'NONE', #2014, #1608, #683, .T. ) ;
#1493 = DIRECTION ( 'NONE',  ( 0.000000000000000000, 1.000000000000000000, 0.000000000000000000 ) ) ;
#1494 = FILL_AREA_STYLE ('',( #2753 ) ) ;
#1495 = PLANE ( 'NONE',  #1604 ) ;
#1496 =( NAMED_UNIT ( * ) SI_UNIT ( $, .STERADIAN. ) SOLID_ANGLE_UNIT ( ) );
#1497 = ORIENTED_EDGE ( 'NONE', *, *, #2084, .T. ) ;
#1498 =( NAMED_UNIT ( * ) PLANE_ANGLE_UNIT ( ) SI_UNIT ( $, .RADIAN. ) );
#1499 = ORIENTED_EDGE ( 'NONE', *, *, #7, .T. ) ;
#1500 = SURFACE_STYLE_FILL_AREA ( #1231 ) ;
#1501 = VECTOR ( 'NONE', #2825, 1000.000000000000000 ) ;
#1502 = PLANE ( 'NONE',  #865 ) ;
#1503 = EDGE_LOOP ( 'NONE', ( #2224, #2580, #3167, #539 ) ) ;
#1504 = CARTESIAN_POINT ( 'NONE',  ( -1.649999999999999467, -0.1250000000000000000, 0.4870000000000000440 ) ) ;
#1505 = SURFACE_SIDE_STYLE ('',( #223 ) ) ;
#1506 = CARTESIAN_POINT ( 'NONE',  ( 0.000000000000000000, 0.000000000000000000, 0.4870000000000000440 ) ) ;
#1507 = CARTESIAN_POINT ( 'NONE',  ( 1.299999999999999600, 0.6250000000000001110, 0.4970000000000000528 ) ) ;
#1508 = DIRECTION ( 'NONE',  ( -1.000000000000000000, 0.000000000000000000, 0.000000000000000000 ) ) ;
#1509 = CARTESIAN_POINT ( 'NONE',  ( -1.649999999999999467, -0.6250000000000001110, 0.4870000000000000440 ) ) ;
#1510 = EDGE_LOOP ( 'NONE', ( #1245, #2872, #22, #1184 ) ) ;
#1511 = EDGE_CURVE ( 'NONE', #790, #3252, #1736, .T. ) ;
#1512 = FILL_AREA_STYLE ('',( #752 ) ) ;
#1513 = EDGE_CURVE ( 'NONE', #750, #3299, #162, .T. ) ;
#1514 = EDGE_LOOP ( 'NONE', ( #984, #2722, #3231, #236 ) ) ;
#1515 = MECHANICAL_DESIGN_GEOMETRIC_PRESENTATION_REPRESENTATION (  '', ( #3006 ), #118 ) ;
#1516 = CARTESIAN_POINT ( 'NONE',  ( 1.649999999999999467, -0.3749999999999998890, 0.4870000000000000440 ) ) ;
#1517 = CARTESIAN_POINT ( 'NONE',  ( -1.749999999999999556, 1.750000000000000000, 0.4970000000000000528 ) ) ;
#1518 =( LENGTH_UNIT ( ) NAMED_UNIT ( * ) SI_UNIT ( .MILLI., .METRE. ) );
#1519 = CARTESIAN_POINT ( 'NONE',  ( 1.299999999999999600, -1.125000000000000222, 0.4870000000000000440 ) ) ;
#1520 = CARTESIAN_POINT ( 'NONE',  ( 0.000000000000000000, 0.000000000000000000, 0.000000000000000000 ) ) ;
#1521 =( GEOMETRIC_REPRESENTATION_CONTEXT ( 3 ) GLOBAL_UNCERTAINTY_ASSIGNED_CONTEXT ( ( #1015 ) ) GLOBAL_UNIT_ASSIGNED_CONTEXT ( ( #247, #3064, #498 ) ) REPRESENTATION_CONTEXT ( 'NONE', 'WORKASPACE' ) );
#1522 = SURFACE_STYLE_USAGE ( .BOTH. , #2261 ) ;
#1523 = CARTESIAN_POINT ( 'NONE',  ( -1.299999999999999600, 0.6250000000000001110, 0.4870000000000000440 ) ) ;
#1524 = UNCERTAINTY_MEASURE_WITH_UNIT (LENGTH_MEASURE( 1.000000000000000082E-05 ), #978, 'distance_accuracy_value', 'NONE');
#1525 = FILL_AREA_STYLE_COLOUR ( '', #2491 ) ;
#1526 = VERTEX_POINT ( 'NONE', #1507 ) ;
#1527 = LINE ( 'NONE', #2529, #2867 ) ;
#1528 = ORIENTED_EDGE ( 'NONE', *, *, #691, .F. ) ;
#1529 = COLOUR_RGB ( '',0.6470588235294117974, 0.5176470588235293491, 0.000000000000000000 ) ;
#1530 = PRESENTATION_LAYER_ASSIGNMENT (  '', '', ( #2957 ) ) ;
#1531 = LINE ( 'NONE', #14, #388 ) ;
#1532 = PRESENTATION_LAYER_ASSIGNMENT (  '', '', ( #28 ) ) ;
#1533 = ORIENTED_EDGE ( 'NONE', *, *, #370, .F. ) ;
#1534 = PRESENTATION_LAYER_ASSIGNMENT (  '', '', ( #1808 ) ) ;
#1535 = FILL_AREA_STYLE_COLOUR ( '', #1135 ) ;
#1536 = VECTOR ( 'NONE', #468, 1000.000000000000000 ) ;
#1537 = DIRECTION ( 'NONE',  ( -0.000000000000000000, -0.000000000000000000, 1.000000000000000000 ) ) ;
#1538 = CARTESIAN_POINT ( 'NONE',  ( -1.649999999999999467, 1.375000000000000000, 0.4970000000000000528 ) ) ;
#1539 = EDGE_CURVE ( 'NONE', #1333, #2675, #700, .T. ) ;
#1541 = EDGE_CURVE ( 'NONE', #2539, #907, #1756, .T. ) ;
#1540 = DIRECTION ( 'NONE',  ( 1.000000000000000000, -0.000000000000000000, -0.000000000000000000 ) ) ;
#1542 = MECHANICAL_DESIGN_GEOMETRIC_PRESENTATION_REPRESENTATION (  '', ( #1103 ), #821 ) ;
#1543 = FILL_AREA_STYLE_COLOUR ( '', #1369 ) ;
#1544 = DIRECTION ( 'NONE',  ( -0.000000000000000000, 0.000000000000000000, 1.000000000000000000 ) ) ;
#1545 = CARTESIAN_POINT ( 'NONE',  ( -1.649999999999999467, 1.125000000000000222, 0.4870000000000000440 ) ) ;
#1546 = LINE ( 'NONE', #2035, #1030 ) ;
#1547 = SURFACE_STYLE_USAGE ( .BOTH. , #796 ) ;
#1548 = EDGE_CURVE ( 'NONE', #3048, #659, #2512, .T. ) ;
#1549 =( LENGTH_UNIT ( ) NAMED_UNIT ( * ) SI_UNIT ( .MILLI., .METRE. ) );
#1550 = ORIENTED_EDGE ( 'NONE', *, *, #1451, .T. ) ;
#1551 = MECHANICAL_DESIGN_GEOMETRIC_PRESENTATION_REPRESENTATION (  '', ( #2559 ), #2976 ) ;
#1552 = ADVANCED_FACE ( 'NONE', ( #426 ), #3226, .F. ) ;
#1553 = CARTESIAN_POINT ( 'NONE',  ( -1.649999999999999467, 0.6250000000000001110, 0.4870000000000000440 ) ) ;
#1554 = PRESENTATION_LAYER_ASSIGNMENT (  '', '', ( #3307 ) ) ;
#1555 = ORIENTED_EDGE ( 'NONE', *, *, #2510, .T. ) ;
#1556 = LINE ( 'NONE', #2100, #1934 ) ;
#1557 = EDGE_CURVE ( 'NONE', #3177, #1460, #1790, .T. ) ;
#1558 =( NAMED_UNIT ( * ) SI_UNIT ( $, .STERADIAN. ) SOLID_ANGLE_UNIT ( ) );
#1559 = PRESENTATION_STYLE_ASSIGNMENT (( #518 ) ) ;
#1560 = ORIENTED_EDGE ( 'NONE', *, *, #2176, .T. ) ;
#1561 = PLANE ( 'NONE',  #2422 ) ;
#1562 = FACE_OUTER_BOUND ( 'NONE', #2773, .T. ) ;
#1563 = LINE ( 'NONE', #1523, #1920 ) ;
#1564 = LINE ( 'NONE', #2083, #2303 ) ;
#1565 = MECHANICAL_DESIGN_GEOMETRIC_PRESENTATION_REPRESENTATION (  '', ( #1670 ), #217 ) ;
#1566 = FILL_AREA_STYLE ('',( #343 ) ) ;
#1567 = ORIENTED_EDGE ( 'NONE', *, *, #2946, .F. ) ;
#1568 =( LENGTH_UNIT ( ) NAMED_UNIT ( * ) SI_UNIT ( .MILLI., .METRE. ) );
#1569 = LINE ( 'NONE', #2345, #1635 ) ;
#1570 = MECHANICAL_DESIGN_GEOMETRIC_PRESENTATION_REPRESENTATION (  '', ( #959 ), #1355 ) ;
#1571 = DIRECTION ( 'NONE',  ( 1.000000000000000000, 0.000000000000000000, 0.000000000000000000 ) ) ;
#1572 = ORIENTED_EDGE ( 'NONE', *, *, #2953, .F. ) ;
#1573 = PRESENTATION_LAYER_ASSIGNMENT (  '', '', ( #3006 ) ) ;
#1574 = DIRECTION ( 'NONE',  ( 0.000000000000000000, -1.000000000000000000, 0.000000000000000000 ) ) ;
#1575 = COLOUR_RGB ( '',0.6470588235294117974, 0.5176470588235293491, 0.000000000000000000 ) ;
#1576 = EDGE_CURVE ( 'NONE', #3153, #248, #3046, .T. ) ;
#1577 = SURFACE_SIDE_STYLE ('',( #2080 ) ) ;
#1578 = CARTESIAN_POINT ( 'NONE',  ( 1.649999999999999467, -0.1250000000000000000, 0.4970000000000000528 ) ) ;
#1579 = DIRECTION ( 'NONE',  ( -0.000000000000000000, -0.000000000000000000, 1.000000000000000000 ) ) ;
#1580 = VECTOR ( 'NONE', #2804, 1000.000000000000000 ) ;
#1581 = EDGE_CURVE ( 'NONE', #1348, #120, #1014, .T. ) ;
#1582 = DIRECTION ( 'NONE',  ( -0.000000000000000000, 1.000000000000000000, -0.000000000000000000 ) ) ;
#1583 = EDGE_CURVE ( 'NONE', #2502, #2371, #2094, .T. ) ;
#1584 = ORIENTED_EDGE ( 'NONE', *, *, #390, .T. ) ;
#1585 = FACE_OUTER_BOUND ( 'NONE', #1912, .T. ) ;
#1586 = COLOUR_RGB ( '',0.6470588235294117974, 0.5176470588235293491, 0.000000000000000000 ) ;
#1587 = AXIS2_PLACEMENT_3D ( 'NONE', #347, #2192, #2898 ) ;
#1588 = VECTOR ( 'NONE', #2939, 1000.000000000000000 ) ;
#1589 = DIRECTION ( 'NONE',  ( -0.000000000000000000, -0.000000000000000000, 1.000000000000000000 ) ) ;
#1590 = ORIENTED_EDGE ( 'NONE', *, *, #2572, .T. ) ;
#1591 = DIRECTION ( 'NONE',  ( 0.000000000000000000, -0.000000000000000000, 1.000000000000000000 ) ) ;
#1592 = EDGE_CURVE ( 'NONE', #2134, #3181, #276, .T. ) ;
#1593 = AXIS2_PLACEMENT_3D ( 'NONE', #2217, #1421, #667 ) ;
#1594 = PLANE ( 'NONE',  #2938 ) ;
#1595 = STYLED_ITEM ( 'NONE', ( #779 ), #1665 ) ;
#1596 = PRESENTATION_STYLE_ASSIGNMENT (( #2877 ) ) ;
#1597 = FILL_AREA_STYLE_COLOUR ( '', #1867 ) ;
#1598 = VECTOR ( 'NONE', #2969, 1000.000000000000000 ) ;
#1599 = CARTESIAN_POINT ( 'NONE',  ( 0.7500000000000002220, 1.199999999999999956, 0.4870000000000000440 ) ) ;
#1600 = ORIENTED_EDGE ( 'NONE', *, *, #373, .T. ) ;
#1601 = CARTESIAN_POINT ( 'NONE',  ( -1.649999999999999467, 1.125000000000000222, 0.4970000000000000528 ) ) ;
#1602 =( NAMED_UNIT ( * ) PLANE_ANGLE_UNIT ( ) SI_UNIT ( $, .RADIAN. ) );
#1603 = ORIENTED_EDGE ( 'NONE', *, *, #139, .F. ) ;
#1604 = AXIS2_PLACEMENT_3D ( 'NONE', #1259, #2771, #2265 ) ;
#1605 = CARTESIAN_POINT ( 'NONE',  ( -1.749999999999999556, -1.750000000000000000, 0.4970000000000000528 ) ) ;
#1606 = CARTESIAN_POINT ( 'NONE',  ( -1.649999999999999467, 0.3749999999999998890, 0.4870000000000000440 ) ) ;
#1607 = PRODUCT_DEFINITION_FORMATION_WITH_SPECIFIED_SOURCE ( 'ANY', '', #1884, .NOT_KNOWN. ) ;
#1608 = VERTEX_POINT ( 'NONE', #2831 ) ;
#1609 = PRESENTATION_STYLE_ASSIGNMENT (( #1076 ) ) ;
#1610 = PLANE ( 'NONE',  #757 ) ;
#1611 = CARTESIAN_POINT ( 'NONE',  ( 1.200000000000000178, -1.200000000000000178, 0.000000000000000000 ) ) ;
#1612 = SURFACE_STYLE_USAGE ( .BOTH. , #1401 ) ;
#1613 = DIRECTION ( 'NONE',  ( -0.000000000000000000, -0.000000000000000000, 1.000000000000000000 ) ) ;
#1614 = FACE_OUTER_BOUND ( 'NONE', #1055, .T. ) ;
#1615 = EDGE_LOOP ( 'NONE', ( #848, #417, #3102, #2851 ) ) ;
#1616 = SHAPE_DEFINITION_REPRESENTATION ( #2151, #262 ) ;
#1617 = PRESENTATION_STYLE_ASSIGNMENT (( #81 ) ) ;
#1618 = EDGE_CURVE ( 'NONE', #2902, #3148, #496, .T. ) ;
#1619 = EDGE_CURVE ( 'NONE', #1141, #1410, #3090, .T. ) ;
#1620 = CARTESIAN_POINT ( 'NONE',  ( 0.000000000000000000, 0.000000000000000000, 0.4870000000000000440 ) ) ;
#1621 = CARTESIAN_POINT ( 'NONE',  ( -1.299999999999999600, -0.1250000000000001110, 0.4870000000000000440 ) ) ;
#1622 = EDGE_LOOP ( 'NONE', ( #2705, #1269, #2952, #701 ) ) ;
#1623 =( NAMED_UNIT ( * ) PLANE_ANGLE_UNIT ( ) SI_UNIT ( $, .RADIAN. ) );
#1624 =( NAMED_UNIT ( * ) PLANE_ANGLE_UNIT ( ) SI_UNIT ( $, .RADIAN. ) );
#1625 = VECTOR ( 'NONE', #241, 1000.000000000000000 ) ;
#1626 = SURFACE_STYLE_FILL_AREA ( #552 ) ;
#1627 = VECTOR ( 'NONE', #772, 1000.000000000000000 ) ;
#1628 = PRESENTATION_STYLE_ASSIGNMENT (( #2410 ) ) ;
#1629 = FACE_OUTER_BOUND ( 'NONE', #2436, .T. ) ;
#1630 =( NAMED_UNIT ( * ) SI_UNIT ( $, .STERADIAN. ) SOLID_ANGLE_UNIT ( ) );
#1631 = CARTESIAN_POINT ( 'NONE',  ( 1.649999999999999467, -0.8749999999999998890, 0.4970000000000000528 ) ) ;
#1632 = ORIENTED_EDGE ( 'NONE', *, *, #3191, .T. ) ;
#1633 = EDGE_LOOP ( 'NONE', ( #2468, #860, #3146, #1497 ) ) ;
#1634 = EDGE_LOOP ( 'NONE', ( #1816, #1927, #453, #1210 ) ) ;
#1635 = VECTOR ( 'NONE', #286, 1000.000000000000000 ) ;
#1636 = VECTOR ( 'NONE', #2144, 1000.000000000000000 ) ;
#1637 = FILL_AREA_STYLE_COLOUR ( '', #2583 ) ;
#1638 = COLOUR_RGB ( '',0.6470588235294117974, 0.5176470588235293491, 0.000000000000000000 ) ;
#1639 = PRESENTATION_STYLE_ASSIGNMENT (( #69 ) ) ;
#1640 = AXIS2_PLACEMENT_3D ( 'NONE', #2567, #1249, #2328 ) ;
#1641 = SURFACE_STYLE_FILL_AREA ( #2894 ) ;
#1642 =( GEOMETRIC_REPRESENTATION_CONTEXT ( 3 ) GLOBAL_UNCERTAINTY_ASSIGNED_CONTEXT ( ( #3227 ) ) GLOBAL_UNIT_ASSIGNED_CONTEXT ( ( #2448, #2916, #605 ) ) REPRESENTATION_CONTEXT ( 'NONE', 'WORKASPACE' ) );
#1643 = FILL_AREA_STYLE_COLOUR ( '', #2608 ) ;
#1644 = PRESENTATION_LAYER_ASSIGNMENT (  '', '', ( #1595 ) ) ;
#1645 = SURFACE_SIDE_STYLE ('',( #604 ) ) ;
#1646 = PRESENTATION_STYLE_ASSIGNMENT (( #2933 ) ) ;
#1647 = ORIENTED_EDGE ( 'NONE', *, *, #1098, .T. ) ;
#1648 = VECTOR ( 'NONE', #734, 1000.000000000000000 ) ;
#1649 = DIRECTION ( 'NONE',  ( 0.000000000000000000, 0.000000000000000000, 1.000000000000000000 ) ) ;
#1650 = DIRECTION ( 'NONE',  ( -0.000000000000000000, 0.000000000000000000, 1.000000000000000000 ) ) ;
#1651 = LINE ( 'NONE', #1156, #3268 ) ;
#1652 = EDGE_CURVE ( 'NONE', #1087, #2974, #2589, .T. ) ;
#1653 = ORIENTED_EDGE ( 'NONE', *, *, #2030, .F. ) ;
#1654 = SURFACE_SIDE_STYLE ('',( #1142 ) ) ;
#1655 =( LENGTH_UNIT ( ) NAMED_UNIT ( * ) SI_UNIT ( .MILLI., .METRE. ) );
#1656 = EDGE_LOOP ( 'NONE', ( #2344, #2329, #2832, #2805 ) ) ;
#1657 = VECTOR ( 'NONE', #2169, 1000.000000000000000 ) ;
#1658 = CARTESIAN_POINT ( 'NONE',  ( 1.649999999999999467, 0.1250000000000000000, 0.4970000000000000528 ) ) ;
#1659 = EDGE_CURVE ( 'NONE', #2685, #822, #1563, .T. ) ;
#1660 = CARTESIAN_POINT ( 'NONE',  ( 1.649999999999999467, -1.125000000000000222, 0.4870000000000000440 ) ) ;
#1661 = UNCERTAINTY_MEASURE_WITH_UNIT (LENGTH_MEASURE( 1.000000000000000082E-05 ), #2856, 'distance_accuracy_value', 'NONE');
#1662 =( NAMED_UNIT ( * ) SI_UNIT ( $, .STERADIAN. ) SOLID_ANGLE_UNIT ( ) );
#1663 = FACE_OUTER_BOUND ( 'NONE', #2647, .T. ) ;
#1664 = SURFACE_STYLE_USAGE ( .BOTH. , #2883 ) ;
#1665 = ADVANCED_FACE ( 'NONE', ( #508 ), #3076, .F. ) ;
#1666 = FILL_AREA_STYLE ('',( #1121 ) ) ;
#1667 = ORIENTED_EDGE ( 'NONE', *, *, #881, .F. ) ;
#1668 = FILL_AREA_STYLE_COLOUR ( '', #222 ) ;
#1669 = ORIENTED_EDGE ( 'NONE', *, *, #1975, .T. ) ;
#1670 = STYLED_ITEM ( 'NONE', ( #2434 ), #650 ) ;
#1671 = DIRECTION ( 'NONE',  ( 0.000000000000000000, 0.000000000000000000, -1.000000000000000000 ) ) ;
#1672 = CARTESIAN_POINT ( 'NONE',  ( 1.200000000000000178, -1.200000000000000178, -2.003000000000000114 ) ) ;
#1673 = VECTOR ( 'NONE', #1007, 1000.000000000000000 ) ;
#1674 = PRESENTATION_STYLE_ASSIGNMENT (( #2202 ) ) ;
#1675 = EDGE_CURVE ( 'NONE', #1608, #1767, #524, .T. ) ;
#1676 = ADVANCED_FACE ( 'NONE', ( #2429 ), #3143, .F. ) ;
#1677 = CARTESIAN_POINT ( 'NONE',  ( -1.749999999999999556, -1.750000000000000000, 0.000000000000000000 ) ) ;
#1678 = VECTOR ( 'NONE', #2404, 1000.000000000000000 ) ;
#1679 = VERTEX_POINT ( 'NONE', #814 ) ;
#1680 = CARTESIAN_POINT ( 'NONE',  ( -1.299999999999999600, 0.8749999999999998890, 0.4970000000000000528 ) ) ;
#1681 = FACE_OUTER_BOUND ( 'NONE', #1292, .T. ) ;
#1682 = EDGE_CURVE ( 'NONE', #721, #1250, #2912, .T. ) ;
#1683 = STYLED_ITEM ( 'NONE', ( #2992 ), #3144 ) ;
#1684 = SURFACE_SIDE_STYLE ('',( #2643 ) ) ;
#1685 = EDGE_CURVE ( 'NONE', #843, #2539, #3175, .T. ) ;
#1686 = EDGE_CURVE ( 'NONE', #3213, #2168, #1150, .T. ) ;
#1687 = ORIENTED_EDGE ( 'NONE', *, *, #66, .T. ) ;
#1688 = FACE_OUTER_BOUND ( 'NONE', #624, .T. ) ;
#1689 = ORIENTED_EDGE ( 'NONE', *, *, #3118, .F. ) ;
#1690 = CARTESIAN_POINT ( 'NONE',  ( -1.649999999999999467, -0.1250000000000000000, 0.4870000000000000440 ) ) ;
#1691 = VECTOR ( 'NONE', #1289, 1000.000000000000000 ) ;
#1692 = ORIENTED_EDGE ( 'NONE', *, *, #2863, .F. ) ;
#1693 = ADVANCED_FACE ( 'NONE', ( #1115 ), #2930, .F. ) ;
#1694 =( GEOMETRIC_REPRESENTATION_CONTEXT ( 3 ) GLOBAL_UNCERTAINTY_ASSIGNED_CONTEXT ( ( #2680 ) ) GLOBAL_UNIT_ASSIGNED_CONTEXT ( ( #1832, #2603, #763 ) ) REPRESENTATION_CONTEXT ( 'NONE', 'WORKASPACE' ) );
#1695 = LINE ( 'NONE', #3208, #2823 ) ;
#1696 = MECHANICAL_DESIGN_GEOMETRIC_PRESENTATION_REPRESENTATION (  '', ( #2594 ), #1366 ) ;
#1697 = EDGE_CURVE ( 'NONE', #36, #2962, #2147, .T. ) ;
#1698 = COLOUR_RGB ( '',0.6470588235294117974, 0.5176470588235293491, 0.000000000000000000 ) ;
#1699 = SURFACE_STYLE_USAGE ( .BOTH. , #697 ) ;
#1700 = UNCERTAINTY_MEASURE_WITH_UNIT (LENGTH_MEASURE( 1.000000000000000082E-05 ), #3254, 'distance_accuracy_value', 'NONE');
#1701 = DIRECTION ( 'NONE',  ( 0.000000000000000000, -0.000000000000000000, -1.000000000000000000 ) ) ;
#1702 = LINE ( 'NONE', #956, #2604 ) ;
#1703 = UNCERTAINTY_MEASURE_WITH_UNIT (LENGTH_MEASURE( 1.000000000000000082E-05 ), #1966, 'distance_accuracy_value', 'NONE');
#1704 = EDGE_LOOP ( 'NONE', ( #46, #2819, #2940, #382 ) ) ;
#1705 = VECTOR ( 'NONE', #412, 1000.000000000000000 ) ;
#1706 = ADVANCED_FACE ( 'NONE', ( #125 ), #2185, .F. ) ;
#1707 =( GEOMETRIC_REPRESENTATION_CONTEXT ( 3 ) GLOBAL_UNCERTAINTY_ASSIGNED_CONTEXT ( ( #2205 ) ) GLOBAL_UNIT_ASSIGNED_CONTEXT ( ( #1132, #2672, #1153 ) ) REPRESENTATION_CONTEXT ( 'NONE', 'WORKASPACE' ) );
#1708 = ORIENTED_EDGE ( 'NONE', *, *, #2418, .T. ) ;
#1709 = SURFACE_STYLE_FILL_AREA ( #2452 ) ;
#1710 = ORIENTED_EDGE ( 'NONE', *, *, #108, .F. ) ;
#1711 = CARTESIAN_POINT ( 'NONE',  ( 1.649999999999999467, 1.375000000000000000, 0.4970000000000000528 ) ) ;
#1712 = VERTEX_POINT ( 'NONE', #160 ) ;
#1713 = DIRECTION ( 'NONE',  ( 0.000000000000000000, 1.000000000000000000, 0.000000000000000000 ) ) ;
#1714 = AXIS2_PLACEMENT_3D ( 'NONE', #54, #70, #3141 ) ;
#1715 = ORIENTED_EDGE ( 'NONE', *, *, #627, .F. ) ;
#1716 = VECTOR ( 'NONE', #1293, 1000.000000000000000 ) ;
#1717 = DIRECTION ( 'NONE',  ( 1.000000000000000000, -0.000000000000000000, -0.000000000000000000 ) ) ;
#1718 = DIRECTION ( 'NONE',  ( -1.000000000000000000, 0.000000000000000000, 0.000000000000000000 ) ) ;
#1719 = CARTESIAN_POINT ( 'NONE',  ( -1.649999999999999467, -0.8749999999999998890, 0.4970000000000000528 ) ) ;
#1720 = FACE_OUTER_BOUND ( 'NONE', #284, .T. ) ;
#1721 = EDGE_LOOP ( 'NONE', ( #1391, #42, #919 ) ) ;
#1722 = DIRECTION ( 'NONE',  ( -0.000000000000000000, 1.000000000000000000, -0.000000000000000000 ) ) ;
#1723 = CARTESIAN_POINT ( 'NONE',  ( 1.299999999999999600, 0.3749999999999998890, 0.4870000000000000440 ) ) ;
#1724 = VERTEX_POINT ( 'NONE', #1770 ) ;
#1725 = DIRECTION ( 'NONE',  ( 1.000000000000000000, 0.000000000000000000, 0.000000000000000000 ) ) ;
#1726 = PLANE ( 'NONE',  #1265 ) ;
#1727 = EDGE_CURVE ( 'NONE', #2685, #1033, #2260, .T. ) ;
#1728 = VERTEX_POINT ( 'NONE', #144 ) ;
#1729 = DIRECTION ( 'NONE',  ( 0.000000000000000000, -1.000000000000000000, 0.000000000000000000 ) ) ;
#1730 = ORIENTED_EDGE ( 'NONE', *, *, #3276, .T. ) ;
#1731 = LINE ( 'NONE', #3272, #1208 ) ;
#1732 = DIRECTION ( 'NONE',  ( 0.000000000000000000, -1.000000000000000000, 0.000000000000000000 ) ) ;
#1733 = UNCERTAINTY_MEASURE_WITH_UNIT (LENGTH_MEASURE( 1.000000000000000082E-05 ), #2170, 'distance_accuracy_value', 'NONE');
#1734 = COLOUR_RGB ( '',0.6470588235294117974, 0.5176470588235293491, 0.000000000000000000 ) ;
#1735 = CARTESIAN_POINT ( 'NONE',  ( 1.649999999999999467, -0.6250000000000001110, 0.4970000000000000528 ) ) ;
#1736 = LINE ( 'NONE', #198, #2190 ) ;
#1737 = UNCERTAINTY_MEASURE_WITH_UNIT (LENGTH_MEASURE( 1.000000000000000082E-05 ), #1518, 'distance_accuracy_value', 'NONE');
#1738 = DIRECTION ( 'NONE',  ( -0.000000000000000000, -0.000000000000000000, 1.000000000000000000 ) ) ;
#1739 = FACE_OUTER_BOUND ( 'NONE', #153, .T. ) ;
#1740 = AXIS2_PLACEMENT_3D ( 'NONE', #3120, #82, #1880 ) ;
#1741 = SURFACE_STYLE_USAGE ( .BOTH. , #623 ) ;
#1742 = ORIENTED_EDGE ( 'NONE', *, *, #2143, .T. ) ;
#1743 = VECTOR ( 'NONE', #285, 1000.000000000000000 ) ;
#1744 = SURFACE_STYLE_USAGE ( .BOTH. , #2550 ) ;
#1745 = VECTOR ( 'NONE', #882, 1000.000000000000000 ) ;
#1746 = PRESENTATION_LAYER_ASSIGNMENT (  '', '', ( #2735 ) ) ;
#1747 = PRESENTATION_LAYER_ASSIGNMENT (  '', '', ( #20 ) ) ;
#1748 = LINE ( 'NONE', #235, #991 ) ;
#1749 = DIRECTION ( 'NONE',  ( 1.000000000000000000, 0.000000000000000000, 0.000000000000000000 ) ) ;
#1750 = ORIENTED_EDGE ( 'NONE', *, *, #580, .F. ) ;
#1751 = FACE_OUTER_BOUND ( 'NONE', #739, .T. ) ;
#1752 = CARTESIAN_POINT ( 'NONE',  ( 1.589192816139537667, 1.225727792496912771, 0.01000000000000000021 ) ) ;
#1753 = PRESENTATION_LAYER_ASSIGNMENT (  '', '', ( #1038 ) ) ;
#1754 = PLANE ( 'NONE',  #2167 ) ;
#1755 = COLOUR_RGB ( '',0.6470588235294117974, 0.5176470588235293491, 0.000000000000000000 ) ;
#1756 = LINE ( 'NONE', #1774, #1598 ) ;
#1757 = PLANE ( 'NONE',  #1640 ) ;
#1758 = VECTOR ( 'NONE', #1738, 1000.000000000000000 ) ;
#1759 = EDGE_CURVE ( 'NONE', #1144, #859, #473, .T. ) ;
#1760 = EDGE_LOOP ( 'NONE', ( #102, #1314, #2638, #2712 ) ) ;
#1761 = LINE ( 'NONE', #1431, #281 ) ;
#1762 = CARTESIAN_POINT ( 'NONE',  ( -1.199999999999999734, 1.199999999999999734, -2.003000000000000114 ) ) ;
#1763 = PRESENTATION_LAYER_ASSIGNMENT (  '', '', ( #1103 ) ) ;
#1764 = VECTOR ( 'NONE', #1732, 1000.000000000000000 ) ;
#1765 = SURFACE_STYLE_FILL_AREA ( #3018 ) ;
#1766 = VECTOR ( 'NONE', #1493, 1000.000000000000000 ) ;
#1767 = VERTEX_POINT ( 'NONE', #666 ) ;
#1768 =( NAMED_UNIT ( * ) SI_UNIT ( $, .STERADIAN. ) SOLID_ANGLE_UNIT ( ) );
#1769 = SURFACE_SIDE_STYLE ('',( #3291 ) ) ;
#1770 = CARTESIAN_POINT ( 'NONE',  ( -1.649999999999999467, 0.8749999999999998890, 0.4870000000000000440 ) ) ;
#1771 =( NAMED_UNIT ( * ) PLANE_ANGLE_UNIT ( ) SI_UNIT ( $, .RADIAN. ) );
#1772 =( GEOMETRIC_REPRESENTATION_CONTEXT ( 3 ) GLOBAL_UNCERTAINTY_ASSIGNED_CONTEXT ( ( #2563 ) ) GLOBAL_UNIT_ASSIGNED_CONTEXT ( ( #512, #781, #3128 ) ) REPRESENTATION_CONTEXT ( 'NONE', 'WORKASPACE' ) );
#1773 = SURFACE_SIDE_STYLE ('',( #2233 ) ) ;
#1774 = CARTESIAN_POINT ( 'NONE',  ( -1.649999999999999467, 1.375000000000000000, 0.4870000000000000440 ) ) ;
#1775 = PRESENTATION_LAYER_ASSIGNMENT (  '', '', ( #307 ) ) ;
#1776 = SURFACE_SIDE_STYLE ('',( #1277 ) ) ;
#1777 = DIRECTION ( 'NONE',  ( 0.000000000000000000, -1.000000000000000000, 0.000000000000000000 ) ) ;
#1778 = ORIENTED_EDGE ( 'NONE', *, *, #38, .F. ) ;
#1779 = PRESENTATION_STYLE_ASSIGNMENT (( #2310 ) ) ;
#1780 = ORIENTED_EDGE ( 'NONE', *, *, #237, .T. ) ;
#1781 = DIRECTION ( 'NONE',  ( 0.000000000000000000, 1.000000000000000000, 0.000000000000000000 ) ) ;
#1782 = ORIENTED_EDGE ( 'NONE', *, *, #2145, .F. ) ;
#1783 = VECTOR ( 'NONE', #3174, 1000.000000000000000 ) ;
#1784 = DIRECTION ( 'NONE',  ( -0.000000000000000000, -0.000000000000000000, 1.000000000000000000 ) ) ;
#1785 = VERTEX_POINT ( 'NONE', #1752 ) ;
#1786 = FILL_AREA_STYLE_COLOUR ( '', #12 ) ;
#1787 = DIRECTION ( 'NONE',  ( -3.097720492815726673E-16, -1.000000000000000000, 0.000000000000000000 ) ) ;
#1788 = FACE_OUTER_BOUND ( 'NONE', #1633, .T. ) ;
#1789 = EDGE_CURVE ( 'NONE', #1526, #674, #3005, .T. ) ;
#1790 = LINE ( 'NONE', #1856, #1380 ) ;
#1791 =( NAMED_UNIT ( * ) PLANE_ANGLE_UNIT ( ) SI_UNIT ( $, .RADIAN. ) );
#1792 = VERTEX_POINT ( 'NONE', #2748 ) ;
#1793 = ORIENTED_EDGE ( 'NONE', *, *, #487, .F. ) ;
#1794 = EDGE_CURVE ( 'NONE', #1679, #1333, #1238, .T. ) ;
#1795 = EDGE_LOOP ( 'NONE', ( #1235, #1969, #1980, #2788 ) ) ;
#1796 = LINE ( 'NONE', #2504, #549 ) ;
#1797 = AXIS2_PLACEMENT_3D ( 'NONE', #1620, #330, #625 ) ;
#1798 = SURFACE_SIDE_STYLE ('',( #1300 ) ) ;
#1799 = CARTESIAN_POINT ( 'NONE',  ( 1.649999999999999467, -1.375000000000000000, 0.4970000000000000528 ) ) ;
#1800 = FILL_AREA_STYLE ('',( #808 ) ) ;
#1801 = DIRECTION ( 'NONE',  ( -1.000000000000000000, -0.000000000000000000, -0.000000000000000000 ) ) ;
#1802 = EDGE_CURVE ( 'NONE', #2507, #2014, #2462, .T. ) ;
#1803 = FACE_OUTER_BOUND ( 'NONE', #1760, .T. ) ;
#1804 = DIRECTION ( 'NONE',  ( -0.000000000000000000, -0.000000000000000000, 1.000000000000000000 ) ) ;
#1805 = PRESENTATION_STYLE_ASSIGNMENT (( #749 ) ) ;
#1806 = DIRECTION ( 'NONE',  ( -0.000000000000000000, 1.000000000000000000, 0.000000000000000000 ) ) ;
#1807 = EDGE_LOOP ( 'NONE', ( #564, #2403, #2658, #1533 ) ) ;
#1808 = STYLED_ITEM ( 'NONE', ( #636 ), #2520 ) ;
#1809 = PRESENTATION_LAYER_ASSIGNMENT (  '', '', ( #2492 ) ) ;
#1810 = VECTOR ( 'NONE', #1044, 1000.000000000000000 ) ;
#1811 = CARTESIAN_POINT ( 'NONE',  ( -1.649999999999999467, 0.1250000000000000000, 0.4970000000000000528 ) ) ;
#1812 = VECTOR ( 'NONE', #2765, 1000.000000000000000 ) ;
#1813 = ORIENTED_EDGE ( 'NONE', *, *, #3205, .T. ) ;
#1814 = CARTESIAN_POINT ( 'NONE',  ( 0.000000000000000000, 0.000000000000000000, 0.4870000000000000440 ) ) ;
#1815 = COLOUR_RGB ( '',0.6470588235294117974, 0.5176470588235293491, 0.000000000000000000 ) ;
#1816 = ORIENTED_EDGE ( 'NONE', *, *, #1789, .T. ) ;
#1817 = EDGE_LOOP ( 'NONE', ( #2887, #1710, #1860, #1219 ) ) ;
#1818 = CARTESIAN_POINT ( 'NONE',  ( -1.299999999999999600, -0.8749999999999998890, 0.4870000000000000440 ) ) ;
#1819 = VECTOR ( 'NONE', #2235, 1000.000000000000000 ) ;
#1820 = FILL_AREA_STYLE ('',( #240 ) ) ;
#1821 = CARTESIAN_POINT ( 'NONE',  ( -1.649999999999999467, -0.6250000000000001110, 0.4870000000000000440 ) ) ;
#1822 = FILL_AREA_STYLE_COLOUR ( '', #88 ) ;
#1823 = CARTESIAN_POINT ( 'NONE',  ( -1.649999999999999467, -0.6250000000000001110, 0.4870000000000000440 ) ) ;
#1824 = ORIENTED_EDGE ( 'NONE', *, *, #775, .F. ) ;
#1825 =( LENGTH_UNIT ( ) NAMED_UNIT ( * ) SI_UNIT ( .MILLI., .METRE. ) );
#1826 = ORIENTED_EDGE ( 'NONE', *, *, #1098, .F. ) ;
#1827 = CARTESIAN_POINT ( 'NONE',  ( -1.299999999999999600, -0.6250000000000001110, 0.4870000000000000440 ) ) ;
#1828 = LINE ( 'NONE', #1847, #25 ) ;
#1829 = ADVANCED_FACE ( 'NONE', ( #647 ), #1468, .F. ) ;
#1830 = LINE ( 'NONE', #1892, #1627 ) ;
#1831 = CARTESIAN_POINT ( 'NONE',  ( 1.649999999999999467, 0.3749999999999998890, 0.4970000000000000528 ) ) ;
#1832 =( LENGTH_UNIT ( ) NAMED_UNIT ( * ) SI_UNIT ( .MILLI., .METRE. ) );
#1833 = CARTESIAN_POINT ( 'NONE',  ( 1.299999999999999600, -1.125000000000000222, 0.4870000000000000440 ) ) ;
#1834 = ADVANCED_FACE ( 'NONE', ( #1170 ), #409, .F. ) ;
#1835 =( GEOMETRIC_REPRESENTATION_CONTEXT ( 3 ) GLOBAL_UNCERTAINTY_ASSIGNED_CONTEXT ( ( #277 ) ) GLOBAL_UNIT_ASSIGNED_CONTEXT ( ( #1441, #2184, #87 ) ) REPRESENTATION_CONTEXT ( 'NONE', 'WORKASPACE' ) );
#1836 =( NAMED_UNIT ( * ) PLANE_ANGLE_UNIT ( ) SI_UNIT ( $, .RADIAN. ) );
#1837 = EDGE_CURVE ( 'NONE', #248, #3170, #2048, .T. ) ;
#1838 = CARTESIAN_POINT ( 'NONE',  ( 1.649999999999999467, -1.125000000000000222, 0.4870000000000000440 ) ) ;
#1839 = DIRECTION ( 'NONE',  ( 0.000000000000000000, -1.000000000000000000, 0.000000000000000000 ) ) ;
#1840 = UNCERTAINTY_MEASURE_WITH_UNIT (LENGTH_MEASURE( 1.000000000000000082E-05 ), #1251, 'distance_accuracy_value', 'NONE');
#1841 = VERTEX_POINT ( 'NONE', #792 ) ;
#1842 = DIRECTION ( 'NONE',  ( 0.000000000000000000, -0.000000000000000000, 1.000000000000000000 ) ) ;
#1843 = COLOUR_RGB ( '',0.6470588235294117974, 0.5176470588235293491, 0.000000000000000000 ) ;
#1844 = ORIENTED_EDGE ( 'NONE', *, *, #1342, .F. ) ;
#1845 = CARTESIAN_POINT ( 'NONE',  ( 1.299999999999999600, 0.3749999999999998890, 0.4970000000000000528 ) ) ;
#1846 = VERTEX_POINT ( 'NONE', #2587 ) ;
#1847 = CARTESIAN_POINT ( 'NONE',  ( 1.649999999999999467, -0.6250000000000001110, 0.4870000000000000440 ) ) ;
#1848 = DIRECTION ( 'NONE',  ( -0.000000000000000000, 1.000000000000000000, -0.000000000000000000 ) ) ;
#1849 = CARTESIAN_POINT ( 'NONE',  ( 1.299999999999999600, -1.125000000000000222, 0.4970000000000000528 ) ) ;
#1850 = ORIENTED_EDGE ( 'NONE', *, *, #2234, .F. ) ;
#1851 = VECTOR ( 'NONE', #1272, 1000.000000000000000 ) ;
#1852 = CARTESIAN_POINT ( 'NONE',  ( 0.000000000000000000, 0.000000000000000000, -2.003000000000000114 ) ) ;
#1853 = FACE_OUTER_BOUND ( 'NONE', #2375, .T. ) ;
#1854 = VECTOR ( 'NONE', #2487, 1000.000000000000000 ) ;
#1855 =( LENGTH_UNIT ( ) NAMED_UNIT ( * ) SI_UNIT ( .MILLI., .METRE. ) );
#1856 = CARTESIAN_POINT ( 'NONE',  ( 1.299999999999999600, 1.375000000000000000, 0.4870000000000000440 ) ) ;
#1857 = PRESENTATION_LAYER_ASSIGNMENT (  '', '', ( #3281 ) ) ;
#1858 = CARTESIAN_POINT ( 'NONE',  ( -1.299999999999999600, -0.3749999999999998890, 0.4970000000000000528 ) ) ;
#1859 = SURFACE_STYLE_FILL_AREA ( #1566 ) ;
#1860 = ORIENTED_EDGE ( 'NONE', *, *, #2843, .F. ) ;
#1861 = FILL_AREA_STYLE ('',( #1535 ) ) ;
#1862 = ORIENTED_EDGE ( 'NONE', *, *, #1548, .T. ) ;
#1863 =( GEOMETRIC_REPRESENTATION_CONTEXT ( 3 ) GLOBAL_UNCERTAINTY_ASSIGNED_CONTEXT ( ( #2913 ) ) GLOBAL_UNIT_ASSIGNED_CONTEXT ( ( #1350, #1602, #541 ) ) REPRESENTATION_CONTEXT ( 'NONE', 'WORKASPACE' ) );
#1864 = STYLED_ITEM ( 'NONE', ( #218 ), #2273 ) ;
#1865 = ORIENTED_EDGE ( 'NONE', *, *, #1290, .F. ) ;
#1866 = DIRECTION ( 'NONE',  ( 0.000000000000000000, -0.000000000000000000, 1.000000000000000000 ) ) ;
#1867 = COLOUR_RGB ( '',0.6470588235294117974, 0.5176470588235293491, 0.000000000000000000 ) ;
#1868 = DIRECTION ( 'NONE',  ( 0.000000000000000000, 1.000000000000000000, 0.000000000000000000 ) ) ;
#1869 = EDGE_CURVE ( 'NONE', #1965, #1792, #2278, .T. ) ;
#1870 = UNCERTAINTY_MEASURE_WITH_UNIT (LENGTH_MEASURE( 1.000000000000000082E-05 ), #3253, 'distance_accuracy_value', 'NONE');
#1871 = EDGE_CURVE ( 'NONE', #3299, #1453, #2570, .T. ) ;
#1872 = CARTESIAN_POINT ( 'NONE',  ( -1.299999999999999600, -1.125000000000000222, 0.4870000000000000440 ) ) ;
#1873 = LINE ( 'NONE', #3068, #1673 ) ;
#1874 = LINE ( 'NONE', #2133, #2351 ) ;
#1875 = ORIENTED_EDGE ( 'NONE', *, *, #282, .T. ) ;
#1876 = APPLICATION_PROTOCOL_DEFINITION ( 'draft international standard', 'automotive_design', 1998, #945 ) ;
#1877 = PLANE ( 'NONE',  #1263 ) ;
#1878 = VECTOR ( 'NONE', #794, 1000.000000000000000 ) ;
#1879 = MECHANICAL_DESIGN_GEOMETRIC_PRESENTATION_REPRESENTATION (  '', ( #1985 ), #1772 ) ;
#1880 = DIRECTION ( 'NONE',  ( 0.000000000000000000, -0.000000000000000000, -1.000000000000000000 ) ) ;
#1881 = ORIENTED_EDGE ( 'NONE', *, *, #2012, .T. ) ;
#1882 = CARTESIAN_POINT ( 'NONE',  ( -1.299999999999999600, -0.6250000000000001110, 0.4870000000000000440 ) ) ;
#1883 = FACE_OUTER_BOUND ( 'NONE', #3087, .T. ) ;
#1884 = PRODUCT ( 'MAXM17572AMC+T', 'MAXM17572AMC+T', '', ( #572 ) ) ;
#1885 = LINE ( 'NONE', #1331, #3190 ) ;
#1886 = ORIENTED_EDGE ( 'NONE', *, *, #2526, .F. ) ;
#1887 =( NAMED_UNIT ( * ) PLANE_ANGLE_UNIT ( ) SI_UNIT ( $, .RADIAN. ) );
#1888 = SURFACE_STYLE_FILL_AREA ( #348 ) ;
#1889 = ADVANCED_FACE ( 'NONE', ( #3311, #3071, #1853 ), #258, .T. ) ;
#1890 = VERTEX_POINT ( 'NONE', #2079 ) ;
#1891 = CARTESIAN_POINT ( 'NONE',  ( -1.299999999999999600, 0.3749999999999998890, 0.4870000000000000440 ) ) ;
#1892 = CARTESIAN_POINT ( 'NONE',  ( 0.7500000000000002220, 1.199999999999999956, 0.4870000000000000440 ) ) ;
#1893 = VERTEX_POINT ( 'NONE', #531 ) ;
#1894 = DIRECTION ( 'NONE',  ( 0.000000000000000000, -1.000000000000000000, -0.000000000000000000 ) ) ;
#1895 = VECTOR ( 'NONE', #320, 1000.000000000000000 ) ;
#1896 = ADVANCED_FACE ( 'NONE', ( #3088 ), #1304, .F. ) ;
#1897 = PLANE ( 'NONE',  #602 ) ;
#1898 = VECTOR ( 'NONE', #1237, 1000.000000000000000 ) ;
#1899 = VECTOR ( 'NONE', #2200, 1000.000000000000000 ) ;
#1900 = EDGE_CURVE ( 'NONE', #2962, #1846, #998, .T. ) ;
#1901 = SURFACE_STYLE_FILL_AREA ( #3176 ) ;
#1902 = PRESENTATION_STYLE_ASSIGNMENT (( #2588 ) ) ;
#1903 = EDGE_CURVE ( 'NONE', #3308, #1841, #2827, .T. ) ;
#1904 = PRESENTATION_STYLE_ASSIGNMENT (( #326 ) ) ;
#1905 = PRESENTATION_LAYER_ASSIGNMENT (  '', '', ( #1310 ) ) ;
#1906 = VECTOR ( 'NONE', #2984, 1000.000000000000000 ) ;
#1907 = ORIENTED_EDGE ( 'NONE', *, *, #250, .T. ) ;
#1908 = DIRECTION ( 'NONE',  ( 1.000000000000000000, 0.000000000000000000, 0.000000000000000000 ) ) ;
#1909 = CARTESIAN_POINT ( 'NONE',  ( -1.050000000000000044, -1.199999999999999956, 0.4870000000000000440 ) ) ;
#1910 = EDGE_LOOP ( 'NONE', ( #2311, #1778, #1119, #1730 ) ) ;
#1911 = DIRECTION ( 'NONE',  ( -0.000000000000000000, 1.000000000000000000, -0.000000000000000000 ) ) ;
#1912 = EDGE_LOOP ( 'NONE', ( #350, #1004, #2859, #2978 ) ) ;
#1913 = VECTOR ( 'NONE', #2255, 1000.000000000000000 ) ;
#1914 = DIRECTION ( 'NONE',  ( -1.000000000000000000, 3.097720492815726673E-16, -0.000000000000000000 ) ) ;
#1915 =( NAMED_UNIT ( * ) SI_UNIT ( $, .STERADIAN. ) SOLID_ANGLE_UNIT ( ) );
#1916 = VECTOR ( 'NONE', #199, 1000.000000000000000 ) ;
#1917 = LINE ( 'NONE', #2427, #1783 ) ;
#1918 = CARTESIAN_POINT ( 'NONE',  ( -1.649999999999999467, 1.375000000000000000, 0.4870000000000000440 ) ) ;
#1919 = MECHANICAL_DESIGN_GEOMETRIC_PRESENTATION_REPRESENTATION (  '', ( #1481 ), #2166 ) ;
#1920 = VECTOR ( 'NONE', #1804, 1000.000000000000000 ) ;
#1921 = CARTESIAN_POINT ( 'NONE',  ( 1.299999999999999600, -1.125000000000000222, 0.4970000000000000528 ) ) ;
#1922 = DIRECTION ( 'NONE',  ( -0.000000000000000000, 0.000000000000000000, 1.000000000000000000 ) ) ;
#1923 = EDGE_LOOP ( 'NONE', ( #2355, #2214, #3079, #1104 ) ) ;
#1924 = MECHANICAL_DESIGN_GEOMETRIC_PRESENTATION_REPRESENTATION (  '', ( #561 ), #39 ) ;
#1925 = CARTESIAN_POINT ( 'NONE',  ( -1.749999999999999556, -1.750000000000000000, 0.4970000000000000528 ) ) ;
#1926 = SURFACE_STYLE_USAGE ( .BOTH. , #2451 ) ;
#1927 = ORIENTED_EDGE ( 'NONE', *, *, #2249, .F. ) ;
#1928 = LINE ( 'NONE', #2373, #3116 ) ;
#1929 = DIRECTION ( 'NONE',  ( -0.000000000000000000, 0.000000000000000000, 1.000000000000000000 ) ) ;
#1930 = VECTOR ( 'NONE', #673, 1000.000000000000000 ) ;
#1931 = VERTEX_POINT ( 'NONE', #730 ) ;
#1932 = DIRECTION ( 'NONE',  ( -0.000000000000000000, -0.000000000000000000, 1.000000000000000000 ) ) ;
#1933 = EDGE_CURVE ( 'NONE', #754, #3308, #1026, .T. ) ;
#1934 = VECTOR ( 'NONE', #1264, 1000.000000000000000 ) ;
#1935 =( NAMED_UNIT ( * ) PLANE_ANGLE_UNIT ( ) SI_UNIT ( $, .RADIAN. ) );
#1936 = ADVANCED_FACE ( 'NONE', ( #2778 ), #2062, .T. ) ;
#1937 = CARTESIAN_POINT ( 'NONE',  ( 1.649999999999999467, -1.125000000000000222, 0.4870000000000000440 ) ) ;
#1938 = FILL_AREA_STYLE ('',( #886 ) ) ;
#1939 = EDGE_CURVE ( 'NONE', #3065, #2507, #2605, .T. ) ;
#1940 = SURFACE_STYLE_FILL_AREA ( #2203 ) ;
#1941 = LINE ( 'NONE', #1172, #1705 ) ;
#1942 = EDGE_CURVE ( 'NONE', #2008, #500, #2126, .T. ) ;
#1943 = SURFACE_STYLE_USAGE ( .BOTH. , #378 ) ;
#1944 =( NAMED_UNIT ( * ) SI_UNIT ( $, .STERADIAN. ) SOLID_ANGLE_UNIT ( ) );
#1945 = VERTEX_POINT ( 'NONE', #579 ) ;
#1946 = CARTESIAN_POINT ( 'NONE',  ( -1.649999999999999467, -0.1250000000000000000, 0.4870000000000000440 ) ) ;
#1947 = DIRECTION ( 'NONE',  ( -1.000000000000000000, 0.000000000000000000, 0.000000000000000000 ) ) ;
#1948 = ORIENTED_EDGE ( 'NONE', *, *, #151, .F. ) ;
#1949 = ADVANCED_FACE ( 'NONE', ( #322 ), #2862, .F. ) ;
#1950 = LINE ( 'NONE', #368, #2733 ) ;
#1951 =( LENGTH_UNIT ( ) NAMED_UNIT ( * ) SI_UNIT ( .MILLI., .METRE. ) );
#1952 =( GEOMETRIC_REPRESENTATION_CONTEXT ( 3 ) GLOBAL_UNCERTAINTY_ASSIGNED_CONTEXT ( ( #149 ) ) GLOBAL_UNIT_ASSIGNED_CONTEXT ( ( #3147, #1118, #1630 ) ) REPRESENTATION_CONTEXT ( 'NONE', 'WORKASPACE' ) );
#1953 = CARTESIAN_POINT ( 'NONE',  ( -1.299999999999999600, 0.8749999999999998890, 0.4870000000000000440 ) ) ;
#1954 = EDGE_CURVE ( 'NONE', #3177, #2134, #3172, .T. ) ;
#1955 = SURFACE_SIDE_STYLE ('',( #410 ) ) ;
#1956 = LINE ( 'NONE', #2949, #300 ) ;
#1957 = CARTESIAN_POINT ( 'NONE',  ( -1.649999999999999467, 0.1250000000000000000, 0.4870000000000000440 ) ) ;
#1958 =( NAMED_UNIT ( * ) PLANE_ANGLE_UNIT ( ) SI_UNIT ( $, .RADIAN. ) );
#1959 = ORIENTED_EDGE ( 'NONE', *, *, #130, .T. ) ;
#1960 = PLANE ( 'NONE',  #3012 ) ;
#1961 = VERTEX_POINT ( 'NONE', #1658 ) ;
#1962 =( NAMED_UNIT ( * ) SI_UNIT ( $, .STERADIAN. ) SOLID_ANGLE_UNIT ( ) );
#1963 = PRESENTATION_STYLE_ASSIGNMENT (( #3201 ) ) ;
#1964 = AXIS2_PLACEMENT_3D ( 'NONE', #1553, #1003, #1280 ) ;
#1965 = VERTEX_POINT ( 'NONE', #123 ) ;
#1966 =( LENGTH_UNIT ( ) NAMED_UNIT ( * ) SI_UNIT ( .MILLI., .METRE. ) );
#1967 = CARTESIAN_POINT ( 'NONE',  ( 1.649999999999999467, -0.6250000000000001110, 0.4870000000000000440 ) ) ;
#1968 = VECTOR ( 'NONE', #2907, 1000.000000000000000 ) ;
#1969 = ORIENTED_EDGE ( 'NONE', *, *, #1513, .F. ) ;
#1970 =( NAMED_UNIT ( * ) PLANE_ANGLE_UNIT ( ) SI_UNIT ( $, .RADIAN. ) );
#1971 = CARTESIAN_POINT ( 'NONE',  ( -1.649999999999999467, -0.8749999999999998890, 0.4870000000000000440 ) ) ;
#1972 = ADVANCED_FACE ( 'NONE', ( #1146 ), #1610, .F. ) ;
#1973 =( LENGTH_UNIT ( ) NAMED_UNIT ( * ) SI_UNIT ( .MILLI., .METRE. ) );
#1974 = CARTESIAN_POINT ( 'NONE',  ( 1.750000000000000444, -1.750000000000000000, 0.4970000000000000528 ) ) ;
#1975 = EDGE_CURVE ( 'NONE', #407, #1931, #1357, .T. ) ;
#1976 = SURFACE_STYLE_USAGE ( .BOTH. , #904 ) ;
#1977 = ORIENTED_EDGE ( 'NONE', *, *, #1682, .F. ) ;
#1978 =( LENGTH_UNIT ( ) NAMED_UNIT ( * ) SI_UNIT ( .MILLI., .METRE. ) );
#1979 = EDGE_LOOP ( 'NONE', ( #1687, #892, #864, #675 ) ) ;
#1980 = ORIENTED_EDGE ( 'NONE', *, *, #2870, .F. ) ;
#1981 = FILL_AREA_STYLE ('',( #186 ) ) ;
#1982 = ORIENTED_EDGE ( 'NONE', *, *, #861, .F. ) ;
#1983 = SURFACE_STYLE_FILL_AREA ( #334 ) ;
#1984 = ORIENTED_EDGE ( 'NONE', *, *, #964, .T. ) ;
#1985 = STYLED_ITEM ( 'NONE', ( #31 ), #780 ) ;
#1986 = FACE_OUTER_BOUND ( 'NONE', #1213, .T. ) ;
#1987 = PRESENTATION_STYLE_ASSIGNMENT (( #1699 ) ) ;
#1988 = DIRECTION ( 'NONE',  ( -0.000000000000000000, 1.000000000000000000, -0.000000000000000000 ) ) ;
#1989 = CARTESIAN_POINT ( 'NONE',  ( -1.299999999999999600, -1.125000000000000222, 0.4970000000000000528 ) ) ;
#1990 = CARTESIAN_POINT ( 'NONE',  ( 0.000000000000000000, 0.000000000000000000, 0.01000000000000000021 ) ) ;
#1991 = CARTESIAN_POINT ( 'NONE',  ( 1.649999999999999467, 0.8749999999999998890, 0.4970000000000000528 ) ) ;
#1992 = SURFACE_STYLE_USAGE ( .BOTH. , #941 ) ;
#1993 = ORIENTED_EDGE ( 'NONE', *, *, #1492, .F. ) ;
#1994 = FILL_AREA_STYLE_COLOUR ( '', #3117 ) ;
#1995 = LINE ( 'NONE', #707, #2800 ) ;
#1996 = DIRECTION ( 'NONE',  ( 1.000000000000000000, -0.000000000000000000, -0.000000000000000000 ) ) ;
#1997 = DIRECTION ( 'NONE',  ( -0.000000000000000000, 0.000000000000000000, -1.000000000000000000 ) ) ;
#1998 = PRESENTATION_LAYER_ASSIGNMENT (  '', '', ( #2571 ) ) ;
#1999 = VERTEX_POINT ( 'NONE', #3140 ) ;
#2000 = VECTOR ( 'NONE', #793, 1000.000000000000114 ) ;
#2001 = FILL_AREA_STYLE ('',( #3246 ) ) ;
#2002 = LINE ( 'NONE', #225, #1766 ) ;
#2003 = UNCERTAINTY_MEASURE_WITH_UNIT (LENGTH_MEASURE( 1.000000000000000082E-05 ), #209, 'distance_accuracy_value', 'NONE');
#2004 = CARTESIAN_POINT ( 'NONE',  ( 1.649999999999999467, 1.375000000000000000, 0.4870000000000000440 ) ) ;
#2005 = ADVANCED_FACE ( 'NONE', ( #1883 ), #3154, .F. ) ;
#2006 = MECHANICAL_DESIGN_GEOMETRIC_PRESENTATION_REPRESENTATION (  '', ( #1080 ), #434 ) ;
#2007 = FILL_AREA_STYLE_COLOUR ( '', #976 ) ;
#2008 = VERTEX_POINT ( 'NONE', #2999 ) ;
#2009 = PRESENTATION_LAYER_ASSIGNMENT (  '', '', ( #1683 ) ) ;
#2010 = LINE ( 'NONE', #704, #2269 ) ;
#2011 = VECTOR ( 'NONE', #896, 1000.000000000000000 ) ;
#2012 = EDGE_CURVE ( 'NONE', #1033, #407, #946, .T. ) ;
#2013 = CARTESIAN_POINT ( 'NONE',  ( -1.050000000000000044, -1.199999999999999956, 0.4970000000000000528 ) ) ;
#2014 = VERTEX_POINT ( 'NONE', #1452 ) ;
#2015 = SURFACE_SIDE_STYLE ('',( #454 ) ) ;
#2016 = CARTESIAN_POINT ( 'NONE',  ( 1.750000000000000444, 1.750000000000000000, 0.4970000000000000528 ) ) ;
#2017 = SURFACE_SIDE_STYLE ('',( #3209 ) ) ;
#2018 = VECTOR ( 'NONE', #1713, 1000.000000000000000 ) ;
#2019 = AXIS2_PLACEMENT_3D ( 'NONE', #1925, #1155, #2206 ) ;
#2020 = COLOUR_RGB ( '',0.6470588235294117974, 0.5176470588235293491, 0.000000000000000000 ) ;
#2021 =( GEOMETRIC_REPRESENTATION_CONTEXT ( 3 ) GLOBAL_UNCERTAINTY_ASSIGNED_CONTEXT ( ( #437 ) ) GLOBAL_UNIT_ASSIGNED_CONTEXT ( ( #510, #2739, #451 ) ) REPRESENTATION_CONTEXT ( 'NONE', 'WORKASPACE' ) );
#2022 = CARTESIAN_POINT ( 'NONE',  ( 1.750000000000000444, -1.750000000000000000, 0.4970000000000000528 ) ) ;
#2023 = ORIENTED_EDGE ( 'NONE', *, *, #1433, .T. ) ;
#2024 = CARTESIAN_POINT ( 'NONE',  ( -1.649999999999999467, 0.3749999999999998890, 0.4870000000000000440 ) ) ;
#2025 = PLANE ( 'NONE',  #2848 ) ;
#2026 = VECTOR ( 'NONE', #630, 1000.000000000000000 ) ;
#2027 = CARTESIAN_POINT ( 'NONE',  ( -1.649999999999999467, 0.8749999999999998890, 0.4870000000000000440 ) ) ;
#2028 = COLOUR_RGB ( '',0.6470588235294117974, 0.5176470588235293491, 0.000000000000000000 ) ;
#2029 = EDGE_LOOP ( 'NONE', ( #3285, #2065, #2423, #912 ) ) ;
#2030 = EDGE_CURVE ( 'NONE', #2936, #1329, #897, .T. ) ;
#2031 = PRESENTATION_STYLE_ASSIGNMENT (( #2104 ) ) ;
#2032 = CARTESIAN_POINT ( 'NONE',  ( -1.050000000000000044, -1.199999999999999956, 0.4970000000000000528 ) ) ;
#2033 = EDGE_CURVE ( 'NONE', #2238, #3321, #3270, .T. ) ;
#2034 = VECTOR ( 'NONE', #3266, 1000.000000000000000 ) ;
#2035 = CARTESIAN_POINT ( 'NONE',  ( 1.649999999999999467, -0.6250000000000001110, 0.4970000000000000528 ) ) ;
#2036 = EDGE_CURVE ( 'NONE', #1362, #1379, #1437, .T. ) ;
#2037 = UNCERTAINTY_MEASURE_WITH_UNIT (LENGTH_MEASURE( 1.000000000000000082E-05 ), #2343, 'distance_accuracy_value', 'NONE');
#2038 = FILL_AREA_STYLE_COLOUR ( '', #2918 ) ;
#2039 = LINE ( 'NONE', #3051, #1580 ) ;
#2040 = ORIENTED_EDGE ( 'NONE', *, *, #833, .T. ) ;
#2041 = DIRECTION ( 'NONE',  ( 1.000000000000000000, -0.000000000000000000, -0.000000000000000000 ) ) ;
#2042 = PLANE ( 'NONE',  #921 ) ;
#2043 = SURFACE_STYLE_FILL_AREA ( #3305 ) ;
#2044 = CARTESIAN_POINT ( 'NONE',  ( 1.050000000000000044, 0.9000000000000000222, 0.4870000000000000440 ) ) ;
#2045 = LINE ( 'NONE', #3057, #2514 ) ;
#2046 = CARTESIAN_POINT ( 'NONE',  ( -1.749999999999999556, -1.750000000000000000, 0.000000000000000000 ) ) ;
#2047 = CARTESIAN_POINT ( 'NONE',  ( 1.649999999999999467, 0.1250000000000000000, 0.4870000000000000440 ) ) ;
#2048 = LINE ( 'NONE', #2316, #1482 ) ;
#2049 = CARTESIAN_POINT ( 'NONE',  ( -1.299999999999999600, -1.375000000000000000, 0.4870000000000000440 ) ) ;
#2050 = CARTESIAN_POINT ( 'NONE',  ( 1.299999999999999600, -0.1250000000000001110, 0.4870000000000000440 ) ) ;
#2051 = ORIENTED_EDGE ( 'NONE', *, *, #932, .F. ) ;
#2052 = VERTEX_POINT ( 'NONE', #2201 ) ;
#2053 = FACE_OUTER_BOUND ( 'NONE', #1615, .T. ) ;
#2054 = ORIENTED_EDGE ( 'NONE', *, *, #973, .T. ) ;
#2055 = STYLED_ITEM ( 'NONE', ( #2305 ), #532 ) ;
#2056 = LINE ( 'NONE', #3322, #2439 ) ;
#2057 = DIRECTION ( 'NONE',  ( 0.000000000000000000, 0.000000000000000000, -1.000000000000000000 ) ) ;
#2058 = VECTOR ( 'NONE', #1571, 1000.000000000000000 ) ;
#2059 = FILL_AREA_STYLE ('',( #1023 ) ) ;
#2060 = ORIENTED_EDGE ( 'NONE', *, *, #3245, .F. ) ;
#2061 = PLANE ( 'NONE',  #2689 ) ;
#2062 = PLANE ( 'NONE',  #862 ) ;
#2063 = DIRECTION ( 'NONE',  ( -1.000000000000000000, 0.000000000000000000, -0.000000000000000000 ) ) ;
#2064 = UNCERTAINTY_MEASURE_WITH_UNIT (LENGTH_MEASURE( 1.000000000000000082E-05 ), #309, 'distance_accuracy_value', 'NONE');
#2065 = ORIENTED_EDGE ( 'NONE', *, *, #2650, .F. ) ;
#2066 = FILL_AREA_STYLE ('',( #1034 ) ) ;
#2067 = EDGE_CURVE ( 'NONE', #1163, #2729, #911, .T. ) ;
#2068 = PRESENTATION_LAYER_ASSIGNMENT (  '', '', ( #188 ) ) ;
#2069 = VERTEX_POINT ( 'NONE', #452 ) ;
#2070 = COLOUR_RGB ( '',0.6470588235294117974, 0.5176470588235293491, 0.000000000000000000 ) ;
#2071 = CARTESIAN_POINT ( 'NONE',  ( -1.649999999999999467, 0.3749999999999998890, 0.4970000000000000528 ) ) ;
#2072 = VERTEX_POINT ( 'NONE', #2474 ) ;
#2073 =( LENGTH_UNIT ( ) NAMED_UNIT ( * ) SI_UNIT ( .MILLI., .METRE. ) );
#2074 = FACE_OUTER_BOUND ( 'NONE', #3095, .T. ) ;
#2075 =( GEOMETRIC_REPRESENTATION_CONTEXT ( 3 ) GLOBAL_UNCERTAINTY_ASSIGNED_CONTEXT ( ( #2306 ) ) GLOBAL_UNIT_ASSIGNED_CONTEXT ( ( #845, #817, #77 ) ) REPRESENTATION_CONTEXT ( 'NONE', 'WORKASPACE' ) );
#2076 = ADVANCED_FACE ( 'NONE', ( #170 ), #1415, .F. ) ;
#2077 = COLOUR_RGB ( '',0.6470588235294117974, 0.5176470588235293491, 0.000000000000000000 ) ;
#2078 = VERTEX_POINT ( 'NONE', #928 ) ;
#2079 = CARTESIAN_POINT ( 'NONE',  ( 1.649999999999999467, -1.125000000000000222, 0.4970000000000000528 ) ) ;
#2080 = SURFACE_STYLE_FILL_AREA ( #27 ) ;
#2081 = CARTESIAN_POINT ( 'NONE',  ( -1.649999999999999467, -1.125000000000000222, 0.4870000000000000440 ) ) ;
#2082 = CARTESIAN_POINT ( 'NONE',  ( 1.649999999999999467, 1.125000000000000222, 0.4870000000000000440 ) ) ;
#2083 = CARTESIAN_POINT ( 'NONE',  ( 1.299999999999999600, -0.1250000000000001110, 0.4970000000000000528 ) ) ;
#2084 = EDGE_CURVE ( 'NONE', #1250, #2207, #968, .T. ) ;
#2085 = EDGE_LOOP ( 'NONE', ( #2406, #2875, #910, #2530 ) ) ;
#2086 = LINE ( 'NONE', #785, #2764 ) ;
#2087 = ORIENTED_EDGE ( 'NONE', *, *, #751, .T. ) ;
#2088 = EDGE_CURVE ( 'NONE', #36, #1890, #3238, .T. ) ;
#2089 = LINE ( 'NONE', #1353, #1130 ) ;
#2090 = ORIENTED_EDGE ( 'NONE', *, *, #2996, .T. ) ;
#2091 = COLOUR_RGB ( '',0.6470588235294117974, 0.5176470588235293491, 0.000000000000000000 ) ;
#2092 = LINE ( 'NONE', #304, #503 ) ;
#2093 = CARTESIAN_POINT ( 'NONE',  ( 1.649999999999999467, 0.8749999999999998890, 0.4870000000000000440 ) ) ;
#2094 = LINE ( 'NONE', #2846, #1648 ) ;
#2095 = UNCERTAINTY_MEASURE_WITH_UNIT (LENGTH_MEASURE( 1.000000000000000082E-05 ), #2601, 'distance_accuracy_value', 'NONE');
#2096 = EDGE_LOOP ( 'NONE', ( #530, #216, #2090, #3221, #1984 ) ) ;
#2097 = AXIS2_PLACEMENT_3D ( 'NONE', #3196, #2920, #98 ) ;
#2098 = CARTESIAN_POINT ( 'NONE',  ( 1.299999999999999600, -1.125000000000000222, 0.4870000000000000440 ) ) ;
#2099 = ORIENTED_EDGE ( 'NONE', *, *, #1794, .F. ) ;
#2100 = CARTESIAN_POINT ( 'NONE',  ( 1.649999999999999467, 1.375000000000000000, 0.4970000000000000528 ) ) ;
#2101 = ORIENTED_EDGE ( 'NONE', *, *, #811, .F. ) ;
#2102 = CARTESIAN_POINT ( 'NONE',  ( 1.649999999999999467, 0.8749999999999998890, 0.4870000000000000440 ) ) ;
#2103 = PRESENTATION_LAYER_ASSIGNMENT (  '', '', ( #959 ) ) ;
#2104 = SURFACE_STYLE_USAGE ( .BOTH. , #1769 ) ;
#2105 = ORIENTED_EDGE ( 'NONE', *, *, #1675, .F. ) ;
#2106 = VECTOR ( 'NONE', #3135, 1000.000000000000000 ) ;
#2107 = FACE_OUTER_BOUND ( 'NONE', #2612, .T. ) ;
#2108 =( NAMED_UNIT ( * ) SI_UNIT ( $, .STERADIAN. ) SOLID_ANGLE_UNIT ( ) );
#2109 =( GEOMETRIC_REPRESENTATION_CONTEXT ( 3 ) GLOBAL_UNCERTAINTY_ASSIGNED_CONTEXT ( ( #71 ) ) GLOBAL_UNIT_ASSIGNED_CONTEXT ( ( #1005, #528, #3066 ) ) REPRESENTATION_CONTEXT ( 'NONE', 'WORKASPACE' ) );
#2110 = ADVANCED_FACE ( 'NONE', ( #1217 ), #1484, .F. ) ;
#2111 = FILL_AREA_STYLE_COLOUR ( '', #3013 ) ;
#2112 =( NAMED_UNIT ( * ) PLANE_ANGLE_UNIT ( ) SI_UNIT ( $, .RADIAN. ) );
#2113 = MECHANICAL_DESIGN_GEOMETRIC_PRESENTATION_REPRESENTATION (  '', ( #3281 ), #458 ) ;
#2114 = EDGE_CURVE ( 'NONE', #3301, #181, #1166, .T. ) ;
#2115 = DIRECTION ( 'NONE',  ( -1.000000000000000000, -0.000000000000000000, -0.000000000000000000 ) ) ;
#2116 = SURFACE_STYLE_USAGE ( .BOTH. , #832 ) ;
#2117 = SURFACE_STYLE_USAGE ( .BOTH. , #1361 ) ;
#2118 = VERTEX_POINT ( 'NONE', #3206 ) ;
#2119 = DIRECTION ( 'NONE',  ( 0.000000000000000000, -1.000000000000000000, -0.000000000000000000 ) ) ;
#2120 = AXIS2_PLACEMENT_3D ( 'NONE', #5, #1787, #2524 ) ;
#2121 = AXIS2_PLACEMENT_3D ( 'NONE', #2400, #1650, #850 ) ;
#2122 = PRESENTATION_LAYER_ASSIGNMENT (  '', '', ( #1864 ) ) ;
#2123 = CARTESIAN_POINT ( 'NONE',  ( -1.649999999999999467, -0.3749999999999998890, 0.4870000000000000440 ) ) ;
#2124 = EDGE_LOOP ( 'NONE', ( #1550, #3289, #653, #2577 ) ) ;
#2125 = PRESENTATION_STYLE_ASSIGNMENT (( #2620 ) ) ;
#2126 = LINE ( 'NONE', #2892, #1472 ) ;
#2127 = VECTOR ( 'NONE', #2716, 1000.000000000000000 ) ;
#2128 = VECTOR ( 'NONE', #2736, 1000.000000000000000 ) ;
#2129 = STYLED_ITEM ( 'NONE', ( #1628 ), #1676 ) ;
#2130 =( LENGTH_UNIT ( ) NAMED_UNIT ( * ) SI_UNIT ( .MILLI., .METRE. ) );
#2131 = UNCERTAINTY_MEASURE_WITH_UNIT (LENGTH_MEASURE( 1.000000000000000082E-05 ), #2382, 'distance_accuracy_value', 'NONE');
#2132 = EDGE_CURVE ( 'NONE', #1767, #158, #2459, .T. ) ;
#2133 = CARTESIAN_POINT ( 'NONE',  ( -1.649999999999999467, 0.8749999999999998890, 0.4970000000000000528 ) ) ;
#2134 = VERTEX_POINT ( 'NONE', #2711 ) ;
#2135 = LINE ( 'NONE', #113, #1657 ) ;
#2136 = ORIENTED_EDGE ( 'NONE', *, *, #2132, .F. ) ;
#2137 = MANIFOLD_SOLID_BREP ( 'Cut-Extrude2', #2928 ) ;
#2138 = PRESENTATION_LAYER_ASSIGNMENT (  '', '', ( #1168 ) ) ;
#2139 = FILL_AREA_STYLE_COLOUR ( '', #534 ) ;
#2140 =( NAMED_UNIT ( * ) SI_UNIT ( $, .STERADIAN. ) SOLID_ANGLE_UNIT ( ) );
#2141 = ORIENTED_EDGE ( 'NONE', *, *, #2922, .F. ) ;
#2142 = PRESENTATION_STYLE_ASSIGNMENT (( #1111 ) ) ;
#2143 = EDGE_CURVE ( 'NONE', #2069, #3050, #641, .T. ) ;
#2144 = DIRECTION ( 'NONE',  ( -1.000000000000000000, -0.000000000000000000, -0.000000000000000000 ) ) ;
#2145 = EDGE_CURVE ( 'NONE', #1381, #1392, #1125, .T. ) ;
#2146 = LINE ( 'NONE', #3222, #2411 ) ;
#2147 = LINE ( 'NONE', #2162, #3137 ) ;
#2148 = SURFACE_STYLE_FILL_AREA ( #340 ) ;
#2149 = ORIENTED_EDGE ( 'NONE', *, *, #373, .F. ) ;
#2150 = CARTESIAN_POINT ( 'NONE',  ( 1.299999999999999600, 0.6250000000000001110, 0.4870000000000000440 ) ) ;
#2151 = PRODUCT_DEFINITION_SHAPE ( 'NONE', 'NONE',  #1332 ) ;
#2152 = DIRECTION ( 'NONE',  ( 0.000000000000000000, -0.000000000000000000, 1.000000000000000000 ) ) ;
#2153 = ORIENTED_EDGE ( 'NONE', *, *, #2455, .F. ) ;
#2154 = CARTESIAN_POINT ( 'NONE',  ( -1.649999999999999467, 0.6250000000000001110, 0.4870000000000000440 ) ) ;
#2155 = ORIENTED_EDGE ( 'NONE', *, *, #2454, .F. ) ;
#2156 =( NAMED_UNIT ( * ) PLANE_ANGLE_UNIT ( ) SI_UNIT ( $, .RADIAN. ) );
#2157 = COLOUR_RGB ( '',0.6470588235294117974, 0.5176470588235293491, 0.000000000000000000 ) ;
#2158 = VERTEX_POINT ( 'NONE', #677 ) ;
#2159 = FACE_OUTER_BOUND ( 'NONE', #80, .T. ) ;
#2160 = PRESENTATION_STYLE_ASSIGNMENT (( #1273 ) ) ;
#2161 = MECHANICAL_DESIGN_GEOMETRIC_PRESENTATION_REPRESENTATION (  '', ( #1198 ), #965 ) ;
#2162 = CARTESIAN_POINT ( 'NONE',  ( 1.649999999999999467, -1.125000000000000222, 0.4870000000000000440 ) ) ;
#2163 = VECTOR ( 'NONE', #1914, 1000.000000000000000 ) ;
#2164 = FACE_OUTER_BOUND ( 'NONE', #2124, .T. ) ;
#2165 = DIRECTION ( 'NONE',  ( -0.000000000000000000, 0.000000000000000000, 1.000000000000000000 ) ) ;
#2166 =( GEOMETRIC_REPRESENTATION_CONTEXT ( 3 ) GLOBAL_UNCERTAINTY_ASSIGNED_CONTEXT ( ( #2950 ) ) GLOBAL_UNIT_ASSIGNED_CONTEXT ( ( #3198, #2469, #2435 ) ) REPRESENTATION_CONTEXT ( 'NONE', 'WORKASPACE' ) );
#2167 = AXIS2_PLACEMENT_3D ( 'NONE', #1506, #476, #2750 ) ;
#2168 = VERTEX_POINT ( 'NONE', #2472 ) ;
#2169 = DIRECTION ( 'NONE',  ( -0.000000000000000000, -0.000000000000000000, 1.000000000000000000 ) ) ;
#2170 =( LENGTH_UNIT ( ) NAMED_UNIT ( * ) SI_UNIT ( .MILLI., .METRE. ) );
#2171 = FILL_AREA_STYLE_COLOUR ( '', #3105 ) ;
#2172 = ADVANCED_FACE ( 'NONE', ( #1688 ), #2197, .F. ) ;
#2173 = ORIENTED_EDGE ( 'NONE', *, *, #318, .F. ) ;
#2174 = PLANE ( 'NONE',  #542 ) ;
#2175 = ORIENTED_EDGE ( 'NONE', *, *, #1424, .T. ) ;
#2176 = EDGE_CURVE ( 'NONE', #2118, #1712, #384, .T. ) ;
#2177 = VERTEX_POINT ( 'NONE', #1411 ) ;
#2178 = VECTOR ( 'NONE', #2740, 1000.000000000000000 ) ;
#2179 = ADVANCED_FACE ( 'NONE', ( #2437 ), #1726, .F. ) ;
#2180 = LINE ( 'NONE', #2440, #1899 ) ;
#2181 = EDGE_CURVE ( 'NONE', #2069, #1106, #2056, .T. ) ;
#2182 = CARTESIAN_POINT ( 'NONE',  ( 1.200000000000000178, 1.199999999999999734, -2.003000000000000114 ) ) ;
#2183 = PRESENTATION_LAYER_ASSIGNMENT (  '', '', ( #342 ) ) ;
#2184 =( NAMED_UNIT ( * ) PLANE_ANGLE_UNIT ( ) SI_UNIT ( $, .RADIAN. ) );
#2185 = PLANE ( 'NONE',  #558 ) ;
#2186 = PRESENTATION_LAYER_ASSIGNMENT (  '', '', ( #873 ) ) ;
#2187 = AXIS2_PLACEMENT_3D ( 'NONE', #1520, #2794, #2333 ) ;
#2188 = CARTESIAN_POINT ( 'NONE',  ( 0.000000000000000000, 0.000000000000000000, 0.4870000000000000440 ) ) ;
#2189 = PLANE ( 'NONE',  #2551 ) ;
#2190 = VECTOR ( 'NONE', #2465, 1000.000000000000000 ) ;
#2191 = PLANE ( 'NONE',  #3256 ) ;
#2192 = DIRECTION ( 'NONE',  ( 1.000000000000000000, 0.000000000000000000, 0.000000000000000000 ) ) ;
#2193 = DIRECTION ( 'NONE',  ( -1.000000000000000000, 0.000000000000000000, 0.000000000000000000 ) ) ;
#2194 = CARTESIAN_POINT ( 'NONE',  ( 1.299999999999999600, -1.125000000000000222, 0.4870000000000000440 ) ) ;
#2195 = ORIENTED_EDGE ( 'NONE', *, *, #3203, .T. ) ;
#2196 = FACE_OUTER_BOUND ( 'NONE', #483, .T. ) ;
#2197 = PLANE ( 'NONE',  #812 ) ;
#2198 = VECTOR ( 'NONE', #686, 1000.000000000000000 ) ;
#2199 = ORIENTED_EDGE ( 'NONE', *, *, #2886, .F. ) ;
#2200 = DIRECTION ( 'NONE',  ( -0.000000000000000000, -0.000000000000000000, 1.000000000000000000 ) ) ;
#2201 = CARTESIAN_POINT ( 'NONE',  ( 1.299999999999999600, 1.125000000000000222, 0.4970000000000000528 ) ) ;
#2202 = SURFACE_STYLE_USAGE ( .BOTH. , #159 ) ;
#2203 = FILL_AREA_STYLE ('',( #374 ) ) ;
#2204 = FILL_AREA_STYLE_COLOUR ( '', #660 ) ;
#2205 = UNCERTAINTY_MEASURE_WITH_UNIT (LENGTH_MEASURE( 1.000000000000000082E-05 ), #1132, 'distance_accuracy_value', 'NONE');
#2206 = DIRECTION ( 'NONE',  ( 0.000000000000000000, 0.000000000000000000, -1.000000000000000000 ) ) ;
#2207 = VERTEX_POINT ( 'NONE', #3304 ) ;
#2208 = FACE_OUTER_BOUND ( 'NONE', #2591, .T. ) ;
#2209 = ORIENTED_EDGE ( 'NONE', *, *, #2298, .F. ) ;
#2210 = ORIENTED_EDGE ( 'NONE', *, *, #41, .F. ) ;
#2211 = LINE ( 'NONE', #1882, #695 ) ;
#2212 = CARTESIAN_POINT ( 'NONE',  ( -1.199999999999999734, -1.200000000000000178, -2.003000000000000114 ) ) ;
#2213 = VECTOR ( 'NONE', #953, 1000.000000000000000 ) ;
#2214 = ORIENTED_EDGE ( 'NONE', *, *, #2, .F. ) ;
#2215 = LINE ( 'NONE', #1171, #1157 ) ;
#2216 = MECHANICAL_DESIGN_GEOMETRIC_PRESENTATION_REPRESENTATION (  '', ( #329 ), #2582 ) ;
#2217 = CARTESIAN_POINT ( 'NONE',  ( 1.299999999999999600, 1.375000000000000000, 0.4870000000000000440 ) ) ;
#2218 = DIRECTION ( 'NONE',  ( 0.000000000000000000, -1.000000000000000000, 0.000000000000000000 ) ) ;
#2219 =( NAMED_UNIT ( * ) PLANE_ANGLE_UNIT ( ) SI_UNIT ( $, .RADIAN. ) );
#2220 = FILL_AREA_STYLE_COLOUR ( '', #788 ) ;
#2221 = FILL_AREA_STYLE_COLOUR ( '', #19 ) ;
#2222 = ORIENTED_EDGE ( 'NONE', *, *, #2948, .T. ) ;
#2223 = FILL_AREA_STYLE ('',( #3217 ) ) ;
#2224 = ORIENTED_EDGE ( 'NONE', *, *, #3070, .T. ) ;
#2225 = DIRECTION ( 'NONE',  ( 1.000000000000000000, 0.000000000000000000, -0.000000000000000000 ) ) ;
#2226 = AXIS2_PLACEMENT_3D ( 'NONE', #462, #3249, #3047 ) ;
#2227 = PRESENTATION_LAYER_ASSIGNMENT (  '', '', ( #3185 ) ) ;
#2228 = ORIENTED_EDGE ( 'NONE', *, *, #1188, .F. ) ;
#2229 = STYLED_ITEM ( 'NONE', ( #2125 ), #272 ) ;
#2230 = DIRECTION ( 'NONE',  ( 1.000000000000000000, 0.000000000000000000, 0.000000000000000000 ) ) ;
#2231 = COLOUR_RGB ( '',0.6470588235294117974, 0.5176470588235293491, 0.000000000000000000 ) ;
#2232 = LINE ( 'NONE', #866, #83 ) ;
#2233 = SURFACE_STYLE_FILL_AREA ( #2001 ) ;
#2234 = EDGE_CURVE ( 'NONE', #1295, #1608, #1796, .T. ) ;
#2235 = DIRECTION ( 'NONE',  ( -0.000000000000000000, -0.000000000000000000, 1.000000000000000000 ) ) ;
#2236 = AXIS2_PLACEMENT_3D ( 'NONE', #1000, #259, #2545 ) ;
#2237 = DIRECTION ( 'NONE',  ( 0.000000000000000000, -1.000000000000000000, 0.000000000000000000 ) ) ;
#2238 = VERTEX_POINT ( 'NONE', #449 ) ;
#2239 = SURFACE_STYLE_FILL_AREA ( #1981 ) ;
#2240 = SURFACE_SIDE_STYLE ('',( #1983 ) ) ;
#2241 = ORIENTED_EDGE ( 'NONE', *, *, #2953, .T. ) ;
#2242 = DIRECTION ( 'NONE',  ( -0.000000000000000000, 1.000000000000000000, -0.000000000000000000 ) ) ;
#2243 = EDGE_CURVE ( 'NONE', #181, #1094, #516, .T. ) ;
#2244 = CARTESIAN_POINT ( 'NONE',  ( 1.050000000000000044, -1.199999999999999956, 0.4870000000000000440 ) ) ;
#2245 = FACE_BOUND ( 'NONE', #1704, .T. ) ;
#2246 = DIRECTION ( 'NONE',  ( -0.000000000000000000, 1.000000000000000000, -0.000000000000000000 ) ) ;
#2247 = ORIENTED_EDGE ( 'NONE', *, *, #1939, .T. ) ;
#2248 = PLANE ( 'NONE',  #464 ) ;
#2249 = EDGE_CURVE ( 'NONE', #201, #674, #3286, .T. ) ;
#2250 = PLANE ( 'NONE',  #1964 ) ;
#2251 = ORIENTED_EDGE ( 'NONE', *, *, #3248, .F. ) ;
#2252 = CARTESIAN_POINT ( 'NONE',  ( 1.649999999999999467, -1.125000000000000222, 0.4970000000000000528 ) ) ;
#2253 = AXIS2_PLACEMENT_3D ( 'NONE', #408, #2408, #1128 ) ;
#2254 = SURFACE_STYLE_FILL_AREA ( #2059 ) ;
#2255 = DIRECTION ( 'NONE',  ( -0.000000000000000000, -0.000000000000000000, 1.000000000000000000 ) ) ;
#2256 =( GEOMETRIC_REPRESENTATION_CONTEXT ( 3 ) GLOBAL_UNCERTAINTY_ASSIGNED_CONTEXT ( ( #3091 ) ) GLOBAL_UNIT_ASSIGNED_CONTEXT ( ( #1122, #1958, #2662 ) ) REPRESENTATION_CONTEXT ( 'NONE', 'WORKASPACE' ) );
#2257 = ORIENTED_EDGE ( 'NONE', *, *, #2572, .F. ) ;
#2258 = SURFACE_STYLE_USAGE ( .BOTH. , #2015 ) ;
#2259 = FACE_OUTER_BOUND ( 'NONE', #1467, .T. ) ;
#2260 = LINE ( 'NONE', #1953, #766 ) ;
#2261 = SURFACE_SIDE_STYLE ('',( #2796 ) ) ;
#2262 = FACE_BOUND ( 'NONE', #1354, .T. ) ;
#2263 = PRESENTATION_STYLE_ASSIGNMENT (( #1458 ) ) ;
#2264 = UNCERTAINTY_MEASURE_WITH_UNIT (LENGTH_MEASURE( 1.000000000000000082E-05 ), #1825, 'distance_accuracy_value', 'NONE');
#2265 = DIRECTION ( 'NONE',  ( -0.000000000000000000, 0.000000000000000000, 1.000000000000000000 ) ) ;
#2266 = AXIS2_PLACEMENT_3D ( 'NONE', #3023, #2617, #319 ) ;
#2267 = CARTESIAN_POINT ( 'NONE',  ( 1.299999999999999600, 0.8749999999999998890, 0.4870000000000000440 ) ) ;
#2268 = ORIENTED_EDGE ( 'NONE', *, *, #2114, .T. ) ;
#2269 = VECTOR ( 'NONE', #1781, 1000.000000000000000 ) ;
#2270 = CARTESIAN_POINT ( 'NONE',  ( 1.299999999999999600, -1.375000000000000000, 0.4870000000000000440 ) ) ;
#2271 = SURFACE_STYLE_FILL_AREA ( #690 ) ;
#2272 = PRESENTATION_LAYER_ASSIGNMENT (  '', '', ( #175 ) ) ;
#2273 = ADVANCED_FACE ( 'NONE', ( #1022 ), #2042, .T. ) ;
#2274 = DIRECTION ( 'NONE',  ( 1.000000000000000000, -0.000000000000000000, -0.000000000000000000 ) ) ;
#2276 = EDGE_CURVE ( 'NONE', #1965, #1002, #2789, .T. ) ;
#2275 = ORIENTED_EDGE ( 'NONE', *, *, #786, .F. ) ;
#2277 = CARTESIAN_POINT ( 'NONE',  ( 1.589192816139537667, 1.565992921013407146, 0.01000000000000000021 ) ) ;
#2278 = LINE ( 'NONE', #290, #298 ) ;
#2279 =( GEOMETRIC_REPRESENTATION_CONTEXT ( 3 ) GLOBAL_UNCERTAINTY_ASSIGNED_CONTEXT ( ( #479 ) ) GLOBAL_UNIT_ASSIGNED_CONTEXT ( ( #1462, #2904, #431 ) ) REPRESENTATION_CONTEXT ( 'NONE', 'WORKASPACE' ) );
#2280 = PRESENTATION_STYLE_ASSIGNMENT (( #1255 ) ) ;
#2281 = PRESENTATION_LAYER_ASSIGNMENT (  '', '', ( #918 ) ) ;
#2282 =( NAMED_UNIT ( * ) PLANE_ANGLE_UNIT ( ) SI_UNIT ( $, .RADIAN. ) );
#2283 = PRESENTATION_LAYER_ASSIGNMENT (  '', '', ( #2692 ) ) ;
#2284 = LINE ( 'NONE', #441, #1819 ) ;
#2285 = PLANE ( 'NONE',  #450 ) ;
#2286 = DIRECTION ( 'NONE',  ( 1.000000000000000000, -0.000000000000000000, -0.000000000000000000 ) ) ;
#2287 = CARTESIAN_POINT ( 'NONE',  ( -1.299999999999999600, 1.375000000000000000, 0.4970000000000000528 ) ) ;
#2288 = ORIENTED_EDGE ( 'NONE', *, *, #1727, .T. ) ;
#2289 = SURFACE_STYLE_USAGE ( .BOTH. , #3083 ) ;
#2290 = EDGE_CURVE ( 'NONE', #3153, #1392, #1995, .T. ) ;
#2291 = ORIENTED_EDGE ( 'NONE', *, *, #108, .T. ) ;
#2292 =( NAMED_UNIT ( * ) SI_UNIT ( $, .STERADIAN. ) SOLID_ANGLE_UNIT ( ) );
#2293 = AXIS2_PLACEMENT_3D ( 'NONE', #1389, #2414, #2165 ) ;
#2294 = VECTOR ( 'NONE', #876, 1000.000000000000000 ) ;
#2295 = CARTESIAN_POINT ( 'NONE',  ( -1.299999999999999600, 1.375000000000000000, 0.4870000000000000440 ) ) ;
#2296 = PRESENTATION_STYLE_ASSIGNMENT (( #504 ) ) ;
#2297 = LINE ( 'NONE', #1517, #317 ) ;
#2298 = EDGE_CURVE ( 'NONE', #3015, #1961, #2519, .T. ) ;
#2299 = SURFACE_STYLE_USAGE ( .BOTH. , #2980 ) ;
#2300 =( NAMED_UNIT ( * ) PLANE_ANGLE_UNIT ( ) SI_UNIT ( $, .RADIAN. ) );
#2301 = SURFACE_STYLE_USAGE ( .BOTH. , #2541 ) ;
#2302 = COLOUR_RGB ( '',0.6470588235294117974, 0.5176470588235293491, 0.000000000000000000 ) ;
#2303 = VECTOR ( 'NONE', #1018, 1000.000000000000000 ) ;
#2304 = VECTOR ( 'NONE', #2041, 1000.000000000000000 ) ;
#2305 = PRESENTATION_STYLE_ASSIGNMENT (( #979 ) ) ;
#2306 = UNCERTAINTY_MEASURE_WITH_UNIT (LENGTH_MEASURE( 1.000000000000000082E-05 ), #845, 'distance_accuracy_value', 'NONE');
#2307 = DIRECTION ( 'NONE',  ( 1.000000000000000000, 0.000000000000000000, 0.000000000000000000 ) ) ;
#2308 = FILL_AREA_STYLE_COLOUR ( '', #1336 ) ;
#2309 = ORIENTED_EDGE ( 'NONE', *, *, #1511, .F. ) ;
#2310 = SURFACE_STYLE_USAGE ( .BOTH. , #2501 ) ;
#2311 = ORIENTED_EDGE ( 'NONE', *, *, #1224, .T. ) ;
#2312 = LINE ( 'NONE', #265, #91 ) ;
#2313 = SURFACE_SIDE_STYLE ('',( #93 ) ) ;
#2314 = ORIENTED_EDGE ( 'NONE', *, *, #41, .T. ) ;
#2315 = SURFACE_SIDE_STYLE ('',( #3122 ) ) ;
#2316 = CARTESIAN_POINT ( 'NONE',  ( 1.649999999999999467, -0.8749999999999998890, 0.4870000000000000440 ) ) ;
#2317 = ADVANCED_FACE ( 'NONE', ( #990 ), #2025, .F. ) ;
#2318 = DIRECTION ( 'NONE',  ( 1.000000000000000000, 0.000000000000000000, 0.000000000000000000 ) ) ;
#2319 =( NAMED_UNIT ( * ) SI_UNIT ( $, .STERADIAN. ) SOLID_ANGLE_UNIT ( ) );
#2320 =( NAMED_UNIT ( * ) SI_UNIT ( $, .STERADIAN. ) SOLID_ANGLE_UNIT ( ) );
#2321 = EDGE_LOOP ( 'NONE', ( #362, #2882, #1486, #2599 ) ) ;
#2322 = FACE_OUTER_BOUND ( 'NONE', #725, .T. ) ;
#2323 = EDGE_LOOP ( 'NONE', ( #1907, #1031, #703, #1555 ) ) ;
#2324 = DIRECTION ( 'NONE',  ( -0.000000000000000000, -1.000000000000000000, -0.000000000000000000 ) ) ;
#2325 = SURFACE_STYLE_USAGE ( .BOTH. , #2822 ) ;
#2326 = AXIS2_PLACEMENT_3D ( 'NONE', #2956, #943, #2471 ) ;
#2327 = STYLED_ITEM ( 'NONE', ( #1145 ), #332 ) ;
#2328 = DIRECTION ( 'NONE',  ( 0.000000000000000000, 0.000000000000000000, -1.000000000000000000 ) ) ;
#2329 = ORIENTED_EDGE ( 'NONE', *, *, #1466, .F. ) ;
#2330 = PRESENTATION_LAYER_ASSIGNMENT (  '', '', ( #124 ) ) ;
#2331 = CARTESIAN_POINT ( 'NONE',  ( 1.649999999999999467, -0.8749999999999998890, 0.4870000000000000440 ) ) ;
#2332 = MECHANICAL_DESIGN_GEOMETRIC_PRESENTATION_REPRESENTATION (  '', ( #2055 ), #858 ) ;
#2333 = DIRECTION ( 'NONE',  ( -1.000000000000000000, 0.000000000000000000, -0.000000000000000000 ) ) ;
#2334 = ORIENTED_EDGE ( 'NONE', *, *, #2298, .T. ) ;
#2335 = FACE_OUTER_BOUND ( 'NONE', #947, .T. ) ;
#2336 =( LENGTH_UNIT ( ) NAMED_UNIT ( * ) SI_UNIT ( .MILLI., .METRE. ) );
#2337 = CARTESIAN_POINT ( 'NONE',  ( 1.299999999999999600, 0.3749999999999998890, 0.4870000000000000440 ) ) ;
#2338 = UNCERTAINTY_MEASURE_WITH_UNIT (LENGTH_MEASURE( 1.000000000000000082E-05 ), #1973, 'distance_accuracy_value', 'NONE');
#2339 = ORIENTED_EDGE ( 'NONE', *, *, #1618, .T. ) ;
#2340 = CARTESIAN_POINT ( 'NONE',  ( -1.649999999999999467, -1.125000000000000222, 0.4970000000000000528 ) ) ;
#2341 = VECTOR ( 'NONE', #1174, 1000.000000000000000 ) ;
#2342 = VECTOR ( 'NONE', #406, 1000.000000000000000 ) ;
#2343 =( LENGTH_UNIT ( ) NAMED_UNIT ( * ) SI_UNIT ( .MILLI., .METRE. ) );
#2344 = ORIENTED_EDGE ( 'NONE', *, *, #1675, .T. ) ;
#2345 = CARTESIAN_POINT ( 'NONE',  ( -1.649999999999999467, -1.125000000000000222, 0.4870000000000000440 ) ) ;
#2346 = CARTESIAN_POINT ( 'NONE',  ( 1.589192816139537667, 1.225727792496912771, 0.01000000000000000021 ) ) ;
#2347 = COLOUR_RGB ( '',0.6470588235294117974, 0.5176470588235293491, 0.000000000000000000 ) ;
#2348 = MECHANICAL_DESIGN_GEOMETRIC_PRESENTATION_REPRESENTATION (  '', ( #3241 ), #349 ) ;
#2349 = VERTEX_POINT ( 'NONE', #2629 ) ;
#2350 = DIRECTION ( 'NONE',  ( -0.000000000000000000, -0.000000000000000000, 1.000000000000000000 ) ) ;
#2351 = VECTOR ( 'NONE', #2881, 1000.000000000000000 ) ;
#2352 = EDGE_CURVE ( 'NONE', #47, #1945, #837, .T. ) ;
#2353 = SURFACE_STYLE_FILL_AREA ( #1820 ) ;
#2354 = VECTOR ( 'NONE', #1582, 1000.000000000000000 ) ;
#2355 = ORIENTED_EDGE ( 'NONE', *, *, #2036, .T. ) ;
#2356 =( NAMED_UNIT ( * ) PLANE_ANGLE_UNIT ( ) SI_UNIT ( $, .RADIAN. ) );
#2357 = ORIENTED_EDGE ( 'NONE', *, *, #583, .F. ) ;
#2358 = PLANE ( 'NONE',  #879 ) ;
#2359 = ORIENTED_EDGE ( 'NONE', *, *, #1942, .F. ) ;
#2360 =( NAMED_UNIT ( * ) PLANE_ANGLE_UNIT ( ) SI_UNIT ( $, .RADIAN. ) );
#2361 = ORIENTED_EDGE ( 'NONE', *, *, #1405, .F. ) ;
#2362 = FACE_OUTER_BOUND ( 'NONE', #2085, .T. ) ;
#2363 = DIRECTION ( 'NONE',  ( -1.000000000000000000, -0.000000000000000000, -0.000000000000000000 ) ) ;
#2364 = EDGE_LOOP ( 'NONE', ( #1197, #1423, #1715, #2241 ) ) ;
#2365 = VECTOR ( 'NONE', #3155, 1000.000000000000000 ) ;
#2366 = DIRECTION ( 'NONE',  ( 0.000000000000000000, 1.000000000000000000, 0.000000000000000000 ) ) ;
#2367 = DIRECTION ( 'NONE',  ( 0.6904757466825014456, -0.7233555441435712829, 0.000000000000000000 ) ) ;
#2368 =( NAMED_UNIT ( * ) PLANE_ANGLE_UNIT ( ) SI_UNIT ( $, .RADIAN. ) );
#2369 = UNCERTAINTY_MEASURE_WITH_UNIT (LENGTH_MEASURE( 1.000000000000000082E-05 ), #839, 'distance_accuracy_value', 'NONE');
#2370 = CARTESIAN_POINT ( 'NONE',  ( 1.649999999999999467, 0.3749999999999998890, 0.4870000000000000440 ) ) ;
#2371 = VERTEX_POINT ( 'NONE', #787 ) ;
#2372 = AXIS2_PLACEMENT_3D ( 'NONE', #2295, #1345, #2790 ) ;
#2373 = CARTESIAN_POINT ( 'NONE',  ( 1.050000000000000044, -1.199999999999999956, 0.4870000000000000440 ) ) ;
#2374 = DIRECTION ( 'NONE',  ( 0.000000000000000000, -1.000000000000000000, 0.000000000000000000 ) ) ;
#2375 = EDGE_LOOP ( 'NONE', ( #2792, #2958, #1948, #2853 ) ) ;
#2376 = DIRECTION ( 'NONE',  ( -0.000000000000000000, 1.000000000000000000, 0.000000000000000000 ) ) ;
#2377 = CARTESIAN_POINT ( 'NONE',  ( -1.649999999999999467, 0.8749999999999998890, 0.4970000000000000528 ) ) ;
#2378 = ADVANCED_FACE ( 'NONE', ( #1585 ), #1877, .F. ) ;
#2379 = PRESENTATION_STYLE_ASSIGNMENT (( #2624 ) ) ;
#2380 = FACE_OUTER_BOUND ( 'NONE', #694, .T. ) ;
#2381 = VERTEX_POINT ( 'NONE', #3084 ) ;
#2382 =( LENGTH_UNIT ( ) NAMED_UNIT ( * ) SI_UNIT ( .MILLI., .METRE. ) );
#2383 = SURFACE_STYLE_FILL_AREA ( #1071 ) ;
#2384 = AXIS2_PLACEMENT_3D ( 'NONE', #1288, #2376, #1866 ) ;
#2385 = MECHANICAL_DESIGN_GEOMETRIC_PRESENTATION_REPRESENTATION (  '', ( #985 ), #2691 ) ;
#2386 = MECHANICAL_DESIGN_GEOMETRIC_PRESENTATION_REPRESENTATION (  '', ( #1418 ), #761 ) ;
#2387 = FILL_AREA_STYLE ('',( #1668 ) ) ;
#2388 = ORIENTED_EDGE ( 'NONE', *, *, #2526, .T. ) ;
#2389 = SURFACE_SIDE_STYLE ('',( #2424 ) ) ;
#2390 = DIRECTION ( 'NONE',  ( 0.000000000000000000, -1.000000000000000000, 0.000000000000000000 ) ) ;
#2391 = AXIS2_PLACEMENT_3D ( 'NONE', #1823, #1067, #2816 ) ;
#2392 = EDGE_CURVE ( 'NONE', #248, #2008, #1828, .T. ) ;
#2393 =( GEOMETRIC_REPRESENTATION_CONTEXT ( 3 ) GLOBAL_UNCERTAINTY_ASSIGNED_CONTEXT ( ( #1227 ) ) GLOBAL_UNIT_ASSIGNED_CONTEXT ( ( #357, #337, #3192 ) ) REPRESENTATION_CONTEXT ( 'NONE', 'WORKASPACE' ) );
#2394 = DIRECTION ( 'NONE',  ( 0.000000000000000000, -1.000000000000000000, 0.000000000000000000 ) ) ;
#2395 = FILL_AREA_STYLE ('',( #89 ) ) ;
#2396 = SURFACE_SIDE_STYLE ('',( #1901 ) ) ;
#2397 = PLANE ( 'NONE',  #3188 ) ;
#2398 = ORIENTED_EDGE ( 'NONE', *, *, #2710, .T. ) ;
#2399 = DIRECTION ( 'NONE',  ( 0.000000000000000000, 1.000000000000000000, -0.000000000000000000 ) ) ;
#2400 = CARTESIAN_POINT ( 'NONE',  ( 0.000000000000000000, 0.000000000000000000, 0.4870000000000000440 ) ) ;
#2401 = STYLED_ITEM ( 'NONE', ( #1596 ), #574 ) ;
#2402 = PRESENTATION_LAYER_ASSIGNMENT (  '', '', ( #519 ) ) ;
#2403 = ORIENTED_EDGE ( 'NONE', *, *, #1871, .F. ) ;
#2404 = DIRECTION ( 'NONE',  ( -1.000000000000000000, -0.000000000000000000, -0.000000000000000000 ) ) ;
#2405 = SURFACE_STYLE_FILL_AREA ( #2633 ) ;
#2406 = ORIENTED_EDGE ( 'NONE', *, *, #172, .T. ) ;
#2407 = LINE ( 'NONE', #122, #1745 ) ;
#2408 = DIRECTION ( 'NONE',  ( 0.000000000000000000, 0.000000000000000000, 1.000000000000000000 ) ) ;
#2409 = EDGE_CURVE ( 'NONE', #3048, #536, #1569, .T. ) ;
#2410 = SURFACE_STYLE_USAGE ( .BOTH. , #3126 ) ;
#2411 = VECTOR ( 'NONE', #844, 1000.000000000000000 ) ;
#2412 = ADVANCED_FACE ( 'NONE', ( #2362 ), #2614, .F. ) ;
#2413 = CARTESIAN_POINT ( 'NONE',  ( -1.749999999999999556, 1.750000000000000000, 0.4970000000000000528 ) ) ;
#2414 = DIRECTION ( 'NONE',  ( -1.000000000000000000, 0.000000000000000000, -0.000000000000000000 ) ) ;
#2415 = SURFACE_SIDE_STYLE ('',( #1173 ) ) ;
#2416 = ORIENTED_EDGE ( 'NONE', *, *, #1405, .T. ) ;
#2417 = CARTESIAN_POINT ( 'NONE',  ( 1.649999999999999467, 0.3749999999999998890, 0.4870000000000000440 ) ) ;
#2418 = EDGE_CURVE ( 'NONE', #2936, #843, #3228, .T. ) ;
#2419 = ORIENTED_EDGE ( 'NONE', *, *, #156, .F. ) ;
#2420 = ORIENTED_EDGE ( 'NONE', *, *, #1576, .T. ) ;
#2421 = PLANE ( 'NONE',  #1797 ) ;
#2422 = AXIS2_PLACEMENT_3D ( 'NONE', #550, #1047, #2367 ) ;
#2423 = ORIENTED_EDGE ( 'NONE', *, *, #1581, .F. ) ;
#2424 = SURFACE_STYLE_FILL_AREA ( #2636 ) ;
#2425 = SURFACE_SIDE_STYLE ('',( #596 ) ) ;
#2426 = PRESENTATION_LAYER_ASSIGNMENT (  '', '', ( #329 ) ) ;
#2427 = CARTESIAN_POINT ( 'NONE',  ( 1.649999999999999467, 1.125000000000000222, 0.4870000000000000440 ) ) ;
#2428 =( GEOMETRIC_REPRESENTATION_CONTEXT ( 3 ) GLOBAL_UNCERTAINTY_ASSIGNED_CONTEXT ( ( #1222 ) ) GLOBAL_UNIT_ASSIGNED_CONTEXT ( ( #1568, #2360, #1283 ) ) REPRESENTATION_CONTEXT ( 'NONE', 'WORKASPACE' ) );
#2429 = FACE_OUTER_BOUND ( 'NONE', #2923, .T. ) ;
#2430 = MECHANICAL_DESIGN_GEOMETRIC_PRESENTATION_REPRESENTATION (  '', ( #2327 ), #13 ) ;
#2431 = FACE_OUTER_BOUND ( 'NONE', #806, .T. ) ;
#2432 = SURFACE_STYLE_USAGE ( .BOTH. , #2447 ) ;
#2433 = PRESENTATION_STYLE_ASSIGNMENT (( #1664 ) ) ;
#2434 = PRESENTATION_STYLE_ASSIGNMENT (( #1926 ) ) ;
#2435 =( NAMED_UNIT ( * ) SI_UNIT ( $, .STERADIAN. ) SOLID_ANGLE_UNIT ( ) );
#2436 = EDGE_LOOP ( 'NONE', ( #826, #1448, #269, #2334 ) ) ;
#2437 = FACE_OUTER_BOUND ( 'NONE', #2096, .T. ) ;
#2438 = ORIENTED_EDGE ( 'NONE', *, *, #3166, .F. ) ;
#2439 = VECTOR ( 'NONE', #252, 1000.000000000000000 ) ;
#2440 = CARTESIAN_POINT ( 'NONE',  ( -1.649999999999999467, 1.125000000000000222, 0.4870000000000000440 ) ) ;
#2441 = CARTESIAN_POINT ( 'NONE',  ( -1.199999999999999734, -1.200000000000000178, -2.003000000000000114 ) ) ;
#2442 =( GEOMETRIC_REPRESENTATION_CONTEXT ( 3 ) GLOBAL_UNCERTAINTY_ASSIGNED_CONTEXT ( ( #2655 ) ) GLOBAL_UNIT_ASSIGNED_CONTEXT ( ( #226, #3279, #1258 ) ) REPRESENTATION_CONTEXT ( 'NONE', 'WORKASPACE' ) );
#2443 = DIRECTION ( 'NONE',  ( -1.000000000000000000, 3.097720492815726673E-16, -0.000000000000000000 ) ) ;
#2444 = VECTOR ( 'NONE', #507, 1000.000000000000000 ) ;
#2445 = MECHANICAL_DESIGN_GEOMETRIC_PRESENTATION_REPRESENTATION (  '', ( #873 ), #2075 ) ;
#2446 = ORIENTED_EDGE ( 'NONE', *, *, #1474, .T. ) ;
#2447 = SURFACE_SIDE_STYLE ('',( #1406 ) ) ;
#2448 =( LENGTH_UNIT ( ) NAMED_UNIT ( * ) SI_UNIT ( .MILLI., .METRE. ) );
#2449 = PLANE ( 'NONE',  #2019 ) ;
#2450 = ORIENTED_EDGE ( 'NONE', *, *, #233, .T. ) ;
#2451 = SURFACE_SIDE_STYLE ('',( #872 ) ) ;
#2452 = FILL_AREA_STYLE ('',( #183 ) ) ;
#2453 = VERTEX_POINT ( 'NONE', #163 ) ;
#2454 = EDGE_CURVE ( 'NONE', #3050, #1057, #1194, .T. ) ;
#2455 = EDGE_CURVE ( 'NONE', #877, #1792, #150, .T. ) ;
#2456 = VECTOR ( 'NONE', #1613, 1000.000000000000000 ) ;
#2457 = COLOUR_RGB ( '',0.6470588235294117974, 0.5176470588235293491, 0.000000000000000000 ) ;
#2458 = ORIENTED_EDGE ( 'NONE', *, *, #1939, .F. ) ;
#2459 = LINE ( 'NONE', #157, #545 ) ;
#2460 = ORIENTED_EDGE ( 'NONE', *, *, #2409, .F. ) ;
#2461 = LINE ( 'NONE', #1114, #783 ) ;
#2462 = LINE ( 'NONE', #2947, #3082 ) ;
#2463 = UNCERTAINTY_MEASURE_WITH_UNIT (LENGTH_MEASURE( 1.000000000000000082E-05 ), #2073, 'distance_accuracy_value', 'NONE');
#2464 = SURFACE_STYLE_USAGE ( .BOTH. , #1645 ) ;
#2465 = DIRECTION ( 'NONE',  ( 1.000000000000000000, 0.000000000000000000, 0.000000000000000000 ) ) ;
#2466 = DIRECTION ( 'NONE',  ( 0.000000000000000000, -1.000000000000000000, 0.000000000000000000 ) ) ;
#2467 =( LENGTH_UNIT ( ) NAMED_UNIT ( * ) SI_UNIT ( .MILLI., .METRE. ) );
#2468 = ORIENTED_EDGE ( 'NONE', *, *, #583, .T. ) ;
#2469 =( NAMED_UNIT ( * ) PLANE_ANGLE_UNIT ( ) SI_UNIT ( $, .RADIAN. ) );
#2470 = ORIENTED_EDGE ( 'NONE', *, *, #3203, .F. ) ;
#2471 = DIRECTION ( 'NONE',  ( 0.000000000000000000, -0.000000000000000000, -1.000000000000000000 ) ) ;
#2472 = CARTESIAN_POINT ( 'NONE',  ( 0.7500000000000002220, 1.199999999999999956, 0.4970000000000000528 ) ) ;
#2473 = ORIENTED_EDGE ( 'NONE', *, *, #282, .F. ) ;
#2474 = CARTESIAN_POINT ( 'NONE',  ( -1.299999999999999600, -0.8749999999999998890, 0.4970000000000000528 ) ) ;
#2475 = ORIENTED_EDGE ( 'NONE', *, *, #1933, .T. ) ;
#2476 = CARTESIAN_POINT ( 'NONE',  ( -1.199999999999999734, 1.199999999999999734, -2.003000000000000114 ) ) ;
#2477 = DIRECTION ( 'NONE',  ( 0.000000000000000000, 1.000000000000000000, 0.000000000000000000 ) ) ;
#2478 = FACE_OUTER_BOUND ( 'NONE', #1133, .T. ) ;
#2479 = VECTOR ( 'NONE', #208, 1000.000000000000000 ) ;
#2480 = FACE_OUTER_BOUND ( 'NONE', #2323, .T. ) ;
#2481 = PRESENTATION_STYLE_ASSIGNMENT (( #3317 ) ) ;
#2482 = LINE ( 'NONE', #2022, #1930 ) ;
#2483 = STYLED_ITEM ( 'NONE', ( #3089 ), #573 ) ;
#2484 = CARTESIAN_POINT ( 'NONE',  ( -1.299999999999999600, -0.1250000000000001110, 0.4870000000000000440 ) ) ;
#2485 = ADVANCED_FACE ( 'NONE', ( #415 ), #3164, .T. ) ;
#2486 = ORIENTED_EDGE ( 'NONE', *, *, #1138, .F. ) ;
#2487 = DIRECTION ( 'NONE',  ( -0.000000000000000000, -0.000000000000000000, 1.000000000000000000 ) ) ;
#2488 = DIRECTION ( 'NONE',  ( -0.000000000000000000, 1.000000000000000000, -0.000000000000000000 ) ) ;
#2489 = EDGE_CURVE ( 'NONE', #2177, #2685, #97, .T. ) ;
#2490 = ADVANCED_FACE ( 'NONE', ( #1445 ), #2449, .F. ) ;
#2491 = COLOUR_RGB ( '',0.6470588235294117974, 0.5176470588235293491, 0.000000000000000000 ) ;
#2492 = STYLED_ITEM ( 'NONE', ( #2160 ), #1936 ) ;
#2493 = ORIENTED_EDGE ( 'NONE', *, *, #316, .T. ) ;
#2494 = VECTOR ( 'NONE', #2230, 1000.000000000000000 ) ;
#2495 = PRESENTATION_STYLE_ASSIGNMENT (( #424 ) ) ;
#2496 = FACE_BOUND ( 'NONE', #1294, .T. ) ;
#2497 = LINE ( 'NONE', #937, #1053 ) ;
#2498 = UNCERTAINTY_MEASURE_WITH_UNIT (LENGTH_MEASURE( 1.000000000000000082E-05 ), #1313, 'distance_accuracy_value', 'NONE');
#2499 = LINE ( 'NONE', #2004, #185 ) ;
#2500 = VECTOR ( 'NONE', #3010, 1000.000000000000000 ) ;
#2501 = SURFACE_SIDE_STYLE ('',( #3014 ) ) ;
#2502 = VERTEX_POINT ( 'NONE', #2661 ) ;
#2503 = FILL_AREA_STYLE ('',( #1994 ) ) ;
#2504 = CARTESIAN_POINT ( 'NONE',  ( -1.649999999999999467, 0.1250000000000000000, 0.4970000000000000528 ) ) ;
#2505 = FILL_AREA_STYLE_COLOUR ( '', #2852 ) ;
#2506 = DIRECTION ( 'NONE',  ( 1.000000000000000000, -0.000000000000000000, 0.000000000000000000 ) ) ;
#2507 = VERTEX_POINT ( 'NONE', #1957 ) ;
#2508 =( LENGTH_UNIT ( ) NAMED_UNIT ( * ) SI_UNIT ( .MILLI., .METRE. ) );
#2509 = FACE_OUTER_BOUND ( 'NONE', #1795, .T. ) ;
#2510 = EDGE_CURVE ( 'NONE', #3114, #1410, #2951, .T. ) ;
#2511 =( NAMED_UNIT ( * ) SI_UNIT ( $, .STERADIAN. ) SOLID_ANGLE_UNIT ( ) );
#2512 = LINE ( 'NONE', #461, #142 ) ;
#2513 = SURFACE_STYLE_FILL_AREA ( #1494 ) ;
#2514 = VECTOR ( 'NONE', #773, 1000.000000000000000 ) ;
#2515 = EDGE_CURVE ( 'NONE', #3015, #2502, #651, .T. ) ;
#2516 = SURFACE_SIDE_STYLE ('',( #3080 ) ) ;
#2517 = VERTEX_POINT ( 'NONE', #870 ) ;
#2518 = ORIENTED_EDGE ( 'NONE', *, *, #1686, .T. ) ;
#2519 = LINE ( 'NONE', #501, #1372 ) ;
#2520 = ADVANCED_FACE ( 'NONE', ( #2934 ), #2919, .F. ) ;
#2521 =( LENGTH_UNIT ( ) NAMED_UNIT ( * ) SI_UNIT ( .MILLI., .METRE. ) );
#2522 = ORIENTED_EDGE ( 'NONE', *, *, #1433, .F. ) ;
#2523 = LINE ( 'NONE', #696, #795 ) ;
#2524 = DIRECTION ( 'NONE',  ( 1.000000000000000000, -3.097720492815726673E-16, 0.000000000000000000 ) ) ;
#2525 = AXIS2_PLACEMENT_3D ( 'NONE', #2767, #1469, #459 ) ;
#2526 = EDGE_CURVE ( 'NONE', #1033, #1724, #671, .T. ) ;
#2527 = SURFACE_STYLE_FILL_AREA ( #668 ) ;
#2528 = UNCERTAINTY_MEASURE_WITH_UNIT (LENGTH_MEASURE( 1.000000000000000082E-05 ), #1013, 'distance_accuracy_value', 'NONE');
#2529 = CARTESIAN_POINT ( 'NONE',  ( 1.649999999999999467, -1.375000000000000000, 0.4870000000000000440 ) ) ;
#2530 = ORIENTED_EDGE ( 'NONE', *, *, #1869, .T. ) ;
#2531 = VECTOR ( 'NONE', #3100, 1000.000000000000000 ) ;
#2532 = PRESENTATION_STYLE_ASSIGNMENT (( #3282 ) ) ;
#2533 = ORIENTED_EDGE ( 'NONE', *, *, #104, .T. ) ;
#2534 = AXIS2_PLACEMENT_3D ( 'NONE', #1814, #3096, #1298 ) ;
#2535 = LINE ( 'NONE', #2549, #2304 ) ;
#2536 =( NAMED_UNIT ( * ) SI_UNIT ( $, .STERADIAN. ) SOLID_ANGLE_UNIT ( ) );
#2537 =( GEOMETRIC_REPRESENTATION_CONTEXT ( 3 ) GLOBAL_UNCERTAINTY_ASSIGNED_CONTEXT ( ( #669 ) ) GLOBAL_UNIT_ASSIGNED_CONTEXT ( ( #2973, #1409, #1944 ) ) REPRESENTATION_CONTEXT ( 'NONE', 'WORKASPACE' ) );
#2538 =( LENGTH_UNIT ( ) NAMED_UNIT ( * ) SI_UNIT ( .MILLI., .METRE. ) );
#2539 = VERTEX_POINT ( 'NONE', #180 ) ;
#2540 = PLANE ( 'NONE',  #2266 ) ;
#2541 = SURFACE_SIDE_STYLE ('',( #3104 ) ) ;
#2542 =( GEOMETRIC_REPRESENTATION_CONTEXT ( 3 ) GLOBAL_UNCERTAINTY_ASSIGNED_CONTEXT ( ( #767 ) ) GLOBAL_UNIT_ASSIGNED_CONTEXT ( ( #271, #1045, #2813 ) ) REPRESENTATION_CONTEXT ( 'NONE', 'WORKASPACE' ) );
#2543 =( GEOMETRIC_REPRESENTATION_CONTEXT ( 3 ) GLOBAL_UNCERTAINTY_ASSIGNED_CONTEXT ( ( #1840 ) ) GLOBAL_UNIT_ASSIGNED_CONTEXT ( ( #1251, #3290, #2812 ) ) REPRESENTATION_CONTEXT ( 'NONE', 'WORKASPACE' ) );
#2544 = MECHANICAL_DESIGN_GEOMETRIC_PRESENTATION_REPRESENTATION (  '', ( #1864 ), #2960 ) ;
#2545 = DIRECTION ( 'NONE',  ( 0.000000000000000000, 0.000000000000000000, -1.000000000000000000 ) ) ;
#2546 = CARTESIAN_POINT ( 'NONE',  ( -1.299999999999999600, -1.125000000000000222, 0.4870000000000000440 ) ) ;
#2547 = CARTESIAN_POINT ( 'NONE',  ( -1.299999999999999600, -0.1250000000000001110, 0.4970000000000000528 ) ) ;
#2548 = ORIENTED_EDGE ( 'NONE', *, *, #1619, .T. ) ;
#2549 = CARTESIAN_POINT ( 'NONE',  ( 1.200000000000000178, 1.199999999999999734, 0.000000000000000000 ) ) ;
#2550 = SURFACE_SIDE_STYLE ('',( #2271 ) ) ;
#2551 = AXIS2_PLACEMENT_3D ( 'NONE', #375, #2932, #1922 ) ;
#2552 = DIRECTION ( 'NONE',  ( -1.000000000000000000, -0.000000000000000000, -0.000000000000000000 ) ) ;
#2553 = VECTOR ( 'NONE', #745, 1000.000000000000000 ) ;
#2554 = EDGE_CURVE ( 'NONE', #2675, #782, #957, .T. ) ;
#2555 = LINE ( 'NONE', #2027, #551 ) ;
#2556 = LINE ( 'NONE', #1831, #1501 ) ;
#2557 =( LENGTH_UNIT ( ) NAMED_UNIT ( * ) SI_UNIT ( .MILLI., .METRE. ) );
#2558 = PRESENTATION_STYLE_ASSIGNMENT (( #2301 ) ) ;
#2559 = STYLED_ITEM ( 'NONE', ( #2702 ), #589 ) ;
#2560 = LINE ( 'NONE', #1545, #2213 ) ;
#2561 = COLOUR_RGB ( '',0.6470588235294117974, 0.5176470588235293491, 0.000000000000000000 ) ;
#2562 = SURFACE_STYLE_USAGE ( .BOTH. , #1773 ) ;
#2563 = UNCERTAINTY_MEASURE_WITH_UNIT (LENGTH_MEASURE( 1.000000000000000082E-05 ), #512, 'distance_accuracy_value', 'NONE');
#2564 = ORIENTED_EDGE ( 'NONE', *, *, #2849, .F. ) ;
#2565 = ORIENTED_EDGE ( 'NONE', *, *, #1060, .T. ) ;
#2566 = CARTESIAN_POINT ( 'NONE',  ( 1.649999999999999467, 1.375000000000000000, 0.4870000000000000440 ) ) ;
#2567 = CARTESIAN_POINT ( 'NONE',  ( 1.649999999999999467, -0.8749999999999998890, 0.4870000000000000440 ) ) ;
#2568 = LINE ( 'NONE', #1799, #1233 ) ;
#2569 = CARTESIAN_POINT ( 'NONE',  ( 1.050000000000000044, 0.9000000000000000222, 0.4870000000000000440 ) ) ;
#2570 = LINE ( 'NONE', #764, #2553 ) ;
#2571 = STYLED_ITEM ( 'NONE', ( #115 ), #615 ) ;
#2572 = EDGE_CURVE ( 'NONE', #3181, #3236, #2499, .T. ) ;
#2573 = CARTESIAN_POINT ( 'NONE',  ( 1.649999999999999467, -0.1250000000000000000, 0.4870000000000000440 ) ) ;
#2574 = FACE_OUTER_BOUND ( 'NONE', #3020, .T. ) ;
#2575 = AXIS2_PLACEMENT_3D ( 'NONE', #731, #2318, #1012 ) ;
#2576 = CARTESIAN_POINT ( 'NONE',  ( -1.299999999999999600, 0.3749999999999998890, 0.4970000000000000528 ) ) ;
#2577 = ORIENTED_EDGE ( 'NONE', *, *, #2181, .T. ) ;
#2578 = SURFACE_SIDE_STYLE ('',( #816 ) ) ;
#2579 = CARTESIAN_POINT ( 'NONE',  ( 0.000000000000000000, 0.000000000000000000, 0.4870000000000000440 ) ) ;
#2580 = ORIENTED_EDGE ( 'NONE', *, *, #2656, .F. ) ;
#2581 = FACE_OUTER_BOUND ( 'NONE', #923, .T. ) ;
#2582 =( GEOMETRIC_REPRESENTATION_CONTEXT ( 3 ) GLOBAL_UNCERTAINTY_ASSIGNED_CONTEXT ( ( #2369 ) ) GLOBAL_UNIT_ASSIGNED_CONTEXT ( ( #839, #2156, #1962 ) ) REPRESENTATION_CONTEXT ( 'NONE', 'WORKASPACE' ) );
#2583 = COLOUR_RGB ( '',0.6470588235294117974, 0.5176470588235293491, 0.000000000000000000 ) ;
#2584 = LINE ( 'NONE', #2346, #1895 ) ;
#2585 = EDGE_LOOP ( 'NONE', ( #352, #1434, #1708, #3162 ) ) ;
#2586 = FACE_OUTER_BOUND ( 'NONE', #679, .T. ) ;
#2587 = CARTESIAN_POINT ( 'NONE',  ( 1.299999999999999600, -1.375000000000000000, 0.4870000000000000440 ) ) ;
#2588 = SURFACE_STYLE_USAGE ( .BOTH. , #1577 ) ;
#2589 = LINE ( 'NONE', #8, #2697 ) ;
#2590 = UNCERTAINTY_MEASURE_WITH_UNIT (LENGTH_MEASURE( 1.000000000000000082E-05 ), #359, 'distance_accuracy_value', 'NONE');
#2591 = EDGE_LOOP ( 'NONE', ( #3038, #588, #3218, #1402 ) ) ;
#2592 = CARTESIAN_POINT ( 'NONE',  ( -1.649999999999999467, -1.375000000000000000, 0.4970000000000000528 ) ) ;
#2593 = ORIENTED_EDGE ( 'NONE', *, *, #385, .F. ) ;
#2594 = STYLED_ITEM ( 'NONE', ( #394 ), #2485 ) ;
#2595 = AXIS2_PLACEMENT_3D ( 'NONE', #190, #2225, #1997 ) ;
#2596 = ORIENTED_EDGE ( 'NONE', *, *, #977, .T. ) ;
#2597 = VECTOR ( 'NONE', #1784, 1000.000000000000000 ) ;
#2598 = DIRECTION ( 'NONE',  ( -0.000000000000000000, -0.000000000000000000, 1.000000000000000000 ) ) ;
#2599 = ORIENTED_EDGE ( 'NONE', *, *, #1138, .T. ) ;
#2600 = ADVANCED_FACE ( 'NONE', ( #1720 ), #2285, .F. ) ;
#2601 =( LENGTH_UNIT ( ) NAMED_UNIT ( * ) SI_UNIT ( .MILLI., .METRE. ) );
#2602 = ORIENTED_EDGE ( 'NONE', *, *, #1435, .F. ) ;
#2603 =( NAMED_UNIT ( * ) PLANE_ANGLE_UNIT ( ) SI_UNIT ( $, .RADIAN. ) );
#2604 = VECTOR ( 'NONE', #2769, 1000.000000000000000 ) ;
#2605 = LINE ( 'NONE', #1343, #1039 ) ;
#2606 = FILL_AREA_STYLE_COLOUR ( '', #2830 ) ;
#2607 = FILL_AREA_STYLE ('',( #1597 ) ) ;
#2608 = COLOUR_RGB ( '',0.6470588235294117974, 0.5176470588235293491, 0.000000000000000000 ) ;
#2609 = PRESENTATION_STYLE_ASSIGNMENT (( #2116 ) ) ;
#2610 = EDGE_CURVE ( 'NONE', #1002, #895, #1016, .T. ) ;
#2611 =( NAMED_UNIT ( * ) PLANE_ANGLE_UNIT ( ) SI_UNIT ( $, .RADIAN. ) );
#2612 = EDGE_LOOP ( 'NONE', ( #2247, #2785, #2834, #327 ) ) ;
#2613 = FACE_OUTER_BOUND ( 'NONE', #544, .T. ) ;
#2614 = PLANE ( 'NONE',  #1587 ) ;
#2615 = ADVANCED_FACE ( 'NONE', ( #3028 ), #2970, .T. ) ;
#2616 = EDGE_CURVE ( 'NONE', #3301, #1340, #2987, .T. ) ;
#2617 = DIRECTION ( 'NONE',  ( -3.097720492815726673E-16, 1.000000000000000000, 0.000000000000000000 ) ) ;
#2618 = DIRECTION ( 'NONE',  ( -1.000000000000000000, -0.000000000000000000, -0.000000000000000000 ) ) ;
#2619 = ORIENTED_EDGE ( 'NONE', *, *, #487, .T. ) ;
#2620 = SURFACE_STYLE_USAGE ( .BOTH. , #2793 ) ;
#2621 = DIRECTION ( 'NONE',  ( 0.000000000000000000, 0.000000000000000000, -1.000000000000000000 ) ) ;
#2622 = CARTESIAN_POINT ( 'NONE',  ( 0.000000000000000000, 0.000000000000000000, 0.4970000000000000528 ) ) ;
#2623 = UNCERTAINTY_MEASURE_WITH_UNIT (LENGTH_MEASURE( 1.000000000000000082E-05 ), #2903, 'distance_accuracy_value', 'NONE');
#2624 = SURFACE_STYLE_USAGE ( .BOTH. , #2396 ) ;
#2625 = LINE ( 'NONE', #1538, #2779 ) ;
#2626 = LINE ( 'NONE', #2098, #2756 ) ;
#2627 = ORIENTED_EDGE ( 'NONE', *, *, #2861, .F. ) ;
#2628 = APPLICATION_PROTOCOL_DEFINITION ( 'draft international standard', 'automotive_design', 1998, #900 ) ;
#2629 = CARTESIAN_POINT ( 'NONE',  ( -1.299999999999999600, -1.375000000000000000, 0.4870000000000000440 ) ) ;
#2630 = PRESENTATION_LAYER_ASSIGNMENT (  '', '', ( #488 ) ) ;
#2631 = ADVANCED_FACE ( 'NONE', ( #3011 ), #1757, .F. ) ;
#2632 = DIRECTION ( 'NONE',  ( 0.000000000000000000, 1.000000000000000000, 0.000000000000000000 ) ) ;
#2633 = FILL_AREA_STYLE ('',( #576 ) ) ;
#2634 = EDGE_LOOP ( 'NONE', ( #710, #2209, #2141, #1780 ) ) ;
#2635 = VECTOR ( 'NONE', #1848, 1000.000000000000000 ) ;
#2636 = FILL_AREA_STYLE ('',( #1396 ) ) ;
#2637 = FILL_AREA_STYLE_COLOUR ( '', #1755 ) ;
#2638 = ORIENTED_EDGE ( 'NONE', *, *, #2651, .T. ) ;
#2639 = CARTESIAN_POINT ( 'NONE',  ( -1.299999999999999600, -0.6250000000000001110, 0.4870000000000000440 ) ) ;
#2640 = CARTESIAN_POINT ( 'NONE',  ( -1.749999999999999556, 1.750000000000000000, 0.000000000000000000 ) ) ;
#2641 = ORIENTED_EDGE ( 'NONE', *, *, #1903, .F. ) ;
#2642 = VECTOR ( 'NONE', #2719, 1000.000000000000000 ) ;
#2643 = SURFACE_STYLE_FILL_AREA ( #587 ) ;
#2644 = VECTOR ( 'NONE', #3041, 1000.000000000000000 ) ;
#2645 =( GEOMETRIC_REPRESENTATION_CONTEXT ( 3 ) GLOBAL_UNCERTAINTY_ASSIGNED_CONTEXT ( ( #2752 ) ) GLOBAL_UNIT_ASSIGNED_CONTEXT ( ( #646, #1970, #1768 ) ) REPRESENTATION_CONTEXT ( 'NONE', 'WORKASPACE' ) );
#2646 =( GEOMETRIC_REPRESENTATION_CONTEXT ( 3 ) GLOBAL_UNCERTAINTY_ASSIGNED_CONTEXT ( ( #310 ) ) GLOBAL_UNIT_ASSIGNED_CONTEXT ( ( #2707, #925, #2292 ) ) REPRESENTATION_CONTEXT ( 'NONE', 'WORKASPACE' ) );
#2647 = EDGE_LOOP ( 'NONE', ( #2446, #366, #1102, #1584 ) ) ;
#2648 = CARTESIAN_POINT ( 'NONE',  ( 1.649999999999999467, -0.6250000000000001110, 0.4870000000000000440 ) ) ;
#2649 = EDGE_LOOP ( 'NONE', ( #2565, #1070, #610, #1632 ) ) ;
#2650 = EDGE_CURVE ( 'NONE', #120, #877, #21, .T. ) ;
#2651 = EDGE_CURVE ( 'NONE', #120, #1965, #2998, .T. ) ;
#2652 = VECTOR ( 'NONE', #2443, 1000.000000000000000 ) ;
#2653 = VECTOR ( 'NONE', #1839, 1000.000000000000000 ) ;
#2654 = DIRECTION ( 'NONE',  ( 0.000000000000000000, -0.000000000000000000, 1.000000000000000000 ) ) ;
#2655 = UNCERTAINTY_MEASURE_WITH_UNIT (LENGTH_MEASURE( 1.000000000000000082E-05 ), #226, 'distance_accuracy_value', 'NONE');
#2656 = EDGE_CURVE ( 'NONE', #229, #3213, #2760, .T. ) ;
#2657 = CARTESIAN_POINT ( 'NONE',  ( 1.299999999999999600, -0.3749999999999998890, 0.4970000000000000528 ) ) ;
#2658 = ORIENTED_EDGE ( 'NONE', *, *, #1427, .F. ) ;
#2659 = FILL_AREA_STYLE_COLOUR ( '', #219 ) ;
#2660 = ORIENTED_EDGE ( 'NONE', *, *, #2067, .T. ) ;
#2661 = CARTESIAN_POINT ( 'NONE',  ( 1.649999999999999467, 0.3749999999999998890, 0.4870000000000000440 ) ) ;
#2662 =( NAMED_UNIT ( * ) SI_UNIT ( $, .STERADIAN. ) SOLID_ANGLE_UNIT ( ) );
#2663 =( GEOMETRIC_REPRESENTATION_CONTEXT ( 3 ) GLOBAL_UNCERTAINTY_ASSIGNED_CONTEXT ( ( #2131 ) ) GLOBAL_UNIT_ASSIGNED_CONTEXT ( ( #2382, #1887, #377 ) ) REPRESENTATION_CONTEXT ( 'NONE', 'WORKASPACE' ) );
#2664 = ORIENTED_EDGE ( 'NONE', *, *, #385, .T. ) ;
#2665 =( NAMED_UNIT ( * ) PLANE_ANGLE_UNIT ( ) SI_UNIT ( $, .RADIAN. ) );
#2666 = EDGE_LOOP ( 'NONE', ( #3215, #961, #2419, #2040 ) ) ;
#2667 =( NAMED_UNIT ( * ) SI_UNIT ( $, .STERADIAN. ) SOLID_ANGLE_UNIT ( ) );
#2668 = FACE_OUTER_BOUND ( 'NONE', #1037, .T. ) ;
#2669 = PRESENTATION_STYLE_ASSIGNMENT (( #1612 ) ) ;
#2670 = VECTOR ( 'NONE', #143, 1000.000000000000000 ) ;
#2671 = DIRECTION ( 'NONE',  ( 0.000000000000000000, -1.000000000000000000, 0.000000000000000000 ) ) ;
#2672 =( NAMED_UNIT ( * ) PLANE_ANGLE_UNIT ( ) SI_UNIT ( $, .RADIAN. ) );
#2673 = SURFACE_STYLE_FILL_AREA ( #889 ) ;
#2674 = ORIENTED_EDGE ( 'NONE', *, *, #2972, .F. ) ;
#2675 = VERTEX_POINT ( 'NONE', #3056 ) ;
#2676 = DIRECTION ( 'NONE',  ( -0.000000000000000000, -0.000000000000000000, 1.000000000000000000 ) ) ;
#2677 = PRESENTATION_LAYER_ASSIGNMENT (  '', '', ( #1198 ) ) ;
#2678 = PRESENTATION_STYLE_ASSIGNMENT (( #1400 ) ) ;
#2679 = CARTESIAN_POINT ( 'NONE',  ( 1.299999999999999600, 0.8749999999999998890, 0.4870000000000000440 ) ) ;
#2680 = UNCERTAINTY_MEASURE_WITH_UNIT (LENGTH_MEASURE( 1.000000000000000082E-05 ), #1832, 'distance_accuracy_value', 'NONE');
#2681 = DIRECTION ( 'NONE',  ( -0.000000000000000000, 1.000000000000000000, -0.000000000000000000 ) ) ;
#2682 = ORIENTED_EDGE ( 'NONE', *, *, #1539, .F. ) ;
#2683 = PLANE ( 'NONE',  #2097 ) ;
#2684 = LINE ( 'NONE', #1723, #2294 ) ;
#2685 = VERTEX_POINT ( 'NONE', #967 ) ;
#2686 =( NAMED_UNIT ( * ) PLANE_ANGLE_UNIT ( ) SI_UNIT ( $, .RADIAN. ) );
#2687 = STYLED_ITEM ( 'NONE', ( #611 ), #2137 ) ;
#2688 = CARTESIAN_POINT ( 'NONE',  ( 1.649999999999999467, 0.8749999999999998890, 0.4870000000000000440 ) ) ;
#2689 = AXIS2_PLACEMENT_3D ( 'NONE', #3139, #1341, #43 ) ;
#2690 = ORIENTED_EDGE ( 'NONE', *, *, #1697, .F. ) ;
#2691 =( GEOMETRIC_REPRESENTATION_CONTEXT ( 3 ) GLOBAL_UNCERTAINTY_ASSIGNED_CONTEXT ( ( #3127 ) ) GLOBAL_UNIT_ASSIGNED_CONTEXT ( ( #2776, #1059, #1558 ) ) REPRESENTATION_CONTEXT ( 'NONE', 'WORKASPACE' ) );
#2692 = STYLED_ITEM ( 'NONE', ( #1963 ), #2179 ) ;
#2693 = DIRECTION ( 'NONE',  ( -0.000000000000000000, 0.000000000000000000, 1.000000000000000000 ) ) ;
#2694 = CARTESIAN_POINT ( 'NONE',  ( -1.299999999999999600, 1.125000000000000222, 0.4870000000000000440 ) ) ;
#2695 = EDGE_LOOP ( 'NONE', ( #799, #1793, #435, #429 ) ) ;
#2696 = CARTESIAN_POINT ( 'NONE',  ( -1.649999999999999467, -0.1250000000000000000, 0.4970000000000000528 ) ) ;
#2697 = VECTOR ( 'NONE', #3061, 1000.000000000000000 ) ;
#2698 = CARTESIAN_POINT ( 'NONE',  ( -1.749999999999999556, 1.750000000000000000, 0.4970000000000000528 ) ) ;
#2699 = CARTESIAN_POINT ( 'NONE',  ( 1.299999999999999600, 1.375000000000000000, 0.4970000000000000528 ) ) ;
#2700 = CARTESIAN_POINT ( 'NONE',  ( -1.299999999999999600, 1.375000000000000000, 0.4870000000000000440 ) ) ;
#2701 = ORIENTED_EDGE ( 'NONE', *, *, #2810, .F. ) ;
#2702 = PRESENTATION_STYLE_ASSIGNMENT (( #1136 ) ) ;
#2703 = ORIENTED_EDGE ( 'NONE', *, *, #318, .T. ) ;
#2704 = CARTESIAN_POINT ( 'NONE',  ( -1.649999999999999467, 0.1250000000000000000, 0.4870000000000000440 ) ) ;
#2705 = ORIENTED_EDGE ( 'NONE', *, *, #2455, .T. ) ;
#2706 = CARTESIAN_POINT ( 'NONE',  ( 1.589192816139537667, 1.565992921013407146, 0.01000000000000000021 ) ) ;
#2707 =( LENGTH_UNIT ( ) NAMED_UNIT ( * ) SI_UNIT ( .MILLI., .METRE. ) );
#2708 = EDGE_CURVE ( 'NONE', #1724, #1931, #2555, .T. ) ;
#2709 = ORIENTED_EDGE ( 'NONE', *, *, #1199, .F. ) ;
#2710 = EDGE_CURVE ( 'NONE', #3000, #1144, #1748, .T. ) ;
#2711 = CARTESIAN_POINT ( 'NONE',  ( 1.299999999999999600, 1.125000000000000222, 0.4870000000000000440 ) ) ;
#2712 = ORIENTED_EDGE ( 'NONE', *, *, #2276, .T. ) ;
#2713 = DIRECTION ( 'NONE',  ( 1.000000000000000000, 3.097720492815726673E-16, 0.000000000000000000 ) ) ;
#2714 = UNCERTAINTY_MEASURE_WITH_UNIT (LENGTH_MEASURE( 1.000000000000000082E-05 ), #314, 'distance_accuracy_value', 'NONE');
#2715 = FACE_OUTER_BOUND ( 'NONE', #2029, .T. ) ;
#2716 = DIRECTION ( 'NONE',  ( -0.000000000000000000, -0.000000000000000000, 1.000000000000000000 ) ) ;
#2717 = SURFACE_SIDE_STYLE ('',( #2527 ) ) ;
#2718 = UNCERTAINTY_MEASURE_WITH_UNIT (LENGTH_MEASURE( 1.000000000000000082E-05 ), #1187, 'distance_accuracy_value', 'NONE');
#2719 = DIRECTION ( 'NONE',  ( 1.000000000000000000, 0.000000000000000000, 0.000000000000000000 ) ) ;
#2720 = ADVANCED_FACE ( 'NONE', ( #759 ), #1502, .F. ) ;
#2721 =( NAMED_UNIT ( * ) SI_UNIT ( $, .STERADIAN. ) SOLID_ANGLE_UNIT ( ) );
#2722 = ORIENTED_EDGE ( 'NONE', *, *, #2088, .F. ) ;
#2723 = DIRECTION ( 'NONE',  ( 1.000000000000000000, 3.097720492815726673E-16, 0.000000000000000000 ) ) ;
#2724 = ORIENTED_EDGE ( 'NONE', *, *, #1539, .T. ) ;
#2725 = CARTESIAN_POINT ( 'NONE',  ( -1.299999999999999600, -1.125000000000000222, 0.4870000000000000440 ) ) ;
#2726 = ORIENTED_EDGE ( 'NONE', *, *, #1370, .F. ) ;
#2727 = ADVANCED_FACE ( 'NONE', ( #992 ), #3017, .F. ) ;
#2728 = DIRECTION ( 'NONE',  ( -1.000000000000000000, -0.000000000000000000, -0.000000000000000000 ) ) ;
#2729 = VERTEX_POINT ( 'NONE', #1621 ) ;
#2730 = FILL_AREA_STYLE_COLOUR ( '', #2231 ) ;
#2731 = SURFACE_STYLE_FILL_AREA ( #2981 ) ;
#2732 = FACE_BOUND ( 'NONE', #989, .T. ) ;
#2733 = VECTOR ( 'NONE', #578, 1000.000000000000000 ) ;
#2734 = DIRECTION ( 'NONE',  ( -0.7071067811865474617, 0.7071067811865474617, -0.000000000000000000 ) ) ;
#2735 = STYLED_ITEM ( 'NONE', ( #2532 ), #1268 ) ;
#2736 = DIRECTION ( 'NONE',  ( -0.000000000000000000, -0.000000000000000000, -1.000000000000000000 ) ) ;
#2737 = VERTEX_POINT ( 'NONE', #302 ) ;
#2738 = LINE ( 'NONE', #1230, #1305 ) ;
#2739 =( NAMED_UNIT ( * ) PLANE_ANGLE_UNIT ( ) SI_UNIT ( $, .RADIAN. ) );
#2740 = DIRECTION ( 'NONE',  ( -0.000000000000000000, -0.000000000000000000, 1.000000000000000000 ) ) ;
#2741 = VECTOR ( 'NONE', #315, 1000.000000000000000 ) ;
#2742 = PRESENTATION_LAYER_ASSIGNMENT (  '', '', ( #1367 ) ) ;
#2743 = ORIENTED_EDGE ( 'NONE', *, *, #1802, .F. ) ;
#2744 = EDGE_CURVE ( 'NONE', #2517, #2168, #1830, .T. ) ;
#2745 = DIRECTION ( 'NONE',  ( -0.000000000000000000, 1.000000000000000000, 0.000000000000000000 ) ) ;
#2746 = PRESENTATION_LAYER_ASSIGNMENT (  '', '', ( #3022 ) ) ;
#2747 = LINE ( 'NONE', #239, #2786 ) ;
#2748 = CARTESIAN_POINT ( 'NONE',  ( 1.649999999999999467, -0.3749999999999998890, 0.4970000000000000528 ) ) ;
#2749 = ADVANCED_FACE ( 'NONE', ( #2074 ), #3152, .F. ) ;
#2750 = DIRECTION ( 'NONE',  ( 1.000000000000000000, 0.000000000000000000, -0.000000000000000000 ) ) ;
#2751 = DIRECTION ( 'NONE',  ( -1.000000000000000000, 0.000000000000000000, 0.000000000000000000 ) ) ;
#2752 = UNCERTAINTY_MEASURE_WITH_UNIT (LENGTH_MEASURE( 1.000000000000000082E-05 ), #646, 'distance_accuracy_value', 'NONE');
#2753 = FILL_AREA_STYLE_COLOUR ( '', #1477 ) ;
#2754 = MECHANICAL_DESIGN_GEOMETRIC_PRESENTATION_REPRESENTATION (  '', ( #609 ), #2908 ) ;
#2755 = SURFACE_STYLE_FILL_AREA ( #920 ) ;
#2756 = VECTOR ( 'NONE', #58, 1000.000000000000000 ) ;
#2757 = ORIENTED_EDGE ( 'NONE', *, *, #751, .F. ) ;
#2758 = CARTESIAN_POINT ( 'NONE',  ( 0.000000000000000000, 0.000000000000000000, 0.4870000000000000440 ) ) ;
#2759 = ORIENTED_EDGE ( 'NONE', *, *, #733, .T. ) ;
#2760 = LINE ( 'NONE', #2044, #1151 ) ;
#2761 = FILL_AREA_STYLE_COLOUR ( '', #983 ) ;
#2762 = VECTOR ( 'NONE', #1777, 1000.000000000000000 ) ;
#2763 = EDGE_LOOP ( 'NONE', ( #3202, #526, #1287, #1126 ) ) ;
#2764 = VECTOR ( 'NONE', #2837, 1000.000000000000000 ) ;
#2765 = DIRECTION ( 'NONE',  ( -0.000000000000000000, -1.000000000000000000, -0.000000000000000000 ) ) ;
#2766 = LINE ( 'NONE', #2047, #2531 ) ;
#2767 = CARTESIAN_POINT ( 'NONE',  ( 1.649999999999999467, -1.375000000000000000, 0.4870000000000000440 ) ) ;
#2768 =( LENGTH_UNIT ( ) NAMED_UNIT ( * ) SI_UNIT ( .MILLI., .METRE. ) );
#2769 = DIRECTION ( 'NONE',  ( -1.000000000000000000, -0.000000000000000000, -0.000000000000000000 ) ) ;
#2770 = DIRECTION ( 'NONE',  ( -1.000000000000000000, -0.000000000000000000, -0.000000000000000000 ) ) ;
#2771 = DIRECTION ( 'NONE',  ( -1.000000000000000000, 0.000000000000000000, -0.000000000000000000 ) ) ;
#2772 = STYLED_ITEM ( 'NONE', ( #2678 ), #51 ) ;
#2773 = EDGE_LOOP ( 'NONE', ( #3113, #594, #136, #2955 ) ) ;
#2774 = DIRECTION ( 'NONE',  ( -1.000000000000000000, 0.000000000000000000, 0.000000000000000000 ) ) ;
#2775 = ORIENTED_EDGE ( 'NONE', *, *, #33, .T. ) ;
#2776 =( LENGTH_UNIT ( ) NAMED_UNIT ( * ) SI_UNIT ( .MILLI., .METRE. ) );
#2777 = SURFACE_STYLE_USAGE ( .BOTH. , #3157 ) ;
#2778 = FACE_OUTER_BOUND ( 'NONE', #2585, .T. ) ;
#2779 = VECTOR ( 'NONE', #2552, 1000.000000000000000 ) ;
#2780 = PRESENTATION_STYLE_ASSIGNMENT (( #2777 ) ) ;
#2781 = FACE_BOUND ( 'NONE', #251, .T. ) ;
#2782 = DIRECTION ( 'NONE',  ( 1.000000000000000000, -0.000000000000000000, -0.000000000000000000 ) ) ;
#2783 = CARTESIAN_POINT ( 'NONE',  ( -1.649999999999999467, -0.3749999999999998890, 0.4970000000000000528 ) ) ;
#2784 = SURFACE_STYLE_FILL_AREA ( #3049 ) ;
#2785 = ORIENTED_EDGE ( 'NONE', *, *, #1802, .T. ) ;
#2786 = VECTOR ( 'NONE', #1589, 1000.000000000000000 ) ;
#2787 = DIRECTION ( 'NONE',  ( 0.000000000000000000, 0.000000000000000000, -1.000000000000000000 ) ) ;
#2788 = ORIENTED_EDGE ( 'NONE', *, *, #775, .T. ) ;
#2789 = LINE ( 'NONE', #726, #3237 ) ;
#2790 = DIRECTION ( 'NONE',  ( 0.000000000000000000, 0.000000000000000000, -1.000000000000000000 ) ) ;
#2791 =( NAMED_UNIT ( * ) SI_UNIT ( $, .STERADIAN. ) SOLID_ANGLE_UNIT ( ) );
#2792 = ORIENTED_EDGE ( 'NONE', *, *, #250, .F. ) ;
#2793 = SURFACE_SIDE_STYLE ('',( #566 ) ) ;
#2794 = DIRECTION ( 'NONE',  ( 0.000000000000000000, 0.000000000000000000, -1.000000000000000000 ) ) ;
#2795 = AXIS2_PLACEMENT_3D ( 'NONE', #616, #2876, #354 ) ;
#2796 = SURFACE_STYLE_FILL_AREA ( #717 ) ;
#2797 =( GEOMETRIC_REPRESENTATION_CONTEXT ( 3 ) GLOBAL_UNCERTAINTY_ASSIGNED_CONTEXT ( ( #1737 ) ) GLOBAL_UNIT_ASSIGNED_CONTEXT ( ( #1518, #3309, #744 ) ) REPRESENTATION_CONTEXT ( 'NONE', 'WORKASPACE' ) );
#2798 = COLOUR_RGB ( '',0.6470588235294117974, 0.5176470588235293491, 0.000000000000000000 ) ;
#2799 =( NAMED_UNIT ( * ) PLANE_ANGLE_UNIT ( ) SI_UNIT ( $, .RADIAN. ) );
#2800 = VECTOR ( 'NONE', #2995, 1000.000000000000000 ) ;
#2801 = SURFACE_STYLE_FILL_AREA ( #2607 ) ;
#2802 = FILL_AREA_STYLE ('',( #2308 ) ) ;
#2803 = ORIENTED_EDGE ( 'NONE', *, *, #494, .T. ) ;
#2804 = DIRECTION ( 'NONE',  ( -0.000000000000000000, -0.000000000000000000, 1.000000000000000000 ) ) ;
#2805 = ORIENTED_EDGE ( 'NONE', *, *, #1492, .T. ) ;
#2806 =( GEOMETRIC_REPRESENTATION_CONTEXT ( 3 ) GLOBAL_UNCERTAINTY_ASSIGNED_CONTEXT ( ( #414 ) ) GLOBAL_UNIT_ASSIGNED_CONTEXT ( ( #2130, #2112, #1386 ) ) REPRESENTATION_CONTEXT ( 'NONE', 'WORKASPACE' ) );
#2807 = CARTESIAN_POINT ( 'NONE',  ( 1.299999999999999600, -0.8749999999999998890, 0.4870000000000000440 ) ) ;
#2808 = ORIENTED_EDGE ( 'NONE', *, *, #818, .T. ) ;
#2809 = CARTESIAN_POINT ( 'NONE',  ( 0.000000000000000000, 0.000000000000000000, 0.4870000000000000440 ) ) ;
#2810 = EDGE_CURVE ( 'NONE', #3321, #2675, #805, .T. ) ;
#2811 = CARTESIAN_POINT ( 'NONE',  ( 1.264394284373792088, 1.565992921013407146, 0.01000000000000000021 ) ) ;
#2812 =( NAMED_UNIT ( * ) SI_UNIT ( $, .STERADIAN. ) SOLID_ANGLE_UNIT ( ) );
#2813 =( NAMED_UNIT ( * ) SI_UNIT ( $, .STERADIAN. ) SOLID_ANGLE_UNIT ( ) );
#2814 = DIRECTION ( 'NONE',  ( -0.000000000000000000, 1.000000000000000000, 0.000000000000000000 ) ) ;
#2815 = DIRECTION ( 'NONE',  ( 0.000000000000000000, -0.000000000000000000, 1.000000000000000000 ) ) ;
#2816 = DIRECTION ( 'NONE',  ( -0.000000000000000000, 0.000000000000000000, 1.000000000000000000 ) ) ;
#2817 = UNCERTAINTY_MEASURE_WITH_UNIT (LENGTH_MEASURE( 1.000000000000000082E-05 ), #2336, 'distance_accuracy_value', 'NONE');
#2818 = EDGE_CURVE ( 'NONE', #1453, #2072, #563, .T. ) ;
#2819 = ORIENTED_EDGE ( 'NONE', *, *, #1451, .F. ) ;
#2820 = CARTESIAN_POINT ( 'NONE',  ( 1.649999999999999467, -0.8749999999999998890, 0.4970000000000000528 ) ) ;
#2821 = EDGE_CURVE ( 'NONE', #181, #721, #3086, .T. ) ;
#2822 = SURFACE_SIDE_STYLE ('',( #2383 ) ) ;
#2823 = VECTOR ( 'NONE', #2394, 1000.000000000000000 ) ;
#2824 = DIRECTION ( 'NONE',  ( 1.000000000000000000, 0.000000000000000000, 0.000000000000000000 ) ) ;
#2825 = DIRECTION ( 'NONE',  ( -1.000000000000000000, 0.000000000000000000, 0.000000000000000000 ) ) ;
#2826 = EDGE_CURVE ( 'NONE', #1395, #3065, #529, .T. ) ;
#2827 = LINE ( 'NONE', #2032, #2644 ) ;
#2828 = MECHANICAL_DESIGN_GEOMETRIC_PRESENTATION_REPRESENTATION (  '', ( #106 ), #1440 ) ;
#2829 = FACE_OUTER_BOUND ( 'NONE', #3093, .T. ) ;
#2830 = COLOUR_RGB ( '',0.6470588235294117974, 0.5176470588235293491, 0.000000000000000000 ) ;
#2831 = CARTESIAN_POINT ( 'NONE',  ( -1.299999999999999600, 0.1250000000000001110, 0.4970000000000000528 ) ) ;
#2832 = ORIENTED_EDGE ( 'NONE', *, *, #2993, .F. ) ;
#2833 = CARTESIAN_POINT ( 'NONE',  ( -1.649999999999999467, -1.375000000000000000, 0.4870000000000000440 ) ) ;
#2834 = ORIENTED_EDGE ( 'NONE', *, *, #2993, .T. ) ;
#2835 =( NAMED_UNIT ( * ) SI_UNIT ( $, .STERADIAN. ) SOLID_ANGLE_UNIT ( ) );
#2836 = EDGE_LOOP ( 'NONE', ( #2398, #1572, #1123, #1499 ) ) ;
#2837 = DIRECTION ( 'NONE',  ( -0.000000000000000000, -0.000000000000000000, 1.000000000000000000 ) ) ;
#2838 = STYLED_ITEM ( 'NONE', ( #2142 ), #376 ) ;
#2839 = LINE ( 'NONE', #2013, #1851 ) ;
#2840 = ORIENTED_EDGE ( 'NONE', *, *, #3205, .F. ) ;
#2841 = COLOUR_RGB ( '',0.6470588235294117974, 0.5176470588235293491, 0.000000000000000000 ) ;
#2842 = CARTESIAN_POINT ( 'NONE',  ( 1.299999999999999600, 0.1250000000000001110, 0.4870000000000000440 ) ) ;
#2843 = EDGE_CURVE ( 'NONE', #3321, #1163, #2888, .T. ) ;
#2844 = EDGE_CURVE ( 'NONE', #1785, #859, #2584, .T. ) ;
#2845 = PRESENTATION_LAYER_ASSIGNMENT (  '', '', ( #2687 ) ) ;
#2846 = CARTESIAN_POINT ( 'NONE',  ( 1.649999999999999467, 0.3749999999999998890, 0.4870000000000000440 ) ) ;
#2847 = SURFACE_SIDE_STYLE ('',( #2784 ) ) ;
#2848 = AXIS2_PLACEMENT_3D ( 'NONE', #3097, #2119, #560 ) ;
#2849 = EDGE_CURVE ( 'NONE', #3148, #1728, #2089, .T. ) ;
#2850 = PRESENTATION_STYLE_ASSIGNMENT (( #2117 ) ) ;
#2851 = ORIENTED_EDGE ( 'NONE', *, *, #1342, .T. ) ;
#2852 = COLOUR_RGB ( '',0.6470588235294117974, 0.5176470588235293491, 0.000000000000000000 ) ;
#2853 = ORIENTED_EDGE ( 'NONE', *, *, #2036, .F. ) ;
#2854 = DIRECTION ( 'NONE',  ( -0.000000000000000000, 1.000000000000000000, -0.000000000000000000 ) ) ;
#2855 = PRESENTATION_LAYER_ASSIGNMENT (  '', '', ( #819 ) ) ;
#2856 =( LENGTH_UNIT ( ) NAMED_UNIT ( * ) SI_UNIT ( .MILLI., .METRE. ) );
#2857 = PRESENTATION_LAYER_ASSIGNMENT (  '', '', ( #192 ) ) ;
#2858 = PRESENTATION_LAYER_ASSIGNMENT (  '', '', ( #609 ) ) ;
#2859 = ORIENTED_EDGE ( 'NONE', *, *, #973, .F. ) ;
#2860 = DIRECTION ( 'NONE',  ( 1.000000000000000000, 0.000000000000000000, -0.000000000000000000 ) ) ;
#2861 = EDGE_CURVE ( 'NONE', #1159, #2078, #789, .T. ) ;
#2862 = PLANE ( 'NONE',  #2795 ) ;
#2863 = EDGE_CURVE ( 'NONE', #1841, #1945, #2839, .T. ) ;
#2864 = LINE ( 'NONE', #1578, #1878 ) ;
#2865 = PRESENTATION_LAYER_ASSIGNMENT (  '', '', ( #2401 ) ) ;
#2866 = DIRECTION ( 'NONE',  ( -1.000000000000000000, -0.000000000000000000, -0.000000000000000000 ) ) ;
#2867 = VECTOR ( 'NONE', #2286, 1000.000000000000000 ) ;
#2868 = AXIS2_PLACEMENT_3D ( 'NONE', #60, #1649, #1088 ) ;
#2869 = CARTESIAN_POINT ( 'NONE',  ( -1.299999999999999600, 0.6250000000000001110, 0.4970000000000000528 ) ) ;
#2870 = EDGE_CURVE ( 'NONE', #3149, #750, #3119, .T. ) ;
#2871 = CARTESIAN_POINT ( 'NONE',  ( 1.299999999999999600, -0.8749999999999998890, 0.4970000000000000528 ) ) ;
#2872 = ORIENTED_EDGE ( 'NONE', *, *, #1837, .F. ) ;
#2873 = FILL_AREA_STYLE ('',( #3133 ) ) ;
#2874 = DIRECTION ( 'NONE',  ( 1.000000000000000000, -0.000000000000000000, -0.000000000000000000 ) ) ;
#2875 = ORIENTED_EDGE ( 'NONE', *, *, #2610, .F. ) ;
#2876 = DIRECTION ( 'NONE',  ( -0.000000000000000000, 1.000000000000000000, 0.000000000000000000 ) ) ;
#2877 = SURFACE_STYLE_USAGE ( .BOTH. , #3124 ) ;
#2878 = CARTESIAN_POINT ( 'NONE',  ( 1.649999999999999467, 1.375000000000000000, 0.4870000000000000440 ) ) ;
#2879 = DIRECTION ( 'NONE',  ( -0.000000000000000000, -0.000000000000000000, -1.000000000000000000 ) ) ;
#2880 = EDGE_LOOP ( 'NONE', ( #1365, #2726, #1279, #1139 ) ) ;
#2881 = DIRECTION ( 'NONE',  ( 0.000000000000000000, -1.000000000000000000, 0.000000000000000000 ) ) ;
#2882 = ORIENTED_EDGE ( 'NONE', *, *, #833, .F. ) ;
#2883 = SURFACE_SIDE_STYLE ('',( #869 ) ) ;
#2884 = EDGE_CURVE ( 'NONE', #822, #407, #1252, .T. ) ;
#2885 = FILL_AREA_STYLE_COLOUR ( '', #1843 ) ;
#2886 = EDGE_CURVE ( 'NONE', #2974, #3114, #562, .T. ) ;
#2887 = ORIENTED_EDGE ( 'NONE', *, *, #2554, .T. ) ;
#2888 = LINE ( 'NONE', #591, #2058 ) ;
#2889 = ORIENTED_EDGE ( 'NONE', *, *, #1697, .T. ) ;
#2890 = AXIS2_PLACEMENT_3D ( 'NONE', #1946, #133, #1160 ) ;
#2891 = LINE ( 'NONE', #3204, #2011 ) ;
#2892 = CARTESIAN_POINT ( 'NONE',  ( 1.649999999999999467, -0.6250000000000001110, 0.4870000000000000440 ) ) ;
#2893 = PRESENTATION_LAYER_ASSIGNMENT (  '', '', ( #2055 ) ) ;
#2894 = FILL_AREA_STYLE ('',( #1186 ) ) ;
#2895 = DIRECTION ( 'NONE',  ( 1.000000000000000000, 0.000000000000000000, 0.000000000000000000 ) ) ;
#2896 = ORIENTED_EDGE ( 'NONE', *, *, #1201, .F. ) ;
#2897 = CARTESIAN_POINT ( 'NONE',  ( 1.299999999999999600, 0.3749999999999998890, 0.4870000000000000440 ) ) ;
#2898 = DIRECTION ( 'NONE',  ( 0.000000000000000000, 0.000000000000000000, -1.000000000000000000 ) ) ;
#2899 = MECHANICAL_DESIGN_GEOMETRIC_PRESENTATION_REPRESENTATION (  '', ( #3185 ), #705 ) ;
#2900 = PRESENTATION_LAYER_ASSIGNMENT (  '', '', ( #1041 ) ) ;
#2901 = MECHANICAL_DESIGN_GEOMETRIC_PRESENTATION_REPRESENTATION (  '', ( #342 ), #2021 ) ;
#2902 = VERTEX_POINT ( 'NONE', #951 ) ;
#2903 =( LENGTH_UNIT ( ) NAMED_UNIT ( * ) SI_UNIT ( .MILLI., .METRE. ) );
#2904 =( NAMED_UNIT ( * ) PLANE_ANGLE_UNIT ( ) SI_UNIT ( $, .RADIAN. ) );
#2905 = ORIENTED_EDGE ( 'NONE', *, *, #1201, .T. ) ;
#2906 = VECTOR ( 'NONE', #2935, 1000.000000000000000 ) ;
#2907 = DIRECTION ( 'NONE',  ( 0.000000000000000000, -1.000000000000000000, 0.000000000000000000 ) ) ;
#2908 =( GEOMETRIC_REPRESENTATION_CONTEXT ( 3 ) GLOBAL_UNCERTAINTY_ASSIGNED_CONTEXT ( ( #2718 ) ) GLOBAL_UNIT_ASSIGNED_CONTEXT ( ( #1187, #975, #3223 ) ) REPRESENTATION_CONTEXT ( 'NONE', 'WORKASPACE' ) );
#2909 = VECTOR ( 'NONE', #413, 1000.000000000000000 ) ;
#2910 = ADVANCED_FACE ( 'NONE', ( #1751 ), #2540, .F. ) ;
#2911 = CARTESIAN_POINT ( 'NONE',  ( 1.050000000000000044, -1.199999999999999956, 0.4870000000000000440 ) ) ;
#2912 = LINE ( 'NONE', #600, #141 ) ;
#2913 = UNCERTAINTY_MEASURE_WITH_UNIT (LENGTH_MEASURE( 1.000000000000000082E-05 ), #1350, 'distance_accuracy_value', 'NONE');
#2914 = CARTESIAN_POINT ( 'NONE',  ( -1.299999999999999600, -0.3749999999999998890, 0.4870000000000000440 ) ) ;
#2915 =( NAMED_UNIT ( * ) SI_UNIT ( $, .STERADIAN. ) SOLID_ANGLE_UNIT ( ) );
#2916 =( NAMED_UNIT ( * ) PLANE_ANGLE_UNIT ( ) SI_UNIT ( $, .RADIAN. ) );
#2917 = ORIENTED_EDGE ( 'NONE', *, *, #1954, .F. ) ;
#2918 = COLOUR_RGB ( '',0.6470588235294117974, 0.5176470588235293491, 0.000000000000000000 ) ;
#2919 = PLANE ( 'NONE',  #2226 ) ;
#2920 = DIRECTION ( 'NONE',  ( -1.000000000000000000, 0.000000000000000000, -0.000000000000000000 ) ) ;
#2921 = SURFACE_STYLE_FILL_AREA ( #922 ) ;
#2922 = EDGE_CURVE ( 'NONE', #75, #3015, #2766, .T. ) ;
#2923 = EDGE_LOOP ( 'NONE', ( #331, #1383, #2155, #191 ) ) ;
#2924 = CARTESIAN_POINT ( 'NONE',  ( 1.299999999999999600, -0.6250000000000001110, 0.4970000000000000528 ) ) ;
#2925 = EDGE_LOOP ( 'NONE', ( #2438, #65, #3258, #2149 ) ) ;
#2926 = FACE_OUTER_BOUND ( 'NONE', #1634, .T. ) ;
#2927 = DIRECTION ( 'NONE',  ( -0.000000000000000000, -0.000000000000000000, 1.000000000000000000 ) ) ;
#2928 = CLOSED_SHELL ( 'NONE', ( #1485, #1116, #2490, #1829, #532, #1889, #2110, #1972, #1078, #929, #230, #418, #2720, #1049, #2749, #1936, #1337, #898, #1896, #3315, #3144, #871, #2378, #332, #1676, #51, #1693, #1301, #2317, #376, #3002, #615, #780, #852, #1706, #573, #2179, #2172, #2963, #3179, #1232, #3042, #380, #207, #1552, #1185, #272, #574, #2520, #966, #1254, #1091, #589, #1949, #246, #1268, #1335, #1665, #971, #1010, #1072, #650, #685, #214, #2600, #3142, #2485, #2727, #2005, #2631, #1834, #2273, #2910, #2412, #137, #1181, #478, #2076, #3312, #987, #2615 ) ) ;
#2929 = FILL_AREA_STYLE_COLOUR ( '', #2091 ) ;
#2930 = PLANE ( 'NONE',  #1158 ) ;
#2931 = EDGE_CURVE ( 'NONE', #2168, #3308, #2523, .T. ) ;
#2932 = DIRECTION ( 'NONE',  ( -1.000000000000000000, 0.000000000000000000, -0.000000000000000000 ) ) ;
#2933 = SURFACE_STYLE_USAGE ( .BOTH. , #2415 ) ;
#2934 = FACE_OUTER_BOUND ( 'NONE', #1514, .T. ) ;
#2935 = DIRECTION ( 'NONE',  ( -0.000000000000000000, -0.000000000000000000, 1.000000000000000000 ) ) ;
#2936 = VERTEX_POINT ( 'NONE', #543 ) ;
#2937 = CARTESIAN_POINT ( 'NONE',  ( 1.649999999999999467, -1.375000000000000000, 0.4870000000000000440 ) ) ;
#2938 = AXIS2_PLACEMENT_3D ( 'NONE', #2639, #582, #2057 ) ;
#2939 = DIRECTION ( 'NONE',  ( 0.000000000000000000, -1.000000000000000000, 0.000000000000000000 ) ) ;
#2940 = ORIENTED_EDGE ( 'NONE', *, *, #753, .F. ) ;
#2941 = CARTESIAN_POINT ( 'NONE',  ( 1.649999999999999467, 0.6250000000000001110, 0.4870000000000000440 ) ) ;
#2942 = SURFACE_STYLE_USAGE ( .BOTH. , #2240 ) ;
#2943 = COLOUR_RGB ( '',0.6470588235294117974, 0.5176470588235293491, 0.000000000000000000 ) ;
#2944 = CARTESIAN_POINT ( 'NONE',  ( 1.299999999999999600, -0.3749999999999998890, 0.4870000000000000440 ) ) ;
#2945 = VECTOR ( 'NONE', #466, 1000.000000000000000 ) ;
#2946 = EDGE_CURVE ( 'NONE', #1999, #1381, #2747, .T. ) ;
#2947 = CARTESIAN_POINT ( 'NONE',  ( -1.649999999999999467, 0.1250000000000000000, 0.4870000000000000440 ) ) ;
#2948 = EDGE_CURVE ( 'NONE', #2238, #1333, #301, .T. ) ;
#2949 = CARTESIAN_POINT ( 'NONE',  ( 0.7500000000000002220, 1.199999999999999956, 0.4870000000000000440 ) ) ;
#2950 = UNCERTAINTY_MEASURE_WITH_UNIT (LENGTH_MEASURE( 1.000000000000000082E-05 ), #3198, 'distance_accuracy_value', 'NONE');
#2951 = LINE ( 'NONE', #3195, #548 ) ;
#2952 = ORIENTED_EDGE ( 'NONE', *, *, #2651, .F. ) ;
#2953 = EDGE_CURVE ( 'NONE', #3069, #1144, #1338, .T. ) ;
#2954 = VERTEX_POINT ( 'NONE', #2016 ) ;
#2955 = ORIENTED_EDGE ( 'NONE', *, *, #135, .T. ) ;
#2956 = CARTESIAN_POINT ( 'NONE',  ( -1.649999999999999467, -1.375000000000000000, 0.4870000000000000440 ) ) ;
#2957 = STYLED_ITEM ( 'NONE', ( #1609 ), #246 ) ;
#2958 = ORIENTED_EDGE ( 'NONE', *, *, #1619, .F. ) ;
#2959 = VECTOR ( 'NONE', #114, 1000.000000000000000 ) ;
#2960 =( GEOMETRIC_REPRESENTATION_CONTEXT ( 3 ) GLOBAL_UNCERTAINTY_ASSIGNED_CONTEXT ( ( #1700 ) ) GLOBAL_UNIT_ASSIGNED_CONTEXT ( ( #3254, #3054, #2536 ) ) REPRESENTATION_CONTEXT ( 'NONE', 'WORKASPACE' ) );
#2961 = CARTESIAN_POINT ( 'NONE',  ( -1.299999999999999600, 0.8749999999999998890, 0.4870000000000000440 ) ) ;
#2962 = VERTEX_POINT ( 'NONE', #1519 ) ;
#2963 = ADVANCED_FACE ( 'NONE', ( #2259 ), #52, .F. ) ;
#2964 =( NAMED_UNIT ( * ) PLANE_ANGLE_UNIT ( ) SI_UNIT ( $, .RADIAN. ) );
#2965 = COLOUR_RGB ( '',0.6470588235294117974, 0.5176470588235293491, 0.000000000000000000 ) ;
#2966 =( GEOMETRIC_REPRESENTATION_CONTEXT ( 3 ) GLOBAL_UNCERTAINTY_ASSIGNED_CONTEXT ( ( #2064 ) ) GLOBAL_UNIT_ASSIGNED_CONTEXT ( ( #309, #1276, #30 ) ) REPRESENTATION_CONTEXT ( 'NONE', 'WORKASPACE' ) );
#2967 = PLANE ( 'NONE',  #711 ) ;
#2968 = PLANE ( 'NONE',  #2293 ) ;
#2969 = DIRECTION ( 'NONE',  ( 0.000000000000000000, -1.000000000000000000, 0.000000000000000000 ) ) ;
#2970 = PLANE ( 'NONE',  #1042 ) ;
#2971 =( NAMED_UNIT ( * ) PLANE_ANGLE_UNIT ( ) SI_UNIT ( $, .RADIAN. ) );
#2972 = EDGE_CURVE ( 'NONE', #1893, #1351, #3134, .T. ) ;
#2973 =( LENGTH_UNIT ( ) NAMED_UNIT ( * ) SI_UNIT ( .MILLI., .METRE. ) );
#2974 = VERTEX_POINT ( 'NONE', #825 ) ;
#2975 = CARTESIAN_POINT ( 'NONE',  ( 1.299999999999999600, 0.8749999999999998890, 0.4870000000000000440 ) ) ;
#2976 =( GEOMETRIC_REPRESENTATION_CONTEXT ( 3 ) GLOBAL_UNCERTAINTY_ASSIGNED_CONTEXT ( ( #735 ) ) GLOBAL_UNIT_ASSIGNED_CONTEXT ( ( #2467, #164, #365 ) ) REPRESENTATION_CONTEXT ( 'NONE', 'WORKASPACE' ) );
#2977 = VECTOR ( 'NONE', #428, 1000.000000000000000 ) ;
#2978 = ORIENTED_EDGE ( 'NONE', *, *, #2249, .T. ) ;
#2979 = ORIENTED_EDGE ( 'NONE', *, *, #1652, .F. ) ;
#2980 = SURFACE_SIDE_STYLE ('',( #471 ) ) ;
#2981 = FILL_AREA_STYLE ('',( #3274 ) ) ;
#2982 = UNCERTAINTY_MEASURE_WITH_UNIT (LENGTH_MEASURE( 1.000000000000000082E-05 ), #2538, 'distance_accuracy_value', 'NONE');
#2983 = CARTESIAN_POINT ( 'NONE',  ( -1.199999999999999734, 1.199999999999999734, 0.000000000000000000 ) ) ;
#2984 = DIRECTION ( 'NONE',  ( -0.000000000000000000, -0.000000000000000000, 1.000000000000000000 ) ) ;
#2985 = DIRECTION ( 'NONE',  ( 0.000000000000000000, 0.000000000000000000, 1.000000000000000000 ) ) ;
#2986 = UNCERTAINTY_MEASURE_WITH_UNIT (LENGTH_MEASURE( 1.000000000000000082E-05 ), #1549, 'distance_accuracy_value', 'NONE');
#2987 = LINE ( 'NONE', #684, #1758 ) ;
#2988 = ORIENTED_EDGE ( 'NONE', *, *, #3210, .F. ) ;
#2989 = CARTESIAN_POINT ( 'NONE',  ( 0.000000000000000000, 0.000000000000000000, 0.4870000000000000440 ) ) ;
#2990 = LINE ( 'NONE', #2484, #2906 ) ;
#2991 = ORIENTED_EDGE ( 'NONE', *, *, #2708, .T. ) ;
#2992 = PRESENTATION_STYLE_ASSIGNMENT (( #447 ) ) ;
#2993 = EDGE_CURVE ( 'NONE', #2014, #1395, #893, .T. ) ;
#2994 = PRESENTATION_LAYER_ASSIGNMENT (  '', '', ( #1670 ) ) ;
#2995 = DIRECTION ( 'NONE',  ( -0.000000000000000000, -0.000000000000000000, 1.000000000000000000 ) ) ;
#2996 = EDGE_CURVE ( 'NONE', #47, #229, #1928, .T. ) ;
#2997 = PRESENTATION_LAYER_ASSIGNMENT (  '', '', ( #1191 ) ) ;
#2998 = LINE ( 'NONE', #1516, #189 ) ;
#2999 = CARTESIAN_POINT ( 'NONE',  ( 1.649999999999999467, -0.6250000000000001110, 0.4870000000000000440 ) ) ;
#3001 = EDGE_CURVE ( 'NONE', #2954, #1087, #401, .T. ) ;
#3000 = VERTEX_POINT ( 'NONE', #100 ) ;
#3002 = ADVANCED_FACE ( 'NONE', ( #2196 ), #2421, .T. ) ;
#3003 = CARTESIAN_POINT ( 'NONE',  ( 1.649999999999999467, 0.6250000000000001110, 0.4870000000000000440 ) ) ;
#3004 = PRESENTATION_STYLE_ASSIGNMENT (( #974 ) ) ;
#3005 = LINE ( 'NONE', #3242, #1216 ) ;
#3006 = STYLED_ITEM ( 'NONE', ( #640 ), #3002 ) ;
#3007 = FILL_AREA_STYLE_COLOUR ( '', #1734 ) ;
#3008 = STYLED_ITEM ( 'NONE', ( #771 ), #3179 ) ;
#3009 = CARTESIAN_POINT ( 'NONE',  ( 1.299999999999999600, 0.8749999999999998890, 0.4970000000000000528 ) ) ;
#3010 = DIRECTION ( 'NONE',  ( -1.000000000000000000, 0.000000000000000000, 0.000000000000000000 ) ) ;
#3011 = FACE_OUTER_BOUND ( 'NONE', #1510, .T. ) ;
#3012 = AXIS2_PLACEMENT_3D ( 'NONE', #3214, #2237, #116 ) ;
#3013 = COLOUR_RGB ( '',0.6470588235294117974, 0.5176470588235293491, 0.000000000000000000 ) ;
#3014 = SURFACE_STYLE_FILL_AREA ( #1296 ) ;
#3015 = VERTEX_POINT ( 'NONE', #119 ) ;
#3016 = DIRECTION ( 'NONE',  ( 0.000000000000000000, 0.000000000000000000, -1.000000000000000000 ) ) ;
#3017 = PLANE ( 'NONE',  #131 ) ;
#3018 = FILL_AREA_STYLE ('',( #2761 ) ) ;
#3019 = PRESENTATION_LAYER_ASSIGNMENT (  '', '', ( #3288 ) ) ;
#3020 = EDGE_LOOP ( 'NONE', ( #49, #942, #2690, #85 ) ) ;
#3021 = PRESENTATION_STYLE_ASSIGNMENT (( #2258 ) ) ;
#3022 = STYLED_ITEM ( 'NONE', ( #1559 ), #2727 ) ;
#3023 = CARTESIAN_POINT ( 'NONE',  ( 1.649999999999999467, -0.1250000000000000000, 0.4870000000000000440 ) ) ;
#3024 = CARTESIAN_POINT ( 'NONE',  ( -1.649999999999999467, 1.125000000000000222, 0.4870000000000000440 ) ) ;
#3025 =( GEOMETRIC_REPRESENTATION_CONTEXT ( 3 ) GLOBAL_UNCERTAINTY_ASSIGNED_CONTEXT ( ( #1703 ) ) GLOBAL_UNIT_ASSIGNED_CONTEXT ( ( #1966, #3219, #3194 ) ) REPRESENTATION_CONTEXT ( 'NONE', 'WORKASPACE' ) );
#3026 = DIRECTION ( 'NONE',  ( 0.000000000000000000, -1.000000000000000000, 0.000000000000000000 ) ) ;
#3027 = PRESENTATION_LAYER_ASSIGNMENT (  '', '', ( #995 ) ) ;
#3028 = FACE_OUTER_BOUND ( 'NONE', #1376, .T. ) ;
#3029 = LINE ( 'NONE', #1195, #3255 ) ;
#3030 = VECTOR ( 'NONE', #2218, 1000.000000000000000 ) ;
#3031 = ORIENTED_EDGE ( 'NONE', *, *, #237, .F. ) ;
#3032 = LINE ( 'NONE', #924, #643 ) ;
#3033 = EDGE_LOOP ( 'NONE', ( #1600, #3283, #880, #1450 ) ) ;
#3034 = PRESENTATION_STYLE_ASSIGNMENT (( #1744 ) ) ;
#3035 = VECTOR ( 'NONE', #914, 1000.000000000000000 ) ;
#3036 = SURFACE_SIDE_STYLE ('',( #2254 ) ) ;
#3037 = MECHANICAL_DESIGN_GEOMETRIC_PRESENTATION_REPRESENTATION (  '', ( #1168 ), #3145 ) ;
#3038 = ORIENTED_EDGE ( 'NONE', *, *, #2861, .T. ) ;
#3039 = LINE ( 'NONE', #193, #1475 ) ;
#3040 = DIRECTION ( 'NONE',  ( 1.000000000000000000, 0.000000000000000000, 0.000000000000000000 ) ) ;
#3041 = DIRECTION ( 'NONE',  ( -0.000000000000000000, -1.000000000000000000, -0.000000000000000000 ) ) ;
#3042 = ADVANCED_FACE ( 'NONE', ( #1364 ), #1107, .T. ) ;
#3043 = EDGE_CURVE ( 'NONE', #267, #822, #2738, .T. ) ;
#3044 = FILL_AREA_STYLE_COLOUR ( '', #2157 ) ;
#3045 = FACE_BOUND ( 'NONE', #1446, .T. ) ;
#3046 = LINE ( 'NONE', #1028, #1218 ) ;
#3047 = DIRECTION ( 'NONE',  ( 0.000000000000000000, 0.000000000000000000, -1.000000000000000000 ) ) ;
#3048 = VERTEX_POINT ( 'NONE', #2725 ) ;
#3049 = FILL_AREA_STYLE ('',( #2038 ) ) ;
#3050 = VERTEX_POINT ( 'NONE', #2975 ) ;
#3051 = CARTESIAN_POINT ( 'NONE',  ( 1.299999999999999600, 0.6250000000000001110, 0.4870000000000000440 ) ) ;
#3052 = ORIENTED_EDGE ( 'NONE', *, *, #3106, .F. ) ;
#3053 = CARTESIAN_POINT ( 'NONE',  ( 1.050000000000000044, 0.9000000000000000222, 0.4970000000000000528 ) ) ;
#3054 =( NAMED_UNIT ( * ) PLANE_ANGLE_UNIT ( ) SI_UNIT ( $, .RADIAN. ) );
#3055 =( LENGTH_UNIT ( ) NAMED_UNIT ( * ) SI_UNIT ( .MILLI., .METRE. ) );
#3056 = CARTESIAN_POINT ( 'NONE',  ( -1.649999999999999467, -0.3749999999999998890, 0.4970000000000000528 ) ) ;
#3057 = CARTESIAN_POINT ( 'NONE',  ( 1.264394284373792088, 1.565992921013407146, 0.01000000000000000021 ) ) ;
#3058 = CARTESIAN_POINT ( 'NONE',  ( -1.649999999999999467, -1.375000000000000000, 0.4870000000000000440 ) ) ;
#3059 = DIRECTION ( 'NONE',  ( -1.000000000000000000, 0.000000000000000000, -0.000000000000000000 ) ) ;
#3060 = DIRECTION ( 'NONE',  ( 1.000000000000000000, -0.000000000000000000, -0.000000000000000000 ) ) ;
#3061 = DIRECTION ( 'NONE',  ( -0.000000000000000000, -1.000000000000000000, -0.000000000000000000 ) ) ;
#3062 = SURFACE_SIDE_STYLE ('',( #2513 ) ) ;
#3063 = ORIENTED_EDGE ( 'NONE', *, *, #1583, .T. ) ;
#3064 =( NAMED_UNIT ( * ) PLANE_ANGLE_UNIT ( ) SI_UNIT ( $, .RADIAN. ) );
#3065 = VERTEX_POINT ( 'NONE', #2024 ) ;
#3066 =( NAMED_UNIT ( * ) SI_UNIT ( $, .STERADIAN. ) SOLID_ANGLE_UNIT ( ) );
#3067 = DIRECTION ( 'NONE',  ( -0.000000000000000000, -0.000000000000000000, 1.000000000000000000 ) ) ;
#3068 = CARTESIAN_POINT ( 'NONE',  ( 1.589192816139537667, 1.565992921013407146, 0.01000000000000000021 ) ) ;
#3069 = VERTEX_POINT ( 'NONE', #2706 ) ;
#3070 = EDGE_CURVE ( 'NONE', #1945, #3213, #2010, .T. ) ;
#3071 = FACE_BOUND ( 'NONE', #678, .T. ) ;
#3072 = PRESENTATION_LAYER_ASSIGNMENT (  '', '', ( #985 ) ) ;
#3073 = MECHANICAL_DESIGN_GEOMETRIC_PRESENTATION_REPRESENTATION (  '', ( #1318 ), #26 ) ;
#3074 = DIRECTION ( 'NONE',  ( 0.000000000000000000, -0.000000000000000000, 1.000000000000000000 ) ) ;
#3075 =( GEOMETRIC_REPRESENTATION_CONTEXT ( 3 ) GLOBAL_UNCERTAINTY_ASSIGNED_CONTEXT ( ( #2982 ) ) GLOBAL_UNIT_ASSIGNED_CONTEXT ( ( #2538, #203, #2791 ) ) REPRESENTATION_CONTEXT ( 'NONE', 'WORKASPACE' ) );
#3076 = PLANE ( 'NONE',  #2391 ) ;
#3077 = EDGE_LOOP ( 'NONE', ( #2518, #1068, #2602, #155 ) ) ;
#3078 = DIRECTION ( 'NONE',  ( 1.000000000000000000, -3.097720492815726673E-16, -0.000000000000000000 ) ) ;
#3079 = ORIENTED_EDGE ( 'NONE', *, *, #3001, .F. ) ;
#3080 = SURFACE_STYLE_FILL_AREA ( #1512 ) ;
#3081 = EDGE_LOOP ( 'NONE', ( #801, #3319, #2660, #297 ) ) ;
#3082 = VECTOR ( 'NONE', #2713, 1000.000000000000000 ) ;
#3083 = SURFACE_SIDE_STYLE ('',( #515 ) ) ;
#3084 = CARTESIAN_POINT ( 'NONE',  ( 1.200000000000000178, 1.199999999999999734, 0.000000000000000000 ) ) ;
#3085 = VECTOR ( 'NONE', #1378, 1000.000000000000000 ) ;
#3086 = LINE ( 'NONE', #1108, #171 ) ;
#3087 = EDGE_LOOP ( 'NONE', ( #146, #2359, #688, #443 ) ) ;
#3088 = FACE_OUTER_BOUND ( 'NONE', #2634, .T. ) ;
#3089 = PRESENTATION_STYLE_ASSIGNMENT (( #830 ) ) ;
#3090 = LINE ( 'NONE', #1344, #245 ) ;
#3091 = UNCERTAINTY_MEASURE_WITH_UNIT (LENGTH_MEASURE( 1.000000000000000082E-05 ), #1122, 'distance_accuracy_value', 'NONE');
#3092 = EDGE_LOOP ( 'NONE', ( #1692, #2641, #527, #1063, #3129 ) ) ;
#3093 = EDGE_LOOP ( 'NONE', ( #511, #1844, #499, #2991 ) ) ;
#3094 =( NAMED_UNIT ( * ) SI_UNIT ( $, .STERADIAN. ) SOLID_ANGLE_UNIT ( ) );
#3095 = EDGE_LOOP ( 'NONE', ( #1024, #1653, #2051, #1069 ) ) ;
#3096 = DIRECTION ( 'NONE',  ( 0.000000000000000000, 0.000000000000000000, 1.000000000000000000 ) ) ;
#3097 = CARTESIAN_POINT ( 'NONE',  ( 1.649999999999999467, 1.125000000000000222, 0.4870000000000000440 ) ) ;
#3098 = EDGE_CURVE ( 'NONE', #1846, #2078, #1178, .T. ) ;
#3099 = VECTOR ( 'NONE', #1373, 1000.000000000000000 ) ;
#3100 = DIRECTION ( 'NONE',  ( 1.000000000000000000, -3.097720492815726673E-16, -0.000000000000000000 ) ) ;
#3101 = DIRECTION ( 'NONE',  ( 0.000000000000000000, -1.000000000000000000, 0.000000000000000000 ) ) ;
#3102 = ORIENTED_EDGE ( 'NONE', *, *, #2489, .F. ) ;
#3103 = PLANE ( 'NONE',  #538 ) ;
#3104 = SURFACE_STYLE_FILL_AREA ( #506 ) ;
#3105 = COLOUR_RGB ( '',0.6470588235294117974, 0.5176470588235293491, 0.000000000000000000 ) ;
#3106 = EDGE_CURVE ( 'NONE', #1890, #1159, #154, .T. ) ;
#3107 = DIRECTION ( 'NONE',  ( -0.000000000000000000, 1.000000000000000000, -0.000000000000000000 ) ) ;
#3108 = PLANE ( 'NONE',  #1438 ) ;
#3109 =( GEOMETRIC_REPRESENTATION_CONTEXT ( 3 ) GLOBAL_UNCERTAINTY_ASSIGNED_CONTEXT ( ( #1524 ) ) GLOBAL_UNIT_ASSIGNED_CONTEXT ( ( #978, #3261, #440 ) ) REPRESENTATION_CONTEXT ( 'NONE', 'WORKASPACE' ) );
#3110 = EDGE_CURVE ( 'NONE', #1250, #3301, #3032, .T. ) ;
#3111 = SURFACE_STYLE_USAGE ( .BOTH. , #2847 ) ;
#3112 = SURFACE_STYLE_FILL_AREA ( #2066 ) ;
#3113 = ORIENTED_EDGE ( 'NONE', *, *, #2863, .T. ) ;
#3114 = VERTEX_POINT ( 'NONE', #962 ) ;
#3115 =( NAMED_UNIT ( * ) PLANE_ANGLE_UNIT ( ) SI_UNIT ( $, .RADIAN. ) );
#3116 = VECTOR ( 'NONE', #2632, 1000.000000000000000 ) ;
#3117 = COLOUR_RGB ( '',0.6470588235294117974, 0.5176470588235293491, 0.000000000000000000 ) ;
#3118 = EDGE_CURVE ( 'NONE', #1002, #1348, #1761, .T. ) ;
#3119 = LINE ( 'NONE', #1073, #586 ) ;
#3120 = CARTESIAN_POINT ( 'NONE',  ( -1.649999999999999467, 1.125000000000000222, 0.4870000000000000440 ) ) ;
#3121 = ORIENTED_EDGE ( 'NONE', *, *, #691, .T. ) ;
#3122 = SURFACE_STYLE_FILL_AREA ( #257 ) ;
#3123 = FILL_AREA_STYLE_COLOUR ( '', #1586 ) ;
#3124 = SURFACE_SIDE_STYLE ('',( #1626 ) ) ;
#3125 = AXIS2_PLACEMENT_3D ( 'NONE', #1967, #1749, #140 ) ;
#3126 = SURFACE_SIDE_STYLE ('',( #1100 ) ) ;
#3127 = UNCERTAINTY_MEASURE_WITH_UNIT (LENGTH_MEASURE( 1.000000000000000082E-05 ), #2776, 'distance_accuracy_value', 'NONE');
#3128 =( NAMED_UNIT ( * ) SI_UNIT ( $, .STERADIAN. ) SOLID_ANGLE_UNIT ( ) );
#3129 = ORIENTED_EDGE ( 'NONE', *, *, #3070, .F. ) ;
#3130 = COLOUR_RGB ( '',0.6470588235294117974, 0.5176470588235293491, 0.000000000000000000 ) ;
#3131 = CARTESIAN_POINT ( 'NONE',  ( 1.299999999999999600, -0.1250000000000001110, 0.4870000000000000440 ) ) ;
#3132 = ORIENTED_EDGE ( 'NONE', *, *, #2610, .T. ) ;
#3133 = FILL_AREA_STYLE_COLOUR ( '', #2457 ) ;
#3134 = LINE ( 'NONE', #2937, #492 ) ;
#3135 = DIRECTION ( 'NONE',  ( -0.000000000000000000, -0.000000000000000000, 1.000000000000000000 ) ) ;
#3136 = MECHANICAL_DESIGN_GEOMETRIC_PRESENTATION_REPRESENTATION (  '', ( #995 ), #1642 ) ;
#3137 = VECTOR ( 'NONE', #863, 1000.000000000000000 ) ;
#3138 = ORIENTED_EDGE ( 'NONE', *, *, #2489, .T. ) ;
#3139 = CARTESIAN_POINT ( 'NONE',  ( -1.299999999999999600, 0.8749999999999998890, 0.4870000000000000440 ) ) ;
#3140 = CARTESIAN_POINT ( 'NONE',  ( 1.299999999999999600, -0.6250000000000001110, 0.4870000000000000440 ) ) ;
#3141 = DIRECTION ( 'NONE',  ( 0.000000000000000000, -0.000000000000000000, -1.000000000000000000 ) ) ;
#3142 = ADVANCED_FACE ( 'NONE', ( #986 ), #909, .F. ) ;
#3143 = PLANE ( 'NONE',  #37 ) ;
#3144 = ADVANCED_FACE ( 'NONE', ( #657 ), #1214, .T. ) ;
#3145 =( GEOMETRIC_REPRESENTATION_CONTEXT ( 3 ) GLOBAL_UNCERTAINTY_ASSIGNED_CONTEXT ( ( #2590 ) ) GLOBAL_UNIT_ASSIGNED_CONTEXT ( ( #359, #1117, #1360 ) ) REPRESENTATION_CONTEXT ( 'NONE', 'WORKASPACE' ) );
#3146 = ORIENTED_EDGE ( 'NONE', *, *, #3110, .F. ) ;
#3147 =( LENGTH_UNIT ( ) NAMED_UNIT ( * ) SI_UNIT ( .MILLI., .METRE. ) );
#3148 = VERTEX_POINT ( 'NONE', #1845 ) ;
#3149 = VERTEX_POINT ( 'NONE', #1827 ) ;
#3150 = FACE_OUTER_BOUND ( 'NONE', #740, .T. ) ;
#3151 = FILL_AREA_STYLE ('',( #2139 ) ) ;
#3152 = PLANE ( 'NONE',  #1740 ) ;
#3153 = VERTEX_POINT ( 'NONE', #2807 ) ;
#3154 = PLANE ( 'NONE',  #3125 ) ;
#3155 = DIRECTION ( 'NONE',  ( -1.000000000000000000, 0.000000000000000000, 0.000000000000000000 ) ) ;
#3156 = FILL_AREA_STYLE_COLOUR ( '', #3297 ) ;
#3157 = SURFACE_SIDE_STYLE ('',( #2148 ) ) ;
#3158 = SURFACE_STYLE_USAGE ( .BOTH. , #2313 ) ;
#3159 = FILL_AREA_STYLE ('',( #1457 ) ) ;
#3160 = VECTOR ( 'NONE', #3060, 1000.000000000000000 ) ;
#3161 = LINE ( 'NONE', #847, #1328 ) ;
#3162 = ORIENTED_EDGE ( 'NONE', *, *, #1685, .T. ) ;
#3163 = CARTESIAN_POINT ( 'NONE',  ( -1.299999999999999600, -1.375000000000000000, 0.4970000000000000528 ) ) ;
#3164 = PLANE ( 'NONE',  #2121 ) ;
#3165 = FILL_AREA_STYLE_COLOUR ( '', #2302 ) ;
#3166 = EDGE_CURVE ( 'NONE', #3265, #1329, #299, .T. ) ;
#3167 = ORIENTED_EDGE ( 'NONE', *, *, #2996, .F. ) ;
#3168 = MECHANICAL_DESIGN_GEOMETRIC_PRESENTATION_REPRESENTATION (  '', ( #62 ), #275 ) ;
#3169 =( NAMED_UNIT ( * ) PLANE_ANGLE_UNIT ( ) SI_UNIT ( $, .RADIAN. ) );
#3170 = VERTEX_POINT ( 'NONE', #2820 ) ;
#3171 = CARTESIAN_POINT ( 'NONE',  ( 0.000000000000000000, 0.000000000000000000, 0.4870000000000000440 ) ) ;
#3172 = LINE ( 'NONE', #1113, #1968 ) ;
#3173 = MECHANICAL_DESIGN_GEOMETRIC_PRESENTATION_REPRESENTATION (  '', ( #175 ), #2537 ) ;
#3174 = DIRECTION ( 'NONE',  ( -0.000000000000000000, -0.000000000000000000, 1.000000000000000000 ) ) ;
#3175 = LINE ( 'NONE', #1918, #997 ) ;
#3176 = FILL_AREA_STYLE ('',( #1643 ) ) ;
#3177 = VERTEX_POINT ( 'NONE', #48 ) ;
#3178 = FILL_AREA_STYLE ('',( #1388 ) ) ;
#3179 = ADVANCED_FACE ( 'NONE', ( #2581 ), #1058, .F. ) ;
#3180 = LINE ( 'NONE', #867, #2444 ) ;
#3181 = VERTEX_POINT ( 'NONE', #800 ) ;
#3182 = DIRECTION ( 'NONE',  ( 0.000000000000000000, 0.000000000000000000, 1.000000000000000000 ) ) ;
#3183 = DIRECTION ( 'NONE',  ( -0.000000000000000000, -0.000000000000000000, -1.000000000000000000 ) ) ;
#3184 = COLOUR_RGB ( '',0.6470588235294117974, 0.5176470588235293491, 0.000000000000000000 ) ;
#3185 = STYLED_ITEM ( 'NONE', ( #1639 ), #1949 ) ;
#3186 = ORIENTED_EDGE ( 'NONE', *, *, #2132, .T. ) ;
#3187 = ORIENTED_EDGE ( 'NONE', *, *, #1290, .T. ) ;
#3188 = AXIS2_PLACEMENT_3D ( 'NONE', #1971, #901, #1403 ) ;
#3189 = COLOUR_RGB ( '',0.6470588235294117974, 0.5176470588235293491, 0.000000000000000000 ) ;
#3190 = VECTOR ( 'NONE', #1347, 1000.000000000000000 ) ;
#3191 = EDGE_CURVE ( 'NONE', #843, #1321, #2086, .T. ) ;
#3192 =( NAMED_UNIT ( * ) SI_UNIT ( $, .STERADIAN. ) SOLID_ANGLE_UNIT ( ) );
#3193 = DIRECTION ( 'NONE',  ( 1.000000000000000000, 0.000000000000000000, -0.000000000000000000 ) ) ;
#3194 =( NAMED_UNIT ( * ) SI_UNIT ( $, .STERADIAN. ) SOLID_ANGLE_UNIT ( ) );
#3195 = CARTESIAN_POINT ( 'NONE',  ( 1.750000000000000444, -1.750000000000000000, 0.4970000000000000528 ) ) ;
#3196 = CARTESIAN_POINT ( 'NONE',  ( -1.649999999999999467, 0.8749999999999998890, 0.4870000000000000440 ) ) ;
#3197 = VECTOR ( 'NONE', #559, 1000.000000000000000 ) ;
#3198 =( LENGTH_UNIT ( ) NAMED_UNIT ( * ) SI_UNIT ( .MILLI., .METRE. ) );
#3199 = EDGE_LOOP ( 'NONE', ( #2195, #2228, #166, #321 ) ) ;
#3200 = SURFACE_SIDE_STYLE ('',( #855 ) ) ;
#3201 = SURFACE_STYLE_USAGE ( .BOTH. , #1161 ) ;
#3202 = ORIENTED_EDGE ( 'NONE', *, *, #2884, .T. ) ;
#3203 = EDGE_CURVE ( 'NONE', #1094, #2381, #2535, .T. ) ;
#3204 = CARTESIAN_POINT ( 'NONE',  ( -1.299999999999999600, -0.6250000000000001110, 0.4970000000000000528 ) ) ;
#3205 = EDGE_CURVE ( 'NONE', #3236, #1712, #755, .T. ) ;
#3206 = CARTESIAN_POINT ( 'NONE',  ( 1.649999999999999467, 1.125000000000000222, 0.4970000000000000528 ) ) ;
#3207 = PRESENTATION_LAYER_ASSIGNMENT (  '', '', ( #2772 ) ) ;
#3208 = CARTESIAN_POINT ( 'NONE',  ( -1.649999999999999467, -0.6250000000000001110, 0.4870000000000000440 ) ) ;
#3209 = SURFACE_STYLE_FILL_AREA ( #1938 ) ;
#3210 = EDGE_CURVE ( 'NONE', #1712, #1460, #1556, .T. ) ;
#3211 = CARTESIAN_POINT ( 'NONE',  ( 1.649999999999999467, 0.8749999999999998890, 0.4970000000000000528 ) ) ;
#3212 = CARTESIAN_POINT ( 'NONE',  ( 1.299999999999999600, 0.8749999999999998890, 0.4870000000000000440 ) ) ;
#3213 = VERTEX_POINT ( 'NONE', #3053 ) ;
#3214 = CARTESIAN_POINT ( 'NONE',  ( -1.649999999999999467, -0.3749999999999998890, 0.4870000000000000440 ) ) ;
#3215 = ORIENTED_EDGE ( 'NONE', *, *, #1511, .T. ) ;
#3216 = AXIS2_PLACEMENT_3D ( 'NONE', #1821, #2814, #1065 ) ;
#3217 = FILL_AREA_STYLE_COLOUR ( '', #3130 ) ;
#3218 = ORIENTED_EDGE ( 'NONE', *, *, #1900, .F. ) ;
#3219 =( NAMED_UNIT ( * ) PLANE_ANGLE_UNIT ( ) SI_UNIT ( $, .RADIAN. ) );
#3220 =( NAMED_UNIT ( * ) SI_UNIT ( $, .STERADIAN. ) SOLID_ANGLE_UNIT ( ) );
#3221 = ORIENTED_EDGE ( 'NONE', *, *, #1435, .T. ) ;
#3222 = CARTESIAN_POINT ( 'NONE',  ( -1.050000000000000044, -1.199999999999999956, 0.4870000000000000440 ) ) ;
#3223 =( NAMED_UNIT ( * ) SI_UNIT ( $, .STERADIAN. ) SOLID_ANGLE_UNIT ( ) );
#3224 = DIRECTION ( 'NONE',  ( -0.000000000000000000, -0.000000000000000000, 1.000000000000000000 ) ) ;
#3225 = LINE ( 'NONE', #632, #2127 ) ;
#3226 = PLANE ( 'NONE',  #2236 ) ;
#3227 = UNCERTAINTY_MEASURE_WITH_UNIT (LENGTH_MEASURE( 1.000000000000000082E-05 ), #2448, 'distance_accuracy_value', 'NONE');
#3228 = LINE ( 'NONE', #2700, #1317 ) ;
#3229 = CARTESIAN_POINT ( 'NONE',  ( 1.200000000000000178, -1.200000000000000178, 0.000000000000000000 ) ) ;
#3230 = LINE ( 'NONE', #3251, #2128 ) ;
#3231 = ORIENTED_EDGE ( 'NONE', *, *, #104, .F. ) ;
#3232 = PRESENTATION_LAYER_ASSIGNMENT (  '', '', ( #2594 ) ) ;
#3233 = SURFACE_SIDE_STYLE ('',( #167 ) ) ;
#3234 = VECTOR ( 'NONE', #1323, 1000.000000000000000 ) ;
#3235 = DIRECTION ( 'NONE',  ( -1.000000000000000000, 0.000000000000000000, -0.000000000000000000 ) ) ;
#3236 = VERTEX_POINT ( 'NONE', #2566 ) ;
#3237 = VECTOR ( 'NONE', #2488, 1000.000000000000000 ) ;
#3238 = LINE ( 'NONE', #1465, #1147 ) ;
#3239 = ORIENTED_EDGE ( 'NONE', *, *, #2, .T. ) ;
#3240 = CARTESIAN_POINT ( 'NONE',  ( -1.649999999999999467, 0.3749999999999998890, 0.4870000000000000440 ) ) ;
#3241 = STYLED_ITEM ( 'NONE', ( #2495 ), #1706 ) ;
#3242 = CARTESIAN_POINT ( 'NONE',  ( 1.649999999999999467, 0.6250000000000001110, 0.4970000000000000528 ) ) ;
#3243 = VECTOR ( 'NONE', #2246, 1000.000000000000000 ) ;
#3244 = FACE_OUTER_BOUND ( 'NONE', #1923, .T. ) ;
#3245 = EDGE_CURVE ( 'NONE', #754, #2453, #2312, .T. ) ;
#3246 = FILL_AREA_STYLE_COLOUR ( '', #439 ) ;
#3247 = LINE ( 'NONE', #1473, #2909 ) ;
#3248 = EDGE_CURVE ( 'NONE', #158, #1295, #1036, .T. ) ;
#3249 = DIRECTION ( 'NONE',  ( 1.000000000000000000, 0.000000000000000000, 0.000000000000000000 ) ) ;
#3250 = LINE ( 'NONE', #1991, #2034 ) ;
#3251 = CARTESIAN_POINT ( 'NONE',  ( 1.750000000000000444, 1.750000000000000000, 0.4970000000000000528 ) ) ;
#3252 = VERTEX_POINT ( 'NONE', #3163 ) ;
#3253 =( LENGTH_UNIT ( ) NAMED_UNIT ( * ) SI_UNIT ( .MILLI., .METRE. ) );
#3254 =( LENGTH_UNIT ( ) NAMED_UNIT ( * ) SI_UNIT ( .MILLI., .METRE. ) );
#3255 = VECTOR ( 'NONE', #1722, 1000.000000000000000 ) ;
#3256 = AXIS2_PLACEMENT_3D ( 'NONE', #2897, #824, #1349 ) ;
#3257 = EDGE_LOOP ( 'NONE', ( #2023, #1019, #949, #427 ) ) ;
#3258 = ORIENTED_EDGE ( 'NONE', *, *, #1060, .F. ) ;
#3259 = LINE ( 'NONE', #1203, #341 ) ;
#3260 = DIRECTION ( 'NONE',  ( 0.000000000000000000, 0.000000000000000000, -1.000000000000000000 ) ) ;
#3261 =( NAMED_UNIT ( * ) PLANE_ANGLE_UNIT ( ) SI_UNIT ( $, .RADIAN. ) );
#3262 = PLANE ( 'NONE',  #593 ) ;
#3263 = CARTESIAN_POINT ( 'NONE',  ( -1.649999999999999467, -0.1250000000000000000, 0.4970000000000000528 ) ) ;
#3264 =( NAMED_UNIT ( * ) SI_UNIT ( $, .STERADIAN. ) SOLID_ANGLE_UNIT ( ) );
#3265 = VERTEX_POINT ( 'NONE', #1601 ) ;
#3266 = DIRECTION ( 'NONE',  ( -0.000000000000000000, 1.000000000000000000, -0.000000000000000000 ) ) ;
#3267 = ORIENTED_EDGE ( 'NONE', *, *, #1224, .F. ) ;
#3268 = VECTOR ( 'NONE', #890, 1000.000000000000000 ) ;
#3269 = PRESENTATION_LAYER_ASSIGNMENT (  '', '', ( #1399 ) ) ;
#3270 = LINE ( 'NONE', #1690, #232 ) ;
#3271 = EDGE_LOOP ( 'NONE', ( #770, #638, #1865, #1813 ) ) ;
#3272 = CARTESIAN_POINT ( 'NONE',  ( 1.299999999999999600, -0.1250000000000001110, 0.4870000000000000440 ) ) ;
#3273 =( NAMED_UNIT ( * ) SI_UNIT ( $, .STERADIAN. ) SOLID_ANGLE_UNIT ( ) );
#3274 = FILL_AREA_STYLE_COLOUR ( '', #2077 ) ;
#3275 = VECTOR ( 'NONE', #2824, 1000.000000000000000 ) ;
#3276 = EDGE_CURVE ( 'NONE', #2134, #2052, #2135, .T. ) ;
#3277 = PLANE ( 'NONE',  #3216 ) ;
#3278 = SURFACE_SIDE_STYLE ('',( #747 ) ) ;
#3279 =( NAMED_UNIT ( * ) PLANE_ANGLE_UNIT ( ) SI_UNIT ( $, .RADIAN. ) );
#3280 = LINE ( 'NONE', #3229, #2977 ) ;
#3281 = STYLED_ITEM ( 'NONE', ( #2850 ), #1337 ) ;
#3282 = SURFACE_STYLE_USAGE ( .BOTH. , #2516 ) ;
#3283 = ORIENTED_EDGE ( 'NONE', *, *, #3191, .F. ) ;
#3284 = DIRECTION ( 'NONE',  ( -0.000000000000000000, 0.000000000000000000, 1.000000000000000000 ) ) ;
#3285 = ORIENTED_EDGE ( 'NONE', *, *, #811, .T. ) ;
#3286 = LINE ( 'NONE', #1285, #988 ) ;
#3287 = DIRECTION ( 'NONE',  ( -0.000000000000000000, 1.000000000000000000, 0.000000000000000000 ) ) ;
#3288 = STYLED_ITEM ( 'NONE', ( #1617 ), #2378 ) ;
#3289 = ORIENTED_EDGE ( 'NONE', *, *, #1308, .F. ) ;
#3290 =( NAMED_UNIT ( * ) PLANE_ANGLE_UNIT ( ) SI_UNIT ( $, .RADIAN. ) );
#3291 = SURFACE_STYLE_FILL_AREA ( #1352 ) ;
#3292 = COLOUR_RGB ( '',0.6470588235294117974, 0.5176470588235293491, 0.000000000000000000 ) ;
#3293 = LINE ( 'NONE', #1989, #3243 ) ;
#3294 = UNCERTAINTY_MEASURE_WITH_UNIT (LENGTH_MEASURE( 1.000000000000000082E-05 ), #1655, 'distance_accuracy_value', 'NONE');
#3295 = MECHANICAL_DESIGN_GEOMETRIC_PRESENTATION_REPRESENTATION (  '', ( #192 ), #1707 ) ;
#3296 = DIRECTION ( 'NONE',  ( -0.000000000000000000, 1.000000000000000000, -0.000000000000000000 ) ) ;
#3297 = COLOUR_RGB ( '',0.6470588235294117974, 0.5176470588235293491, 0.000000000000000000 ) ;
#3298 = CARTESIAN_POINT ( 'NONE',  ( -1.050000000000000044, 1.199999999999999956, 0.4870000000000000440 ) ) ;
#3299 = VERTEX_POINT ( 'NONE', #363 ) ;
#3300 = CARTESIAN_POINT ( 'NONE',  ( -1.299999999999999600, 1.125000000000000222, 0.4970000000000000528 ) ) ;
#3301 = VERTEX_POINT ( 'NONE', #346 ) ;
#3302 = CARTESIAN_POINT ( 'NONE',  ( -1.649999999999999467, 1.125000000000000222, 0.4970000000000000528 ) ) ;
#3303 = ORIENTED_EDGE ( 'NONE', *, *, #1933, .F. ) ;
#3304 = CARTESIAN_POINT ( 'NONE',  ( 1.200000000000000178, -1.200000000000000178, 0.000000000000000000 ) ) ;
#3305 = FILL_AREA_STYLE ('',( #2659 ) ) ;
#3306 = MECHANICAL_DESIGN_GEOMETRIC_PRESENTATION_REPRESENTATION (  '', ( #2401 ), #253 ) ;
#3307 = STYLED_ITEM ( 'NONE', ( #3318 ), #852 ) ;
#3308 = VERTEX_POINT ( 'NONE', #1154 ) ;
#3309 =( NAMED_UNIT ( * ) PLANE_ANGLE_UNIT ( ) SI_UNIT ( $, .RADIAN. ) );
#3310 = FILL_AREA_STYLE ('',( #1786 ) ) ;
#3311 = FACE_BOUND ( 'NONE', #1721, .T. ) ;
#3312 = ADVANCED_FACE ( 'NONE', ( #620 ), #849, .F. ) ;
#3313 = LINE ( 'NONE', #196, #791 ) ;
#3314 = FILL_AREA_STYLE_COLOUR ( '', #169 ) ;
#3315 = ADVANCED_FACE ( 'NONE', ( #2613 ), #2191, .F. ) ;
#3316 = DIRECTION ( 'NONE',  ( -0.000000000000000000, -0.000000000000000000, 1.000000000000000000 ) ) ;
#3317 = SURFACE_STYLE_USAGE ( .BOTH. , #1776 ) ;
#3318 = PRESENTATION_STYLE_ASSIGNMENT (( #295 ) ) ;
#3319 = ORIENTED_EDGE ( 'NONE', *, *, #2843, .T. ) ;
#3320 = ORIENTED_EDGE ( 'NONE', *, *, #1394, .F. ) ;
#3321 = VERTEX_POINT ( 'NONE', #1134 ) ;
#3322 = CARTESIAN_POINT ( 'NONE',  ( 1.649999999999999467, 0.8749999999999998890, 0.4870000000000000440 ) ) ;
ENDSEC;
END-ISO-10303-21;
