ISO-10303-21;
HEADER;
FILE_DESCRIPTION (( 'STEP AP203' ),
    '1' );
FILE_NAME ('1935161.STEP',
    '2021-03-23T09:18:46',
    ( 'Admin' ),
    ( '' ),
    'SwSTEP 2.0',
    'SolidWorks 2018',
    '' );
FILE_SCHEMA (( 'CONFIG_CONTROL_DESIGN' ));
ENDSEC;

DATA;
#1 = CARTESIAN_POINT ( 'NONE',  ( 48.38432012885201061, 44.35259148767056558, 31.22062160604216530 ) ) ;
#2 = DIRECTION ( 'NONE',  ( 3.278217592396828322E-15, -1.000000000000000000, 0.0000000000000000000 ) ) ;
#3 = CARTESIAN_POINT ( 'NONE',  ( 42.37286384697348751, 40.75259148767059258, 29.03141741862073744 ) ) ;
#4 = CARTESIAN_POINT ( 'NONE',  ( 40.46101733332370287, 45.90997719457981674, 37.22499544334338850 ) ) ;
#5 = ORIENTED_EDGE ( 'NONE', *, *, #1537, .F. ) ;
#6 = CARTESIAN_POINT ( 'NONE',  ( 40.67286384697388257, 43.50279148767113924, 37.32062160601148548 ) ) ;
#7 = DIRECTION ( 'NONE',  ( 0.0000000000000000000, 1.000000000000000000, 0.0000000000000000000 ) ) ;
#8 = AXIS2_PLACEMENT_3D ( 'NONE', #2531, #5563, #2961 ) ;
#9 = CARTESIAN_POINT ( 'NONE',  ( 43.02986384697403821, 46.10259148767076454, 37.74947806369631564 ) ) ;
#10 = DIRECTION ( 'NONE',  ( 1.000000000000000000, -1.387778780781444413E-14, 0.0000000000000000000 ) ) ;
#11 = DIRECTION ( 'NONE',  ( -2.298141435449797094E-16, 1.000000000000000000, 6.123233995743351792E-17 ) ) ;
#12 = EDGE_CURVE ( 'NONE', #5414, #6847, #624, .T. ) ;
#13 = ADVANCED_FACE ( 'NONE', ( #1471 ), #5189, .F. ) ;
#14 = EDGE_CURVE ( 'NONE', #3487, #6193, #6180, .T. ) ;
#15 = AXIS2_PLACEMENT_3D ( 'NONE', #6631, #2139, #3834 ) ;
#16 = DIRECTION ( 'NONE',  ( -8.006416042969820279E-15, 2.668805347656606760E-15, -1.000000000000000000 ) ) ;
#17 = CARTESIAN_POINT ( 'NONE',  ( 39.67286384697388968, 43.50279148767114634, 37.62062160604307337 ) ) ;
#18 = CARTESIAN_POINT ( 'NONE',  ( 41.01927400848769167, 45.50239148767074226, 37.62062160604274652 ) ) ;
#19 = DIRECTION ( 'NONE',  ( -8.673617379883486425E-15, -1.000000000000000000, 6.940126499071197463E-29 ) ) ;
#20 = CARTESIAN_POINT ( 'NONE',  ( 46.16605090895094321, 50.40259148767076880, 37.92765156762960288 ) ) ;
#21 = EDGE_CURVE ( 'NONE', #6794, #3592, #423, .T. ) ;
#22 = ORIENTED_EDGE ( 'NONE', *, *, #3645, .T. ) ;
#23 = VERTEX_POINT ( 'NONE', #1662 ) ;
#24 = EDGE_LOOP ( 'NONE', ( #6611, #4759, #4232, #1978 ) ) ;
#25 = DIRECTION ( 'NONE',  ( 1.000000000000000000, 0.0000000000000000000, 0.0000000000000000000 ) ) ;
#26 = ORIENTED_EDGE ( 'NONE', *, *, #1992, .T. ) ;
#27 = EDGE_CURVE ( 'NONE', #2892, #151, #3967, .T. ) ;
#28 = VECTOR ( 'NONE', #444, 1000.000000000000000 ) ;
#29 = CARTESIAN_POINT ( 'NONE',  ( 42.25739498568951547, 41.96678714891210404, 37.62062160604307337 ) ) ;
#30 = VECTOR ( 'NONE', #837, 1000.000000000000000 ) ;
#31 = DIRECTION ( 'NONE',  ( -8.000000000000000622E-15, 1.232595164407829988E-32, -1.000000000000000000 ) ) ;
#32 = ORIENTED_EDGE ( 'NONE', *, *, #6445, .F. ) ;
#33 = ORIENTED_EDGE ( 'NONE', *, *, #2647, .F. ) ;
#34 = ORIENTED_EDGE ( 'NONE', *, *, #3634, .F. ) ;
#35 = LINE ( 'NONE', #361, #1810 ) ;
#36 = LINE ( 'NONE', #2328, #1371 ) ;
#37 = ORIENTED_EDGE ( 'NONE', *, *, #268, .F. ) ;
#38 = VECTOR ( 'NONE', #104, 1000.000000000000000 ) ;
#39 = VERTEX_POINT ( 'NONE', #4283 ) ;
#40 = DIRECTION ( 'NONE',  ( -1.000000000000000000, 7.308354949845822282E-15, 0.0000000000000000000 ) ) ;
#41 = CARTESIAN_POINT ( 'NONE',  ( 46.30657432872821744, 49.80360732423429226, 35.47062160604269820 ) ) ;
#42 = VERTEX_POINT ( 'NONE', #3097 ) ;
#43 = EDGE_CURVE ( 'NONE', #634, #174, #2069, .T. ) ;
#44 = EDGE_CURVE ( 'NONE', #3724, #4446, #6684, .T. ) ;
#45 = DIRECTION ( 'NONE',  ( -8.000000000000000622E-15, -1.534706572270470003E-32, -1.000000000000000000 ) ) ;
#46 = EDGE_CURVE ( 'NONE', #154, #1027, #6638, .T. ) ;
#47 = EDGE_CURVE ( 'NONE', #2219, #5847, #6525, .T. ) ;
#48 = DIRECTION ( 'NONE',  ( 0.0000000000000000000, 1.000000000000000000, 0.0000000000000000000 ) ) ;
#49 = ORIENTED_EDGE ( 'NONE', *, *, #6533, .T. ) ;
#50 = VECTOR ( 'NONE', #1196, 1000.000000000000000 ) ;
#51 = CARTESIAN_POINT ( 'NONE',  ( 43.17967678499702799, 46.10259148767041637, 28.19062160604261891 ) ) ;
#52 = CARTESIAN_POINT ( 'NONE',  ( 47.14155940185079885, 48.80360732423428516, 35.47062160604269110 ) ) ;
#53 = CARTESIAN_POINT ( 'NONE',  ( 42.04659917311118278, 39.82760001385910442, 37.62062160604307337 ) ) ;
#54 = CARTESIAN_POINT ( 'NONE',  ( 46.16605090895094321, 46.10259148767076454, 37.92765156762960288 ) ) ;
#55 = DIRECTION ( 'NONE',  ( 0.0000000000000000000, 0.0000000000000000000, 1.000000000000000000 ) ) ;
#56 = DIRECTION ( 'NONE',  ( -0.0000000000000000000, -1.000000000000000000, -0.0000000000000000000 ) ) ;
#57 = VERTEX_POINT ( 'NONE', #2089 ) ;
#58 = EDGE_CURVE ( 'NONE', #814, #6349, #4502, .T. ) ;
#59 = LINE ( 'NONE', #4004, #1426 ) ;
#60 = ADVANCED_FACE ( 'NONE', ( #4593 ), #4990, .T. ) ;
#61 = DIRECTION ( 'NONE',  ( 1.000000000000000000, 0.0000000000000000000, -6.308085367188407793E-15 ) ) ;
#62 = DIRECTION ( 'NONE',  ( -8.000000000000000622E-15, -1.000000000000000000, 6.401232595164408364E-29 ) ) ;
#63 = ORIENTED_EDGE ( 'NONE', *, *, #6330, .F. ) ;
#64 = DIRECTION ( 'NONE',  ( -8.000000000000000622E-15, -1.232595164407829988E-32, -1.000000000000000000 ) ) ;
#65 = VECTOR ( 'NONE', #6759, 1000.000000000000000 ) ;
#66 = VECTOR ( 'NONE', #6390, 1000.000000000000000 ) ;
#67 = CARTESIAN_POINT ( 'NONE',  ( 44.67286384697347756, 39.80259148767053290, 30.12062160604262573 ) ) ;
#68 = DIRECTION ( 'NONE',  ( 8.068481283613048695E-15, 1.000000000000000000, 0.0000000000000000000 ) ) ;
#69 = PLANE ( 'NONE',  #4427 ) ;
#70 = FACE_OUTER_BOUND ( 'NONE', #1319, .T. ) ;
#71 = FACE_OUTER_BOUND ( 'NONE', #3017, .T. ) ;
#72 = CARTESIAN_POINT ( 'NONE',  ( 43.37286384697350883, 40.75259148767059258, 33.82062160604280621 ) ) ;
#73 = AXIS2_PLACEMENT_3D ( 'NONE', #1157, #3968, #6054 ) ;
#74 = CARTESIAN_POINT ( 'NONE',  ( 40.01927400847682748, 43.50279148767114634, 37.12062160604305205 ) ) ;
#75 = B_SPLINE_CURVE_WITH_KNOTS ( 'NONE', 3,
 ( #5922, #972, #944, #4601 ),
 .UNSPECIFIED., .F., .F.,
 ( 4, 4 ),
 ( 0.0000000000000000000, 1.000000000000000000 ),
 .UNSPECIFIED. ) ;
#76 = LINE ( 'NONE', #3092, #5510 ) ;
#77 = VERTEX_POINT ( 'NONE', #1126 ) ;
#78 = DIRECTION ( 'NONE',  ( 0.0000000000000000000, 0.0000000000000000000, 1.000000000000000000 ) ) ;
#79 = LINE ( 'NONE', #108, #2915 ) ;
#80 = DIRECTION ( 'NONE',  ( 8.000000000000000622E-15, 0.0000000000000000000, 1.000000000000000000 ) ) ;
#81 = ORIENTED_EDGE ( 'NONE', *, *, #2770, .F. ) ;
#82 = EDGE_CURVE ( 'NONE', #5033, #6141, #4259, .T. ) ;
#83 = VERTEX_POINT ( 'NONE', #6269 ) ;
#84 = EDGE_CURVE ( 'NONE', #970, #2563, #6675, .T. ) ;
#85 = ORIENTED_EDGE ( 'NONE', *, *, #6415, .T. ) ;
#86 = VECTOR ( 'NONE', #5502, 1000.000000000000000 ) ;
#87 = CARTESIAN_POINT ( 'NONE',  ( 40.01927400848794036, 42.84920164918521834, 32.22062160604244951 ) ) ;
#88 = EDGE_CURVE ( 'NONE', #2385, #5302, #1441, .T. ) ;
#89 = ADVANCED_FACE ( 'NONE', ( #1107 ), #2253, .T. ) ;
#90 = ORIENTED_EDGE ( 'NONE', *, *, #4550, .T. ) ;
#91 = ORIENTED_EDGE ( 'NONE', *, *, #5233, .F. ) ;
#92 = CARTESIAN_POINT ( 'NONE',  ( 43.17967678499713458, 46.10259148767076454, 38.19062160604261180 ) ) ;
#93 = LINE ( 'NONE', #2719, #1241 ) ;
#94 = VERTEX_POINT ( 'NONE', #5220 ) ;
#95 = DIRECTION ( 'NONE',  ( -1.000000000000000000, 8.000000000000000622E-15, 8.000000000000000622E-15 ) ) ;
#96 = LINE ( 'NONE', #3518, #1831 ) ;
#97 = ORIENTED_EDGE ( 'NONE', *, *, #6558, .T. ) ;
#98 = CC_DESIGN_PERSON_AND_ORGANIZATION_ASSIGNMENT ( #379, #2787, ( #3121 ) ) ;
#99 = CARTESIAN_POINT ( 'NONE',  ( 47.37286384697386410, 44.35259148767056558, 35.12062160604218519 ) ) ;
#100 = AXIS2_PLACEMENT_3D ( 'NONE', #6158, #1222, #130 ) ;
#101 = DIRECTION ( 'NONE',  ( 2.371197341398207874E-16, -1.000000000000000000, 1.370316553097683994E-15 ) ) ;
#102 = DIRECTION ( 'NONE',  ( 8.000000000000000622E-15, 0.0000000000000000000, 1.000000000000000000 ) ) ;
#103 = ORIENTED_EDGE ( 'NONE', *, *, #1612, .T. ) ;
#104 = DIRECTION ( 'NONE',  ( -5.384979558076334077E-14, 0.0000000000000000000, -1.000000000000000000 ) ) ;
#105 = EDGE_LOOP ( 'NONE', ( #5483, #619, #2556, #1516 ) ) ;
#106 = DIRECTION ( 'NONE',  ( 8.326672684688850758E-15, 1.000000000000000000, 8.326672684688850758E-15 ) ) ;
#107 = CARTESIAN_POINT ( 'NONE',  ( 44.67286384697376178, 48.80360732420605530, 30.12062160604270389 ) ) ;
#108 = CARTESIAN_POINT ( 'NONE',  ( 46.87967678499713742, 50.40259148767076880, 37.92765156762978762 ) ) ;
#109 = AXIS2_PLACEMENT_3D ( 'NONE', #4172, #5743, #1827 ) ;
#110 = CIRCLE ( 'NONE', #289, 0.2107958125779213487 ) ;
#111 = VECTOR ( 'NONE', #4825, 1000.000000000000000 ) ;
#112 = ORIENTED_EDGE ( 'NONE', *, *, #2824, .T. ) ;
#113 = CARTESIAN_POINT ( 'NONE',  ( 46.72986384697404105, 50.40259148767039221, 37.62062160604307337 ) ) ;
#114 = EDGE_LOOP ( 'NONE', ( #4053, #380, #1965, #3814 ) ) ;
#115 = EDGE_CURVE ( 'NONE', #3721, #4453, #6018, .T. ) ;
#116 = ORIENTED_EDGE ( 'NONE', *, *, #6530, .F. ) ;
#117 = EDGE_CURVE ( 'NONE', #1301, #3563, #2443, .T. ) ;
#118 = CARTESIAN_POINT ( 'NONE',  ( 42.84936928716430771, 49.70595866983564548, 35.47062160604273373 ) ) ;
#119 = CIRCLE ( 'NONE', #369, 1.000000000000007772 ) ;
#120 = VERTEX_POINT ( 'NONE', #4934 ) ;
#121 = AXIS2_PLACEMENT_3D ( 'NONE', #959, #2476, #25 ) ;
#122 = CARTESIAN_POINT ( 'NONE',  ( 40.46101733332376682, 46.07989443694170717, 27.92062160607411414 ) ) ;
#123 = ORIENTED_EDGE ( 'NONE', *, *, #923, .F. ) ;
#124 = CYLINDRICAL_SURFACE ( 'NONE', #1875, 0.5000000000000073275 ) ;
#125 = ADVANCED_FACE ( 'NONE', ( #1542 ), #2735, .T. ) ;
#126 = ADVANCED_FACE ( 'NONE', ( #785 ), #1640, .F. ) ;
#127 = DIRECTION ( 'NONE',  ( -8.068481283613059739E-15, -1.000000000000000000, 0.0000000000000000000 ) ) ;
#128 = PLANE ( 'NONE',  #2490 ) ;
#129 = CARTESIAN_POINT ( 'NONE',  ( 44.32286396920080307, 48.80360732423427805, 33.66202636213203192 ) ) ;
#130 = DIRECTION ( 'NONE',  ( 1.000000000000000000, -1.387778780781425323E-14, 0.0000000000000000000 ) ) ;
#131 = CARTESIAN_POINT ( 'NONE',  ( 42.82415852339116924, 49.59649040585265567, 34.77062160604272378 ) ) ;
#132 = CARTESIAN_POINT ( 'NONE',  ( 42.37286384697350172, 43.04179567509262228, 28.82062160604282397 ) ) ;
#133 = ORIENTED_EDGE ( 'NONE', *, *, #3843, .F. ) ;
#134 = CARTESIAN_POINT ( 'NONE',  ( 42.36770755987890880, 41.22639938744485733, 37.62062160604307337 ) ) ;
#135 = EDGE_CURVE ( 'NONE', #3765, #1048, #1738, .T. ) ;
#136 = DIRECTION ( 'NONE',  ( -3.957994955879629592E-13, 0.0000000000000000000, 1.000000000000000000 ) ) ;
#137 = ORIENTED_EDGE ( 'NONE', *, *, #2613, .T. ) ;
#138 = ADVANCED_FACE ( 'NONE', ( #146 ), #1448, .F. ) ;
#139 = CARTESIAN_POINT ( 'NONE',  ( 42.47802013406861477, 41.66960158304296158, 37.62062160604307337 ) ) ;
#140 = CARTESIAN_POINT ( 'NONE',  ( 42.46605090895094037, 46.10259148767076454, 37.92765156762963130 ) ) ;
#141 = DIRECTION ( 'NONE',  ( 0.0000000000000000000, 0.0000000000000000000, 1.000000000000000000 ) ) ;
#142 = DIRECTION ( 'NONE',  ( 1.000000000000000000, -1.129587379705850136E-14, 0.0000000000000000000 ) ) ;
#143 = CARTESIAN_POINT ( 'NONE',  ( 40.42286384697395363, 39.60259148767060822, 37.32062160604305490 ) ) ;
#144 = DIRECTION ( 'NONE',  ( 1.000000000000000000, 0.0000000000000000000, -9.723433716208223735E-15 ) ) ;
#145 = ORIENTED_EDGE ( 'NONE', *, *, #5687, .T. ) ;
#146 = FACE_OUTER_BOUND ( 'NONE', #2620, .T. ) ;
#147 = CARTESIAN_POINT ( 'NONE',  ( 42.67286384697371204, 37.75238908767064316, 35.12062160604271810 ) ) ;
#148 = AXIS2_PLACEMENT_3D ( 'NONE', #1531, #6288, #932 ) ;
#149 = ORIENTED_EDGE ( 'NONE', *, *, #912, .F. ) ;
#150 = DIRECTION ( 'NONE',  ( 1.000000000000000000, -0.0000000000000000000, 0.0000000000000000000 ) ) ;
#151 = VERTEX_POINT ( 'NONE', #3372 ) ;
#152 = AXIS2_PLACEMENT_3D ( 'NONE', #1057, #2037, #5419 ) ;
#153 = AXIS2_PLACEMENT_3D ( 'NONE', #2363, #4160, #763 ) ;
#154 = VERTEX_POINT ( 'NONE', #4937 ) ;
#155 = CARTESIAN_POINT ( 'NONE',  ( 40.54586727355529518, 45.77571299352008083, 37.13809223341291244 ) ) ;
#156 = EDGE_CURVE ( 'NONE', #2039, #1120, #1771, .T. ) ;
#157 = DIRECTION ( 'NONE',  ( 1.000000000000000000, 0.0000000000000000000, -6.308085367188407793E-15 ) ) ;
#158 = LINE ( 'NONE', #1530, #1355 ) ;
#159 = ORIENTED_EDGE ( 'NONE', *, *, #5150, .T. ) ;
#160 = VECTOR ( 'NONE', #2734, 1000.000000000000000 ) ;
#161 = CARTESIAN_POINT ( 'NONE',  ( 44.67286384697352020, 39.80259148767053290, 35.12062160604252625 ) ) ;
#162 = VERTEX_POINT ( 'NONE', #3249 ) ;
#163 = EDGE_CURVE ( 'NONE', #297, #2875, #3082, .T. ) ;
#164 = LINE ( 'NONE', #732, #1539 ) ;
#165 = CARTESIAN_POINT ( 'NONE',  ( 44.32286377797750276, 48.80360732423427805, 36.57921682946847142 ) ) ;
#166 = CARTESIAN_POINT ( 'NONE',  ( 46.16605090895094321, 46.10259148767076454, 38.19062160604259049 ) ) ;
#167 = ORIENTED_EDGE ( 'NONE', *, *, #3360, .F. ) ;
#168 = APPLICATION_PROTOCOL_DEFINITION ( 'international standard', 'config_control_design', 1994, #2596 ) ;
#169 = CARTESIAN_POINT ( 'NONE',  ( 40.92286384697396784, 39.71338730024835684, 37.52062160604316432 ) ) ;
#170 = EDGE_CURVE ( 'NONE', #5359, #3436, #693, .T. ) ;
#171 = VERTEX_POINT ( 'NONE', #1899 ) ;
#172 = LINE ( 'NONE', #2176, #2058 ) ;
#173 = DIRECTION ( 'NONE',  ( -0.0000000000000000000, -0.0000000000000000000, -1.000000000000000000 ) ) ;
#174 = VERTEX_POINT ( 'NONE', #4223 ) ;
#175 = LINE ( 'NONE', #6356, #2932 ) ;
#176 = CARTESIAN_POINT ( 'NONE',  ( 43.37286384697351593, 43.25259148767052864, 31.42062160604283605 ) ) ;
#177 = ORIENTED_EDGE ( 'NONE', *, *, #4042, .F. ) ;
#178 = ORIENTED_EDGE ( 'NONE', *, *, #4973, .T. ) ;
#179 = CARTESIAN_POINT ( 'NONE',  ( 42.37286384697350172, 43.25259148767054285, 29.03141741862074454 ) ) ;
#180 = AXIS2_PLACEMENT_3D ( 'NONE', #2035, #6095, #4622 ) ;
#181 = ORIENTED_EDGE ( 'NONE', *, *, #2985, .F. ) ;
#182 = DIRECTION ( 'NONE',  ( 1.000000000000000000, -8.000000000000000622E-15, -8.000000000000000622E-15 ) ) ;
#183 = EDGE_CURVE ( 'NONE', #3656, #4878, #1315, .T. ) ;
#184 = DIRECTION ( 'NONE',  ( -0.0000000000000000000, -0.0000000000000000000, -1.000000000000000000 ) ) ;
#185 = CARTESIAN_POINT ( 'NONE',  ( 42.46605090895081958, 46.10259148767042348, 27.92765156762962775 ) ) ;
#186 = ORIENTED_EDGE ( 'NONE', *, *, #928, .F. ) ;
#187 = DIRECTION ( 'NONE',  ( 0.0000000000000000000, 0.0000000000000000000, -1.000000000000000000 ) ) ;
#188 = DIRECTION ( 'NONE',  ( -1.000000000000000000, -8.817841970012501240E-16, 8.000000000000000622E-15 ) ) ;
#189 = ORIENTED_EDGE ( 'NONE', *, *, #6442, .F. ) ;
#190 = DIRECTION ( 'NONE',  ( 0.0000000000000000000, 0.0000000000000000000, -1.000000000000000000 ) ) ;
#191 = DIRECTION ( 'NONE',  ( 1.000000000000000000, -3.227392513445218768E-15, -8.000000000000000622E-15 ) ) ;
#192 = CARTESIAN_POINT ( 'NONE',  ( 40.67286384697394652, 39.80259148767057553, 37.12062160604304495 ) ) ;
#193 = EDGE_CURVE ( 'NONE', #3254, #1963, #3011, .T. ) ;
#194 = ORIENTED_EDGE ( 'NONE', *, *, #3419, .F. ) ;
#195 = EDGE_CURVE ( 'NONE', #3053, #6075, #4536, .T. ) ;
#196 = AXIS2_PLACEMENT_3D ( 'NONE', #107, #238, #1320 ) ;
#197 = CARTESIAN_POINT ( 'NONE',  ( 43.37286384697349462, 43.25259148767053574, 28.82062160604281686 ) ) ;
#198 = EDGE_LOOP ( 'NONE', ( #2375, #2561, #1396, #1648, #367, #149 ) ) ;
#199 = VERTEX_POINT ( 'NONE', #1753 ) ;
#200 = DIRECTION ( 'NONE',  ( -8.068481283613048695E-15, -1.000000000000000000, 0.0000000000000000000 ) ) ;
#201 = CARTESIAN_POINT ( 'NONE',  ( 44.32286377797750276, 48.80360732423427805, 35.47062160604270531 ) ) ;
#202 = VECTOR ( 'NONE', #2075, 1000.000000000000000 ) ;
#203 = PLANE ( 'NONE',  #4692 ) ;
#204 = VECTOR ( 'NONE', #4373, 1000.000000000000000 ) ;
#205 = AXIS2_PLACEMENT_3D ( 'NONE', #4067, #1857, #5607 ) ;
#206 = DIRECTION ( 'NONE',  ( -0.0000000000000000000, -0.0000000000000000000, -1.000000000000000000 ) ) ;
#207 = VERTEX_POINT ( 'NONE', #4402 ) ;
#208 = ORIENTED_EDGE ( 'NONE', *, *, #1788, .T. ) ;
#209 = CARTESIAN_POINT ( 'NONE',  ( 48.65444616283842549, 42.15259148767059116, 34.02062160604219088 ) ) ;
#210 = LINE ( 'NONE', #3298, #38 ) ;
#211 = ORIENTED_EDGE ( 'NONE', *, *, #425, .F. ) ;
#212 = CARTESIAN_POINT ( 'NONE',  ( 44.32286396920076044, 49.80360732423428516, 28.66202636213202481 ) ) ;
#213 = ORIENTED_EDGE ( 'NONE', *, *, #5150, .F. ) ;
#214 = ORIENTED_EDGE ( 'NONE', *, *, #5211, .F. ) ;
#215 = ADVANCED_FACE ( 'NONE', ( #5008 ), #1900, .T. ) ;
#216 = DIRECTION ( 'NONE',  ( 8.521747662610828750E-15, 1.000000000000000000, 0.0000000000000000000 ) ) ;
#217 = DIRECTION ( 'NONE',  ( -8.000000000000000622E-15, 1.232595164407833957E-32, -1.000000000000000000 ) ) ;
#218 = CIRCLE ( 'NONE', #5638, 0.5000000000000073275 ) ;
#219 = EDGE_LOOP ( 'NONE', ( #6773, #325, #6637, #2315, #5973, #399 ) ) ;
#220 = ADVANCED_FACE ( 'NONE', ( #699 ), #6121, .F. ) ;
#221 = CARTESIAN_POINT ( 'NONE',  ( 46.52156917055594931, 49.59649040585266278, 30.47062160604269110 ) ) ;
#222 = DIRECTION ( 'NONE',  ( 2.298141435449797094E-16, -1.000000000000000000, 0.0000000000000000000 ) ) ;
#223 = CARTESIAN_POINT ( 'NONE',  ( 48.51938314584521805, 44.35259148767056558, 30.12062160604217453 ) ) ;
#224 = FACE_OUTER_BOUND ( 'NONE', #721, .T. ) ;
#225 = EDGE_CURVE ( 'NONE', #4638, #2427, #5512, .T. ) ;
#226 = ORIENTED_EDGE ( 'NONE', *, *, #381, .T. ) ;
#227 = ORIENTED_EDGE ( 'NONE', *, *, #5715, .T. ) ;
#228 = CARTESIAN_POINT ( 'NONE',  ( 42.37286384697355857, 43.25259148767054285, 36.20982579346492258 ) ) ;
#229 = DIRECTION ( 'NONE',  ( 1.061106096092800446E-15, 1.000000000000000000, 5.549882527961352339E-29 ) ) ;
#230 = ORIENTED_EDGE ( 'NONE', *, *, #861, .T. ) ;
#231 = EDGE_CURVE ( 'NONE', #6636, #6193, #6153, .T. ) ;
#232 = CARTESIAN_POINT ( 'NONE',  ( 47.97286384697388684, 39.00259148767057837, 31.22062160604228254 ) ) ;
#233 = LINE ( 'NONE', #2316, #2403 ) ;
#234 = LINE ( 'NONE', #4123, #1671 ) ;
#235 = FACE_OUTER_BOUND ( 'NONE', #105, .T. ) ;
#236 = DIRECTION ( 'NONE',  ( 1.061106096092800643E-15, 1.000000000000000000, 5.549882527961352339E-29 ) ) ;
#237 = AXIS2_PLACEMENT_3D ( 'NONE', #5052, #4299, #4288 ) ;
#238 = DIRECTION ( 'NONE',  ( 2.371197341398207874E-16, -1.000000000000000000, 1.370316553097683994E-15 ) ) ;
#239 = FACE_OUTER_BOUND ( 'NONE', #6034, .T. ) ;
#240 = CARTESIAN_POINT ( 'NONE',  ( 40.67286384697388257, 43.50279148767113924, 37.12062160604304495 ) ) ;
#241 = EDGE_CURVE ( 'NONE', #5198, #2892, #3542, .T. ) ;
#242 = ORIENTED_EDGE ( 'NONE', *, *, #1569, .T. ) ;
#243 = EDGE_CURVE ( 'NONE', #2991, #2369, #2659, .T. ) ;
#244 = EDGE_CURVE ( 'NONE', #1774, #3402, #966, .T. ) ;
#245 = CARTESIAN_POINT ( 'NONE',  ( 40.21508703209811131, 39.48263148767065189, 32.54058160604235894 ) ) ;
#246 = AXIS2_PLACEMENT_3D ( 'NONE', #3134, #6243, #3062 ) ;
#247 = DIRECTION ( 'NONE',  ( -1.000000000000000000, 0.0000000000000000000, 6.938893903907222067E-15 ) ) ;
#248 = EDGE_LOOP ( 'NONE', ( #6524, #5912, #2056, #3140, #6232, #3584 ) ) ;
#249 = CARTESIAN_POINT ( 'NONE',  ( 38.92286384697376178, 41.00279148767128845, 33.28664700982699287 ) ) ;
#250 = AXIS2_PLACEMENT_3D ( 'NONE', #2581, #5653, #1617 ) ;
#251 = EDGE_LOOP ( 'NONE', ( #4717, #5283, #3146, #1178 ) ) ;
#252 = DIRECTION ( 'NONE',  ( -5.384979558076334077E-14, 0.0000000000000000000, -1.000000000000000000 ) ) ;
#253 = LINE ( 'NONE', #5640, #4879 ) ;
#254 = ORIENTED_EDGE ( 'NONE', *, *, #4441, .T. ) ;
#255 = ORIENTED_EDGE ( 'NONE', *, *, #43, .T. ) ;
#256 = CARTESIAN_POINT ( 'NONE',  ( 44.32286396920076044, 48.80360732423427805, 28.66202636213202481 ) ) ;
#257 = ORIENTED_EDGE ( 'NONE', *, *, #156, .F. ) ;
#258 = CIRCLE ( 'NONE', #3506, 1.898893513390072174 ) ;
#259 = DIRECTION ( 'NONE',  ( 1.000000000000000000, -1.027220243219863848E-14, -8.000000000000010088E-15 ) ) ;
#260 = EDGE_CURVE ( 'NONE', #1545, #2678, #4947, .T. ) ;
#261 = CARTESIAN_POINT ( 'NONE',  ( 41.13365965955188841, 39.50259148767043627, 37.52062160604316432 ) ) ;
#262 = DIRECTION ( 'NONE',  ( 0.0000000000000000000, -1.000000000000000000, 0.0000000000000000000 ) ) ;
#263 = DIRECTION ( 'NONE',  ( -1.000000000000000000, 1.027220243219866057E-14, 0.0000000000000000000 ) ) ;
#264 = VERTEX_POINT ( 'NONE', #6492 ) ;
#265 = EDGE_LOOP ( 'NONE', ( #4852, #5466, #5379, #673 ) ) ;
#266 = DIRECTION ( 'NONE',  ( 8.000000000000000622E-15, 1.000000000000000000, -6.401232595164408364E-29 ) ) ;
#267 = CIRCLE ( 'NONE', #2140, 2.000000000000001776 ) ;
#268 = EDGE_CURVE ( 'NONE', #1625, #3320, #2160, .T. ) ;
#269 = LINE ( 'NONE', #937, #1747 ) ;
#270 = CYLINDRICAL_SURFACE ( 'NONE', #5833, 1.099999999999989875 ) ;
#271 = CARTESIAN_POINT ( 'NONE',  ( 44.67286384697366941, 37.75238908767064316, 30.12062160604270389 ) ) ;
#272 = DIRECTION ( 'NONE',  ( -0.01745240643708437581, -0.9998476951563947113, 1.511864402113362974E-15 ) ) ;
#273 = DIRECTION ( 'NONE',  ( 8.000000000000000622E-15, 1.000000000000000000, -6.401232595164408364E-29 ) ) ;
#274 = ADVANCED_FACE ( 'NONE', ( #3700, #391 ), #6710, .T. ) ;
#275 = EDGE_CURVE ( 'NONE', #2875, #1765, #2010, .T. ) ;
#276 = DIRECTION ( 'NONE',  ( 1.000000000000000000, 0.0000000000000000000, -7.308354949854259939E-15 ) ) ;
#277 = FACE_BOUND ( 'NONE', #3357, .T. ) ;
#278 = PLANE ( 'NONE',  #4161 ) ;
#279 = CYLINDRICAL_SURFACE ( 'NONE', #4049, 1.099999999999996758 ) ;
#280 = CARTESIAN_POINT ( 'NONE',  ( 40.47896695124050126, 42.52134621274313986, 27.87138487158085454 ) ) ;
#281 = AXIS2_PLACEMENT_3D ( 'NONE', #2145, #4040, #2414 ) ;
#282 = AXIS2_PLACEMENT_3D ( 'NONE', #299, #6771, #5984 ) ;
#283 = AXIS2_PLACEMENT_3D ( 'NONE', #3685, #64, #2494 ) ;
#284 = CARTESIAN_POINT ( 'NONE',  ( 44.67286384697347046, 35.71338730024851316, 35.12062160604252625 ) ) ;
#285 = LINE ( 'NONE', #3103, #3231 ) ;
#286 = DIRECTION ( 'NONE',  ( 8.000000000000000622E-15, -6.123233995736918878E-17, 1.000000000000000000 ) ) ;
#288 = DIRECTION ( 'NONE',  ( -1.000000000000000000, 0.0000000000000000000, 6.938893903907222067E-15 ) ) ;
#287 = DIRECTION ( 'NONE',  ( 0.0000000000000000000, 1.000000000000000000, 0.0000000000000000000 ) ) ;
#289 = AXIS2_PLACEMENT_3D ( 'NONE', #1573, #3018, #3862 ) ;
#290 = DIRECTION ( 'NONE',  ( 0.0000000000000000000, 0.0000000000000000000, 1.000000000000000000 ) ) ;
#291 = EDGE_CURVE ( 'NONE', #6075, #5185, #6296, .T. ) ;
#292 = CARTESIAN_POINT ( 'NONE',  ( 40.54586727355537334, 45.77571299352009504, 28.10315097867271916 ) ) ;
#293 = CARTESIAN_POINT ( 'NONE',  ( 43.03915336522035062, 49.80360732423432069, 29.77062160604269181 ) ) ;
#294 = CARTESIAN_POINT ( 'NONE',  ( 43.71206803439592647, 39.71338730024835684, 37.52062160604316432 ) ) ;
#295 = CARTESIAN_POINT ( 'NONE',  ( 40.67286384697386836, 45.10259148767044479, 33.02062160604303642 ) ) ;
#296 = DIRECTION ( 'NONE',  ( 0.7653933626441026261, -6.123146901152821485E-15, 0.6435627400808355825 ) ) ;
#297 = VERTEX_POINT ( 'NONE', #3190 ) ;
#298 = CIRCLE ( 'NONE', #6376, 2.000000000000001776 ) ;
#299 = CARTESIAN_POINT ( 'NONE',  ( 43.17967678499713458, 46.10259148767076454, 37.92765156762981604 ) ) ;
#300 = DIRECTION ( 'NONE',  ( 0.6435627400807334419, -5.148501920645917328E-15, -0.7653933626441885574 ) ) ;
#301 = AXIS2_PLACEMENT_3D ( 'NONE', #4471, #1249, #4279 ) ;
#302 = LOCAL_TIME ( 14, 48, 46.00000000000000000, #3836 ) ;
#303 = ORIENTED_EDGE ( 'NONE', *, *, #1206, .F. ) ;
#304 = CARTESIAN_POINT ( 'NONE',  ( 40.42286384697388968, 39.00259148767057127, 31.37062160604228822 ) ) ;
#305 = CARTESIAN_POINT ( 'NONE',  ( 46.31586384697391878, 46.10259148767039505, 27.74947806369628722 ) ) ;
#306 = CARTESIAN_POINT ( 'NONE',  ( 47.38833441211296105, 50.10259148767038795, 29.17747399293248023 ) ) ;
#307 = VERTEX_POINT ( 'NONE', #2646 ) ;
#308 = VECTOR ( 'NONE', #3193, 1000.000000000000000 ) ;
#309 = CARTESIAN_POINT ( 'NONE',  ( 43.03915336522035062, 49.80360732423432069, 29.77062160604269181 ) ) ;
#310 = LINE ( 'NONE', #786, #4714 ) ;
#311 = CARTESIAN_POINT ( 'NONE',  ( 42.58741329819372368, 40.82599154691363452, 37.52062160604316432 ) ) ;
#312 = CARTESIAN_POINT ( 'NONE',  ( 42.64876864331620965, 41.22639938744485022, 37.52062160604316432 ) ) ;
#313 = FACE_OUTER_BOUND ( 'NONE', #1147, .T. ) ;
#314 = ORIENTED_EDGE ( 'NONE', *, *, #4649, .T. ) ;
#315 = ORIENTED_EDGE ( 'NONE', *, *, #2972, .T. ) ;
#316 = VECTOR ( 'NONE', #1436, 1000.000000000000000 ) ;
#317 = DIRECTION ( 'NONE',  ( 1.000000000000000000, -1.027220243219863848E-14, -8.000000000000008510E-15 ) ) ;
#318 = ADVANCED_FACE ( 'NONE', ( #1726 ), #1239, .F. ) ;
#319 = DIRECTION ( 'NONE',  ( -1.000000000000000000, 0.0000000000000000000, 0.0000000000000000000 ) ) ;
#320 = CARTESIAN_POINT ( 'NONE',  ( 47.89318188524051578, 48.35259148767057980, 33.02062160604256036 ) ) ;
#321 = CARTESIAN_POINT ( 'NONE',  ( 42.59606969017170286, 41.22639938744485733, 37.62062160604307337 ) ) ;
#323 = FACE_OUTER_BOUND ( 'NONE', #6764, .T. ) ;
#322 = VECTOR ( 'NONE', #2306, 1000.000000000000000 ) ;
#324 = AXIS2_PLACEMENT_3D ( 'NONE', #2055, #5087, #1181 ) ;
#325 = ORIENTED_EDGE ( 'NONE', *, *, #5657, .T. ) ;
#326 = EDGE_LOOP ( 'NONE', ( #4422, #1085, #3020, #6862 ) ) ;
#327 = CARTESIAN_POINT ( 'NONE',  ( 40.46101733332369577, 45.82470112935361328, 37.17775236057497779 ) ) ;
#328 = DIRECTION ( 'NONE',  ( -1.000000000000000000, 0.0000000000000000000, 3.469446951953611033E-14 ) ) ;
#329 = DIRECTION ( 'NONE',  ( -0.9925461516413230934, -0.1218693434051390662, 7.940369213130586841E-15 ) ) ;
#330 = CARTESIAN_POINT ( 'NONE',  ( 40.42286384697386836, 39.00259148767055706, 28.87062160604239480 ) ) ;
#331 = DIRECTION ( 'NONE',  ( -1.000000000000000000, 1.027220243219863848E-14, 8.000000000000008510E-15 ) ) ;
#332 = EDGE_LOOP ( 'NONE', ( #1556, #2292, #5298, #4768, #5172, #4211, #3423, #5207, #5600, #1473, #6443, #1935, #5162, #4385, #5783, #5308, #4353, #911 ) ) ;
#333 = VECTOR ( 'NONE', #1639, 1000.000000000000000 ) ;
#334 = VERTEX_POINT ( 'NONE', #1547 ) ;
#335 = EDGE_LOOP ( 'NONE', ( #636, #2077, #3720, #5098 ) ) ;
#336 = EDGE_CURVE ( 'NONE', #6463, #4897, #6033, .T. ) ;
#337 = VECTOR ( 'NONE', #4590, 1000.000000000000000 ) ;
#338 = CONICAL_SURFACE ( 'NONE', #1244, 0.6535898384970317831, 1.047197551251394243 ) ;
#339 = VERTEX_POINT ( 'NONE', #3532 ) ;
#340 = VECTOR ( 'NONE', #5287, 1000.000000000000000 ) ;
#341 = DIRECTION ( 'NONE',  ( 0.0000000000000000000, 0.0000000000000000000, 1.000000000000000000 ) ) ;
#342 = FACE_OUTER_BOUND ( 'NONE', #552, .T. ) ;
#343 = DIRECTION ( 'NONE',  ( -8.000000000000000622E-15, -1.534706572270470277E-32, -1.000000000000000000 ) ) ;
#344 = CARTESIAN_POINT ( 'NONE',  ( 46.09432400481631475, 49.80360732423429226, 35.12062160604269678 ) ) ;
#345 = DIRECTION ( 'NONE',  ( -1.000000000000000000, 0.0000000000000000000, 0.0000000000000000000 ) ) ;
#346 = DIRECTION ( 'NONE',  ( -2.298141435449797094E-16, 1.000000000000000000, 6.123233995743353024E-17 ) ) ;
#347 = B_SPLINE_CURVE_WITH_KNOTS ( 'NONE', 3,
 ( #735, #4017, #2864, #6744 ),
 .UNSPECIFIED., .F., .F.,
 ( 4, 4 ),
 ( 5.974420491993985192E-05, 0.0008527523608316840004 ),
 .UNSPECIFIED. ) ;
#348 = CARTESIAN_POINT ( 'NONE',  ( 48.51938314584521095, 44.35259148767056558, 29.02062160604218377 ) ) ;
#349 = EDGE_CURVE ( 'NONE', #3035, #4802, #1571, .T. ) ;
#350 = ADVANCED_FACE ( 'NONE', ( #4059 ), #845, .F. ) ;
#351 = CALENDAR_DATE ( 2021, 23, 3 ) ;
#352 = FACE_OUTER_BOUND ( 'NONE', #4454, .T. ) ;
#353 = CARTESIAN_POINT ( 'NONE',  ( 42.37286384697354436, 43.25259148767054285, 34.03141741862074099 ) ) ;
#354 = CARTESIAN_POINT ( 'NONE',  ( 46.72986384697393447, 50.40259148767039221, 27.62062160604269678 ) ) ;
#355 = ORIENTED_EDGE ( 'NONE', *, *, #12, .T. ) ;
#356 = EDGE_LOOP ( 'NONE', ( #1251, #2455, #3658, #5472, #2767 ) ) ;
#357 = ORIENTED_EDGE ( 'NONE', *, *, #5165, .F. ) ;
#358 = ORIENTED_EDGE ( 'NONE', *, *, #1723, .F. ) ;
#359 = EDGE_CURVE ( 'NONE', #5647, #6208, #2880, .T. ) ;
#360 = CARTESIAN_POINT ( 'NONE',  ( 44.17286384697347046, 35.71338730024852026, 35.12062160604252625 ) ) ;
#361 = CARTESIAN_POINT ( 'NONE',  ( 47.67286384697391100, 39.80259148767056843, 33.02062160604297958 ) ) ;
#362 = DIRECTION ( 'NONE',  ( 2.218993185817606613E-16, -1.000000000000000000, 1.370316553096936154E-15 ) ) ;
#363 = ORIENTED_EDGE ( 'NONE', *, *, #135, .T. ) ;
#364 = CARTESIAN_POINT ( 'NONE',  ( 44.67286384697392521, 39.00259148767057127, 35.12062160604230598 ) ) ;
#365 = ADVANCED_FACE ( 'NONE', ( #6583, #1741 ), #5494, .T. ) ;
#366 = DIRECTION ( 'NONE',  ( -8.000000000000000622E-15, 1.232595164407829988E-32, -1.000000000000000000 ) ) ;
#367 = ORIENTED_EDGE ( 'NONE', *, *, #4499, .F. ) ;
#368 = VERTEX_POINT ( 'NONE', #4588 ) ;
#369 = AXIS2_PLACEMENT_3D ( 'NONE', #3794, #6331, #1390 ) ;
#370 = CARTESIAN_POINT ( 'NONE',  ( 47.37286384697382857, 44.35259148767056558, 29.02062160604219443 ) ) ;
#371 = VERTEX_POINT ( 'NONE', #5449 ) ;
#372 = ORIENTED_EDGE ( 'NONE', *, *, #3168, .T. ) ;
#373 = EDGE_CURVE ( 'NONE', #4897, #77, #5014, .T. ) ;
#374 = CARTESIAN_POINT ( 'NONE',  ( 46.52058069696354181, 49.65213163275105757, 30.47062160604269820 ) ) ;
#375 = TOROIDAL_SURFACE ( 'NONE', #3412, 0.2892041874220824260, 0.2107958125779215153 ) ;
#376 = EDGE_CURVE ( 'NONE', #5259, #1474, #267, .T. ) ;
#377 = AXIS2_PLACEMENT_3D ( 'NONE', #5864, #6082, #6310 ) ;
#378 = VERTEX_POINT ( 'NONE', #1303 ) ;
#379 = PERSON_AND_ORGANIZATION ( #5861, #2205 ) ;
#380 = ORIENTED_EDGE ( 'NONE', *, *, #84, .F. ) ;
#381 = EDGE_CURVE ( 'NONE', #2841, #5359, #3660, .T. ) ;
#382 = CARTESIAN_POINT ( 'NONE',  ( 40.46101733332376682, 45.99498967755204148, 27.96852878719466062 ) ) ;
#383 = APPROVAL_STATUS ( 'not_yet_approved' ) ;
#384 = AXIS2_PLACEMENT_3D ( 'NONE', #6240, #5344, #1202 ) ;
#385 = CARTESIAN_POINT ( 'NONE',  ( 42.47802013406879951, 40.48709549131926622, 37.52062160604316432 ) ) ;
#386 = CARTESIAN_POINT ( 'NONE',  ( 40.01927400847682748, 43.50279148767114634, 37.12062160604305205 ) ) ;
#387 = CARTESIAN_POINT ( 'NONE',  ( 40.46101733332383787, 45.82470112935353512, 37.62062160604274652 ) ) ;
#388 = DIRECTION ( 'NONE',  ( -1.000000000000000000, 0.0000000000000000000, 7.999999999999981689E-15 ) ) ;
#389 = AXIS2_PLACEMENT_3D ( 'NONE', #893, #3583, #5404 ) ;
#390 = CARTESIAN_POINT ( 'NONE',  ( 46.87967678499713742, 46.10259148767076454, 38.19062160604258338 ) ) ;
#391 = FACE_OUTER_BOUND ( 'NONE', #4872, .T. ) ;
#393 = CARTESIAN_POINT ( 'NONE',  ( 43.17967678499702799, 46.10259148767041637, 28.19062160604261891 ) ) ;
#392 = FACE_OUTER_BOUND ( 'NONE', #3390, .T. ) ;
#394 = CARTESIAN_POINT ( 'NONE',  ( 42.68881594664653534, 41.81161084668292460, 37.62062160604307337 ) ) ;
#395 = DIRECTION ( 'NONE',  ( -0.0000000000000000000, -1.000000000000000000, -0.0000000000000000000 ) ) ;
#396 = DIRECTION ( 'NONE',  ( 8.000000000000000622E-15, 1.232595164407830946E-32, 1.000000000000000000 ) ) ;
#397 = ORIENTED_EDGE ( 'NONE', *, *, #1723, .T. ) ;
#398 = CARTESIAN_POINT ( 'NONE',  ( 41.13365965955188841, 39.50259148767043627, 37.62062160604307337 ) ) ;
#399 = ORIENTED_EDGE ( 'NONE', *, *, #4916, .F. ) ;
#400 = DIRECTION ( 'NONE',  ( 8.000000000000000622E-15, 1.000000000000000000, 0.0000000000000000000 ) ) ;
#401 = CARTESIAN_POINT ( 'NONE',  ( 42.37286384697350172, 40.96338730024851316, 31.20982579346490482 ) ) ;
#402 = EDGE_CURVE ( 'NONE', #3242, #6141, #2104, .T. ) ;
#403 = LINE ( 'NONE', #4604, #4781 ) ;
#404 = VECTOR ( 'NONE', #519, 1000.000000000000000 ) ;
#405 = VECTOR ( 'NONE', #1067, 1000.000000000000000 ) ;
#406 = VECTOR ( 'NONE', #141, 1000.000000000000000 ) ;
#407 = CARTESIAN_POINT ( 'NONE',  ( 40.42286384697389678, 39.60259148767055848, 31.37062160604228822 ) ) ;
#408 = EDGE_CURVE ( 'NONE', #4882, #1644, #4257, .T. ) ;
#409 = ORIENTED_EDGE ( 'NONE', *, *, #1364, .T. ) ;
#410 = EDGE_CURVE ( 'NONE', #2308, #368, #2702, .T. ) ;
#411 = CARTESIAN_POINT ( 'NONE',  ( 46.53565299827955215, 48.80360732422014536, 29.77062160604269181 ) ) ;
#412 = ORIENTED_EDGE ( 'NONE', *, *, #1277, .T. ) ;
#413 = CARTESIAN_POINT ( 'NONE',  ( 40.43985083793649693, 42.53027843754212256, 32.83042904984765187 ) ) ;
#414 = DIRECTION ( 'NONE',  ( 0.0000000000000000000, 1.000000000000000000, 0.0000000000000000000 ) ) ;
#415 = LINE ( 'NONE', #1742, #3918 ) ;
#416 = LINE ( 'NONE', #4416, #4530 ) ;
#417 = VERTEX_POINT ( 'NONE', #4667 ) ;
#418 = CARTESIAN_POINT ( 'NONE',  ( 42.13934542958612184, 41.22639938744485733, 37.62062160604307337 ) ) ;
#419 = LINE ( 'NONE', #3527, #798 ) ;
#420 = DIRECTION ( 'NONE',  ( -2.298141435449797094E-16, 1.000000000000000000, 6.123233995743353024E-17 ) ) ;
#421 = VERTEX_POINT ( 'NONE', #4537 ) ;
#422 = LINE ( 'NONE', #3401, #405 ) ;
#423 = LINE ( 'NONE', #4585, #2717 ) ;
#424 = ADVANCED_FACE ( 'NONE', ( #4547 ), #3012, .F. ) ;
#425 = EDGE_CURVE ( 'NONE', #3986, #1402, #5559, .T. ) ;
#426 = EDGE_LOOP ( 'NONE', ( #5722, #3185, #4818, #3084 ) ) ;
#427 =( GEOMETRIC_REPRESENTATION_CONTEXT ( 3 ) GLOBAL_UNCERTAINTY_ASSIGNED_CONTEXT ( ( #435 ) ) GLOBAL_UNIT_ASSIGNED_CONTEXT ( ( #5793, #4500, #4046 ) ) REPRESENTATION_CONTEXT ( 'NONE', 'WORKASPACE' ) );
#428 = CARTESIAN_POINT ( 'NONE',  ( 41.26458181798120251, 42.17758296149003883, 37.62062160604307337 ) ) ;
#429 = CARTESIAN_POINT ( 'NONE',  ( 42.25739498568910335, 40.64118792820679005, 37.52062160604316432 ) ) ;
#430 = CARTESIAN_POINT ( 'NONE',  ( 45.02286392053754582, 48.80360732423427805, 29.77062160604269181 ) ) ;
#431 = ORIENTED_EDGE ( 'NONE', *, *, #6195, .T. ) ;
#432 = CARTESIAN_POINT ( 'NONE',  ( 44.67286384697371915, 50.40259148767040642, 35.12062160604270389 ) ) ;
#433 = CARTESIAN_POINT ( 'NONE',  ( 40.46101733332379524, 45.90997719457982384, 32.32499544340206654 ) ) ;
#434 = ORIENTED_EDGE ( 'NONE', *, *, #3438, .T. ) ;
#435 = UNCERTAINTY_MEASURE_WITH_UNIT (LENGTH_MEASURE( 1.000000000000000082E-05 ), #5793, 'distance_accuracy_value', 'NONE');
#436 = DIRECTION ( 'NONE',  ( -9.723433716209642107E-15, 7.845334295168955953E-29, -1.000000000000000000 ) ) ;
#437 = DIRECTION ( 'NONE',  ( 1.000000000000000000, 0.0000000000000000000, 0.0000000000000000000 ) ) ;
#438 = EDGE_CURVE ( 'NONE', #3598, #6349, #5191, .T. ) ;
#439 = CARTESIAN_POINT ( 'NONE',  ( 48.51938314584525358, 44.35259148767056558, 35.12062160604217809 ) ) ;
#440 = CIRCLE ( 'NONE', #3159, 0.9999999999999940048 ) ;
#441 = EDGE_CURVE ( 'NONE', #4271, #3598, #4345, .T. ) ;
#442 = CARTESIAN_POINT ( 'NONE',  ( 46.31586384697403957, 50.40259148767076880, 37.74947806369629433 ) ) ;
#443 = VERTEX_POINT ( 'NONE', #2153 ) ;
#444 = DIRECTION ( 'NONE',  ( 6.259177311183876463E-15, 0.0000000000000000000, -1.000000000000000000 ) ) ;
#445 = ORIENTED_EDGE ( 'NONE', *, *, #2290, .F. ) ;
#446 = CARTESIAN_POINT ( 'NONE',  ( 42.46605090895086221, 50.40259148767042774, 28.19062160604262601 ) ) ;
#447 = ORIENTED_EDGE ( 'NONE', *, *, #1696, .F. ) ;
#448 = DIRECTION ( 'NONE',  ( -1.000000000000000000, 0.0000000000000000000, 0.0000000000000000000 ) ) ;
#449 = LINE ( 'NONE', #1050, #6645 ) ;
#450 = ORIENTED_EDGE ( 'NONE', *, *, #3313, .F. ) ;
#451 = EDGE_CURVE ( 'NONE', #1517, #2323, #2282, .T. ) ;
#452 = CARTESIAN_POINT ( 'NONE',  ( 42.37286384697353725, 40.96338730024851316, 36.42062160604282184 ) ) ;
#453 = ORIENTED_EDGE ( 'NONE', *, *, #5731, .T. ) ;
#454 = LINE ( 'NONE', #4812, #5436 ) ;
#455 = DIRECTION ( 'NONE',  ( 8.000000000000000622E-15, -6.123233995736918878E-17, 1.000000000000000000 ) ) ;
#456 = DIRECTION ( 'NONE',  ( -0.7653933626441957738, 0.0000000000000000000, -0.6435627400807248932 ) ) ;
#457 = AXIS2_PLACEMENT_3D ( 'NONE', #1168, #5080, #5592 ) ;
#458 = CIRCLE ( 'NONE', #4701, 0.2107958125779213487 ) ;
#459 = ORIENTED_EDGE ( 'NONE', *, *, #2258, .T. ) ;
#460 = CIRCLE ( 'NONE', #4727, 1.499999999999994449 ) ;
#461 = VECTOR ( 'NONE', #6207, 1000.000000000000000 ) ;
#462 = EDGE_CURVE ( 'NONE', #371, #1838, #5755, .T. ) ;
#463 = CARTESIAN_POINT ( 'NONE',  ( 43.37286384697349462, 40.75259148767058548, 31.20982579346489771 ) ) ;
#464 = VERTEX_POINT ( 'NONE', #1574 ) ;
#465 = DIRECTION ( 'NONE',  ( 1.061106096092800446E-15, 1.000000000000000000, 5.549882527961352339E-29 ) ) ;
#466 = CARTESIAN_POINT ( 'NONE',  ( 40.46101733332375971, 45.90997719457977411, 28.01624776874225375 ) ) ;
#467 = ORIENTED_EDGE ( 'NONE', *, *, #2030, .T. ) ;
#468 = AXIS2_PLACEMENT_3D ( 'NONE', #899, #2602, #3842 ) ;
#469 = AXIS2_PLACEMENT_3D ( 'NONE', #2016, #4025, #1947 ) ;
#470 = CYLINDRICAL_SURFACE ( 'NONE', #5824, 1.099999999999996758 ) ;
#471 = VERTEX_POINT ( 'NONE', #113 ) ;
#472 = EDGE_CURVE ( 'NONE', #5543, #5650, #5235, .T. ) ;
#473 = EDGE_CURVE ( 'NONE', #774, #6227, #1962, .T. ) ;
#474 = VERTEX_POINT ( 'NONE', #6500 ) ;
#475 = ORIENTED_EDGE ( 'NONE', *, *, #4646, .T. ) ;
#476 = FACE_OUTER_BOUND ( 'NONE', #626, .T. ) ;
#477 = DIRECTION ( 'NONE',  ( -1.964604743661791850E-14, 1.000000000000000000, -0.0000000000000000000 ) ) ;
#478 = EDGE_CURVE ( 'NONE', #4446, #154, #5523, .T. ) ;
#479 = EDGE_LOOP ( 'NONE', ( #3593, #5458, #6060, #2029 ) ) ;
#480 = CARTESIAN_POINT ( 'NONE',  ( 46.72986384697403395, 46.10259148767076454, 37.62062160604307337 ) ) ;
#481 = EDGE_CURVE ( 'NONE', #3415, #464, #253, .T. ) ;
#482 = ORIENTED_EDGE ( 'NONE', *, *, #2627, .F. ) ;
#483 = CARTESIAN_POINT ( 'NONE',  ( 43.17967678499704931, 50.30259148767041921, 27.92765156762972012 ) ) ;
#484 = EDGE_LOOP ( 'NONE', ( #1833, #4169 ) ) ;
#485 = ORIENTED_EDGE ( 'NONE', *, *, #5840, .T. ) ;
#486 = ORIENTED_EDGE ( 'NONE', *, *, #4564, .T. ) ;
#487 = CALENDAR_DATE ( 2021, 23, 3 ) ;
#488 = CARTESIAN_POINT ( 'NONE',  ( 42.81007469566694112, 48.80360732420605530, 34.77062160604268826 ) ) ;
#489 = AXIS2_PLACEMENT_3D ( 'NONE', #571, #3625, #6608 ) ;
#490 = EDGE_CURVE ( 'NONE', #1120, #3035, #4210, .T. ) ;
#491 = DIRECTION ( 'NONE',  ( -1.000000000000000000, 0.0000000000000000000, 0.0000000000000000000 ) ) ;
#492 = CIRCLE ( 'NONE', #324, 0.2107958125779213487 ) ;
#493 = CARTESIAN_POINT ( 'NONE',  ( 46.16605090895094321, 46.10259148767076454, 37.92765156762960288 ) ) ;
#494 = EDGE_CURVE ( 'NONE', #6652, #3095, #4565, .T. ) ;
#495 = CARTESIAN_POINT ( 'NONE',  ( 42.36770755987890880, 41.22639938744485733, 37.62062160604307337 ) ) ;
#496 = FACE_OUTER_BOUND ( 'NONE', #4062, .T. ) ;
#497 = VERTEX_POINT ( 'NONE', #6718 ) ;
#498 = ORIENTED_EDGE ( 'NONE', *, *, #2627, .T. ) ;
#499 = DIRECTION ( 'NONE',  ( -7.858418974647075259E-15, -1.000000000000000000, -0.0000000000000000000 ) ) ;
#500 = CARTESIAN_POINT ( 'NONE',  ( 44.38365965955139103, 35.71338730024852026, 35.12062160604252625 ) ) ;
#501 = AXIS2_PLACEMENT_3D ( 'NONE', #761, #6283, #414 ) ;
#502 = LINE ( 'NONE', #4173, #3265 ) ;
#503 = CYLINDRICAL_SURFACE ( 'NONE', #5357, 0.2107958125779213487 ) ;
#504 = ADVANCED_FACE ( 'NONE', ( #476 ), #5304, .T. ) ;
#505 = FACE_OUTER_BOUND ( 'NONE', #5858, .T. ) ;
#506 = DIRECTION ( 'NONE',  ( 1.000000000000000000, 0.0000000000000000000, 0.0000000000000000000 ) ) ;
#507 = ADVANCED_FACE ( 'NONE', ( #323 ), #857, .T. ) ;
#508 = ADVANCED_FACE ( 'NONE', ( #2878 ), #3046, .F. ) ;
#509 = ORIENTED_EDGE ( 'NONE', *, *, #3375, .T. ) ;
#510 = CALENDAR_DATE ( 2021, 23, 3 ) ;
#511 = VECTOR ( 'NONE', #3513, 1000.000000000000000 ) ;
#512 = CARTESIAN_POINT ( 'NONE',  ( 41.91098329929339172, 41.22639938744485733, 37.62062160604307337 ) ) ;
#513 = PLANE ( 'NONE',  #6628 ) ;
#514 = CARTESIAN_POINT ( 'NONE',  ( 42.14800182156415076, 40.82599154691354215, 37.52062160604316432 ) ) ;
#515 = ORIENTED_EDGE ( 'NONE', *, *, #2704, .T. ) ;
#516 = DATE_AND_TIME ( #2457, #3026 ) ;
#517 = ORIENTED_EDGE ( 'NONE', *, *, #1647, .T. ) ;
#518 = CARTESIAN_POINT ( 'NONE',  ( 42.47802013406879951, 40.27521581339964740, 37.62062160604307337 ) ) ;
#519 = DIRECTION ( 'NONE',  ( 6.259177045925003127E-15, 0.0000000000000000000, 1.000000000000000000 ) ) ;
#520 = ORIENTED_EDGE ( 'NONE', *, *, #1206, .T. ) ;
#521 = PLANE ( 'NONE',  #1116 ) ;
#522 = DIRECTION ( 'NONE',  ( 8.000000000000000622E-15, 1.000000000000000000, 0.0000000000000000000 ) ) ;
#523 = DIRECTION ( 'NONE',  ( 1.000000000000000000, -1.027220243219863848E-14, -8.000000000000010088E-15 ) ) ;
#524 = ORIENTED_EDGE ( 'NONE', *, *, #2522, .F. ) ;
#525 = CARTESIAN_POINT ( 'NONE',  ( 45.02286377797751271, 48.80360732423427805, 36.57921685274974521 ) ) ;
#526 = DIRECTION ( 'NONE',  ( -8.000000000000000622E-15, 1.232595164407826020E-32, -1.000000000000000000 ) ) ;
#527 = CARTESIAN_POINT ( 'NONE',  ( 43.37286384697351593, 40.96338730024851316, 33.82062160604280621 ) ) ;
#528 = ORIENTED_EDGE ( 'NONE', *, *, #6826, .F. ) ;
#529 = DIRECTION ( 'NONE',  ( 8.000000000000000622E-15, 1.000000000000000000, -6.401232595164408364E-29 ) ) ;
#530 = ORIENTED_EDGE ( 'NONE', *, *, #3040, .F. ) ;
#531 = EDGE_CURVE ( 'NONE', #4864, #5652, #5804, .T. ) ;
#532 = EDGE_CURVE ( 'NONE', #3592, #5812, #1288, .T. ) ;
#533 = ORIENTED_EDGE ( 'NONE', *, *, #3115, .F. ) ;
#534 = DIRECTION ( 'NONE',  ( 1.000000000000000000, 0.0000000000000000000, 0.0000000000000000000 ) ) ;
#535 = CARTESIAN_POINT ( 'NONE',  ( 42.37286384697347330, 39.80259148767055422, 28.12062160604222782 ) ) ;
#536 = ORIENTED_EDGE ( 'NONE', *, *, #618, .F. ) ;
#537 = DIRECTION ( 'NONE',  ( 2.298141435449792163E-16, -1.000000000000000000, -6.123233995743353024E-17 ) ) ;
#538 = EDGE_CURVE ( 'NONE', #6841, #1068, #4393, .T. ) ;
#539 = ADVANCED_FACE ( 'NONE', ( #2949 ), #1140, .F. ) ;
#540 = CARTESIAN_POINT ( 'NONE',  ( 42.61586384697404384, 46.10259148767076454, 37.74947806369632275 ) ) ;
#541 = CARTESIAN_POINT ( 'NONE',  ( 41.13365965955188841, 42.29179567509275728, 37.52062160604316432 ) ) ;
#542 = CARTESIAN_POINT ( 'NONE',  ( 39.67286384697382573, 46.10259148767045190, 27.62062160604275718 ) ) ;
#543 = ORIENTED_EDGE ( 'NONE', *, *, #2876, .F. ) ;
#544 = EDGE_LOOP ( 'NONE', ( #1907, #3548, #1171, #5041, #6579, #4230, #2300, #4703 ) ) ;
#545 = LINE ( 'NONE', #2936, #1766 ) ;
#546 = EDGE_CURVE ( 'NONE', #5018, #949, #1463, .T. ) ;
#547 = ORIENTED_EDGE ( 'NONE', *, *, #3846, .F. ) ;
#548 = DIRECTION ( 'NONE',  ( 1.000000000000000000, -1.053789534607708500E-14, -5.268947673038542502E-15 ) ) ;
#549 = DIRECTION ( 'NONE',  ( -0.3779644730092285299, -0.6546536707079916306, -0.6546536707079617656 ) ) ;
#550 = DIRECTION ( 'NONE',  ( -1.691914632811590462E-15, -1.000000000000000000, -5.045235698586320787E-29 ) ) ;
#551 = FACE_OUTER_BOUND ( 'NONE', #916, .T. ) ;
#552 = EDGE_LOOP ( 'NONE', ( #3963, #6459, #3397, #520 ) ) ;
#553 = ORIENTED_EDGE ( 'NONE', *, *, #6482, .F. ) ;
#554 = FACE_OUTER_BOUND ( 'NONE', #2986, .T. ) ;
#555 = AXIS2_PLACEMENT_3D ( 'NONE', #2591, #2475, #1755 ) ;
#556 = ORIENTED_EDGE ( 'NONE', *, *, #3813, .T. ) ;
#557 = VERTEX_POINT ( 'NONE', #4082 ) ;
#558 = CARTESIAN_POINT ( 'NONE',  ( 42.37286384697354436, 44.33198759084331897, 32.22062160604242820 ) ) ;
#559 = DIRECTION ( 'NONE',  ( -1.000000000000000000, 8.000000000000000622E-15, 8.000000000000000622E-15 ) ) ;
#560 = ORIENTED_EDGE ( 'NONE', *, *, #349, .T. ) ;
#561 = CARTESIAN_POINT ( 'NONE',  ( 40.92286384697396784, 42.29179567509275728, 37.52062160604316432 ) ) ;
#562 = ORIENTED_EDGE ( 'NONE', *, *, #5214, .T. ) ;
#563 = ORIENTED_EDGE ( 'NONE', *, *, #494, .F. ) ;
#564 = ADVANCED_FACE ( 'NONE', ( #5961 ), #3491, .T. ) ;
#565 = CARTESIAN_POINT ( 'NONE',  ( 43.03915336521937718, 49.80360732423432069, 34.77062160604268826 ) ) ;
#566 = ORIENTED_EDGE ( 'NONE', *, *, #4856, .T. ) ;
#567 = DIRECTION ( 'NONE',  ( 8.000000000000000622E-15, 1.000000000000000000, -6.401232595164408364E-29 ) ) ;
#568 = VECTOR ( 'NONE', #2358, 1000.000000000000114 ) ;
#569 = DIRECTION ( 'NONE',  ( 8.000000000000000622E-15, -6.401232595164408364E-29, 1.000000000000000000 ) ) ;
#570 = CARTESIAN_POINT ( 'NONE',  ( 40.46101733332384498, 45.82470112935353512, 38.54117583289283999 ) ) ;
#571 = CARTESIAN_POINT ( 'NONE',  ( 40.57286384697383852, 39.00259148767060680, 31.22062160604233583 ) ) ;
#572 = CARTESIAN_POINT ( 'NONE',  ( 42.37286384697353725, 44.33198759084331897, 30.92773573296891954 ) ) ;
#573 = DIRECTION ( 'NONE',  ( 1.000000000000000000, 8.817841970012501240E-16, 0.0000000000000000000 ) ) ;
#574 = ORIENTED_EDGE ( 'NONE', *, *, #3360, .T. ) ;
#575 = CARTESIAN_POINT ( 'NONE',  ( 41.01927400848765615, 45.50239148767074226, 33.02062160604303642 ) ) ;
#576 = ORIENTED_EDGE ( 'NONE', *, *, #706, .F. ) ;
#577 = VERTEX_POINT ( 'NONE', #2225 ) ;
#578 = ORIENTED_EDGE ( 'NONE', *, *, #5925, .T. ) ;
#579 = EDGE_CURVE ( 'NONE', #2698, #2678, #234, .T. ) ;
#580 = EDGE_CURVE ( 'NONE', #2584, #151, #4007, .T. ) ;
#581 = ORIENTED_EDGE ( 'NONE', *, *, #992, .T. ) ;
#582 = ORIENTED_EDGE ( 'NONE', *, *, #3313, .T. ) ;
#583 = EDGE_LOOP ( 'NONE', ( #3788, #5609, #3749, #4207 ) ) ;
#584 = VERTEX_POINT ( 'NONE', #2233 ) ;
#585 = VERTEX_POINT ( 'NONE', #2458 ) ;
#586 = ADVANCED_FACE ( 'NONE', ( #551 ), #3209, .F. ) ;
#587 = DIRECTION ( 'NONE',  ( 9.251858538544739270E-15, 1.000000000000000000, -0.0000000000000000000 ) ) ;
#588 = ORIENTED_EDGE ( 'NONE', *, *, #4164, .F. ) ;
#589 = EDGE_CURVE ( 'NONE', #307, #2853, #6707, .T. ) ;
#590 = EDGE_CURVE ( 'NONE', #1998, #4675, #5358, .T. ) ;
#591 = DIRECTION ( 'NONE',  ( 8.000000000000000622E-15, -6.123233995736918878E-17, 1.000000000000000000 ) ) ;
#592 = DIRECTION ( 'NONE',  ( -8.000000000000000622E-15, 6.401232595164408364E-29, -1.000000000000000000 ) ) ;
#593 = DIRECTION ( 'NONE',  ( 2.371197341355120291E-16, -1.000000000000000000, 1.370316553096936154E-15 ) ) ;
#594 = LINE ( 'NONE', #6123, #1465 ) ;
#595 = DIRECTION ( 'NONE',  ( 8.068481283613048695E-15, 1.000000000000000000, 0.0000000000000000000 ) ) ;
#596 = CARTESIAN_POINT ( 'NONE',  ( 44.67286384697391100, 39.00259148767053574, 34.02062160604229746 ) ) ;
#597 = DIRECTION ( 'NONE',  ( 1.000000000000000000, -8.000000000000000622E-15, -8.000000000000000622E-15 ) ) ;
#598 = FACE_OUTER_BOUND ( 'NONE', #4672, .T. ) ;
#599 = EDGE_CURVE ( 'NONE', #4574, #3254, #1410, .T. ) ;
#600 = LINE ( 'NONE', #2106, #6015 ) ;
#601 = DIRECTION ( 'NONE',  ( 8.000000000000000622E-15, -1.428984164737452193E-28, 1.000000000000000000 ) ) ;
#602 = CARTESIAN_POINT ( 'NONE',  ( 44.67286384697371915, 50.40259148767040642, 35.12062160604270389 ) ) ;
#603 = ADVANCED_FACE ( 'NONE', ( #2722 ), #5110, .T. ) ;
#604 = FACE_OUTER_BOUND ( 'NONE', #4009, .T. ) ;
#605 = CARTESIAN_POINT ( 'NONE',  ( 40.42286384697393231, 42.84920164918558783, 32.82062160604269963 ) ) ;
#606 = FACE_OUTER_BOUND ( 'NONE', #5192, .T. ) ;
#607 = AXIS2_PLACEMENT_3D ( 'NONE', #570, #4674, #1481 ) ;
#608 = PLANE ( 'NONE',  #6361 ) ;
#609 = PLANE ( 'NONE',  #3273 ) ;
#610 = CARTESIAN_POINT ( 'NONE',  ( 48.46206803439599042, 48.14179567509265212, 32.22062160604218661 ) ) ;
#611 = DIRECTION ( 'NONE',  ( 1.000000000000000000, 0.0000000000000000000, -0.0000000000000000000 ) ) ;
#612 = CARTESIAN_POINT ( 'NONE',  ( 40.42286384697371915, 39.60259148767060822, -2.593127411569341838E-13 ) ) ;
#613 = EDGE_CURVE ( 'NONE', #6192, #4618, #939, .T. ) ;
#614 = CARTESIAN_POINT ( 'NONE',  ( 40.57286384697383141, 39.71598894729201135, 29.02062160604233654 ) ) ;
#615 = VECTOR ( 'NONE', #5891, 1000.000000000000000 ) ;
#616 = FACE_OUTER_BOUND ( 'NONE', #426, .T. ) ;
#617 = DIRECTION ( 'NONE',  ( -0.0000000000000000000, -0.0000000000000000000, -1.000000000000000000 ) ) ;
#618 = EDGE_CURVE ( 'NONE', #6507, #2678, #780, .T. ) ;
#619 = ORIENTED_EDGE ( 'NONE', *, *, #4856, .F. ) ;
#620 = LINE ( 'NONE', #5737, #2695 ) ;
#621 = CARTESIAN_POINT ( 'NONE',  ( 47.89318188524042341, 48.35259148767057980, 27.62062160604268968 ) ) ;
#622 = VECTOR ( 'NONE', #6836, 1000.000000000000000 ) ;
#623 = CIRCLE ( 'NONE', #6715, 0.2892041874220790953 ) ;
#624 = LINE ( 'NONE', #5977, #3381 ) ;
#625 = CARTESIAN_POINT ( 'NONE',  ( 42.25739498568951547, 42.17758296149001751, 37.62062160604307337 ) ) ;
#626 = EDGE_LOOP ( 'NONE', ( #3533, #5673, #6493, #3448 ) ) ;
#627 = AXIS2_PLACEMENT_3D ( 'NONE', #2487, #5956, #437 ) ;
#628 = PLANE ( 'NONE',  #2816 ) ;
#629 = ADVANCED_FACE ( 'NONE', ( #1697 ), #1977, .T. ) ;
#630 = CARTESIAN_POINT ( 'NONE',  ( 44.67286384697387547, 39.00259148767057127, 29.02062160604230456 ) ) ;
#631 = ADVANCED_FACE ( 'NONE', ( #4876 ), #2589, .F. ) ;
#632 = DIRECTION ( 'NONE',  ( 0.7071067811865392461, 6.235155852427616183E-16, -0.7071067811865556774 ) ) ;
#633 = EDGE_CURVE ( 'NONE', #2421, #667, #2933, .T. ) ;
#634 = VERTEX_POINT ( 'NONE', #4632 ) ;
#635 = ADVANCED_FACE ( 'NONE', ( #606 ), #4268, .F. ) ;
#636 = ORIENTED_EDGE ( 'NONE', *, *, #4645, .T. ) ;
#637 = ORIENTED_EDGE ( 'NONE', *, *, #3021, .F. ) ;
#638 = ORIENTED_EDGE ( 'NONE', *, *, #3550, .T. ) ;
#639 = CARTESIAN_POINT ( 'NONE',  ( 44.67286384697388257, 39.00259148767057127, 30.12062160604229888 ) ) ;
#640 = ORIENTED_EDGE ( 'NONE', *, *, #1091, .T. ) ;
#641 = EDGE_LOOP ( 'NONE', ( #3681, #6420, #1841, #6614 ) ) ;
#642 = EDGE_CURVE ( 'NONE', #2357, #6841, #36, .T. ) ;
#643 = CARTESIAN_POINT ( 'NONE',  ( 40.42286384697390389, 39.60259148767055848, 32.22062160604274084 ) ) ;
#644 = CARTESIAN_POINT ( 'NONE',  ( 39.96575706578730092, 42.79568470648457890, 32.25151962731687405 ) ) ;
#645 = ADVANCED_FACE ( 'NONE', ( #6819 ), #3959, .F. ) ;
#646 = ORIENTED_EDGE ( 'NONE', *, *, #4284, .T. ) ;
#647 = ORIENTED_EDGE ( 'NONE', *, *, #3186, .F. ) ;
#648 = VECTOR ( 'NONE', #4375, 1000.000000000000000 ) ;
#649 = DIRECTION ( 'NONE',  ( -1.000000000000000000, -2.298141435449793642E-16, -6.259177045924962895E-15 ) ) ;
#650 = ORIENTED_EDGE ( 'NONE', *, *, #3143, .F. ) ;
#651 = DIRECTION ( 'NONE',  ( -8.945726423990003407E-16, -1.000000000000000000, -5.683109290916394098E-29 ) ) ;
#652 = CARTESIAN_POINT ( 'NONE',  ( 46.53565299827955926, 48.80360732422014536, 30.47062160604269110 ) ) ;
#653 = ORIENTED_EDGE ( 'NONE', *, *, #376, .F. ) ;
#654 = AXIS2_PLACEMENT_3D ( 'NONE', #6559, #3717, #5486 ) ;
#655 = CARTESIAN_POINT ( 'NONE',  ( 44.67286384697379731, 49.59649040585271962, 35.12062160604270389 ) ) ;
#656 = ORIENTED_EDGE ( 'NONE', *, *, #2211, .F. ) ;
#657 = CARTESIAN_POINT ( 'NONE',  ( 47.14155940185079174, 48.80360732423428516, 34.77062160604268826 ) ) ;
#658 = EDGE_CURVE ( 'NONE', #3497, #1774, #2969, .T. ) ;
#659 = AXIS2_PLACEMENT_3D ( 'NONE', #2015, #1224, #5883 ) ;
#660 = DIRECTION ( 'NONE',  ( -7.883749266479334781E-15, -0.0000000000000000000, -1.000000000000000000 ) ) ;
#661 = CIRCLE ( 'NONE', #3821, 0.2107958125779213487 ) ;
#662 = LINE ( 'NONE', #4208, #4045 ) ;
#663 = DIRECTION ( 'NONE',  ( 1.000000000000000000, 0.0000000000000000000, -6.308085367188407793E-15 ) ) ;
#664 = EDGE_CURVE ( 'NONE', #4421, #339, #5734, .T. ) ;
#665 = ORIENTED_EDGE ( 'NONE', *, *, #4662, .T. ) ;
#666 = LINE ( 'NONE', #6265, #622 ) ;
#667 = VERTEX_POINT ( 'NONE', #2982 ) ;
#668 = ADVANCED_FACE ( 'NONE', ( #5814 ), #4307, .F. ) ;
#669 = ORIENTED_EDGE ( 'NONE', *, *, #3428, .F. ) ;
#670 = CARTESIAN_POINT ( 'NONE',  ( 44.67286384697342783, 35.50259148767061390, 30.12062160604262573 ) ) ;
#671 = DIRECTION ( 'NONE',  ( 0.0000000000000000000, -1.000000000000000000, 0.0000000000000000000 ) ) ;
#672 = CARTESIAN_POINT ( 'NONE',  ( 41.91098329929339172, 41.22639938744485733, 37.52062160604316432 ) ) ;
#673 = ORIENTED_EDGE ( 'NONE', *, *, #481, .T. ) ;
#674 = DIRECTION ( 'NONE',  ( 8.007031968508057257E-15, 1.000000000000000000, -0.0000000000000000000 ) ) ;
#675 = DIRECTION ( 'NONE',  ( -0.1218693434051628527, -0.9925461516413200957, -0.0000000000000000000 ) ) ;
#676 = VERTEX_POINT ( 'NONE', #2888 ) ;
#677 = CARTESIAN_POINT ( 'NONE',  ( 42.37286384697352304, 43.25259148767053574, 31.20982579346491903 ) ) ;
#678 = ORIENTED_EDGE ( 'NONE', *, *, #869, .F. ) ;
#679 = CARTESIAN_POINT ( 'NONE',  ( 43.92286384697384705, 42.50259148767065653, 37.62062160604307337 ) ) ;
#680 = EDGE_CURVE ( 'NONE', #1080, #6781, #4020, .T. ) ;
#681 = VERTEX_POINT ( 'NONE', #740 ) ;
#682 = FACE_OUTER_BOUND ( 'NONE', #5799, .T. ) ;
#683 = B_SPLINE_CURVE_WITH_KNOTS ( 'NONE', 3,
 ( #565, #1234, #1708, #3594, #6014, #131 ),
 .UNSPECIFIED., .F., .F.,
 ( 4, 2, 4 ),
 ( 6.938893903907228378E-18, 0.0001645077324556339755, 0.0003290154649112610121 ),
 .UNSPECIFIED. ) ;
#684 = VECTOR ( 'NONE', #465, 1000.000000000000000 ) ;
#685 = AXIS2_PLACEMENT_3D ( 'NONE', #1669, #4031, #3407 ) ;
#686 = CARTESIAN_POINT ( 'NONE',  ( 43.17967678499713458, 50.40259148767076880, 37.92765156762981604 ) ) ;
#687 = AXIS2_PLACEMENT_3D ( 'NONE', #5683, #6324, #6419 ) ;
#688 = CARTESIAN_POINT ( 'NONE',  ( 42.36770755987890880, 41.22639938744485733, 37.52062160604316432 ) ) ;
#689 = ORIENTED_EDGE ( 'NONE', *, *, #5678, .F. ) ;
#690 = DIRECTION ( 'NONE',  ( 0.0000000000000000000, 1.000000000000000000, 0.0000000000000000000 ) ) ;
#691 = LINE ( 'NONE', #2359, #2785 ) ;
#692 = EDGE_CURVE ( 'NONE', #3201, #5484, #2001, .T. ) ;
#693 = LINE ( 'NONE', #2615, #3001 ) ;
#694 = ORIENTED_EDGE ( 'NONE', *, *, #6468, .F. ) ;
#695 = FACE_OUTER_BOUND ( 'NONE', #4132, .T. ) ;
#696 = ORIENTED_EDGE ( 'NONE', *, *, #1512, .T. ) ;
#697 = EDGE_CURVE ( 'NONE', #2853, #6454, #2045, .T. ) ;
#698 = EDGE_CURVE ( 'NONE', #1496, #6204, #1461, .T. ) ;
#699 = FACE_OUTER_BOUND ( 'NONE', #265, .T. ) ;
#700 = EDGE_CURVE ( 'NONE', #6284, #2534, #2759, .T. ) ;
#701 = CARTESIAN_POINT ( 'NONE',  ( 40.42286384697393942, 39.00259148767055706, 37.22062160604274084 ) ) ;
#702 = CARTESIAN_POINT ( 'NONE',  ( 40.42286384697396784, 42.53454565111925945, 37.62062160604307337 ) ) ;
#703 = DIRECTION ( 'NONE',  ( 1.000000000000000000, 0.0000000000000000000, -0.0000000000000000000 ) ) ;
#704 = ORIENTED_EDGE ( 'NONE', *, *, #3524, .T. ) ;
#705 = EDGE_LOOP ( 'NONE', ( #2446, #4555, #6686, #1518 ) ) ;
#706 = EDGE_CURVE ( 'NONE', #1883, #4702, #2215, .T. ) ;
#707 = VECTOR ( 'NONE', #3259, 1000.000000000000000 ) ;
#708 = CARTESIAN_POINT ( 'NONE',  ( 42.77397033358273148, 48.60259148767041637, 35.12062160604271810 ) ) ;
#709 = EDGE_CURVE ( 'NONE', #2657, #1324, #3756, .T. ) ;
#710 = DIRECTION ( 'NONE',  ( -2.096737068845737267E-14, -1.000000000000000000, 0.0000000000000000000 ) ) ;
#711 = VERTEX_POINT ( 'NONE', #5765 ) ;
#712 = PLANE ( 'NONE',  #5399 ) ;
#713 = CARTESIAN_POINT ( 'NONE',  ( 44.67286384697388257, 39.00259148767057127, 30.12062160604229888 ) ) ;
#714 = DIRECTION ( 'NONE',  ( -1.000000000000000000, 0.0000000000000000000, 5.384979558076334077E-14 ) ) ;
#715 = EDGE_CURVE ( 'NONE', #5355, #23, #4147, .T. ) ;
#716 = ADVANCED_FACE ( 'NONE', ( #3435 ), #2712, .F. ) ;
#717 = CARTESIAN_POINT ( 'NONE',  ( 40.42286384697399626, 39.60259148767063664, 36.22062160604233583 ) ) ;
#718 = CARTESIAN_POINT ( 'NONE',  ( 40.01927400848805405, 45.10259148767045190, 32.22062160604244951 ) ) ;
#720 = PLANE ( 'NONE',  #1922 ) ;
#719 = FACE_OUTER_BOUND ( 'NONE', #3317, .T. ) ;
#721 = EDGE_LOOP ( 'NONE', ( #3485, #1111, #1044, #1399 ) ) ;
#722 = DIRECTION ( 'NONE',  ( -0.0000000000000000000, 0.0000000000000000000, 1.000000000000000000 ) ) ;
#723 = B_SPLINE_CURVE_WITH_KNOTS ( 'NONE', 3,
 ( #3028, #2998, #806, #1218 ),
 .UNSPECIFIED., .F., .F.,
 ( 4, 4 ),
 ( 0.0003412573441821961737, 0.0004995988620032504324 ),
 .UNSPECIFIED. ) ;
#724 = AXIS2_PLACEMENT_3D ( 'NONE', #2542, #6377, #1005 ) ;
#725 = LINE ( 'NONE', #2600, #3151 ) ;
#726 = VERTEX_POINT ( 'NONE', #463 ) ;
#727 = DIRECTION ( 'NONE',  ( 0.0000000000000000000, 0.0000000000000000000, 1.000000000000000000 ) ) ;
#728 = EDGE_LOOP ( 'NONE', ( #2790, #6805, #6616, #6223, #6407, #6508 ) ) ;
#729 = CARTESIAN_POINT ( 'NONE',  ( 46.72986384697393447, 50.40259148767039221, 27.74947806369628367 ) ) ;
#730 = LINE ( 'NONE', #185, #4626 ) ;
#731 = FACE_BOUND ( 'NONE', #5785, .T. ) ;
#732 = CARTESIAN_POINT ( 'NONE',  ( 42.58741329819372368, 40.82599154691363452, 37.62062160604307337 ) ) ;
#733 = VERTEX_POINT ( 'NONE', #1689 ) ;
#734 = CARTESIAN_POINT ( 'NONE',  ( 38.22708451521038597, 39.80259148767057553, 29.02062160604235785 ) ) ;
#735 = CARTESIAN_POINT ( 'NONE',  ( 42.82415852339111950, 49.59649040585271962, 35.47062160604273373 ) ) ;
#736 = EDGE_CURVE ( 'NONE', #4772, #4413, #4707, .T. ) ;
#737 = EDGE_CURVE ( 'NONE', #5119, #4236, #1124, .T. ) ;
#738 = ORIENTED_EDGE ( 'NONE', *, *, #376, .T. ) ;
#739 = LINE ( 'NONE', #5180, #6494 ) ;
#740 = CARTESIAN_POINT ( 'NONE',  ( 40.42286384697392521, 42.53454565111925945, 32.42062160604245946 ) ) ;
#741 = VERTEX_POINT ( 'NONE', #2672 ) ;
#742 = ORIENTED_EDGE ( 'NONE', *, *, #5065, .T. ) ;
#743 = AXIS2_PLACEMENT_3D ( 'NONE', #5768, #101, #6740 ) ;
#744 = DIRECTION ( 'NONE',  ( 8.000000000000000622E-15, 1.000000000000000000, 0.0000000000000000000 ) ) ;
#745 = AXIS2_PLACEMENT_3D ( 'NONE', #4795, #4526, #5286 ) ;
#746 = AXIS2_PLACEMENT_3D ( 'NONE', #5581, #2333, #2835 ) ;
#747 = ORIENTED_EDGE ( 'NONE', *, *, #692, .T. ) ;
#748 = EDGE_CURVE ( 'NONE', #2381, #4675, #6236, .T. ) ;
#749 = ORIENTED_EDGE ( 'NONE', *, *, #4510, .T. ) ;
#750 = CARTESIAN_POINT ( 'NONE',  ( 42.68881594664653534, 41.96570328357044843, 37.52062160604316432 ) ) ;
#751 = CARTESIAN_POINT ( 'NONE',  ( 42.82415852339170925, 49.59649040585263435, 29.77062160604267760 ) ) ;
#752 = DIRECTION ( 'NONE',  ( 1.000000000000000000, 0.0000000000000000000, 0.0000000000000000000 ) ) ;
#753 = CARTESIAN_POINT ( 'NONE',  ( 42.70021781508145153, 42.17619050882790077, 37.62062160604307337 ) ) ;
#754 = ADVANCED_FACE ( 'NONE', ( #3778 ), #3911, .T. ) ;
#755 = CONICAL_SURFACE ( 'NONE', #6406, 1.898893513388871801, 0.01745329251974434698 ) ;
#756 = FACE_OUTER_BOUND ( 'NONE', #6606, .T. ) ;
#757 = ORIENTED_EDGE ( 'NONE', *, *, #6072, .F. ) ;
#758 = EDGE_LOOP ( 'NONE', ( #4862, #4857, #5981, #1305, #4014 ) ) ;
#759 = VERTEX_POINT ( 'NONE', #6540 ) ;
#760 = LINE ( 'NONE', #2074, #1557 ) ;
#761 = CARTESIAN_POINT ( 'NONE',  ( 43.37286384697351593, 43.04179567509260806, 31.20982579346491192 ) ) ;
#762 = AXIS2_PLACEMENT_3D ( 'NONE', #4557, #4071, #3564 ) ;
#763 = DIRECTION ( 'NONE',  ( -8.673617379883486425E-15, -1.000000000000000000, 0.0000000000000000000 ) ) ;
#764 = ADVANCED_FACE ( 'NONE', ( #1026 ), #1084, .F. ) ;
#765 = DIRECTION ( 'NONE',  ( 0.4999999999999992228, -0.8660254037844391517, -4.000000000000093396E-15 ) ) ;
#766 = CARTESIAN_POINT ( 'NONE',  ( 43.17967678499706352, 50.40259148767041353, 27.92765156762972012 ) ) ;
#767 = PLANE ( 'NONE',  #5059 ) ;
#768 = EDGE_LOOP ( 'NONE', ( #5118, #2665, #665, #2786 ) ) ;
#769 = ORIENTED_EDGE ( 'NONE', *, *, #6213, .T. ) ;
#770 = AXIS2_PLACEMENT_3D ( 'NONE', #1719, #2773, #5401 ) ;
#771 = CARTESIAN_POINT ( 'NONE',  ( 46.57175736036266755, 48.60259148779595506, 35.12062160604268968 ) ) ;
#772 = VERTEX_POINT ( 'NONE', #1007 ) ;
#773 = PLANE ( 'NONE',  #1093 ) ;
#774 = VERTEX_POINT ( 'NONE', #3425 ) ;
#775 = CARTESIAN_POINT ( 'NONE',  ( 41.01927400848769167, 45.50239148767074226, 37.12062160604304495 ) ) ;
#776 = CARTESIAN_POINT ( 'NONE',  ( 38.22708451521041439, 39.80259148767057553, 34.02062160604235430 ) ) ;
#777 = DIRECTION ( 'NONE',  ( 7.999999999999923313E-15, -8.326672684688917022E-15, 1.000000000000000000 ) ) ;
#778 = PLANE ( 'NONE',  #1208 ) ;
#779 = DIRECTION ( 'NONE',  ( -1.000000000000000000, 8.000000000000000622E-15, 8.000000000000000622E-15 ) ) ;
#780 = LINE ( 'NONE', #1197, #4745 ) ;
#781 = ORIENTED_EDGE ( 'NONE', *, *, #3569, .T. ) ;
#782 = DIRECTION ( 'NONE',  ( 8.000000000000000622E-15, 1.534706572270470003E-32, 1.000000000000000000 ) ) ;
#783 = ORIENTED_EDGE ( 'NONE', *, *, #359, .F. ) ;
#784 = CARTESIAN_POINT ( 'NONE',  ( 46.31586384697391878, 46.10259148767039505, 27.62062160604270034 ) ) ;
#785 = FACE_OUTER_BOUND ( 'NONE', #3541, .T. ) ;
#786 = CARTESIAN_POINT ( 'NONE',  ( 43.37286384697353014, 40.75259148767058548, 36.20982579346489416 ) ) ;
#787 = LINE ( 'NONE', #4689, #4321 ) ;
#788 = EDGE_CURVE ( 'NONE', #5780, #154, #5806, .T. ) ;
#789 = DIRECTION ( 'NONE',  ( -1.000000000000000000, 0.0000000000000000000, 0.0000000000000000000 ) ) ;
#790 = ORIENTED_EDGE ( 'NONE', *, *, #2163, .F. ) ;
#791 = DIRECTION ( 'NONE',  ( -0.0000000000000000000, -0.0000000000000000000, 1.000000000000000000 ) ) ;
#792 = VECTOR ( 'NONE', #4205, 1000.000000000000000 ) ;
#793 = EDGE_LOOP ( 'NONE', ( #3301, #4243, #656, #214 ) ) ;
#794 = CARTESIAN_POINT ( 'NONE',  ( 40.01927400848803273, 42.60259148767059401, 32.22062160604244951 ) ) ;
#795 = DIRECTION ( 'NONE',  ( -8.000000000000000622E-15, -9.964473254502949756E-30, -1.000000000000000000 ) ) ;
#796 = ORIENTED_EDGE ( 'NONE', *, *, #6258, .F. ) ;
#797 = DIRECTION ( 'NONE',  ( 0.0000000000000000000, 0.0000000000000000000, -1.000000000000000000 ) ) ;
#798 = VECTOR ( 'NONE', #56, 1000.000000000000000 ) ;
#799 = CARTESIAN_POINT ( 'NONE',  ( 41.01927400848765615, 45.50239148767074226, 33.02062160604303642 ) ) ;
#800 = TOROIDAL_SURFACE ( 'NONE', #3735, 0.2892041874220824260, 0.2107958125779215153 ) ;
#801 = ORIENTED_EDGE ( 'NONE', *, *, #5980, .T. ) ;
#802 = VECTOR ( 'NONE', #2470, 1000.000000000000114 ) ;
#803 = DIRECTION ( 'NONE',  ( -8.000000000000000622E-15, -0.0000000000000000000, -1.000000000000000000 ) ) ;
#804 = ORIENTED_EDGE ( 'NONE', *, *, #6518, .T. ) ;
#805 = ORIENTED_EDGE ( 'NONE', *, *, #3023, .F. ) ;
#806 = CARTESIAN_POINT ( 'NONE',  ( 40.54578631990153070, 45.77575973213395599, 33.00311822295363129 ) ) ;
#807 = VECTOR ( 'NONE', #1257, 1000.000000000000000 ) ;
#808 = AXIS2_PLACEMENT_3D ( 'NONE', #4716, #777, #2473 ) ;
#809 = ORIENTED_EDGE ( 'NONE', *, *, #6222, .F. ) ;
#810 = ORIENTED_EDGE ( 'NONE', *, *, #3366, .F. ) ;
#811 = CARTESIAN_POINT ( 'NONE',  ( 43.37286384697355146, 43.04179567509260806, 36.42062160604283605 ) ) ;
#812 = ORIENTED_EDGE ( 'NONE', *, *, #940, .F. ) ;
#813 = CARTESIAN_POINT ( 'NONE',  ( 47.37286384697384278, 44.35259148767056558, 30.12062160604218519 ) ) ;
#814 = VERTEX_POINT ( 'NONE', #856 ) ;
#815 = CARTESIAN_POINT ( 'NONE',  ( 46.53565299828039059, 48.80360732422014536, 34.77062160604268826 ) ) ;
#816 = AXIS2_PLACEMENT_3D ( 'NONE', #817, #2060, #6358 ) ;
#817 = CARTESIAN_POINT ( 'NONE',  ( 44.67286384697342783, 35.50259148767061390, 30.12062160604262573 ) ) ;
#818 = DIRECTION ( 'NONE',  ( 0.0000000000000000000, 1.000000000000000000, 0.0000000000000000000 ) ) ;
#819 = EDGE_CURVE ( 'NONE', #1227, #6838, #6161, .T. ) ;
#820 = AXIS2_PLACEMENT_3D ( 'NONE', #1848, #714, #5557 ) ;
#821 = ORIENTED_EDGE ( 'NONE', *, *, #2127, .T. ) ;
#822 = VECTOR ( 'NONE', #5740, 1000.000000000000000 ) ;
#823 = PLANE ( 'NONE',  #3204 ) ;
#824 = AXIS2_PLACEMENT_3D ( 'NONE', #92, #5079, #797 ) ;
#825 = LINE ( 'NONE', #6437, #1942 ) ;
#826 = ORIENTED_EDGE ( 'NONE', *, *, #4503, .T. ) ;
#827 = DIRECTION ( 'NONE',  ( 1.000000000000000000, -1.027220243219863848E-14, -8.000000000000008510E-15 ) ) ;
#828 = EDGE_CURVE ( 'NONE', #57, #6169, #1561, .T. ) ;
#829 = CARTESIAN_POINT ( 'NONE',  ( 42.25739498568951547, 41.81161084668315198, 37.62062160604307337 ) ) ;
#830 = DIRECTION ( 'NONE',  ( 1.000000000000000000, 2.298141435449797094E-16, 1.407205776457262430E-32 ) ) ;
#831 = FACE_OUTER_BOUND ( 'NONE', #5452, .T. ) ;
#832 = FACE_OUTER_BOUND ( 'NONE', #1801, .T. ) ;
#833 = CYLINDRICAL_SURFACE ( 'NONE', #3638, 0.4567242605854615611 ) ;
#834 = CARTESIAN_POINT ( 'NONE',  ( 46.52626439386110491, 49.33219605621846426, 30.47062160604269110 ) ) ;
#835 = DIRECTION ( 'NONE',  ( 1.000000000000000000, 0.0000000000000000000, 0.0000000000000000000 ) ) ;
#836 = PLANE ( 'NONE',  #2158 ) ;
#837 = DIRECTION ( 'NONE',  ( -1.000000000000000000, 7.652527131591127960E-15, -0.0000000000000000000 ) ) ;
#838 = VECTOR ( 'NONE', #3716, 1000.000000000000000 ) ;
#839 = CARTESIAN_POINT ( 'NONE',  ( 41.16674917584082039, 46.10259148767043769, 27.62062160604274297 ) ) ;
#840 = CARTESIAN_POINT ( 'NONE',  ( 46.72986384697393447, 50.40259148767039221, 27.62062160604269678 ) ) ;
#841 = CARTESIAN_POINT ( 'NONE',  ( 44.67286384697342783, 35.71338730024853447, 30.12062160604262573 ) ) ;
#842 = CARTESIAN_POINT ( 'NONE',  ( 45.02286392053758846, 48.80360732423427805, 34.77062160604268826 ) ) ;
#843 = VERTEX_POINT ( 'NONE', #5100 ) ;
#844 = CARTESIAN_POINT ( 'NONE',  ( 46.31586384697395431, 50.40259148767039221, 27.62062160604270034 ) ) ;
#845 = PLANE ( 'NONE',  #4479 ) ;
#846 = VECTOR ( 'NONE', #4335, 1000.000000000000000 ) ;
#847 = CARTESIAN_POINT ( 'NONE',  ( 54.67286384697385415, 44.70759388767072551, 33.02062160604292274 ) ) ;
#848 = ORIENTED_EDGE ( 'NONE', *, *, #4078, .T. ) ;
#849 = VERTEX_POINT ( 'NONE', #360 ) ;
#850 = VECTOR ( 'NONE', #523, 1000.000000000000000 ) ;
#851 = DIRECTION ( 'NONE',  ( 8.000000000000000622E-15, 1.534706572270470003E-32, 1.000000000000000000 ) ) ;
#852 = EDGE_CURVE ( 'NONE', #1205, #6538, #6225, .T. ) ;
#853 = ORIENTED_EDGE ( 'NONE', *, *, #4325, .F. ) ;
#854 = DIRECTION ( 'NONE',  ( 0.5000000000000091038, -4.336808689941762145E-15, 0.8660254037844334896 ) ) ;
#855 = VECTOR ( 'NONE', #4700, 1000.000000000000000 ) ;
#856 = CARTESIAN_POINT ( 'NONE',  ( 44.38365965955134840, 35.50259148767061390, 30.12062160604262573 ) ) ;
#857 = TOROIDAL_SURFACE ( 'NONE', #3374, 1.670781235886657612, 0.2107958125779215153 ) ;
#858 = CARTESIAN_POINT ( 'NONE',  ( 42.04659917311118278, 39.82760001385910442, 37.62062160604307337 ) ) ;
#859 = ORIENTED_EDGE ( 'NONE', *, *, #117, .T. ) ;
#860 = FACE_OUTER_BOUND ( 'NONE', #2184, .T. ) ;
#861 = EDGE_CURVE ( 'NONE', #2395, #5430, #2963, .T. ) ;
#862 = LINE ( 'NONE', #4579, #3641 ) ;
#863 = EDGE_LOOP ( 'NONE', ( #4766, #33, #1397, #2461 ) ) ;
#864 = VECTOR ( 'NONE', #4026, 1000.000000000000000 ) ;
#865 = ORIENTED_EDGE ( 'NONE', *, *, #3941, .T. ) ;
#866 = DIRECTION ( 'NONE',  ( -1.000000000000000000, 0.0000000000000000000, 0.0000000000000000000 ) ) ;
#867 = FACE_OUTER_BOUND ( 'NONE', #3812, .T. ) ;
#868 = EDGE_LOOP ( 'NONE', ( #226, #4506, #5086, #6399 ) ) ;
#869 = EDGE_CURVE ( 'NONE', #908, #1789, #5988, .T. ) ;
#870 = FACE_OUTER_BOUND ( 'NONE', #5820, .T. ) ;
#871 = CARTESIAN_POINT ( 'NONE',  ( 44.32286377797748855, 49.80360732423428516, 31.57921682946847497 ) ) ;
#872 = EDGE_CURVE ( 'NONE', #4864, #6668, #6098, .T. ) ;
#873 = EDGE_LOOP ( 'NONE', ( #1182, #3884, #1112, #3368 ) ) ;
#874 = DIRECTION ( 'NONE',  ( 8.000000000000000622E-15, -6.401232595164408364E-29, 1.000000000000000000 ) ) ;
#875 = ADVANCED_FACE ( 'NONE', ( #6780 ), #3604, .T. ) ;
#876 = DIRECTION ( 'NONE',  ( -2.298141435449797094E-16, 1.000000000000000000, 6.123233995743351792E-17 ) ) ;
#877 = LINE ( 'NONE', #1688, #1840 ) ;
#878 = DIRECTION ( 'NONE',  ( 8.000000000000000622E-15, 1.534706572270470003E-32, 1.000000000000000000 ) ) ;
#879 = EDGE_LOOP ( 'NONE', ( #6541, #2868, #3039, #3409 ) ) ;
#880 = CARTESIAN_POINT ( 'NONE',  ( 40.67286384697386836, 45.10259148767044479, 33.02062160604303642 ) ) ;
#881 = EDGE_CURVE ( 'NONE', #4723, #6858, #3807, .T. ) ;
#882 = CARTESIAN_POINT ( 'NONE',  ( 43.37286384697349462, 43.04179567509261517, 28.82062160604281686 ) ) ;
#883 = CARTESIAN_POINT ( 'NONE',  ( 40.42286384697399626, 45.84672905496814366, 37.62062160604274652 ) ) ;
#884 = EDGE_LOOP ( 'NONE', ( #1329, #738 ) ) ;
#885 = AXIS2_PLACEMENT_3D ( 'NONE', #6267, #2361, #5945 ) ;
#886 = ORIENTED_EDGE ( 'NONE', *, *, #1156, .T. ) ;
#887 = LINE ( 'NONE', #1039, #5439 ) ;
#888 = CARTESIAN_POINT ( 'NONE',  ( 42.59606969017170286, 41.22639938744485733, 37.52062160604316432 ) ) ;
#889 = PLANE ( 'NONE',  #2262 ) ;
#890 = ORIENTED_EDGE ( 'NONE', *, *, #1593, .T. ) ;
#891 = CIRCLE ( 'NONE', #6537, 0.2892041874220790953 ) ;
#892 = EDGE_CURVE ( 'NONE', #3358, #4447, #4415, .T. ) ;
#893 = CARTESIAN_POINT ( 'NONE',  ( 42.36770755987890880, 41.22639938744485733, 37.62062160604307337 ) ) ;
#894 = ORIENTED_EDGE ( 'NONE', *, *, #6383, .T. ) ;
#895 = CIRCLE ( 'NONE', #6545, 2.000000000000001776 ) ;
#896 = ORIENTED_EDGE ( 'NONE', *, *, #3770, .T. ) ;
#897 = PLANE ( 'NONE',  #6063 ) ;
#898 = CARTESIAN_POINT ( 'NONE',  ( 43.37286384697355857, 43.04179567509260806, 36.42062160604283605 ) ) ;
#899 = CARTESIAN_POINT ( 'NONE',  ( 44.67286382648882892, 48.80360732423427805, 30.12062162652762964 ) ) ;
#900 = AXIS2_PLACEMENT_3D ( 'NONE', #6521, #6535, #5448 ) ;
#901 = AXIS2_PLACEMENT_3D ( 'NONE', #1968, #317, #4541 ) ;
#902 = CARTESIAN_POINT ( 'NONE',  ( 40.76927400848828853, 42.84920164918506913, 33.02062160604273799 ) ) ;
#903 = CARTESIAN_POINT ( 'NONE',  ( 43.37286384697349462, 43.25259148767053574, 28.82062160604281686 ) ) ;
#904 = EDGE_CURVE ( 'NONE', #464, #3724, #5860, .T. ) ;
#905 = CARTESIAN_POINT ( 'NONE',  ( 0.0000000000000000000, 0.0000000000000000000, 33.02062160604256036 ) ) ;
#906 = CARTESIAN_POINT ( 'NONE',  ( 46.72986384697404105, 46.10259148767076454, 37.74947806369628722 ) ) ;
#907 = LINE ( 'NONE', #3711, #3067 ) ;
#908 = VERTEX_POINT ( 'NONE', #5750 ) ;
#909 = VECTOR ( 'NONE', #5382, 1000.000000000000000 ) ;
#910 = ORIENTED_EDGE ( 'NONE', *, *, #2865, .T. ) ;
#911 = ORIENTED_EDGE ( 'NONE', *, *, #6848, .T. ) ;
#912 = EDGE_CURVE ( 'NONE', #6463, #474, #2766, .T. ) ;
#913 = VERTEX_POINT ( 'NONE', #5350 ) ;
#914 = CARTESIAN_POINT ( 'NONE',  ( 42.82415852339165951, 49.59649040585270541, 30.47062160604266623 ) ) ;
#915 = VECTOR ( 'NONE', #2687, 1000.000000000000000 ) ;
#916 = EDGE_LOOP ( 'NONE', ( #2079, #4468, #1309, #6056 ) ) ;
#917 = CIRCLE ( 'NONE', #2562, 1.000000000000000888 ) ;
#918 = CARTESIAN_POINT ( 'NONE',  ( 40.26440553674718359, 42.57069365194881527, 32.38141827321835109 ) ) ;
#919 = VERTEX_POINT ( 'NONE', #6067 ) ;
#920 = CYLINDRICAL_SURFACE ( 'NONE', #5143, 0.2107958125779213487 ) ;
#921 = CARTESIAN_POINT ( 'NONE',  ( 43.17967678499713458, 46.10259148767076454, 37.92765156762981604 ) ) ;
#922 = EDGE_LOOP ( 'NONE', ( #6103, #5923, #4149, #4276, #2013, #2278 ) ) ;
#923 = EDGE_CURVE ( 'NONE', #1883, #3497, #6461, .T. ) ;
#924 = DIRECTION ( 'NONE',  ( -1.000000000000000000, 8.000000000000000622E-15, 8.000000000000000622E-15 ) ) ;
#925 = ADVANCED_FACE ( 'NONE', ( #4654 ), #4145, .T. ) ;
#926 = EDGE_CURVE ( 'NONE', #6370, #94, #6852, .T. ) ;
#927 = AXIS2_PLACEMENT_3D ( 'NONE', #2115, #1894, #559 ) ;
#928 = EDGE_CURVE ( 'NONE', #1447, #1998, #3251, .T. ) ;
#929 = CARTESIAN_POINT ( 'NONE',  ( 44.67286384697392521, 51.43259388767070561, 35.12062160604230598 ) ) ;
#930 = EDGE_CURVE ( 'NONE', #3974, #3402, #3956, .T. ) ;
#931 = ORIENTED_EDGE ( 'NONE', *, *, #156, .T. ) ;
#932 = DIRECTION ( 'NONE',  ( 0.0000000000000000000, -1.000000000000000000, 0.0000000000000000000 ) ) ;
#933 = EDGE_CURVE ( 'NONE', #5662, #913, #158, .T. ) ;
#934 = DIRECTION ( 'NONE',  ( 0.0000000000000000000, -1.000000000000000000, 0.0000000000000000000 ) ) ;
#935 = FACE_OUTER_BOUND ( 'NONE', #5305, .T. ) ;
#936 = ORIENTED_EDGE ( 'NONE', *, *, #6330, .T. ) ;
#937 = CARTESIAN_POINT ( 'NONE',  ( 40.56460960740626120, 43.39453724810342550, 33.33547126087693613 ) ) ;
#938 = CARTESIAN_POINT ( 'NONE',  ( 44.67286384697347046, 35.50259148767059969, 35.12062160604252625 ) ) ;
#939 = LINE ( 'NONE', #3898, #2779 ) ;
#940 = EDGE_CURVE ( 'NONE', #6485, #6584, #5407, .T. ) ;
#941 = LINE ( 'NONE', #4092, #4064 ) ;
#942 = EDGE_LOOP ( 'NONE', ( #2981, #5835, #4137, #2230, #1213, #447, #5096, #475, #2891, #485, #5775, #3534, #4491, #5115, #1074, #6843, #640, #1974, #3109, #1025, #6661, #4011, #1553, #2520, #5983, #6743, #4651, #4775, #5969, #3990, #1733, #4890, #1221, #4529, #3883, #5711 ) ) ;
#943 = LINE ( 'NONE', #1255, #1369 ) ;
#944 = CARTESIAN_POINT ( 'NONE',  ( 40.67286384693456824, 42.81706492863554558, 37.13917575030308882 ) ) ;
#945 = CIRCLE ( 'NONE', #2220, 1.499999999999994449 ) ;
#946 = EDGE_CURVE ( 'NONE', #2427, #1496, #4364, .T. ) ;
#947 = DIRECTION ( 'NONE',  ( 8.000000000000000622E-15, 1.000000000000000000, -3.294448185923983611E-93 ) ) ;
#948 =( BOUNDED_CURVE ( )  B_SPLINE_CURVE ( 3, ( #2304, #3793, #6756, #6596 ),
 .UNSPECIFIED., .F., .F. ) 
 B_SPLINE_CURVE_WITH_KNOTS ( ( 4, 4 ),
 ( 4.712388980384689674, 7.853981633974482790 ),
 .UNSPECIFIED. ) 
 CURVE ( )  GEOMETRIC_REPRESENTATION_ITEM ( )  RATIONAL_B_SPLINE_CURVE ( ( 1.000000000000000000, 0.3333333333333333703, 0.3333333333333333703, 1.000000000000000000 ) ) 
 REPRESENTATION_ITEM ( '' )  );
#949 = VERTEX_POINT ( 'NONE', #2500 ) ;
#950 = CARTESIAN_POINT ( 'NONE',  ( 42.37286384697351593, 40.75259148767059258, 34.03141741862073388 ) ) ;
#951 = AXIS2_PLACEMENT_3D ( 'NONE', #3183, #5467, #4828 ) ;
#952 = AXIS2_PLACEMENT_3D ( 'NONE', #5384, #6591, #703 ) ;
#953 = VERTEX_POINT ( 'NONE', #3712 ) ;
#954 = EDGE_LOOP ( 'NONE', ( #6363, #409, #4448, #1258, #2866 ) ) ;
#955 = EDGE_CURVE ( 'NONE', #6841, #3415, #3943, .T. ) ;
#956 = CARTESIAN_POINT ( 'NONE',  ( 46.30657432872715873, 49.80360732423429226, 29.77062160604269181 ) ) ;
#957 = CARTESIAN_POINT ( 'NONE',  ( 42.37286384697354436, 45.50239148767072805, 30.92773573296891954 ) ) ;
#958 = EDGE_LOOP ( 'NONE', ( #5569, #6147, #3905, #6304, #4442 ) ) ;
#959 = CARTESIAN_POINT ( 'NONE',  ( 42.04659917311159489, 41.96678714891210404, 37.52062160604316432 ) ) ;
#960 = ORIENTED_EDGE ( 'NONE', *, *, #4104, .F. ) ;
#961 = DIRECTION ( 'NONE',  ( -1.000000000000000000, 8.000000000000000622E-15, 8.945726423990003407E-16 ) ) ;
#962 = ORIENTED_EDGE ( 'NONE', *, *, #4233, .F. ) ;
#963 = CARTESIAN_POINT ( 'NONE',  ( 42.67286384697371915, 50.40259148767040642, 35.12062160604271810 ) ) ;
#964 = CARTESIAN_POINT ( 'NONE',  ( 44.67286384697379731, 49.59281151165637169, 35.12062160604270389 ) ) ;
#965 = CARTESIAN_POINT ( 'NONE',  ( 41.01927400848762773, 42.60259148767058690, 32.22062160604244241 ) ) ;
#966 = LINE ( 'NONE', #5335, #1352 ) ;
#967 = CIRCLE ( 'NONE', #6623, 0.2107958125779213487 ) ;
#968 = VERTEX_POINT ( 'NONE', #4605 ) ;
#969 = DIRECTION ( 'NONE',  ( -6.308085367188447236E-15, 0.0000000000000000000, -1.000000000000000000 ) ) ;
#970 = VERTEX_POINT ( 'NONE', #3262 ) ;
#971 = CARTESIAN_POINT ( 'NONE',  ( 45.77286384697389110, 39.80259148767052579, 30.12062160604228822 ) ) ;
#972 = CARTESIAN_POINT ( 'NONE',  ( 40.67286384689525391, 42.78492820809429986, 37.15772989455843600 ) ) ;
#973 = DIRECTION ( 'NONE',  ( -1.000000000000000000, 0.0000000000000000000, 0.0000000000000000000 ) ) ;
#974 = ORIENTED_EDGE ( 'NONE', *, *, #6445, .T. ) ;
#975 = CARTESIAN_POINT ( 'NONE',  ( 40.42286384697379020, 42.53454565111926655, 27.62062160604275007 ) ) ;
#976 = FACE_OUTER_BOUND ( 'NONE', #6183, .T. ) ;
#977 = ORIENTED_EDGE ( 'NONE', *, *, #2178, .T. ) ;
#978 = VERTEX_POINT ( 'NONE', #5417 ) ;
#979 = CARTESIAN_POINT ( 'NONE',  ( 43.92286384697384705, 42.50259148767065653, 37.52062160604316432 ) ) ;
#980 = LINE ( 'NONE', #4885, #2339 ) ;
#981 = DIRECTION ( 'NONE',  ( -1.000000000000000000, -2.775557561562888827E-14, 0.0000000000000000000 ) ) ;
#982 = DIRECTION ( 'NONE',  ( 0.0000000000000000000, -1.000000000000000000, 0.0000000000000000000 ) ) ;
#983 = ORIENTED_EDGE ( 'NONE', *, *, #3797, .T. ) ;
#984 = ORIENTED_EDGE ( 'NONE', *, *, #1850, .F. ) ;
#985 = EDGE_CURVE ( 'NONE', #5341, #83, #1238, .T. ) ;
#986 = ORIENTED_EDGE ( 'NONE', *, *, #244, .F. ) ;
#987 = ADVANCED_FACE ( 'NONE', ( #2393 ), #1575, .T. ) ;
#988 = DIRECTION ( 'NONE',  ( -1.000000000000000000, 0.0000000000000000000, 0.0000000000000000000 ) ) ;
#989 = EDGE_CURVE ( 'NONE', #3060, #1056, #3006, .T. ) ;
#990 = ADVANCED_FACE ( 'NONE', ( #3590 ), #1780, .F. ) ;
#991 = LINE ( 'NONE', #1361, #5028 ) ;
#992 = EDGE_CURVE ( 'NONE', #5182, #6625, #1786, .T. ) ;
#993 = DIRECTION ( 'NONE',  ( 1.000000000000000000, -1.027220243219863848E-14, -8.000000000000008510E-15 ) ) ;
#994 = ORIENTED_EDGE ( 'NONE', *, *, #3280, .F. ) ;
#995 = LINE ( 'NONE', #4410, #3663 ) ;
#996 = AXIS2_PLACEMENT_3D ( 'NONE', #2190, #6318, #3903 ) ;
#997 = PLANE ( 'NONE',  #3434 ) ;
#998 = CARTESIAN_POINT ( 'NONE',  ( 48.67286384697390389, 48.35259148767057269, 32.22062160604217951 ) ) ;
#999 = CARTESIAN_POINT ( 'NONE',  ( 43.92286384697384705, 42.29179567509273596, 37.52062160604316432 ) ) ;
#1000 = DIRECTION ( 'NONE',  ( -8.000000000000000622E-15, -1.534706572270470277E-32, -1.000000000000000000 ) ) ;
#1001 = CARTESIAN_POINT ( 'NONE',  ( 46.36219065017162677, 49.80360732423429226, 35.47062160604270531 ) ) ;
#1002 = EDGE_CURVE ( 'NONE', #6679, #5168, #1246, .T. ) ;
#1003 = FACE_BOUND ( 'NONE', #1173, .T. ) ;
#1004 = CARTESIAN_POINT ( 'NONE',  ( 43.02986384697393873, 50.40259148767042063, 27.62062160604272876 ) ) ;
#1005 = DIRECTION ( 'NONE',  ( 6.938893903907222067E-15, 1.000000000000000000, 0.0000000000000000000 ) ) ;
#1006 = CARTESIAN_POINT ( 'NONE',  ( 0.0000000000000000000, 46.10259148767076454, 0.0000000000000000000 ) ) ;
#1007 = CARTESIAN_POINT ( 'NONE',  ( 45.77286384697393373, 39.80259148767053290, 35.12062160604229888 ) ) ;
#1008 = DIRECTION ( 'NONE',  ( 1.000000000000000000, -1.027220243219864006E-14, -8.000000000000010088E-15 ) ) ;
#1009 = ORIENTED_EDGE ( 'NONE', *, *, #5186, .F. ) ;
#1010 = VERTEX_POINT ( 'NONE', #6348 ) ;
#1011 = EDGE_CURVE ( 'NONE', #6401, #2750, #4222, .T. ) ;
#1012 = FACE_OUTER_BOUND ( 'NONE', #1759, .T. ) ;
#1013 = FACE_OUTER_BOUND ( 'NONE', #3890, .T. ) ;
#1014 = LINE ( 'NONE', #2554, #4052 ) ;
#1015 = CARTESIAN_POINT ( 'NONE',  ( 46.31586384697394720, 50.30259148767039790, 27.74947806369629077 ) ) ;
#1016 = EDGE_CURVE ( 'NONE', #5469, #2385, #6536, .T. ) ;
#1017 = DIRECTION ( 'NONE',  ( -1.000000000000000000, 0.0000000000000000000, 0.0000000000000000000 ) ) ;
#1018 = ORIENTED_EDGE ( 'NONE', *, *, #2043, .F. ) ;
#1019 = ORIENTED_EDGE ( 'NONE', *, *, #2881, .T. ) ;
#1020 = ORIENTED_EDGE ( 'NONE', *, *, #6693, .F. ) ;
#1021 = CYLINDRICAL_SURFACE ( 'NONE', #1253, 1.099999999999989875 ) ;
#1022 = VECTOR ( 'NONE', #5667, 1000.000000000000114 ) ;
#1023 = ORIENTED_EDGE ( 'NONE', *, *, #6615, .F. ) ;
#1024 = ORIENTED_EDGE ( 'NONE', *, *, #5390, .F. ) ;
#1025 = ORIENTED_EDGE ( 'NONE', *, *, #5648, .T. ) ;
#1026 = FACE_OUTER_BOUND ( 'NONE', #335, .T. ) ;
#1027 = VERTEX_POINT ( 'NONE', #5635 ) ;
#1028 = ORIENTED_EDGE ( 'NONE', *, *, #6519, .T. ) ;
#1029 = CARTESIAN_POINT ( 'NONE',  ( 42.92902153011738875, 49.78196438072623664, 29.77062160604269536 ) ) ;
#1030 = PERSON_AND_ORGANIZATION ( #5861, #2205 ) ;
#1031 = CARTESIAN_POINT ( 'NONE',  ( 42.37286384697359409, 45.50239148767072805, 37.12062160604303074 ) ) ;
#1032 = DIRECTION ( 'NONE',  ( -8.000000000000000622E-15, -9.964473254502949756E-30, -1.000000000000000000 ) ) ;
#1033 = CARTESIAN_POINT ( 'NONE',  ( 42.61586384697392305, 46.10259148767042348, 27.62062160604273231 ) ) ;
#1034 = VECTOR ( 'NONE', #1995, 1000.000000000000000 ) ;
#1035 = VECTOR ( 'NONE', #3490, 1000.000000000000114 ) ;
#1036 = ORIENTED_EDGE ( 'NONE', *, *, #5760, .T. ) ;
#1037 = EDGE_CURVE ( 'NONE', #2221, #919, #1322, .T. ) ;
#1038 = EDGE_CURVE ( 'NONE', #443, #2991, #6333, .T. ) ;
#1039 = CARTESIAN_POINT ( 'NONE',  ( 40.01927400847683458, 43.75259148767044337, 37.12062160604305205 ) ) ;
#1040 = ORIENTED_EDGE ( 'NONE', *, *, #3408, .F. ) ;
#1041 = VECTOR ( 'NONE', #1554, 1000.000000000000000 ) ;
#1042 = VECTOR ( 'NONE', #2529, 1000.000000000000000 ) ;
#1043 = AXIS2_PLACEMENT_3D ( 'NONE', #3777, #6640, #5427 ) ;
#1044 = ORIENTED_EDGE ( 'NONE', *, *, #5974, .F. ) ;
#1045 = CARTESIAN_POINT ( 'NONE',  ( 43.71206803439592647, 39.50259148767043627, 37.62062160604307337 ) ) ;
#1046 = CARTESIAN_POINT ( 'NONE',  ( 46.41692738718384703, 49.78180812299894598, 34.77062160604268826 ) ) ;
#1047 = CARTESIAN_POINT ( 'NONE',  ( 42.37286384697350172, 39.80259148767057553, 32.22062160604242820 ) ) ;
#1048 = VERTEX_POINT ( 'NONE', #4895 ) ;
#1049 = EDGE_CURVE ( 'NONE', #5445, #57, #2752, .T. ) ;
#1050 = CARTESIAN_POINT ( 'NONE',  ( 42.37286384697353725, 40.96338730024851316, 36.42062160604282184 ) ) ;
#1051 = CARTESIAN_POINT ( 'NONE',  ( 44.17286384697347046, 39.80259148767054000, 30.12062160604262573 ) ) ;
#1052 = EDGE_CURVE ( 'NONE', #3318, #5179, #3391, .T. ) ;
#1053 = CARTESIAN_POINT ( 'NONE',  ( 40.67286384685593958, 42.75279148755306124, 37.17628403881379739 ) ) ;
#1054 = FACE_OUTER_BOUND ( 'NONE', #4429, .T. ) ;
#1055 = ORIENTED_EDGE ( 'NONE', *, *, #135, .F. ) ;
#1056 = VERTEX_POINT ( 'NONE', #5771 ) ;
#1057 = CARTESIAN_POINT ( 'NONE',  ( 46.09432400481631475, 49.80360732423429226, 35.12062160604269678 ) ) ;
#1058 = CARTESIAN_POINT ( 'NONE',  ( 45.02286392053755293, 48.80360732423427805, 28.66202640911335564 ) ) ;
#1059 = EDGE_CURVE ( 'NONE', #1906, #264, #4845, .T. ) ;
#1060 = ADVANCED_FACE ( 'NONE', ( #6297 ), #767, .T. ) ;
#1061 = CARTESIAN_POINT ( 'NONE',  ( 43.02986384697393873, 50.40259148767042063, 27.62062160604272876 ) ) ;
#1062 = DIRECTION ( 'NONE',  ( 1.000000000000000000, 0.0000000000000000000, 0.0000000000000000000 ) ) ;
#1063 = LINE ( 'NONE', #5377, #6772 ) ;
#1064 = ORIENTED_EDGE ( 'NONE', *, *, #6634, .T. ) ;
#1065 = DIRECTION ( 'NONE',  ( -1.000000000000000000, 8.326672684688784494E-15, 8.006416042969842367E-15 ) ) ;
#1066 = CARTESIAN_POINT ( 'NONE',  ( 43.37286384697353725, 43.04179567509261517, 34.03141741862073388 ) ) ;
#1067 = DIRECTION ( 'NONE',  ( 1.000000000000000000, 2.298141435449797094E-16, -8.000000000000000622E-15 ) ) ;
#1068 = VERTEX_POINT ( 'NONE', #311 ) ;
#1069 = ORIENTED_EDGE ( 'NONE', *, *, #2704, .F. ) ;
#1070 = CARTESIAN_POINT ( 'NONE',  ( 47.37286384697383568, 44.35259148767056558, 30.12062160604218519 ) ) ;
#1071 = ADVANCED_FACE ( 'NONE', ( #5325 ), #470, .F. ) ;
#1072 = DIRECTION ( 'NONE',  ( -1.000000000000000000, 8.000000000000000622E-15, 8.000000000000000622E-15 ) ) ;
#1073 = VERTEX_POINT ( 'NONE', #1247 ) ;
#1074 = ORIENTED_EDGE ( 'NONE', *, *, #940, .T. ) ;
#1075 = LINE ( 'NONE', #5732, #3900 ) ;
#1076 = DIRECTION ( 'NONE',  ( 1.000000000000000000, -1.613696256722609384E-15, -8.000000000000000622E-15 ) ) ;
#1077 = EDGE_CURVE ( 'NONE', #2308, #3141, #4962, .T. ) ;
#1078 = VERTEX_POINT ( 'NONE', #4817 ) ;
#1079 = CIRCLE ( 'NONE', #2723, 0.2107958125779213487 ) ;
#1080 = VERTEX_POINT ( 'NONE', #1061 ) ;
#1081 = VECTOR ( 'NONE', #3198, 1000.000000000000000 ) ;
#1082 = ORIENTED_EDGE ( 'NONE', *, *, #6023, .T. ) ;
#1083 = DIRECTION ( 'NONE',  ( -0.6435627400807423237, 0.0000000000000000000, 0.7653933626441811189 ) ) ;
#1084 = PLANE ( 'NONE',  #5763 ) ;
#1085 = ORIENTED_EDGE ( 'NONE', *, *, #6732, .F. ) ;
#1086 = LINE ( 'NONE', #3352, #1119 ) ;
#1087 = ORIENTED_EDGE ( 'NONE', *, *, #14, .T. ) ;
#1088 = CARTESIAN_POINT ( 'NONE',  ( 46.41692738718273148, 49.78180812299898150, 29.77062160604269536 ) ) ;
#1089 = DIRECTION ( 'NONE',  ( -1.000000000000000000, 8.068481283613048695E-15, 8.000000000000000622E-15 ) ) ;
#1090 = CARTESIAN_POINT ( 'NONE',  ( 40.57286384697389536, 39.60259148767060822, 36.22062160604233583 ) ) ;
#1091 = EDGE_CURVE ( 'NONE', #949, #4596, #5797, .T. ) ;
#1092 = ORIENTED_EDGE ( 'NONE', *, *, #408, .T. ) ;
#1093 = AXIS2_PLACEMENT_3D ( 'NONE', #1951, #5468, #1190 ) ;
#1094 = EDGE_CURVE ( 'NONE', #497, #2221, #2632, .T. ) ;
#1095 = ADVANCED_FACE ( 'NONE', ( #6237 ), #1634, .T. ) ;
#1096 = LINE ( 'NONE', #3701, #3908 ) ;
#1097 = DIRECTION ( 'NONE',  ( -8.326672684688850758E-15, -1.000000000000000000, -2.775557561562950516E-15 ) ) ;
#1098 = LINE ( 'NONE', #4514, #3157 ) ;
#1099 = ORIENTED_EDGE ( 'NONE', *, *, #2862, .T. ) ;
#1100 = DIRECTION ( 'NONE',  ( 0.0000000000000000000, 0.0000000000000000000, 1.000000000000000000 ) ) ;
#1101 = ORIENTED_EDGE ( 'NONE', *, *, #6844, .F. ) ;
#1102 = CARTESIAN_POINT ( 'NONE',  ( 47.38833441211295394, 50.40259148767039221, 27.62062160604269323 ) ) ;
#1103 = DIRECTION ( 'NONE',  ( -1.691914632811590462E-15, -1.000000000000000000, -5.045235698586320787E-29 ) ) ;
#1104 = VECTOR ( 'NONE', #6685, 1000.000000000000000 ) ;
#1105 = AXIS2_PLACEMENT_3D ( 'NONE', #3267, #4109, #190 ) ;
#1106 = EDGE_CURVE ( 'NONE', #1797, #2506, #1521, .T. ) ;
#1107 = FACE_OUTER_BOUND ( 'NONE', #3504, .T. ) ;
#1108 = AXIS2_PLACEMENT_3D ( 'NONE', #979, #5012, #4687 ) ;
#1109 = CARTESIAN_POINT ( 'NONE',  ( 46.72986384697392737, 46.10259148767038795, 27.74947806369628367 ) ) ;
#1110 = DIRECTION ( 'NONE',  ( -0.9925461516413209839, 0.1218693434051559277, 7.940369213130567908E-15 ) ) ;
#1111 = ORIENTED_EDGE ( 'NONE', *, *, #193, .F. ) ;
#1112 = ORIENTED_EDGE ( 'NONE', *, *, #2312, .F. ) ;
#1113 = CARTESIAN_POINT ( 'NONE',  ( 42.77747907806197247, 48.80360732420605530, 30.12062160604271455 ) ) ;
#1114 = LINE ( 'NONE', #1211, #6050 ) ;
#1115 = AXIS2_PLACEMENT_3D ( 'NONE', #2392, #4823, #3292 ) ;
#1116 = AXIS2_PLACEMENT_3D ( 'NONE', #6148, #3558, #4959 ) ;
#1117 = ORIENTED_EDGE ( 'NONE', *, *, #1698, .T. ) ;
#1118 = B_SPLINE_CURVE_WITH_KNOTS ( 'NONE', 3,
 ( #1148, #1621, #2276, #4414 ),
 .UNSPECIFIED., .F., .F.,
 ( 4, 4 ),
 ( 5.974420495137249920E-05, 0.0008527523608630931205 ),
 .UNSPECIFIED. ) ;
#1119 = VECTOR ( 'NONE', #529, 1000.000000000000000 ) ;
#1120 = VERTEX_POINT ( 'NONE', #4744 ) ;
#1121 = PERSON_AND_ORGANIZATION_ROLE ( 'creator' ) ;
#1122 = CARTESIAN_POINT ( 'NONE',  ( 44.67286384697352020, 39.80259148767053290, 35.12062160604252625 ) ) ;
#1123 = VERTEX_POINT ( 'NONE', #3595 ) ;
#1124 = CIRCLE ( 'NONE', #3214, 0.2107958125779213487 ) ;
#1125 = LINE ( 'NONE', #2031, #807 ) ;
#1126 = CARTESIAN_POINT ( 'NONE',  ( 40.42286384697387547, 39.45618132615674511, 28.87062160604239480 ) ) ;
#1127 = EDGE_LOOP ( 'NONE', ( #2238, #1018, #5823, #5365 ) ) ;
#1128 = AXIS2_PLACEMENT_3D ( 'NONE', #4394, #3495, #4730 ) ;
#1129 = CARTESIAN_POINT ( 'NONE',  ( 40.44100908323007104, 42.52093672392719270, 37.31014544900609309 ) ) ;
#1130 = DIRECTION ( 'NONE',  ( -6.259177045924962895E-15, 0.0000000000000000000, 1.000000000000000000 ) ) ;
#1131 = EDGE_CURVE ( 'NONE', #2875, #6026, #3079, .T. ) ;
#1132 = ORIENTED_EDGE ( 'NONE', *, *, #2834, .T. ) ;
#1133 = DIRECTION ( 'NONE',  ( 6.989123562822007509E-15, 1.000000000000000000, -0.0000000000000000000 ) ) ;
#1134 = DIRECTION ( 'NONE',  ( 1.000000000000000000, 0.0000000000000000000, 0.0000000000000000000 ) ) ;
#1135 = ORIENTED_EDGE ( 'NONE', *, *, #4488, .T. ) ;
#1136 = VECTOR ( 'NONE', #3068, 1000.000000000000000 ) ;
#1137 = CARTESIAN_POINT ( 'NONE',  ( 44.67286384697347046, 35.50259148767059969, 35.12062160604252625 ) ) ;
#1138 = ORIENTED_EDGE ( 'NONE', *, *, #3394, .T. ) ;
#1139 = CARTESIAN_POINT ( 'NONE',  ( 40.67286384697386126, 45.10259148767044479, 32.42062160608587362 ) ) ;
#1140 = CYLINDRICAL_SURFACE ( 'NONE', #3597, 1.099999999999996758 ) ;
#1141 = EDGE_CURVE ( 'NONE', #6649, #585, #907, .T. ) ;
#1142 = DIRECTION ( 'NONE',  ( 5.384979558076334077E-14, 0.0000000000000000000, 1.000000000000000000 ) ) ;
#1143 = CARTESIAN_POINT ( 'NONE',  ( 42.61586384697403673, 46.10259148767076454, 37.62062160604273231 ) ) ;
#1144 = CARTESIAN_POINT ( 'NONE',  ( 46.16605090895082952, 46.10259148767039505, 28.19062160604259759 ) ) ;
#1145 = DIRECTION ( 'NONE',  ( -1.000000000000000000, 0.0000000000000000000, 0.0000000000000000000 ) ) ;
#1146 = DIRECTION ( 'NONE',  ( -8.000000000000000622E-15, -1.000000000000000000, 0.0000000000000000000 ) ) ;
#1147 = EDGE_LOOP ( 'NONE', ( #6264, #97, #4940, #4905 ) ) ;
#1148 = CARTESIAN_POINT ( 'NONE',  ( 46.52156917055636853, 49.59649040585274093, 29.77062160604269181 ) ) ;
#1149 = CARTESIAN_POINT ( 'NONE',  ( 46.57175736036486313, 48.60259148767038795, 35.12062160604268968 ) ) ;
#1150 = DIRECTION ( 'NONE',  ( 1.000000000000000000, -1.164414226397770362E-15, -8.000000000000000622E-15 ) ) ;
#1151 = VECTOR ( 'NONE', #3557, 1000.000000000000000 ) ;
#1152 = AXIS2_PLACEMENT_3D ( 'NONE', #134, #5481, #611 ) ;
#1153 = EDGE_CURVE ( 'NONE', #2637, #3081, #403, .T. ) ;
#1154 = DIRECTION ( 'NONE',  ( -0.0000000000000000000, -0.0000000000000000000, -1.000000000000000000 ) ) ;
#1155 = DIRECTION ( 'NONE',  ( -1.000000000000000000, 0.0000000000000000000, 6.938893903907222067E-15 ) ) ;
#1156 = EDGE_CURVE ( 'NONE', #1858, #5359, #3330, .T. ) ;
#1157 = CARTESIAN_POINT ( 'NONE',  ( 0.0000000000000000000, 0.0000000000000000000, 0.0000000000000000000 ) ) ;
#1158 = TOROIDAL_SURFACE ( 'NONE', #6359, 0.2892041874220824260, 0.2107958125779215153 ) ;
#1159 = LINE ( 'NONE', #4412, #1996 ) ;
#1160 = CYLINDRICAL_SURFACE ( 'NONE', #5919, 0.9511835740451946020 ) ;
#1161 = B_SPLINE_CURVE_WITH_KNOTS ( 'NONE', 3,
 ( #2916, #1867, #2758, #4411 ),
 .UNSPECIFIED., .F., .F.,
 ( 4, 4 ),
 ( 5.974420492061053938E-05, 0.0008527523608323460142 ),
 .UNSPECIFIED. ) ;
#1162 = DIRECTION ( 'NONE',  ( -0.0000000000000000000, -0.0000000000000000000, -1.000000000000000000 ) ) ;
#1163 = PLANE ( 'NONE',  #6577 ) ;
#1164 = DIRECTION ( 'NONE',  ( -8.006416042969820279E-15, 2.668805347656606760E-15, -1.000000000000000000 ) ) ;
#1165 = CARTESIAN_POINT ( 'NONE',  ( 47.14155940185076332, 49.80360732423428516, 29.77062160604269181 ) ) ;
#1166 = CIRCLE ( 'NONE', #746, 1.000000000000000888 ) ;
#1167 = CARTESIAN_POINT ( 'NONE',  ( 46.16605090895094321, 50.40259148767076880, 38.19062160604259049 ) ) ;
#1168 = CARTESIAN_POINT ( 'NONE',  ( 43.37286384697351593, 43.25259148767052864, 31.42062160604283605 ) ) ;
#1169 = DIRECTION ( 'NONE',  ( -1.129587379705850136E-14, -1.000000000000000000, 0.0000000000000000000 ) ) ;
#1170 = LINE ( 'NONE', #5245, #4682 ) ;
#1171 = ORIENTED_EDGE ( 'NONE', *, *, #2101, .F. ) ;
#1172 = EDGE_CURVE ( 'NONE', #171, #417, #4229, .T. ) ;
#1173 = EDGE_LOOP ( 'NONE', ( #2690, #6745, #4569, #581, #1695, #5549, #1432, #3553 ) ) ;
#1174 = DIRECTION ( 'NONE',  ( -0.7745966692414752996, -0.4472135954999679752, 0.4472135954999618135 ) ) ;
#1175 = ORIENTED_EDGE ( 'NONE', *, *, #5801, .T. ) ;
#1176 = CARTESIAN_POINT ( 'NONE',  ( 45.02286377797747008, 48.80360732423427805, 30.47062160604270531 ) ) ;
#1177 = CARTESIAN_POINT ( 'NONE',  ( 42.82415852339170925, 49.59649040585263435, 29.77062160604267760 ) ) ;
#1178 = ORIENTED_EDGE ( 'NONE', *, *, #2465, .T. ) ;
#1179 = DIRECTION ( 'NONE',  ( 1.000000000000000000, 0.0000000000000000000, -7.321884208124278685E-15 ) ) ;
#1180 = CIRCLE ( 'NONE', #6825, 0.2107958125779213487 ) ;
#1181 = DIRECTION ( 'NONE',  ( 1.000000000000000000, 0.0000000000000000000, 0.0000000000000000000 ) ) ;
#1182 = ORIENTED_EDGE ( 'NONE', *, *, #6174, .T. ) ;
#1183 = CARTESIAN_POINT ( 'NONE',  ( 42.37286384697350172, 43.04179567509262228, 28.82062160604282397 ) ) ;
#1184 = EDGE_LOOP ( 'NONE', ( #1207, #3791, #678, #2391 ) ) ;
#1185 = LINE ( 'NONE', #4554, #6178 ) ;
#1186 = VERTEX_POINT ( 'NONE', #143 ) ;
#1187 = EDGE_CURVE ( 'NONE', #3573, #5594, #347, .T. ) ;
#1188 = ADVANCED_FACE ( 'NONE', ( #4485 ), #3665, .T. ) ;
#1189 = CIRCLE ( 'NONE', #6837, 0.2107958125779213487 ) ;
#1190 = DIRECTION ( 'NONE',  ( -8.000000000000000622E-15, 1.232595164407829988E-32, -1.000000000000000000 ) ) ;
#1191 = EDGE_CURVE ( 'NONE', #334, #3088, #1063, .T. ) ;
#1192 = VERTEX_POINT ( 'NONE', #4673 ) ;
#1193 = ADVANCED_FACE ( 'NONE', ( #71 ), #5822, .F. ) ;
#1194 = EDGE_LOOP ( 'NONE', ( #4086, #3800, #5311, #2968 ) ) ;
#1195 = DIRECTION ( 'NONE',  ( -1.000000000000000000, 8.326672684688784494E-15, 8.006416042969842367E-15 ) ) ;
#1196 = DIRECTION ( 'NONE',  ( 0.0000000000000000000, 0.0000000000000000000, -1.000000000000000000 ) ) ;
#1197 = CARTESIAN_POINT ( 'NONE',  ( 39.67286384697385415, 44.30279148767084507, 32.42062160604264420 ) ) ;
#1198 = DIRECTION ( 'NONE',  ( 1.061106096092780133E-15, 1.000000000000000000, 5.549882527961369154E-29 ) ) ;
#1199 = AXIS2_PLACEMENT_3D ( 'NONE', #6196, #2685, #2705 ) ;
#1200 = AXIS2_PLACEMENT_3D ( 'NONE', #2401, #3191, #4886 ) ;
#1201 = ORIENTED_EDGE ( 'NONE', *, *, #5495, .F. ) ;
#1202 = DIRECTION ( 'NONE',  ( 1.000000000000000000, 0.0000000000000000000, 0.0000000000000000000 ) ) ;
#1203 = DIRECTION ( 'NONE',  ( -1.000000000000000000, -3.184976339582707377E-14, 1.061658779860902564E-14 ) ) ;
#1204 = DIRECTION ( 'NONE',  ( -1.000000000000000000, 9.723433716209642107E-15, 9.723433716209642107E-15 ) ) ;
#1205 = VERTEX_POINT ( 'NONE', #1452 ) ;
#1206 = EDGE_CURVE ( 'NONE', #6259, #3592, #2844, .T. ) ;
#1207 = ORIENTED_EDGE ( 'NONE', *, *, #4691, .F. ) ;
#1208 = AXIS2_PLACEMENT_3D ( 'NONE', #4482, #2634, #1876 ) ;
#1209 = AXIS2_PLACEMENT_3D ( 'NONE', #5601, #1240, #3223 ) ;
#1210 = DIRECTION ( 'NONE',  ( 0.0000000000000000000, 0.0000000000000000000, 1.000000000000000000 ) ) ;
#1211 = CARTESIAN_POINT ( 'NONE',  ( 39.67286384697385415, 43.50279148767114634, 33.54117583289284710 ) ) ;
#1212 = ORIENTED_EDGE ( 'NONE', *, *, #3344, .F. ) ;
#1213 = ORIENTED_EDGE ( 'NONE', *, *, #2731, .T. ) ;
#1214 = DIRECTION ( 'NONE',  ( -1.000000000000000000, 8.000000000000000622E-15, 8.000000000000000622E-15 ) ) ;
#1215 = FACE_OUTER_BOUND ( 'NONE', #2191, .T. ) ;
#1216 = LINE ( 'NONE', #921, #4151 ) ;
#1217 = ORIENTED_EDGE ( 'NONE', *, *, #5507, .F. ) ;
#1218 = CARTESIAN_POINT ( 'NONE',  ( 40.58904486037581449, 45.75078440214637254, 33.02062160604303642 ) ) ;
#1219 = DIRECTION ( 'NONE',  ( -0.6546536707079785300, -0.3779644730092275862, -0.6546536707079755324 ) ) ;
#1220 = DIRECTION ( 'NONE',  ( 1.000000000000000000, -8.000000000000000622E-15, 4.611712367288014258E-17 ) ) ;
#1221 = ORIENTED_EDGE ( 'NONE', *, *, #680, .T. ) ;
#1222 = DIRECTION ( 'NONE',  ( -1.129587379705850136E-14, -1.000000000000000000, 0.0000000000000000000 ) ) ;
#1223 = EDGE_CURVE ( 'NONE', #4453, #171, #3380, .T. ) ;
#1224 = DIRECTION ( 'NONE',  ( 1.061106096092780133E-15, 1.000000000000000000, 5.549882527961369154E-29 ) ) ;
#1225 = CARTESIAN_POINT ( 'NONE',  ( 48.67286384697393942, 39.00259148767058548, 37.62062160604307337 ) ) ;
#1226 = ADVANCED_FACE ( 'NONE', ( #5712 ), #2800, .F. ) ;
#1227 = VERTEX_POINT ( 'NONE', #2014 ) ;
#1228 = DIRECTION ( 'NONE',  ( -8.000000000000000622E-15, -1.000000000000000000, 6.401232595164408364E-29 ) ) ;
#1229 = CARTESIAN_POINT ( 'NONE',  ( 42.61586384697392305, 46.10259148767042348, 27.62062160604273231 ) ) ;
#1230 = CARTESIAN_POINT ( 'NONE',  ( 46.31586384697403247, 46.10259148767076454, 37.62062160604270389 ) ) ;
#1231 = VERTEX_POINT ( 'NONE', #261 ) ;
#1232 = FACE_OUTER_BOUND ( 'NONE', #641, .T. ) ;
#1233 = CIRCLE ( 'NONE', #8, 1.499999999999994449 ) ;
#1234 = CARTESIAN_POINT ( 'NONE',  ( 42.98353704377596074, 49.80360732423429226, 34.77062160604268826 ) ) ;
#1235 = CARTESIAN_POINT ( 'NONE',  ( 46.30657432872821744, 49.80360732423429226, 34.77062160604268826 ) ) ;
#1236 = ORIENTED_EDGE ( 'NONE', *, *, #4646, .F. ) ;
#1237 = EDGE_CURVE ( 'NONE', #6584, #949, #2629, .T. ) ;
#1238 = LINE ( 'NONE', #4653, #3925 ) ;
#1239 = PLANE ( 'NONE',  #5579 ) ;
#1240 = DIRECTION ( 'NONE',  ( 1.000000000000000000, 0.0000000000000000000, 0.0000000000000000000 ) ) ;
#1241 = VECTOR ( 'NONE', #102, 1000.000000000000000 ) ;
#1242 = LINE ( 'NONE', #3271, #6320 ) ;
#1243 = DIRECTION ( 'NONE',  ( -0.0000000000000000000, -0.0000000000000000000, -1.000000000000000000 ) ) ;
#1244 = AXIS2_PLACEMENT_3D ( 'NONE', #4122, #2170, #3796 ) ;
#1245 = ORIENTED_EDGE ( 'NONE', *, *, #4311, .T. ) ;
#1246 = LINE ( 'NONE', #132, #5815 ) ;
#1247 = CARTESIAN_POINT ( 'NONE',  ( 46.16605090895086505, 50.40259148767039221, 27.92765156762979473 ) ) ;
#1248 = EDGE_CURVE ( 'NONE', #3227, #1231, #492, .T. ) ;
#1249 = DIRECTION ( 'NONE',  ( 0.0000000000000000000, -1.000000000000000000, 0.0000000000000000000 ) ) ;
#1250 = CARTESIAN_POINT ( 'NONE',  ( 44.32286396920075333, 48.80360732423427805, 29.77062160604269181 ) ) ;
#1251 = ORIENTED_EDGE ( 'NONE', *, *, #5167, .T. ) ;
#1252 = DIRECTION ( 'NONE',  ( -1.000000000000000000, 0.0000000000000000000, 0.0000000000000000000 ) ) ;
#1253 = AXIS2_PLACEMENT_3D ( 'NONE', #6146, #2183, #6315 ) ;
#1254 = VECTOR ( 'NONE', #7, 1000.000000000000000 ) ;
#1255 = CARTESIAN_POINT ( 'NONE',  ( 40.01927400847677774, 43.50279148767114634, 28.12062160604256533 ) ) ;
#1256 = EDGE_LOOP ( 'NONE', ( #3808, #1959, #810, #6092, #6565, #2048, #1620, #5595 ) ) ;
#1257 = DIRECTION ( 'NONE',  ( 6.259177311183601939E-15, 0.0000000000000000000, -1.000000000000000000 ) ) ;
#1258 = ORIENTED_EDGE ( 'NONE', *, *, #5278, .F. ) ;
#1259 = ORIENTED_EDGE ( 'NONE', *, *, #438, .F. ) ;
#1260 = VECTOR ( 'NONE', #3757, 1000.000000000000000 ) ;
#1261 = ADVANCED_FACE ( 'NONE', ( #3894 ), #5805, .T. ) ;
#1262 = ADVANCED_FACE ( 'NONE', ( #3238 ), #3410, .T. ) ;
#1263 = CARTESIAN_POINT ( 'NONE',  ( 40.58468578925234738, 42.73917539964806167, 28.05449527033450963 ) ) ;
#1264 = DIRECTION ( 'NONE',  ( 1.000000000000000000, 0.0000000000000000000, 0.0000000000000000000 ) ) ;
#1265 = FACE_OUTER_BOUND ( 'NONE', #2117, .T. ) ;
#1266 = EDGE_LOOP ( 'NONE', ( #6747, #3786, #1670, #5142 ) ) ;
#1267 = EDGE_CURVE ( 'NONE', #421, #4787, #3915, .T. ) ;
#1268 = AXIS2_PLACEMENT_3D ( 'NONE', #5329, #2299, #6483 ) ;
#1269 = EDGE_CURVE ( 'NONE', #6649, #5431, #3631, .T. ) ;
#1270 = PLANE ( 'NONE',  #3414 ) ;
#1271 = CARTESIAN_POINT ( 'NONE',  ( 42.37286384697348041, 39.80259148767056132, 28.12062160604256533 ) ) ;
#1272 = PLANE ( 'NONE',  #1152 ) ;
#1273 = DIRECTION ( 'NONE',  ( -6.259177045924962895E-15, 0.0000000000000000000, 1.000000000000000000 ) ) ;
#1274 = B_SPLINE_CURVE_WITH_KNOTS ( 'NONE', 3,
 ( #4274, #5752, #433, #6053 ),
 .UNSPECIFIED., .F., .F.,
 ( 4, 4 ),
 ( 0.0000000000000000000, 0.0002924640927295272196 ),
 .UNSPECIFIED. ) ;
#1275 = CARTESIAN_POINT ( 'NONE',  ( 44.67286384697376178, 48.80360732420605530, 30.12062160604270389 ) ) ;
#1276 = ORIENTED_EDGE ( 'NONE', *, *, #2373, .T. ) ;
#1277 = EDGE_CURVE ( 'NONE', #6796, #1318, #4254, .T. ) ;
#1278 = EDGE_CURVE ( 'NONE', #1301, #471, #1776, .T. ) ;
#1279 = ORIENTED_EDGE ( 'NONE', *, *, #4178, .T. ) ;
#1280 = DIRECTION ( 'NONE',  ( -1.000000000000000000, 0.0000000000000000000, 0.0000000000000000000 ) ) ;
#1281 = AXIS2_PLACEMENT_3D ( 'NONE', #6422, #1162, #2871 ) ;
#1282 = DIRECTION ( 'NONE',  ( -1.000000000000000000, 0.0000000000000000000, 0.0000000000000000000 ) ) ;
#1283 = ORIENTED_EDGE ( 'NONE', *, *, #590, .T. ) ;
#1284 = CARTESIAN_POINT ( 'NONE',  ( 43.37286384697353014, 40.75259148767058548, 36.20982579346489416 ) ) ;
#1285 = CARTESIAN_POINT ( 'NONE',  ( 42.47802013406861477, 41.81161084668292460, 37.62062160604307337 ) ) ;
#1286 = VERTEX_POINT ( 'NONE', #6329 ) ;
#1287 = CARTESIAN_POINT ( 'NONE',  ( 39.67286384697381152, 43.50279148767114634, 27.92062160607411414 ) ) ;
#1288 = LINE ( 'NONE', #1642, #1844 ) ;
#1289 = LINE ( 'NONE', #169, #2120 ) ;
#1290 = VECTOR ( 'NONE', #6325, 1000.000000000000000 ) ;
#1291 = CIRCLE ( 'NONE', #4005, 0.2107958125779213487 ) ;
#1292 = CARTESIAN_POINT ( 'NONE',  ( 41.47537763055912308, 39.82760001385911153, 37.62062160604307337 ) ) ;
#1293 = CARTESIAN_POINT ( 'NONE',  ( 48.46206803439603306, 48.35259148767057269, 37.30228833122829712 ) ) ;
#1294 = AXIS2_PLACEMENT_3D ( 'NONE', #1939, #1948, #328 ) ;
#1295 = DIRECTION ( 'NONE',  ( 1.000000000000000000, -0.0000000000000000000, -8.000544671205034319E-15 ) ) ;
#1296 = CARTESIAN_POINT ( 'NONE',  ( 42.37286384697350172, 40.96338730024851316, 31.42062160604282184 ) ) ;
#1297 = DIRECTION ( 'NONE',  ( -0.0000000000000000000, -0.0000000000000000000, -1.000000000000000000 ) ) ;
#1298 = PLANE ( 'NONE',  #6800 ) ;
#1299 = DIRECTION ( 'NONE',  ( -0.7653933626443834015, 6.123146901155067372E-15, 0.6435627400805018494 ) ) ;
#1300 = AXIS2_PLACEMENT_3D ( 'NONE', #2852, #5669, #1398 ) ;
#1301 = VERTEX_POINT ( 'NONE', #480 ) ;
#1302 = EDGE_LOOP ( 'NONE', ( #1212, #4785, #2193, #1590, #2570, #1743, #3832, #5656 ) ) ;
#1303 = CARTESIAN_POINT ( 'NONE',  ( 42.37286384697348041, 40.96338730024852026, 28.82062160604281686 ) ) ;
#1304 = ORIENTED_EDGE ( 'NONE', *, *, #3225, .T. ) ;
#1305 = ORIENTED_EDGE ( 'NONE', *, *, #1414, .F. ) ;
#1306 = EDGE_CURVE ( 'NONE', #1789, #1797, #2808, .T. ) ;
#1307 = LINE ( 'NONE', #5727, #2954 ) ;
#1308 = FACE_OUTER_BOUND ( 'NONE', #4642, .T. ) ;
#1309 = ORIENTED_EDGE ( 'NONE', *, *, #933, .T. ) ;
#1310 = VECTOR ( 'NONE', #4251, 1000.000000000000000 ) ;
#1311 = ADVANCED_FACE ( 'NONE', ( #3325 ), #5363, .T. ) ;
#1312 = EDGE_CURVE ( 'NONE', #4996, #968, #4936, .T. ) ;
#1313 = CARTESIAN_POINT ( 'NONE',  ( 43.71206803439592647, 39.71338730024835684, 37.52062160604316432 ) ) ;
#1314 = CARTESIAN_POINT ( 'NONE',  ( 42.37286384697351593, 39.80259148767055422, 34.02062160604231877 ) ) ;
#1315 = LINE ( 'NONE', #3588, #5696 ) ;
#1316 = CARTESIAN_POINT ( 'NONE',  ( 40.62286384697391384, 42.85111696999641140, 28.12062160604256533 ) ) ;
#1317 = EDGE_LOOP ( 'NONE', ( #4034, #6110 ) ) ;
#1318 = VERTEX_POINT ( 'NONE', #3728 ) ;
#1319 = EDGE_LOOP ( 'NONE', ( #2212, #431, #805, #3291 ) ) ;
#1320 = DIRECTION ( 'NONE',  ( 1.000000000000000000, 0.0000000000000000000, -7.321884208124278685E-15 ) ) ;
#1322 = LINE ( 'NONE', #5362, #4576 ) ;
#1321 = VECTOR ( 'NONE', #4721, 1000.000000000000000 ) ;
#1323 = CARTESIAN_POINT ( 'NONE',  ( 47.14155940185077043, 50.09335221390548298, 30.47062160604269110 ) ) ;
#1324 = VERTEX_POINT ( 'NONE', #6688 ) ;
#1325 = AXIS2_PLACEMENT_3D ( 'NONE', #2157, #6456, #4148 ) ;
#1326 = VECTOR ( 'NONE', #5843, 1000.000000000000000 ) ;
#1327 = ORIENTED_EDGE ( 'NONE', *, *, #2400, .T. ) ;
#1328 = DIRECTION ( 'NONE',  ( 1.000000000000000000, -8.000000000000000622E-15, -8.000000000000000622E-15 ) ) ;
#1329 = ORIENTED_EDGE ( 'NONE', *, *, #3023, .T. ) ;
#1330 = ADVANCED_FACE ( 'NONE', ( #6252 ), #3785, .F. ) ;
#1331 = VECTOR ( 'NONE', #5277, 1000.000000000000000 ) ;
#1332 = VERTEX_POINT ( 'NONE', #1522 ) ;
#1333 = CARTESIAN_POINT ( 'NONE',  ( 44.32286377797750276, 48.80360732423427805, 35.47062160604270531 ) ) ;
#1334 = EDGE_LOOP ( 'NONE', ( #1101, #4839, #5326, #5664 ) ) ;
#1335 = LINE ( 'NONE', #3975, #3197 ) ;
#1336 = LINE ( 'NONE', #4196, #5356 ) ;
#1337 = CARTESIAN_POINT ( 'NONE',  ( 47.14155940185079885, 49.80360732423428516, 34.77062160604268826 ) ) ;
#1338 = ADVANCED_FACE ( 'NONE', ( #6542, #2610 ), #4403, .T. ) ;
#1339 = DIRECTION ( 'NONE',  ( 0.4999999999525481242, -3.999999999620330235E-15, 0.8660254038118350151 ) ) ;
#1340 = DIRECTION ( 'NONE',  ( -0.6546536707079803064, -0.6546536707079696482, 0.3779644730092348581 ) ) ;
#1341 = ORIENTED_EDGE ( 'NONE', *, *, #5288, .T. ) ;
#1342 = ORIENTED_EDGE ( 'NONE', *, *, #1788, .F. ) ;
#1343 = DIRECTION ( 'NONE',  ( 1.000000000000000000, -1.944686743241928421E-14, -9.723433716209642107E-15 ) ) ;
#1344 = DIRECTION ( 'NONE',  ( 1.000000000000000000, 0.0000000000000000000, -0.0000000000000000000 ) ) ;
#1345 = DIRECTION ( 'NONE',  ( -0.0000000000000000000, 0.0000000000000000000, -1.000000000000000000 ) ) ;
#1346 = EDGE_CURVE ( 'NONE', #2059, #3236, #2784, .T. ) ;
#1347 = ADVANCED_FACE ( 'NONE', ( #3486 ), #1298, .F. ) ;
#1348 = ORIENTED_EDGE ( 'NONE', *, *, #6416, .T. ) ;
#1349 = AXIS2_PLACEMENT_3D ( 'NONE', #6793, #5367, #157 ) ;
#1350 = FACE_OUTER_BOUND ( 'NONE', #1256, .T. ) ;
#1351 = ORIENTED_EDGE ( 'NONE', *, *, #373, .F. ) ;
#1352 = VECTOR ( 'NONE', #366, 1000.000000000000000 ) ;
#1353 = DIRECTION ( 'NONE',  ( -8.068481283613048695E-15, -1.000000000000000000, -0.0000000000000000000 ) ) ;
#1354 = CARTESIAN_POINT ( 'NONE',  ( 46.67286384697366231, 48.60259148767040216, 30.12062160604268612 ) ) ;
#1355 = VECTOR ( 'NONE', #4545, 1000.000000000000000 ) ;
#1356 = ORIENTED_EDGE ( 'NONE', *, *, #1698, .F. ) ;
#1357 = CARTESIAN_POINT ( 'NONE',  ( 44.67286384697369783, 48.60259148767040216, 35.12062160604270389 ) ) ;
#1358 = FACE_OUTER_BOUND ( 'NONE', #1194, .T. ) ;
#1359 = DIRECTION ( 'NONE',  ( 1.000000000000000000, 0.0000000000000000000, -9.462128050782611690E-15 ) ) ;
#1360 = ADVANCED_FACE ( 'NONE', ( #5102 ), #2277, .F. ) ;
#1361 = CARTESIAN_POINT ( 'NONE',  ( 42.04659917311160200, 42.17758296149002462, 37.62062160604307337 ) ) ;
#1362 = DIRECTION ( 'NONE',  ( -1.000000000000000000, 0.0000000000000000000, 8.673617379884027583E-15 ) ) ;
#1363 = DIRECTION ( 'NONE',  ( 1.000000000000000000, 2.298141435449797094E-16, -8.000000000000000622E-15 ) ) ;
#1364 = EDGE_CURVE ( 'NONE', #1838, #584, #5451, .T. ) ;
#1365 = CARTESIAN_POINT ( 'NONE',  ( 46.52156917055594931, 49.59649040585266278, 30.47062160604269110 ) ) ;
#1366 = CARTESIAN_POINT ( 'NONE',  ( 42.36770755987890880, 41.22639938744485733, 37.62062160604307337 ) ) ;
#1367 = VECTOR ( 'NONE', #5515, 999.9999999999998863 ) ;
#1368 = DIRECTION ( 'NONE',  ( -9.034039619130394877E-16, -1.000000000000000000, -5.676044235305161374E-29 ) ) ;
#1369 = VECTOR ( 'NONE', #4281, 1000.000000000000000 ) ;
#1370 = DIRECTION ( 'NONE',  ( -1.000000000000000000, 8.899646579587765736E-15, 0.0000000000000000000 ) ) ;
#1371 = VECTOR ( 'NONE', #2198, 1000.000000000000000 ) ;
#1372 = CARTESIAN_POINT ( 'NONE',  ( 42.68881594664653534, 41.81161084668292460, 37.62062160604307337 ) ) ;
#1373 = DIRECTION ( 'NONE',  ( 1.000000000000000000, 0.0000000000000000000, -9.723433716208223735E-15 ) ) ;
#1374 = EDGE_LOOP ( 'NONE', ( #6531, #1623, #3649, #6831 ) ) ;
#1375 = DIRECTION ( 'NONE',  ( -0.6435627400803137776, 0.0000000000000000000, -0.7653933626445413863 ) ) ;
#1376 = CARTESIAN_POINT ( 'NONE',  ( 45.02286377797747008, 49.80360732423428516, 30.47062160604270531 ) ) ;
#1377 = ORIENTED_EDGE ( 'NONE', *, *, #5692, .F. ) ;
#1378 = VECTOR ( 'NONE', #5541, 1000.000000000000000 ) ;
#1379 = CARTESIAN_POINT ( 'NONE',  ( 42.61586384697392305, 46.10259148767042348, 27.74947806369631920 ) ) ;
#1380 = VECTOR ( 'NONE', #4179, 1000.000000000000114 ) ;
#1381 = LINE ( 'NONE', #5659, #4434 ) ;
#1382 = DIRECTION ( 'NONE',  ( -1.000000000000000000, 0.0000000000000000000, 1.061658779860902564E-14 ) ) ;
#1383 = ORIENTED_EDGE ( 'NONE', *, *, #4610, .F. ) ;
#1384 = PLANE ( 'NONE',  #1209 ) ;
#1385 = ORIENTED_EDGE ( 'NONE', *, *, #1462, .T. ) ;
#1386 = AXIS2_PLACEMENT_3D ( 'NONE', #3444, #3761, #345 ) ;
#1387 = DIRECTION ( 'NONE',  ( -1.238538094726937053E-14, 3.508304757815495974E-29, -1.000000000000000000 ) ) ;
#1388 = ORIENTED_EDGE ( 'NONE', *, *, #5925, .F. ) ;
#1389 = CARTESIAN_POINT ( 'NONE',  ( 40.50319968786880764, 45.80034713560192472, 32.25740437686165762 ) ) ;
#1390 = DIRECTION ( 'NONE',  ( 1.000000000000000000, 0.0000000000000000000, -6.938893903907174735E-15 ) ) ;
#1391 = VERTEX_POINT ( 'NONE', #4235 ) ;
#1392 = FACE_OUTER_BOUND ( 'NONE', #5826, .T. ) ;
#1393 = DIRECTION ( 'NONE',  ( -3.558407130209556064E-15, -1.000000000000000000, 0.0000000000000000000 ) ) ;
#1394 = ORIENTED_EDGE ( 'NONE', *, *, #6755, .T. ) ;
#1395 = ADVANCED_FACE ( 'NONE', ( #3644 ), #2376, .F. ) ;
#1396 = ORIENTED_EDGE ( 'NONE', *, *, #4164, .T. ) ;
#1397 = ORIENTED_EDGE ( 'NONE', *, *, #6214, .T. ) ;
#1398 = DIRECTION ( 'NONE',  ( 1.000000000000000000, 0.0000000000000000000, 0.0000000000000000000 ) ) ;
#1399 = ORIENTED_EDGE ( 'NONE', *, *, #985, .F. ) ;
#1400 = CARTESIAN_POINT ( 'NONE',  ( 40.46101733332375971, 45.82470112935353512, 28.06349085151068579 ) ) ;
#1401 = ORIENTED_EDGE ( 'NONE', *, *, #2090, .T. ) ;
#1402 = VERTEX_POINT ( 'NONE', #2234 ) ;
#1403 = EDGE_CURVE ( 'NONE', #4643, #2584, #723, .T. ) ;
#1404 = AXIS2_PLACEMENT_3D ( 'NONE', #5853, #2270, #1439 ) ;
#1405 = EDGE_CURVE ( 'NONE', #4728, #970, #5693, .T. ) ;
#1406 = EDGE_LOOP ( 'NONE', ( #1823, #4694, #5246, #1394, #3165 ) ) ;
#1407 = EDGE_CURVE ( 'NONE', #5005, #5812, #1438, .T. ) ;
#1408 = VERTEX_POINT ( 'NONE', #6337 ) ;
#1409 = LINE ( 'NONE', #3431, #4986 ) ;
#1410 = LINE ( 'NONE', #5273, #5078 ) ;
#1411 = CIRCLE ( 'NONE', #4417, 0.2107958125779213487 ) ;
#1412 = AXIS2_PLACEMENT_3D ( 'NONE', #364, #3824, #1443 ) ;
#1413 = CARTESIAN_POINT ( 'NONE',  ( 44.32286377797748855, 48.80360732423427805, 31.57921682946847497 ) ) ;
#1414 = EDGE_CURVE ( 'NONE', #5198, #5244, #2318, .T. ) ;
#1415 = EDGE_LOOP ( 'NONE', ( #6448, #4048 ) ) ;
#1416 = DIRECTION ( 'NONE',  ( 1.000000000000000000, 0.0000000000000000000, 0.0000000000000000000 ) ) ;
#1417 = FACE_OUTER_BOUND ( 'NONE', #6166, .T. ) ;
#1418 = FACE_OUTER_BOUND ( 'NONE', #2082, .T. ) ;
#1419 = VERTEX_POINT ( 'NONE', #6120 ) ;
#1420 = CIRCLE ( 'NONE', #4398, 1.670781235886660498 ) ;
#1421 = DIRECTION ( 'NONE',  ( -1.000000000000000000, 1.110223024625177997E-14, 8.006416042969892854E-15 ) ) ;
#1422 = ORIENTED_EDGE ( 'NONE', *, *, #3693, .T. ) ;
#1423 = EDGE_CURVE ( 'NONE', #1919, #557, #6598, .T. ) ;
#1424 = ORIENTED_EDGE ( 'NONE', *, *, #930, .F. ) ;
#1425 = LINE ( 'NONE', #4858, #4350 ) ;
#1426 = VECTOR ( 'NONE', #5183, 1000.000000000000000 ) ;
#1427 = DIRECTION ( 'NONE',  ( -0.6435627400807423237, 0.0000000000000000000, 0.7653933626441811189 ) ) ;
#1428 = EDGE_CURVE ( 'NONE', #4878, #5146, #4533, .T. ) ;
#1429 = PLANE ( 'NONE',  #927 ) ;
#1430 = DIRECTION ( 'NONE',  ( -0.0000000000000000000, -0.0000000000000000000, -1.000000000000000000 ) ) ;
#1431 = LINE ( 'NONE', #4117, #6486 ) ;
#1432 = ORIENTED_EDGE ( 'NONE', *, *, #4256, .F. ) ;
#1433 = CARTESIAN_POINT ( 'NONE',  ( 46.41670616383014902, 49.78196438072625085, 30.47062160604270176 ) ) ;
#1434 = ORIENTED_EDGE ( 'NONE', *, *, #2354, .T. ) ;
#1435 = EDGE_CURVE ( 'NONE', #5808, #4668, #1079, .T. ) ;
#1436 = DIRECTION ( 'NONE',  ( -1.000000000000000000, 1.025257977951273470E-14, 0.0000000000000000000 ) ) ;
#1437 = CARTESIAN_POINT ( 'NONE',  ( 45.02286392053758846, 48.80360732423427805, 34.77062160604268826 ) ) ;
#1438 = LINE ( 'NONE', #5196, #6644 ) ;
#1439 = DIRECTION ( 'NONE',  ( -8.000000000000000622E-15, -1.000000000000000000, 1.232595164407829988E-32 ) ) ;
#1440 = VECTOR ( 'NONE', #2096, 1000.000000000000000 ) ;
#1441 = LINE ( 'NONE', #4361, #308 ) ;
#1442 = VERTEX_POINT ( 'NONE', #5784 ) ;
#1443 = DIRECTION ( 'NONE',  ( 1.000000000000000000, 0.0000000000000000000, -6.308085367188407793E-15 ) ) ;
#1444 = CARTESIAN_POINT ( 'NONE',  ( 43.37286384697347330, 40.96338730024851316, 29.03141741862073388 ) ) ;
#1445 = LINE ( 'NONE', #2990, #4657 ) ;
#1446 = CARTESIAN_POINT ( 'NONE',  ( 42.37286384697351593, 40.96338730024852026, 33.82062160604281331 ) ) ;
#1447 = VERTEX_POINT ( 'NONE', #452 ) ;
#1448 = PLANE ( 'NONE',  #4313 ) ;
#1449 = VECTOR ( 'NONE', #5114, 1000.000000000000000 ) ;
#1450 = CARTESIAN_POINT ( 'NONE',  ( 43.92286384697384705, 42.29179567509273596, 37.52062160604316432 ) ) ;
#1451 = AXIS2_PLACEMENT_3D ( 'NONE', #2397, #3087, #1603 ) ;
#1452 = CARTESIAN_POINT ( 'NONE',  ( 48.67286384697387547, 39.00259148767057127, 27.62062160604267902 ) ) ;
#1453 = CARTESIAN_POINT ( 'NONE',  ( 46.52156917055636853, 49.59649040585274093, 29.77062160604269181 ) ) ;
#1454 = DIRECTION ( 'NONE',  ( 8.000000000000000622E-15, -1.534706572269839966E-32, 1.000000000000000000 ) ) ;
#1455 = EDGE_CURVE ( 'NONE', #1765, #199, #2283, .T. ) ;
#1456 = FACE_OUTER_BOUND ( 'NONE', #5888, .T. ) ;
#1457 = EDGE_CURVE ( 'NONE', #6024, #3358, #6746, .T. ) ;
#1458 = DIRECTION ( 'NONE',  ( -7.999999999999981689E-15, 2.775557561563017174E-15, -1.000000000000000000 ) ) ;
#1459 = ORIENTED_EDGE ( 'NONE', *, *, #82, .F. ) ;
#1460 = ORIENTED_EDGE ( 'NONE', *, *, #5689, .F. ) ;
#1461 = CIRCLE ( 'NONE', #2869, 1.881544943241310275 ) ;
#1462 = EDGE_CURVE ( 'NONE', #6204, #2219, #1118, .T. ) ;
#1463 = LINE ( 'NONE', #6433, #2775 ) ;
#1464 = ORIENTED_EDGE ( 'NONE', *, *, #381, .F. ) ;
#1465 = VECTOR ( 'NONE', #4949, 1000.000000000000000 ) ;
#1466 = ORIENTED_EDGE ( 'NONE', *, *, #4457, .F. ) ;
#1467 = APPROVAL_PERSON_ORGANIZATION ( #3472, #2536, #5281 ) ;
#1468 = DIRECTION ( 'NONE',  ( -1.238538094726937053E-14, 3.508304757815495974E-29, -1.000000000000000000 ) ) ;
#1469 = CARTESIAN_POINT ( 'NONE',  ( 43.02986384697396005, 50.40259148767042063, 27.74947806369631209 ) ) ;
#1470 = CARTESIAN_POINT ( 'NONE',  ( 42.37286384697358699, 39.80259148767056132, 42.12062160604232730 ) ) ;
#1471 = FACE_OUTER_BOUND ( 'NONE', #2128, .T. ) ;
#1472 = LINE ( 'NONE', #5844, #1310 ) ;
#1473 = ORIENTED_EDGE ( 'NONE', *, *, #336, .F. ) ;
#1474 = VERTEX_POINT ( 'NONE', #963 ) ;
#1475 = ORIENTED_EDGE ( 'NONE', *, *, #4424, .T. ) ;
#1476 = VECTOR ( 'NONE', #6400, 1000.000000000000000 ) ;
#1477 = LINE ( 'NONE', #5385, #4348 ) ;
#1478 = CARTESIAN_POINT ( 'NONE',  ( 42.58741329819372368, 40.82599154691363452, 37.62062160604307337 ) ) ;
#1479 = CARTESIAN_POINT ( 'NONE',  ( 40.05857813268799106, 39.39227103246565065, 31.73490732032820105 ) ) ;
#1480 = FACE_OUTER_BOUND ( 'NONE', #1843, .T. ) ;
#1481 = DIRECTION ( 'NONE',  ( 8.000000000000000622E-15, -6.401232595164408364E-29, 1.000000000000000000 ) ) ;
#1482 = VECTOR ( 'NONE', #5164, 1000.000000000000000 ) ;
#1483 = DIRECTION ( 'NONE',  ( -8.000000000000000622E-15, 0.0000000000000000000, -1.000000000000000000 ) ) ;
#1484 = EDGE_CURVE ( 'NONE', #3201, #2394, #3461, .T. ) ;
#1485 = VECTOR ( 'NONE', #3869, 1000.000000000000114 ) ;
#1486 = DIRECTION ( 'NONE',  ( -8.673617379883486425E-15, -1.000000000000000000, 6.940126499071197463E-29 ) ) ;
#1487 = DIRECTION ( 'NONE',  ( -0.0000000000000000000, -0.0000000000000000000, 1.000000000000000000 ) ) ;
#1488 = CARTESIAN_POINT ( 'NONE',  ( 42.82415852339111950, 49.59649040585271962, 35.47062160604273373 ) ) ;
#1489 = COORDINATED_UNIVERSAL_TIME_OFFSET ( 5, 30, .AHEAD. ) ;
#1490 = DIRECTION ( 'NONE',  ( -1.000000000000000000, 0.0000000000000000000, 0.0000000000000000000 ) ) ;
#1491 = FACE_OUTER_BOUND ( 'NONE', #5485, .T. ) ;
#1492 = CARTESIAN_POINT ( 'NONE',  ( 46.87967678499705926, 50.40259148767039221, 28.19062160604259049 ) ) ;
#1493 = VECTOR ( 'NONE', #2670, 1000.000000000000000 ) ;
#1494 = EDGE_LOOP ( 'NONE', ( #355, #1279, #4985, #2854 ) ) ;
#1495 = CARTESIAN_POINT ( 'NONE',  ( 43.02986384697393873, 50.40259148767042063, 27.62062160604272876 ) ) ;
#1496 = VERTEX_POINT ( 'NONE', #751 ) ;
#1497 = FACE_OUTER_BOUND ( 'NONE', #2746, .T. ) ;
#1498 = VERTEX_POINT ( 'NONE', #4219 ) ;
#1499 = DIRECTION ( 'NONE',  ( -3.469446951200115078E-14, 0.0000000000000000000, -1.000000000000000000 ) ) ;
#1500 = ORIENTED_EDGE ( 'NONE', *, *, #2477, .T. ) ;
#1501 = EDGE_CURVE ( 'NONE', #1943, #6436, #2424, .T. ) ;
#1502 = VECTOR ( 'NONE', #6036, 1000.000000000000000 ) ;
#1503 = VECTOR ( 'NONE', #924, 1000.000000000000000 ) ;
#1504 = EDGE_CURVE ( 'NONE', #2331, #6670, #2341, .T. ) ;
#1505 = CARTESIAN_POINT ( 'NONE',  ( 42.81946330008706525, 49.33219605621860637, 29.77062160604267760 ) ) ;
#1506 = CARTESIAN_POINT ( 'NONE',  ( 40.46826675026349562, 43.29819439096075939, 31.96139552571414910 ) ) ;
#1507 = CARTESIAN_POINT ( 'NONE',  ( 46.31586384697403957, 46.10259148767076454, 37.74947806369629433 ) ) ;
#1508 = DIRECTION ( 'NONE',  ( 1.000000000000000000, -1.027220243219864006E-14, -8.000000000000010088E-15 ) ) ;
#1509 = AXIS2_PLACEMENT_3D ( 'NONE', #5500, #3361, #573 ) ;
#1510 = VERTEX_POINT ( 'NONE', #4978 ) ;
#1511 = ORIENTED_EDGE ( 'NONE', *, *, #47, .F. ) ;
#1512 = EDGE_CURVE ( 'NONE', #919, #5081, #1654, .T. ) ;
#1513 = CARTESIAN_POINT ( 'NONE',  ( 42.68881594664672718, 40.48709549131926622, 37.62062160604307337 ) ) ;
#1514 = EDGE_CURVE ( 'NONE', #5153, #2506, #5590, .T. ) ;
#1515 = VECTOR ( 'NONE', #782, 1000.000000000000000 ) ;
#1516 = ORIENTED_EDGE ( 'NONE', *, *, #736, .T. ) ;
#1517 = VERTEX_POINT ( 'NONE', #5229 ) ;
#1518 = ORIENTED_EDGE ( 'NONE', *, *, #4760, .F. ) ;
#1519 = DIRECTION ( 'NONE',  ( -1.000000000000000000, 0.0000000000000000000, 1.061658779742261671E-14 ) ) ;
#1520 = PLANE ( 'NONE',  #4664 ) ;
#1521 = LINE ( 'NONE', #1813, #2174 ) ;
#1522 = CARTESIAN_POINT ( 'NONE',  ( 42.47802013406861477, 41.96570328357044843, 37.62062160604307337 ) ) ;
#1523 = VERTEX_POINT ( 'NONE', #4861 ) ;
#1524 = CIRCLE ( 'NONE', #4275, 1.099999999999996758 ) ;
#1525 = AXIS2_PLACEMENT_3D ( 'NONE', #6242, #5992, #835 ) ;
#1526 = ORIENTED_EDGE ( 'NONE', *, *, #1049, .F. ) ;
#1527 = DIRECTION ( 'NONE',  ( 0.0000000000000000000, 1.000000000000000000, 0.0000000000000000000 ) ) ;
#1528 = DIRECTION ( 'NONE',  ( -8.000000000000000622E-15, 2.846725704167644827E-29, -1.000000000000000000 ) ) ;
#1529 = ORIENTED_EDGE ( 'NONE', *, *, #692, .F. ) ;
#1530 = CARTESIAN_POINT ( 'NONE',  ( 40.42286384697387547, 39.80259148767056843, 29.02062160604266339 ) ) ;
#1531 = CARTESIAN_POINT ( 'NONE',  ( 43.37286384697355857, 43.04179567509260806, 36.20982579346491548 ) ) ;
#1532 = EDGE_LOOP ( 'NONE', ( #910, #3877 ) ) ;
#1533 = CIRCLE ( 'NONE', #5270, 0.4567242605855170723 ) ;
#1534 = ORIENTED_EDGE ( 'NONE', *, *, #2517, .F. ) ;
#1535 = LINE ( 'NONE', #3523, #4250 ) ;
#1536 = DIRECTION ( 'NONE',  ( 1.110223024625180206E-14, 1.000000000000000000, 8.326672684688850758E-15 ) ) ;
#1537 = EDGE_CURVE ( 'NONE', #3549, #3278, #5537, .T. ) ;
#1538 = ORIENTED_EDGE ( 'NONE', *, *, #3947, .F. ) ;
#1540 = ORIENTED_EDGE ( 'NONE', *, *, #828, .F. ) ;
#1539 = VECTOR ( 'NONE', #6248, 1000.000000000000000 ) ;
#1541 = AXIS2_PLACEMENT_3D ( 'NONE', #1122, #3061, #6553 ) ;
#1542 = FACE_OUTER_BOUND ( 'NONE', #5249, .T. ) ;
#1543 = CARTESIAN_POINT ( 'NONE',  ( 44.67286384697392521, 39.00259148767057127, 36.22062160604230030 ) ) ;
#1544 = CARTESIAN_POINT ( 'NONE',  ( 42.37286384697354436, 40.96338730024851316, 36.20982579346490127 ) ) ;
#1545 = VERTEX_POINT ( 'NONE', #2481 ) ;
#1546 = CARTESIAN_POINT ( 'NONE',  ( 39.67286384697381862, 45.10259148767045190, 27.62062160604275718 ) ) ;
#1547 = CARTESIAN_POINT ( 'NONE',  ( 44.32286377797750276, 48.80360732423427805, 35.47062160604270531 ) ) ;
#1548 = EDGE_CURVE ( 'NONE', #83, #1765, #3964, .T. ) ;
#1549 = FACE_OUTER_BOUND ( 'NONE', #1266, .T. ) ;
#1550 = CARTESIAN_POINT ( 'NONE',  ( 40.67286384697387547, 42.84920164918488439, 37.12062160604305205 ) ) ;
#1551 = VERTEX_POINT ( 'NONE', #6643 ) ;
#1552 = ADVANCED_FACE ( 'NONE', ( #5459 ), #2514, .T. ) ;
#1553 = ORIENTED_EDGE ( 'NONE', *, *, #3493, .T. ) ;
#1554 = DIRECTION ( 'NONE',  ( 1.000000000000000000, -0.0000000000000000000, -8.000544671205034319E-15 ) ) ;
#1555 = AXIS2_PLACEMENT_3D ( 'NONE', #2237, #3045, #5941 ) ;
#1556 = ORIENTED_EDGE ( 'NONE', *, *, #1038, .T. ) ;
#1557 = VECTOR ( 'NONE', #5644, 1000.000000000000000 ) ;
#1558 = CARTESIAN_POINT ( 'NONE',  ( 43.37286384697347330, 40.75259148767059258, 29.03141741862073388 ) ) ;
#1559 = ORIENTED_EDGE ( 'NONE', *, *, #1931, .F. ) ;
#1560 = DIRECTION ( 'NONE',  ( -8.000000000000000622E-15, -1.000000000000000000, 1.534706572270470003E-32 ) ) ;
#1561 = LINE ( 'NONE', #6205, #6257 ) ;
#1562 = ADVANCED_FACE ( 'NONE', ( #2019 ), #203, .F. ) ;
#1563 = VECTOR ( 'NONE', #6135, 1000.000000000000000 ) ;
#1564 = ORIENTED_EDGE ( 'NONE', *, *, #3851, .T. ) ;
#1565 = ORIENTED_EDGE ( 'NONE', *, *, #4832, .T. ) ;
#1566 = CALENDAR_DATE ( 2021, 23, 3 ) ;
#1567 = LINE ( 'NONE', #2374, #160 ) ;
#1568 = VERTEX_POINT ( 'NONE', #4081 ) ;
#1569 = EDGE_CURVE ( 'NONE', #4606, #5033, #422, .T. ) ;
#1570 = ORIENTED_EDGE ( 'NONE', *, *, #3830, .F. ) ;
#1571 = LINE ( 'NONE', #5323, #3169 ) ;
#1572 = VERTEX_POINT ( 'NONE', #4074 ) ;
#1573 = CARTESIAN_POINT ( 'NONE',  ( 42.68881594664653534, 41.96570328357044843, 37.62062160604307337 ) ) ;
#1574 = CARTESIAN_POINT ( 'NONE',  ( 42.47802013406879951, 40.48709549131926622, 37.62062160604307337 ) ) ;
#1575 = PLANE ( 'NONE',  #1128 ) ;
#1576 = ORIENTED_EDGE ( 'NONE', *, *, #163, .F. ) ;
#1577 = ADVANCED_FACE ( 'NONE', ( #5197 ), #521, .T. ) ;
#1578 = CARTESIAN_POINT ( 'NONE',  ( 42.81007469566791457, 48.80360732420605530, 29.77062160604269181 ) ) ;
#1579 = CARTESIAN_POINT ( 'NONE',  ( 43.92286384697384705, 39.50259148767043627, 37.62062160604307337 ) ) ;
#1580 = PERSON_AND_ORGANIZATION_ROLE ( 'creator' ) ;
#1581 = DIRECTION ( 'NONE',  ( -8.000000000000000622E-15, -1.000000000000000000, 1.232595164407829988E-32 ) ) ;
#1582 = ORIENTED_EDGE ( 'NONE', *, *, #2972, .F. ) ;
#1583 = ADVANCED_FACE ( 'NONE', ( #867 ), #270, .F. ) ;
#1584 = EDGE_CURVE ( 'NONE', #4728, #5971, #3337, .T. ) ;
#1585 = FACE_OUTER_BOUND ( 'NONE', #4033, .T. ) ;
#1586 = ORIENTED_EDGE ( 'NONE', *, *, #6693, .T. ) ;
#1587 = VECTOR ( 'NONE', #1468, 1000.000000000000000 ) ;
#1588 = PLANE ( 'NONE',  #3383 ) ;
#1589 = LINE ( 'NONE', #5901, #1482 ) ;
#1590 = ORIENTED_EDGE ( 'NONE', *, *, #6585, .T. ) ;
#1591 = CIRCLE ( 'NONE', #6261, 0.6535898384970526553 ) ;
#1592 = DIRECTION ( 'NONE',  ( 0.5000000000000026645, -0.8660254037844371533, -4.000000000000145461E-15 ) ) ;
#1593 = EDGE_CURVE ( 'NONE', #2698, #4262, #1869, .T. ) ;
#1594 = FACE_OUTER_BOUND ( 'NONE', #6395, .T. ) ;
#1595 = CARTESIAN_POINT ( 'NONE',  ( 42.47802013406879951, 40.64118792820689663, 37.62062160604307337 ) ) ;
#1596 = DIRECTION ( 'NONE',  ( 1.000000000000000000, 0.0000000000000000000, 0.0000000000000000000 ) ) ;
#1597 = ADVANCED_FACE ( 'NONE', ( #4180 ), #1881, .T. ) ;
#1598 = CYLINDRICAL_SURFACE ( 'NONE', #6369, 0.2107958125779213487 ) ;
#1599 = DIRECTION ( 'NONE',  ( -5.384979558076334077E-14, 0.0000000000000000000, -1.000000000000000000 ) ) ;
#1600 = LINE ( 'NONE', #1646, #3139 ) ;
#1601 = CIRCLE ( 'NONE', #3767, 0.2107958125779213487 ) ;
#1602 = FACE_BOUND ( 'NONE', #6731, .T. ) ;
#1603 = DIRECTION ( 'NONE',  ( 1.000000000000000000, 0.0000000000000000000, 0.0000000000000000000 ) ) ;
#1604 = CARTESIAN_POINT ( 'NONE',  ( 40.92286384697396784, 42.29179567509275728, 37.62062160604307337 ) ) ;
#1605 = DIRECTION ( 'NONE',  ( -1.000000000000000000, 8.000000000000000622E-15, 8.000000000000000622E-15 ) ) ;
#1606 = VECTOR ( 'NONE', #187, 1000.000000000000000 ) ;
#1607 = ORIENTED_EDGE ( 'NONE', *, *, #6435, .T. ) ;
#1608 = ORIENTED_EDGE ( 'NONE', *, *, #2011, .T. ) ;
#1609 = FACE_OUTER_BOUND ( 'NONE', #4752, .T. ) ;
#1610 = CYLINDRICAL_SURFACE ( 'NONE', #6403, 0.3000000000000016542 ) ;
#1611 = EDGE_CURVE ( 'NONE', #3158, #6646, #1632, .T. ) ;
#1612 = EDGE_CURVE ( 'NONE', #3236, #4177, #3180, .T. ) ;
#1613 = LINE ( 'NONE', #717, #1367 ) ;
#1614 = DIRECTION ( 'NONE',  ( 0.0000000000000000000, 0.0000000000000000000, 1.000000000000000000 ) ) ;
#1615 = ADVANCED_FACE ( 'NONE', ( #5260 ), #5040, .F. ) ;
#1616 = EDGE_LOOP ( 'NONE', ( #6441, #2537, #4854, #372, #5091 ) ) ;
#1617 = DIRECTION ( 'NONE',  ( 6.938893903907222067E-15, 1.000000000000000000, 0.0000000000000000000 ) ) ;
#1618 = EDGE_CURVE ( 'NONE', #1402, #843, #5942, .T. ) ;
#1619 =( BOUNDED_CURVE ( )  B_SPLINE_CURVE ( 3, ( #5921, #5395, #6154, #6380 ),
 .UNSPECIFIED., .F., .F. ) 
 B_SPLINE_CURVE_WITH_KNOTS ( ( 4, 4 ),
 ( 3.141592653589794004, 3.926990816987326660 ),
 .UNSPECIFIED. ) 
 CURVE ( )  GEOMETRIC_REPRESENTATION_ITEM ( )  RATIONAL_B_SPLINE_CURVE ( ( 1.000000000000000000, 0.9492530216741803528, 0.9492530216741803528, 1.000000000000000000 ) ) 
 REPRESENTATION_ITEM ( '' )  );
#1620 = ORIENTED_EDGE ( 'NONE', *, *, #852, .T. ) ;
#1621 = CARTESIAN_POINT ( 'NONE',  ( 46.52626439386111912, 49.33219605621577131, 29.77062160604269181 ) ) ;
#1622 = CARTESIAN_POINT ( 'NONE',  ( 44.67286384697379731, 48.60259148767040216, 35.12062160604270389 ) ) ;
#1623 = ORIENTED_EDGE ( 'NONE', *, *, #4098, .T. ) ;
#1624 = PLANE ( 'NONE',  #2351 ) ;
#1625 = VERTEX_POINT ( 'NONE', #6167 ) ;
#1626 = CARTESIAN_POINT ( 'NONE',  ( 43.31613488595709782, 39.00259148767057127, 36.76389264502557097 ) ) ;
#1627 = AXIS2_PLACEMENT_3D ( 'NONE', #2860, #2202, #3156 ) ;
#1628 = ORIENTED_EDGE ( 'NONE', *, *, #788, .F. ) ;
#1629 = DIRECTION ( 'NONE',  ( 0.0000000000000000000, 0.0000000000000000000, -1.000000000000000000 ) ) ;
#1630 = DIRECTION ( 'NONE',  ( -0.0000000000000000000, -0.0000000000000000000, 1.000000000000000000 ) ) ;
#1631 = ORIENTED_EDGE ( 'NONE', *, *, #4830, .T. ) ;
#1632 = LINE ( 'NONE', #2208, #2085 ) ;
#1633 = CARTESIAN_POINT ( 'NONE',  ( 46.52058069696458631, 49.65213163275105046, 35.47062160604269820 ) ) ;
#1634 = CYLINDRICAL_SURFACE ( 'NONE', #1541, 0.5000000000000073275 ) ;
#1635 = ORIENTED_EDGE ( 'NONE', *, *, #2501, .T. ) ;
#1636 = CIRCLE ( 'NONE', #3776, 0.2283621302927932306 ) ;
#1637 = VECTOR ( 'NONE', #4922, 1000.000000000000000 ) ;
#1638 = VECTOR ( 'NONE', #690, 1000.000000000000000 ) ;
#1639 = DIRECTION ( 'NONE',  ( -1.000000000000000000, 8.000000000000000622E-15, 8.000000000000000622E-15 ) ) ;
#1640 = CYLINDRICAL_SURFACE ( 'NONE', #2231, 0.2107958125779213487 ) ;
#1641 = CARTESIAN_POINT ( 'NONE',  ( 48.46206803439599753, 48.35259148767057269, 33.02062160604256036 ) ) ;
#1642 = CARTESIAN_POINT ( 'NONE',  ( 43.02986384697403821, 50.40259148767076880, 37.74947806369631564 ) ) ;
#1643 = LINE ( 'NONE', #3127, #4989 ) ;
#1644 = VERTEX_POINT ( 'NONE', #2533 ) ;
#1645 = ADVANCED_FACE ( 'NONE', ( #976 ), #5071, .F. ) ;
#1646 = CARTESIAN_POINT ( 'NONE',  ( 40.57286384697385984, 39.00259148767057127, 34.02062160604233298 ) ) ;
#1647 = EDGE_CURVE ( 'NONE', #2369, #1551, #1086, .T. ) ;
#1648 = ORIENTED_EDGE ( 'NONE', *, *, #494, .T. ) ;
#1649 = EDGE_CURVE ( 'NONE', #2269, #2449, #440, .T. ) ;
#1650 = ORIENTED_EDGE ( 'NONE', *, *, #6042, .F. ) ;
#1651 = AXIS2_PLACEMENT_3D ( 'NONE', #1229, #1089, #5070 ) ;
#1652 = LINE ( 'NONE', #3909, #4658 ) ;
#1653 = DIRECTION ( 'NONE',  ( 8.673617379883486425E-15, 1.000000000000000000, -6.940126499071197463E-29 ) ) ;
#1654 = LINE ( 'NONE', #542, #5293 ) ;
#1655 = ORIENTED_EDGE ( 'NONE', *, *, #2521, .T. ) ;
#1656 = AXIS2_PLACEMENT_3D ( 'NONE', #2960, #396, #6290 ) ;
#1657 = CARTESIAN_POINT ( 'NONE',  ( 40.76927400848773431, 42.84920164918522545, 32.22062160604244241 ) ) ;
#1658 = CARTESIAN_POINT ( 'NONE',  ( 43.71206803439592647, 42.50259148767065653, 37.62062160604307337 ) ) ;
#1659 = CARTESIAN_POINT ( 'NONE',  ( 46.53565299828039770, 48.80360732422014536, 35.47062160604269110 ) ) ;
#1660 = CARTESIAN_POINT ( 'NONE',  ( 41.26458181798120251, 42.17758296149003883, 37.52062160604316432 ) ) ;
#1661 = ORIENTED_EDGE ( 'NONE', *, *, #1569, .F. ) ;
#1662 = CARTESIAN_POINT ( 'NONE',  ( 48.38432012885203903, 44.35259148767056558, 34.02062160604219088 ) ) ;
#1663 = DIRECTION ( 'NONE',  ( 1.000000000000000000, -8.000000000000000622E-15, -8.000000000000000622E-15 ) ) ;
#1664 = CARTESIAN_POINT ( 'NONE',  ( 40.76927400848773431, 42.60259148767058690, 32.22062160604244241 ) ) ;
#1665 = DIRECTION ( 'NONE',  ( -0.6435627400803137776, 0.0000000000000000000, -0.7653933626445413863 ) ) ;
#1666 = VERTEX_POINT ( 'NONE', #5089 ) ;
#1667 = VERTEX_POINT ( 'NONE', #5781 ) ;
#1668 = DIRECTION ( 'NONE',  ( -0.0000000000000000000, -1.000000000000000000, -0.0000000000000000000 ) ) ;
#1669 = CARTESIAN_POINT ( 'NONE',  ( 45.02286377797747008, 48.80360732423427805, 31.57921685274973811 ) ) ;
#1670 = ORIENTED_EDGE ( 'NONE', *, *, #2911, .F. ) ;
#1671 = VECTOR ( 'NONE', #592, 1000.000000000000000 ) ;
#1672 = FACE_OUTER_BOUND ( 'NONE', #1127, .T. ) ;
#1673 = FACE_OUTER_BOUND ( 'NONE', #2051, .T. ) ;
#1674 = CIRCLE ( 'NONE', #2404, 1.499999999999994449 ) ;
#1675 = EDGE_LOOP ( 'NONE', ( #4811, #2064, #1631, #5895, #133, #3009 ) ) ;
#1676 = CARTESIAN_POINT ( 'NONE',  ( 40.58904486027150682, 45.75078440220651999, 37.12062160604304495 ) ) ;
#1677 = CARTESIAN_POINT ( 'NONE',  ( 43.17967678499706352, 50.40259148767041353, 28.19062160604261891 ) ) ;
#1678 = DIRECTION ( 'NONE',  ( -1.129587379705846507E-14, -1.000000000000000000, 0.0000000000000000000 ) ) ;
#1679 = ORIENTED_EDGE ( 'NONE', *, *, #2024, .T. ) ;
#1680 = LINE ( 'NONE', #6512, #5124 ) ;
#1681 = EDGE_LOOP ( 'NONE', ( #6355, #2872, #357, #3019 ) ) ;
#1682 = DIRECTION ( 'NONE',  ( 1.000000000000000000, 0.0000000000000000000, 0.0000000000000000000 ) ) ;
#1683 = DIRECTION ( 'NONE',  ( -1.000000000000000000, 8.000000000000000622E-15, 8.000000000000000622E-15 ) ) ;
#1684 = B_SPLINE_CURVE_WITH_KNOTS ( 'NONE', 3,
 ( #4111, #2994, #1433, #4024, #374, #221 ),
 .UNSPECIFIED., .F., .F.,
 ( 4, 2, 4 ),
 ( 0.0000000000000000000, 0.0001645077324556623274, 0.0003290154649113246547 ),
 .UNSPECIFIED. ) ;
#1685 = ORIENTED_EDGE ( 'NONE', *, *, #5578, .T. ) ;
#1686 = ORIENTED_EDGE ( 'NONE', *, *, #1312, .T. ) ;
#1687 = ADVANCED_FACE ( 'NONE', ( #2761 ), #6241, .T. ) ;
#1688 = CARTESIAN_POINT ( 'NONE',  ( 40.92286384697396784, 39.50259148767043627, 37.52062160604316432 ) ) ;
#1689 = CARTESIAN_POINT ( 'NONE',  ( 47.37286384697384278, 44.35259148767056558, 31.22062160604217596 ) ) ;
#1690 = ORIENTED_EDGE ( 'NONE', *, *, #3199, .T. ) ;
#1691 = DIRECTION ( 'NONE',  ( 0.0000000000000000000, -0.0000000000000000000, -1.000000000000000000 ) ) ;
#1692 = CARTESIAN_POINT ( 'NONE',  ( 42.84937016291251410, 49.70601434352351333, 29.77062160604269536 ) ) ;
#1693 = CIRCLE ( 'NONE', #469, 0.5000000000000073275 ) ;
#1694 = ORIENTED_EDGE ( 'NONE', *, *, #6736, .T. ) ;
#1695 = ORIENTED_EDGE ( 'NONE', *, *, #4116, .F. ) ;
#1696 = EDGE_CURVE ( 'NONE', #3158, #421, #2133, .T. ) ;
#1697 = FACE_OUTER_BOUND ( 'NONE', #2447, .T. ) ;
#1698 = EDGE_CURVE ( 'NONE', #711, #2657, #5859, .T. ) ;
#1699 = VECTOR ( 'NONE', #136, 1000.000000000000000 ) ;
#1700 = DIRECTION ( 'NONE',  ( 0.0000000000000000000, 0.0000000000000000000, -1.000000000000000000 ) ) ;
#1701 = EDGE_LOOP ( 'NONE', ( #5374, #5243, #553, #459 ) ) ;
#1702 = CARTESIAN_POINT ( 'NONE',  ( 43.02986384697403111, 46.10259148767076454, 37.62062160604272520 ) ) ;
#1703 = LINE ( 'NONE', #6501, #1705 ) ;
#1704 = DIRECTION ( 'NONE',  ( 1.000000000000000000, -1.027220243219863848E-14, -8.000000000000008510E-15 ) ) ;
#1705 = VECTOR ( 'NONE', #632, 1000.000000000000114 ) ;
#1706 = FACE_OUTER_BOUND ( 'NONE', #5219, .T. ) ;
#1707 = VERTEX_POINT ( 'NONE', #1284 ) ;
#1708 = CARTESIAN_POINT ( 'NONE',  ( 42.92902153011642241, 49.78196438072625085, 34.77062160604268826 ) ) ;
#1709 = LINE ( 'NONE', #5128, #1440 ) ;
#1710 = FACE_OUTER_BOUND ( 'NONE', #4462, .T. ) ;
#1711 = VERTEX_POINT ( 'NONE', #4199 ) ;
#1712 = CARTESIAN_POINT ( 'NONE',  ( 40.62286384697389963, 39.80259148767056843, 28.12062160604256533 ) ) ;
#1713 = ORIENTED_EDGE ( 'NONE', *, *, #2252, .F. ) ;
#1714 = CARTESIAN_POINT ( 'NONE',  ( 40.45077274766277498, 42.52733960394732549, 27.82255107850530607 ) ) ;
#1715 = B_SPLINE_CURVE_WITH_KNOTS ( 'NONE', 3,
 ( #1316, #1263, #5025, #2592 ),
 .UNSPECIFIED., .F., .F.,
 ( 4, 4 ),
 ( 0.0000000000000000000, 0.0004065102013954777780 ),
 .UNSPECIFIED. ) ;
#1716 = EDGE_CURVE ( 'NONE', #2421, #1496, #6488, .T. ) ;
#1717 = ADVANCED_FACE ( 'NONE', ( #6832 ), #3759, .T. ) ;
#1718 = CYLINDRICAL_SURFACE ( 'NONE', #5620, 0.2107958125779213487 ) ;
#1719 = CARTESIAN_POINT ( 'NONE',  ( 40.67286384697381152, 43.50279148767113924, 27.92062160607411414 ) ) ;
#1720 = DIRECTION ( 'NONE',  ( 6.259177045925002338E-15, 0.0000000000000000000, 1.000000000000000000 ) ) ;
#1721 = ORIENTED_EDGE ( 'NONE', *, *, #3375, .F. ) ;
#1722 = PLANE ( 'NONE',  #1656 ) ;
#1723 = EDGE_CURVE ( 'NONE', #6192, #2743, #5909, .T. ) ;
#1724 = EDGE_CURVE ( 'NONE', #2445, #3015, #1703, .T. ) ;
#1725 = VECTOR ( 'NONE', #1527, 1000.000000000000000 ) ;
#1726 = FACE_OUTER_BOUND ( 'NONE', #3545, .T. ) ;
#1727 = EDGE_LOOP ( 'NONE', ( #2284, #886, #1464, #3708, #186, #5015, #2594, #3429 ) ) ;
#1728 = DIRECTION ( 'NONE',  ( 1.000000000000000000, 0.0000000000000000000, -9.723433716209642107E-15 ) ) ;
#1729 = DIRECTION ( 'NONE',  ( -1.000000000000000000, -4.611712367288014258E-17, 8.000000000000000622E-15 ) ) ;
#1730 = B_SPLINE_CURVE_WITH_KNOTS ( 'NONE', 3,
 ( #652, #4189, #834, #1365 ),
 .UNSPECIFIED., .F., .F.,
 ( 4, 4 ),
 ( 2.836688761969275068E-15, 0.0007930081559138140801 ),
 .UNSPECIFIED. ) ;
#1731 = ORIENTED_EDGE ( 'NONE', *, *, #4676, .F. ) ;
#1732 = DIRECTION ( 'NONE',  ( -0.0000000000000000000, -0.0000000000000000000, -1.000000000000000000 ) ) ;
#1733 = ORIENTED_EDGE ( 'NONE', *, *, #3136, .F. ) ;
#1734 = DIRECTION ( 'NONE',  ( -1.000000000000000000, -8.817841970012501240E-16, 8.000000000000000622E-15 ) ) ;
#1735 = ORIENTED_EDGE ( 'NONE', *, *, #1501, .F. ) ;
#1736 = EDGE_CURVE ( 'NONE', #4318, #1872, #454, .T. ) ;
#1737 = DIRECTION ( 'NONE',  ( 1.000000000000000000, 0.0000000000000000000, 0.0000000000000000000 ) ) ;
#1738 = LINE ( 'NONE', #1143, #111 ) ;
#1739 = ORIENTED_EDGE ( 'NONE', *, *, #819, .F. ) ;
#1740 = DIRECTION ( 'NONE',  ( 7.999999999999965912E-15, -4.385380947269369912E-15, 1.000000000000000000 ) ) ;
#1741 = FACE_OUTER_BOUND ( 'NONE', #1616, .T. ) ;
#1742 = CARTESIAN_POINT ( 'NONE',  ( 46.16605090895082242, 46.10259148767039505, 27.92765156762959933 ) ) ;
#1743 = ORIENTED_EDGE ( 'NONE', *, *, #5916, .F. ) ;
#1744 = CARTESIAN_POINT ( 'NONE',  ( 42.37286384697356567, 43.04179567509261517, 36.42062160604284315 ) ) ;
#1745 = VECTOR ( 'NONE', #1805, 1000.000000000000000 ) ;
#1746 = ORIENTED_EDGE ( 'NONE', *, *, #14, .F. ) ;
#1747 = VECTOR ( 'NONE', #5509, 1000.000000000000000 ) ;
#1748 = CARTESIAN_POINT ( 'NONE',  ( 48.65444616283842549, 42.15259148767059116, 36.22062160604216530 ) ) ;
#1749 = CARTESIAN_POINT ( 'NONE',  ( 42.47802013406879951, 40.27521581339964740, 37.52062160604316432 ) ) ;
#1750 = EDGE_CURVE ( 'NONE', #6838, #6507, #5947, .T. ) ;
#1751 = CARTESIAN_POINT ( 'NONE',  ( 40.42286384697386126, 39.00279148767105397, 27.77421144452874913 ) ) ;
#1752 = CARTESIAN_POINT ( 'NONE',  ( 46.31586384697403957, 50.40259148767076880, 37.74947806369629433 ) ) ;
#1753 = CARTESIAN_POINT ( 'NONE',  ( 42.25739498568910335, 40.64118792820679005, 37.62062160604307337 ) ) ;
#1754 = VERTEX_POINT ( 'NONE', #3938 ) ;
#1755 = DIRECTION ( 'NONE',  ( 1.000000000000000000, 0.0000000000000000000, 0.0000000000000000000 ) ) ;
#1756 = VECTOR ( 'NONE', #1870, 1000.000000000000000 ) ;
#1757 = ADVANCED_FACE ( 'NONE', ( #2076 ), #2390, .F. ) ;
#1758 = EDGE_LOOP ( 'NONE', ( #6423, #3153 ) ) ;
#1759 = EDGE_LOOP ( 'NONE', ( #5540, #6203, #4584, #3501 ) ) ;
#1760 = CARTESIAN_POINT ( 'NONE',  ( 48.67286384697388968, 42.00259148767001705, 27.62062160604268257 ) ) ;
#1761 = CARTESIAN_POINT ( 'NONE',  ( 43.92286384697384705, 39.50259148767043627, 37.52062160604316432 ) ) ;
#1762 = EDGE_LOOP ( 'NONE', ( #3355, #1422, #5615, #358, #5508 ) ) ;
#1763 = VECTOR ( 'NONE', #2214, 1000.000000000000000 ) ;
#1764 = AXIS2_PLACEMENT_3D ( 'NONE', #2398, #6593, #4513 ) ;
#1765 = VERTEX_POINT ( 'NONE', #429 ) ;
#1766 = VECTOR ( 'NONE', #2595, 1000.000000000000000 ) ;
#1767 = CARTESIAN_POINT ( 'NONE',  ( 44.67286384697380441, 48.80360732420605530, 35.12062160604270389 ) ) ;
#1768 = FACE_OUTER_BOUND ( 'NONE', #4803, .T. ) ;
#1769 = ORIENTED_EDGE ( 'NONE', *, *, #6671, .F. ) ;
#1770 = ADVANCED_FACE ( 'NONE', ( #1549 ), #5907, .T. ) ;
#1771 = LINE ( 'NONE', #5897, #5717 ) ;
#1772 = LINE ( 'NONE', #6255, #3303 ) ;
#1773 = DIRECTION ( 'NONE',  ( 1.000000000000000000, -1.027220243219863848E-14, -8.000000000000008510E-15 ) ) ;
#1774 = VERTEX_POINT ( 'NONE', #1314 ) ;
#1775 = FACE_OUTER_BOUND ( 'NONE', #863, .T. ) ;
#1776 = LINE ( 'NONE', #4302, #1254 ) ;
#1777 = PLANE ( 'NONE',  #457 ) ;
#1778 = CARTESIAN_POINT ( 'NONE',  ( 40.42286384697388257, 42.53454565111927366, 38.54117583289283289 ) ) ;
#1779 = DIRECTION ( 'NONE',  ( 1.000000000000000000, 0.0000000000000000000, 0.0000000000000000000 ) ) ;
#1780 = CYLINDRICAL_SURFACE ( 'NONE', #501, 0.2107958125779213487 ) ;
#1781 = ADVANCED_FACE ( 'NONE', ( #4580 ), #2181, .F. ) ;
#1782 = EDGE_CURVE ( 'NONE', #1551, #4882, #3899, .T. ) ;
#1783 = DIRECTION ( 'NONE',  ( 0.8660254038118373465, 0.0000000000000000000, 0.4999999999525439609 ) ) ;
#1784 = VERTEX_POINT ( 'NONE', #5299 ) ;
#1785 = EDGE_LOOP ( 'NONE', ( #6803, #1814, #1304, #5039 ) ) ;
#1786 = CIRCLE ( 'NONE', #5862, 0.2107958125779213487 ) ;
#1787 = FACE_OUTER_BOUND ( 'NONE', #705, .T. ) ;
#1788 = EDGE_CURVE ( 'NONE', #5109, #2625, #1411, .T. ) ;
#1789 = VERTEX_POINT ( 'NONE', #6268 ) ;
#1790 = ORIENTED_EDGE ( 'NONE', *, *, #881, .F. ) ;
#1791 = EDGE_CURVE ( 'NONE', #1545, #6311, #1274, .T. ) ;
#1792 = ORIENTED_EDGE ( 'NONE', *, *, #4778, .T. ) ;
#1793 = AXIS2_PLACEMENT_3D ( 'NONE', #5556, #6701, #5587 ) ;
#1794 = DIRECTION ( 'NONE',  ( 2.218993185860504869E-16, -1.000000000000000000, 1.370316553097683994E-15 ) ) ;
#1795 = ORIENTED_EDGE ( 'NONE', *, *, #6300, .T. ) ;
#1796 = EDGE_LOOP ( 'NONE', ( #2126, #5935, #22, #1019, #4376, #6159, #4951, #2302, #2068, #4287, #2650, #5421, #3920 ) ) ;
#1797 = VERTEX_POINT ( 'NONE', #1830 ) ;
#1798 = AXIS2_PLACEMENT_3D ( 'NONE', #284, #5979, #1828 ) ;
#1799 = AXIS2_PLACEMENT_3D ( 'NONE', #3155, #6145, #2246 ) ;
#1800 = FACE_OUTER_BOUND ( 'NONE', #3070, .T. ) ;
#1801 = EDGE_LOOP ( 'NONE', ( #4842, #3780, #4306, #3951 ) ) ;
#1802 = FACE_OUTER_BOUND ( 'NONE', #4408, .T. ) ;
#1803 = CARTESIAN_POINT ( 'NONE',  ( 46.16605090895085084, 50.30259148767039790, 27.92765156762959933 ) ) ;
#1804 = ORIENTED_EDGE ( 'NONE', *, *, #58, .T. ) ;
#1805 = DIRECTION ( 'NONE',  ( -1.000000000000000000, 9.723433716209642107E-15, 9.723433716209642107E-15 ) ) ;
#1806 = DIRECTION ( 'NONE',  ( -3.278217592396828322E-15, 1.000000000000000000, 0.0000000000000000000 ) ) ;
#1807 = CARTESIAN_POINT ( 'NONE',  ( 40.67286384697386126, 45.10259148767044479, 32.22062160604244241 ) ) ;
#1808 = DIRECTION ( 'NONE',  ( 1.000000000000000000, 0.0000000000000000000, 0.0000000000000000000 ) ) ;
#1809 = ADVANCED_FACE ( 'NONE', ( #6099 ), #2966, .F. ) ;
#1810 = VECTOR ( 'NONE', #1734, 1000.000000000000000 ) ;
#1811 = DIRECTION ( 'NONE',  ( -0.6435627400803137776, 0.0000000000000000000, -0.7653933626445413863 ) ) ;
#1812 = CARTESIAN_POINT ( 'NONE',  ( 41.47537763055912308, 41.96678714891211115, 37.62062160604307337 ) ) ;
#1813 = CARTESIAN_POINT ( 'NONE',  ( 46.87967678499705926, 50.40259148767039221, 28.19062160604259049 ) ) ;
#1814 = ORIENTED_EDGE ( 'NONE', *, *, #3989, .T. ) ;
#1815 = ADVANCED_FACE ( 'NONE', ( #5989 ), #2356, .F. ) ;
#1816 = FACE_OUTER_BOUND ( 'NONE', #1892, .T. ) ;
#1817 = PLANE ( 'NONE',  #6175 ) ;
#1818 = ORIENTED_EDGE ( 'NONE', *, *, #4380, .F. ) ;
#1819 = EDGE_CURVE ( 'NONE', #2923, #4971, #175, .T. ) ;
#1820 = DIRECTION ( 'NONE',  ( -0.6435627400807423237, 0.0000000000000000000, 0.7653933626441811189 ) ) ;
#1821 = AXIS2_PLACEMENT_3D ( 'NONE', #2020, #5733, #2274 ) ;
#1822 = ORIENTED_EDGE ( 'NONE', *, *, #27, .F. ) ;
#1823 = ORIENTED_EDGE ( 'NONE', *, *, #27, .T. ) ;
#1824 = ORIENTED_EDGE ( 'NONE', *, *, #1191, .T. ) ;
#1825 = AXIS2_PLACEMENT_3D ( 'NONE', #6811, #1865, #5360 ) ;
#1826 = DIRECTION ( 'NONE',  ( -0.8660254038118400111, 0.0000000000000000000, 0.4999999999525395755 ) ) ;
#1827 = DIRECTION ( 'NONE',  ( 1.000000000000000000, 0.0000000000000000000, 0.0000000000000000000 ) ) ;
#1828 = DIRECTION ( 'NONE',  ( 1.000000000000000000, -1.387778780781444413E-14, 0.0000000000000000000 ) ) ;
#1829 = ORIENTED_EDGE ( 'NONE', *, *, #5928, .F. ) ;
#1830 = CARTESIAN_POINT ( 'NONE',  ( 46.87967678499705926, 50.40259148767039221, 28.19062160604259049 ) ) ;
#1831 = VECTOR ( 'NONE', #4736, 1000.000000000000000 ) ;
#1832 = EDGE_CURVE ( 'NONE', #2669, #4212, #666, .T. ) ;
#1833 = ORIENTED_EDGE ( 'NONE', *, *, #2829, .T. ) ;
#1834 = AXIS2_PLACEMENT_3D ( 'NONE', #4290, #5730, #2894 ) ;
#1835 = ADVANCED_FACE ( 'NONE', ( #4336 ), #3540, .T. ) ;
#1836 = VERTEX_POINT ( 'NONE', #6673 ) ;
#1837 = CARTESIAN_POINT ( 'NONE',  ( 46.31586384697403957, 46.10259148767076454, 37.74947806369629433 ) ) ;
#1838 = VERTEX_POINT ( 'NONE', #5122 ) ;
#1839 = DIRECTION ( 'NONE',  ( 1.000000000000000000, 0.0000000000000000000, -0.0000000000000000000 ) ) ;
#1840 = VECTOR ( 'NONE', #6775, 1000.000000000000000 ) ;
#1841 = ORIENTED_EDGE ( 'NONE', *, *, #1548, .T. ) ;
#1842 = FACE_OUTER_BOUND ( 'NONE', #2897, .T. ) ;
#1843 = EDGE_LOOP ( 'NONE', ( #3667, #2807, #5903, #1576 ) ) ;
#1844 = VECTOR ( 'NONE', #252, 1000.000000000000000 ) ;
#1845 = EDGE_LOOP ( 'NONE', ( #5117, #1245 ) ) ;
#1846 = EDGE_CURVE ( 'NONE', #4675, #1442, #3838, .T. ) ;
#1847 = EDGE_LOOP ( 'NONE', ( #696, #2118, #3086, #2918, #178, #4121, #2910, #3543, #5716, #1564, #6189, #4753, #801, #821, #85, #2007, #2847, #1655, #4439, #4377 ) ) ;
#1848 = CARTESIAN_POINT ( 'NONE',  ( 42.61586384697403673, 46.10259148767076454, 37.62062160604273231 ) ) ;
#1849 = CARTESIAN_POINT ( 'NONE',  ( 46.57175736036163727, 48.60259148779595506, 30.12062160604268968 ) ) ;
#1850 = EDGE_CURVE ( 'NONE', #5445, #6188, #5152, .T. ) ;
#1851 = ORIENTED_EDGE ( 'NONE', *, *, #241, .T. ) ;
#1852 = ORIENTED_EDGE ( 'NONE', *, *, #4620, .F. ) ;
#1853 = DIRECTION ( 'NONE',  ( 7.999999999999965912E-15, -4.385380947269369912E-15, 1.000000000000000000 ) ) ;
#1854 = DIRECTION ( 'NONE',  ( 1.061106096092780133E-15, 1.000000000000000000, 5.549882527961369154E-29 ) ) ;
#1855 = ORIENTED_EDGE ( 'NONE', *, *, #6518, .F. ) ;
#1856 = DIRECTION ( 'NONE',  ( -8.000000000000000622E-15, 0.0000000000000000000, -1.000000000000000000 ) ) ;
#1857 = DIRECTION ( 'NONE',  ( -7.999999999999981689E-15, 2.775557561563039657E-15, -1.000000000000000000 ) ) ;
#1858 = VERTEX_POINT ( 'NONE', #5309 ) ;
#1859 = VECTOR ( 'NONE', #1220, 1000.000000000000000 ) ;
#1860 = ORIENTED_EDGE ( 'NONE', *, *, #6019, .T. ) ;
#1861 = ORIENTED_EDGE ( 'NONE', *, *, #4247, .F. ) ;
#1862 = ORIENTED_EDGE ( 'NONE', *, *, #4089, .F. ) ;
#1863 = CARTESIAN_POINT ( 'NONE',  ( 46.87967678499703084, 46.10259148767038795, 27.92765156762978762 ) ) ;
#1864 = ORIENTED_EDGE ( 'NONE', *, *, #225, .T. ) ;
#1865 = DIRECTION ( 'NONE',  ( 2.298141435449792163E-16, -1.000000000000000000, -6.123233995743353024E-17 ) ) ;
#1866 = LINE ( 'NONE', #2255, #2084 ) ;
#1867 = CARTESIAN_POINT ( 'NONE',  ( 42.81946330008703683, 49.33219605621574999, 30.47062160604267689 ) ) ;
#1868 = FACE_OUTER_BOUND ( 'NONE', #2748, .T. ) ;
#1869 = CIRCLE ( 'NONE', #1294, 1.000000000000000888 ) ;
#1870 = DIRECTION ( 'NONE',  ( 1.000000000000000000, -9.289727624770069153E-15, -9.289727624770069153E-15 ) ) ;
#1871 = DIRECTION ( 'NONE',  ( 2.298141435449797094E-16, -1.000000000000000000, -6.123233995743353024E-17 ) ) ;
#1872 = VERTEX_POINT ( 'NONE', #3065 ) ;
#1873 = DIRECTION ( 'NONE',  ( -1.000000000000000000, 0.0000000000000000000, 0.0000000000000000000 ) ) ;
#1874 = CARTESIAN_POINT ( 'NONE',  ( 43.92286384697384705, 39.50259148767043627, 37.52062160604316432 ) ) ;
#1875 = AXIS2_PLACEMENT_3D ( 'NONE', #161, #3790, #3160 ) ;
#1876 = DIRECTION ( 'NONE',  ( -8.068481283613059739E-15, -1.000000000000000000, 0.0000000000000000000 ) ) ;
#1877 = AXIS2_PLACEMENT_3D ( 'NONE', #3740, #329, #217 ) ;
#1879 = AXIS2_PLACEMENT_3D ( 'NONE', #6276, #5055, #2141 ) ;
#1878 = APPROVAL ( #383, 'UNSPECIFIED' ) ;
#1880 = AXIS2_PLACEMENT_3D ( 'NONE', #5221, #6385, #2478 ) ;
#1881 = PLANE ( 'NONE',  #1404 ) ;
#1882 = DIRECTION ( 'NONE',  ( -0.4999999999999877875, -0.8660254037844457020, 3.999999999999902492E-15 ) ) ;
#1883 = VERTEX_POINT ( 'NONE', #6785 ) ;
#1884 = CARTESIAN_POINT ( 'NONE',  ( 48.11419409486564547, 46.55259148767054711, 31.22062160604217240 ) ) ;
#1885 = CARTESIAN_POINT ( 'NONE',  ( 42.36770755987890880, 41.22639938744485733, 37.62062160604307337 ) ) ;
#1886 = ORIENTED_EDGE ( 'NONE', *, *, #531, .T. ) ;
#1887 = ORIENTED_EDGE ( 'NONE', *, *, #3928, .T. ) ;
#1888 = AXIS2_PLACEMENT_3D ( 'NONE', #3063, #4972, #6298 ) ;
#1889 = LINE ( 'NONE', #3235, #5522 ) ;
#1890 = CARTESIAN_POINT ( 'NONE',  ( 41.94786191099993289, 50.10259148767042348, 37.62062160604307337 ) ) ;
#1891 = ORIENTED_EDGE ( 'NONE', *, *, #6308, .F. ) ;
#1892 = EDGE_LOOP ( 'NONE', ( #5701, #804, #4945, #3126, #6301, #3027 ) ) ;
#1893 = PLANE ( 'NONE',  #952 ) ;
#1894 = DIRECTION ( 'NONE',  ( 8.000000000000000622E-15, 1.000000000000000000, 0.0000000000000000000 ) ) ;
#1895 = CC_DESIGN_PERSON_AND_ORGANIZATION_ASSIGNMENT ( #2565, #1121, ( #5871 ) ) ;
#1896 = DIRECTION ( 'NONE',  ( 1.000000000000000000, 0.0000000000000000000, 0.0000000000000000000 ) ) ;
#1897 = LINE ( 'NONE', #4354, #340 ) ;
#1898 = VECTOR ( 'NONE', #11, 1000.000000000000000 ) ;
#1899 = CARTESIAN_POINT ( 'NONE',  ( 48.67286384697390389, 48.14179567509265212, 32.22062160604217951 ) ) ;
#1900 = CYLINDRICAL_SURFACE ( 'NONE', #3107, 0.5000000000000073275 ) ;
#1901 = ORIENTED_EDGE ( 'NONE', *, *, #6446, .T. ) ;
#1902 = ORIENTED_EDGE ( 'NONE', *, *, #5940, .F. ) ;
#1903 = LINE ( 'NONE', #1702, #4333 ) ;
#1904 = ORIENTED_EDGE ( 'NONE', *, *, #6530, .T. ) ;
#1905 = DIRECTION ( 'NONE',  ( -0.0000000000000000000, -0.0000000000000000000, -1.000000000000000000 ) ) ;
#1906 = VERTEX_POINT ( 'NONE', #4141 ) ;
#1907 = ORIENTED_EDGE ( 'NONE', *, *, #5731, .F. ) ;
#1908 = EDGE_CURVE ( 'NONE', #42, #3278, #5561, .T. ) ;
#1909 = DIRECTION ( 'NONE',  ( -0.0000000000000000000, -0.0000000000000000000, -1.000000000000000000 ) ) ;
#1910 = EDGE_CURVE ( 'NONE', #4216, #2232, #415, .T. ) ;
#1911 = AXIS2_PLACEMENT_3D ( 'NONE', #2242, #1854, #3988 ) ;
#1912 = AXIS2_PLACEMENT_3D ( 'NONE', #4269, #2791, #526 ) ;
#1913 = VERTEX_POINT ( 'NONE', #4450 ) ;
#1914 = DIRECTION ( 'NONE',  ( 1.000000000000000000, -0.0000000000000000000, -8.000544671205034319E-15 ) ) ;
#1915 = PERSON_AND_ORGANIZATION ( #5861, #2205 ) ;
#1916 = EDGE_CURVE ( 'NONE', #5185, #5514, #1185, .T. ) ;
#1917 = EDGE_LOOP ( 'NONE', ( #3722, #574, #2997, #5301 ) ) ;
#1918 = CARTESIAN_POINT ( 'NONE',  ( 42.37286384697353725, 39.80259148767055422, 36.22062160604232162 ) ) ;
#1919 = VERTEX_POINT ( 'NONE', #2464 ) ;
#1920 = EDGE_LOOP ( 'NONE', ( #3525, #4809 ) ) ;
#1921 = CARTESIAN_POINT ( 'NONE',  ( 40.50975893191790078, 42.60185429444909033, 37.27045270535942478 ) ) ;
#1922 = AXIS2_PLACEMENT_3D ( 'NONE', #3363, #436, #4948 ) ;
#1923 = AXIS2_PLACEMENT_3D ( 'NONE', #4808, #3833, #1983 ) ;
#1924 = AXIS2_PLACEMENT_3D ( 'NONE', #905, #2366, #2372 ) ;
#1925 = CARTESIAN_POINT ( 'NONE',  ( 45.17286384697347046, 35.71338730024850605, 35.12062160604252625 ) ) ;
#1926 = FACE_OUTER_BOUND ( 'NONE', #5501, .T. ) ;
#1927 = FACE_OUTER_BOUND ( 'NONE', #6128, .T. ) ;
#1928 = ORIENTED_EDGE ( 'NONE', *, *, #1910, .T. ) ;
#1929 = CARTESIAN_POINT ( 'NONE',  ( 42.82514699698396043, 49.65213163275105757, 29.77062160604269536 ) ) ;
#1930 = PLANE ( 'NONE',  #6851 ) ;
#1931 = EDGE_CURVE ( 'NONE', #1666, #5109, #862, .T. ) ;
#1932 = VECTOR ( 'NONE', #1966, 1000.000000000000000 ) ;
#1933 = CARTESIAN_POINT ( 'NONE',  ( 42.14800182156442787, 41.62680722797632882, 37.62062160604307337 ) ) ;
#1934 = DIRECTION ( 'NONE',  ( -1.000000000000000000, 1.027220243219863848E-14, 8.000000000000008510E-15 ) ) ;
#1935 = ORIENTED_EDGE ( 'NONE', *, *, #3948, .F. ) ;
#1936 = VECTOR ( 'NONE', #1370, 1000.000000000000000 ) ;
#1937 = FACE_OUTER_BOUND ( 'NONE', #2146, .T. ) ;
#1938 = ORIENTED_EDGE ( 'NONE', *, *, #926, .T. ) ;
#1939 = CARTESIAN_POINT ( 'NONE',  ( 40.67286384697386126, 45.10259148767044479, 32.82062160599960521 ) ) ;
#1940 = VECTOR ( 'NONE', #1097, 1000.000000000000000 ) ;
#1941 = EDGE_LOOP ( 'NONE', ( #103, #2195, #1650, #3311 ) ) ;
#1942 = VECTOR ( 'NONE', #851, 1000.000000000000000 ) ;
#1943 = VERTEX_POINT ( 'NONE', #3678 ) ;
#1944 = LINE ( 'NONE', #6498, #3304 ) ;
#1945 = CARTESIAN_POINT ( 'NONE',  ( 44.67286384697375468, 48.60259148767040216, 30.12062160604270389 ) ) ;
#1946 = ORIENTED_EDGE ( 'NONE', *, *, #4455, .F. ) ;
#1947 = DIRECTION ( 'NONE',  ( 1.000000000000000000, -1.387778780781425323E-14, 0.0000000000000000000 ) ) ;
#1948 = DIRECTION ( 'NONE',  ( -3.469446951200115078E-14, 0.0000000000000000000, -1.000000000000000000 ) ) ;
#1949 = ORIENTED_EDGE ( 'NONE', *, *, #3362, .F. ) ;
#1950 = DIRECTION ( 'NONE',  ( 0.8660254037844427044, -6.928203230275510715E-15, 0.4999999999999929501 ) ) ;
#1951 = CARTESIAN_POINT ( 'NONE',  ( 40.43935041996221003, 46.10259148767044479, 39.30162400604254458 ) ) ;
#1952 = CARTESIAN_POINT ( 'NONE',  ( 42.82415852339170925, 49.59649040585263435, 29.77062160604267760 ) ) ;
#1953 = AXIS2_PLACEMENT_3D ( 'NONE', #6031, #6108, #5931 ) ;
#1954 = ORIENTED_EDGE ( 'NONE', *, *, #5974, .T. ) ;
#1955 = CYLINDRICAL_SURFACE ( 'NONE', #2983, 0.4567242605855170723 ) ;
#1956 = ORIENTED_EDGE ( 'NONE', *, *, #3246, .F. ) ;
#1957 = ADVANCED_FACE ( 'NONE', ( #5097 ), #6199, .T. ) ;
#1958 = CARTESIAN_POINT ( 'NONE',  ( 44.32286396920080307, 49.80360732423428516, 33.66202636213203192 ) ) ;
#1959 = ORIENTED_EDGE ( 'NONE', *, *, #5211, .T. ) ;
#1960 = ORIENTED_EDGE ( 'NONE', *, *, #2122, .F. ) ;
#1961 = CARTESIAN_POINT ( 'NONE',  ( 40.92286384697396784, 39.71338730024835684, 37.52062160604316432 ) ) ;
#1962 = LINE ( 'NONE', #2826, #6609 ) ;
#1963 = VERTEX_POINT ( 'NONE', #53 ) ;
#1964 = VECTOR ( 'NONE', #420, 1000.000000000000000 ) ;
#1965 = ORIENTED_EDGE ( 'NONE', *, *, #1405, .F. ) ;
#1966 = DIRECTION ( 'NONE',  ( -1.000000000000000000, 8.000000000000000622E-15, -4.611712367288014258E-17 ) ) ;
#1967 = CARTESIAN_POINT ( 'NONE',  ( 40.76927400848770588, 39.80259148767058264, 32.22062160604244241 ) ) ;
#1968 = CARTESIAN_POINT ( 'NONE',  ( 43.37286384697353014, 40.96338730024850605, 36.20982579346489416 ) ) ;
#1969 = EDGE_LOOP ( 'NONE', ( #6589, #4496, #3857, #3328 ) ) ;
#1970 = EDGE_CURVE ( 'NONE', #5430, #1510, #3367, .T. ) ;
#1971 = CARTESIAN_POINT ( 'NONE',  ( 46.30657432872715873, 49.80360732423429226, 29.77062160604269181 ) ) ;
#1972 = CARTESIAN_POINT ( 'NONE',  ( 43.71206803439592647, 42.29179567509273596, 37.52062160604316432 ) ) ;
#1973 = ADVANCED_FACE ( 'NONE', ( #1787 ), #5061, .T. ) ;
#1974 = ORIENTED_EDGE ( 'NONE', *, *, #2259, .T. ) ;
#1975 = CARTESIAN_POINT ( 'NONE',  ( 42.68881594664653534, 41.81161084668292460, 37.52062160604316432 ) ) ;
#1976 = CARTESIAN_POINT ( 'NONE',  ( 47.66368735064313000, 50.22167448075857976, 37.62062160604307337 ) ) ;
#1977 = PLANE ( 'NONE',  #1043 ) ;
#1978 = ORIENTED_EDGE ( 'NONE', *, *, #1278, .T. ) ;
#1979 = ORIENTED_EDGE ( 'NONE', *, *, #5507, .T. ) ;
#1980 = LINE ( 'NONE', #3737, #3571 ) ;
#1981 = ORIENTED_EDGE ( 'NONE', *, *, #933, .F. ) ;
#1982 = CIRCLE ( 'NONE', #762, 0.2107958125779213487 ) ;
#1983 = DIRECTION ( 'NONE',  ( -5.384979558076334077E-14, 0.0000000000000000000, -1.000000000000000000 ) ) ;
#1984 = EDGE_CURVE ( 'NONE', #3088, #6561, #545, .T. ) ;
#1985 = ORIENTED_EDGE ( 'NONE', *, *, #4362, .T. ) ;
#1986 = ADVANCED_FACE ( 'NONE', ( #5565 ), #2652, .F. ) ;
#1987 = ORIENTED_EDGE ( 'NONE', *, *, #2011, .F. ) ;
#1988 = CYLINDRICAL_SURFACE ( 'NONE', #5104, 0.2107958125779213487 ) ;
#1989 = VECTOR ( 'NONE', #188, 1000.000000000000000 ) ;
#1990 = ORIENTED_EDGE ( 'NONE', *, *, #4323, .F. ) ;
#1991 = EDGE_CURVE ( 'NONE', #733, #6796, #6683, .T. ) ;
#1992 = EDGE_CURVE ( 'NONE', #2039, #4656, #4103, .T. ) ;
#1993 = PLANE ( 'NONE',  #4960 ) ;
#1994 = EDGE_LOOP ( 'NONE', ( #2502, #809, #2740, #2965 ) ) ;
#1995 = DIRECTION ( 'NONE',  ( -8.000000000000000622E-15, -9.964473254502949756E-30, -1.000000000000000000 ) ) ;
#1996 = VECTOR ( 'NONE', #4242, 1000.000000000000000 ) ;
#1997 = EDGE_LOOP ( 'NONE', ( #1999, #5447, #1769, #2979 ) ) ;
#1998 = VERTEX_POINT ( 'NONE', #1744 ) ;
#1999 = ORIENTED_EDGE ( 'NONE', *, *, #2582, .F. ) ;
#2000 = FACE_OUTER_BOUND ( 'NONE', #942, .T. ) ;
#2001 = LINE ( 'NONE', #6580, #6505 ) ;
#2002 = ORIENTED_EDGE ( 'NONE', *, *, #613, .T. ) ;
#2003 = VECTOR ( 'NONE', #4182, 1000.000000000000000 ) ;
#2004 = ADVANCED_FACE ( 'NONE', ( #313 ), #1384, .F. ) ;
#2005 = DIRECTION ( 'NONE',  ( -8.945726423990003407E-16, -1.000000000000000000, -5.683109290916394098E-29 ) ) ;
#2006 = CARTESIAN_POINT ( 'NONE',  ( 46.87967678499705926, 50.40259148767039221, 28.19062160604259049 ) ) ;
#2007 = ORIENTED_EDGE ( 'NONE', *, *, #4589, .T. ) ;
#2008 = CARTESIAN_POINT ( 'NONE',  ( 41.47537763055912308, 41.96678714891211115, 37.62062160604307337 ) ) ;
#2009 = FACE_BOUND ( 'NONE', #1317, .T. ) ;
#2010 = CIRCLE ( 'NONE', #1300, 0.2107958125779213487 ) ;
#2011 = EDGE_CURVE ( 'NONE', #849, #557, #3004, .T. ) ;
#2012 = AXIS2_PLACEMENT_3D ( 'NONE', #3054, #4075, #6398 ) ;
#2013 = ORIENTED_EDGE ( 'NONE', *, *, #6734, .F. ) ;
#2014 = CARTESIAN_POINT ( 'NONE',  ( 40.44838490655959617, 42.52831254725708732, 32.40588701542067440 ) ) ;
#2015 = CARTESIAN_POINT ( 'NONE',  ( 44.67286384697365520, 48.60259148767040216, 30.12062160604270389 ) ) ;
#2016 = CARTESIAN_POINT ( 'NONE',  ( 44.67286384697352020, 39.80259148767053290, 35.12062160604252625 ) ) ;
#2017 = LINE ( 'NONE', #840, #3252 ) ;
#2018 = ORIENTED_EDGE ( 'NONE', *, *, #618, .T. ) ;
#2019 = FACE_OUTER_BOUND ( 'NONE', #5879, .T. ) ;
#2020 = CARTESIAN_POINT ( 'NONE',  ( 42.46605090895082668, 46.10259148767042348, 28.19062160604262601 ) ) ;
#2021 = VECTOR ( 'NONE', #5725, 1000.000000000000227 ) ;
#2022 = LINE ( 'NONE', #3404, #1515 ) ;
#2023 = ORIENTED_EDGE ( 'NONE', *, *, #4678, .T. ) ;
#2024 = EDGE_CURVE ( 'NONE', #2236, #908, #1643, .T. ) ;
#2025 = FACE_OUTER_BOUND ( 'NONE', #5069, .T. ) ;
#2026 = DIRECTION ( 'NONE',  ( -8.000000000000000622E-15, 1.534706572269839966E-32, -1.000000000000000000 ) ) ;
#2027 = EDGE_CURVE ( 'NONE', #5397, #471, #210, .T. ) ;
#2028 = ADVANCED_FACE ( 'NONE', ( #1842 ), #755, .T. ) ;
#2029 = ORIENTED_EDGE ( 'NONE', *, *, #5904, .T. ) ;
#2030 = EDGE_CURVE ( 'NONE', #6365, #2506, #620, .T. ) ;
#2031 = CARTESIAN_POINT ( 'NONE',  ( 45.02286392053754582, 48.80360732423427805, 29.77062160604269181 ) ) ;
#2032 = VECTOR ( 'NONE', #3432, 1000.000000000000000 ) ;
#2033 = DIRECTION ( 'NONE',  ( 0.0000000000000000000, 0.0000000000000000000, 1.000000000000000000 ) ) ;
#2034 = ORIENTED_EDGE ( 'NONE', *, *, #4255, .T. ) ;
#2035 = CARTESIAN_POINT ( 'NONE',  ( 44.67286384697381152, 48.80360732423427805, 35.12062160604270389 ) ) ;
#2036 = AXIS2_PLACEMENT_3D ( 'NONE', #5530, #3149, #5300 ) ;
#2037 = DIRECTION ( 'NONE',  ( 2.298141435449792163E-16, -1.000000000000000000, -6.123233995743353024E-17 ) ) ;
#2038 = PLANE ( 'NONE',  #4563 ) ;
#2039 = VERTEX_POINT ( 'NONE', #3561 ) ;
#2040 = LINE ( 'NONE', #3676, #2467 ) ;
#2041 = CARTESIAN_POINT ( 'NONE',  ( 42.04659917311159489, 41.81161084668315198, 37.62062160604307337 ) ) ;
#2042 = CARTESIAN_POINT ( 'NONE',  ( 43.17967678499713458, 46.10259148767076454, 38.19062160604261180 ) ) ;
#2043 = EDGE_CURVE ( 'NONE', #3598, #2573, #2067, .T. ) ;
#2044 = ORIENTED_EDGE ( 'NONE', *, *, #5687, .F. ) ;
#2045 = B_SPLINE_CURVE_WITH_KNOTS ( 'NONE', 3,
 ( #488, #4863, #5145, #2389 ),
 .UNSPECIFIED., .F., .F.,
 ( 4, 4 ),
 ( 2.843626641064150322E-15, 0.0007930081559138908416 ),
 .UNSPECIFIED. ) ;
#2046 = VECTOR ( 'NONE', #4002, 1000.000000000000000 ) ;
#2047 = VECTOR ( 'NONE', #3868, 1000.000000000000000 ) ;
#2048 = ORIENTED_EDGE ( 'NONE', *, *, #3948, .T. ) ;
#2049 = CARTESIAN_POINT ( 'NONE',  ( 41.17286384697380441, 46.15239148767074084, 24.97062160604273373 ) ) ;
#2050 = ORIENTED_EDGE ( 'NONE', *, *, #3279, .T. ) ;
#2051 = EDGE_LOOP ( 'NONE', ( #1377, #3691, #3923, #977 ) ) ;
#2052 = CIRCLE ( 'NONE', #1525, 0.2107958125779213487 ) ;
#2053 = ORIENTED_EDGE ( 'NONE', *, *, #1462, .F. ) ;
#2054 = CARTESIAN_POINT ( 'NONE',  ( 43.71206803439592647, 42.29179567509273596, 37.52062160604316432 ) ) ;
#2055 = CARTESIAN_POINT ( 'NONE',  ( 41.13365965955188841, 39.71338730024835684, 37.52062160604316432 ) ) ;
#2056 = ORIENTED_EDGE ( 'NONE', *, *, #3846, .T. ) ;
#2057 = EDGE_CURVE ( 'NONE', #339, #4217, #258, .T. ) ;
#2058 = VECTOR ( 'NONE', #2728, 1000.000000000000000 ) ;
#2059 = VERTEX_POINT ( 'NONE', #1558 ) ;
#2060 = DIRECTION ( 'NONE',  ( -1.129587379705850136E-14, -1.000000000000000000, 0.0000000000000000000 ) ) ;
#2061 = LINE ( 'NONE', #4334, #5351 ) ;
#2062 = VERTEX_POINT ( 'NONE', #3512 ) ;
#2063 = DIRECTION ( 'NONE',  ( 1.000000000000000000, 0.0000000000000000000, 0.0000000000000000000 ) ) ;
#2064 = ORIENTED_EDGE ( 'NONE', *, *, #462, .T. ) ;
#2065 = ORIENTED_EDGE ( 'NONE', *, *, #5817, .T. ) ;
#2066 = CARTESIAN_POINT ( 'NONE',  ( 40.46101733332370998, 45.99498967755204859, 37.27271442489097097 ) ) ;
#2067 = CIRCLE ( 'NONE', #3651, 0.5000000000000004441 ) ;
#2068 = ORIENTED_EDGE ( 'NONE', *, *, #5630, .T. ) ;
#2069 = LINE ( 'NONE', #957, #1587 ) ;
#2070 = EDGE_CURVE ( 'NONE', #5728, #1391, #2703, .T. ) ;
#2071 = EDGE_CURVE ( 'NONE', #6436, #23, #2809, .T. ) ;
#2072 = CARTESIAN_POINT ( 'NONE',  ( 43.37286384697353725, 43.25259148767053574, 33.82062160604281331 ) ) ;
#2073 = CIRCLE ( 'NONE', #3653, 0.4567242605854615611 ) ;
#2074 = CARTESIAN_POINT ( 'NONE',  ( 47.89318188524047315, 48.35259148767057980, 32.22062160604219372 ) ) ;
#2075 = DIRECTION ( 'NONE',  ( 8.000000000000000622E-15, 0.0000000000000000000, 1.000000000000000000 ) ) ;
#2076 = FACE_OUTER_BOUND ( 'NONE', #4822, .T. ) ;
#2077 = ORIENTED_EDGE ( 'NONE', *, *, #5646, .F. ) ;
#2078 = CIRCLE ( 'NONE', #3792, 0.2107958125779213487 ) ;
#2079 = ORIENTED_EDGE ( 'NONE', *, *, #1736, .F. ) ;
#2080 = CYLINDRICAL_SURFACE ( 'NONE', #3978, 0.2283621302927932306 ) ;
#2081 = DIRECTION ( 'NONE',  ( -0.0000000000000000000, -0.0000000000000000000, -1.000000000000000000 ) ) ;
#2082 = EDGE_LOOP ( 'NONE', ( #4102, #2324, #6011, #4372, #5739, #890, #6312, #314, #6424, #116, #3312, #4162 ) ) ;
#2083 = EDGE_CURVE ( 'NONE', #2841, #1998, #3442, .T. ) ;
#2084 = VECTOR ( 'NONE', #5076, 1000.000000000000000 ) ;
#2085 = VECTOR ( 'NONE', #5353, 1000.000000000000000 ) ;
#2086 = CIRCLE ( 'NONE', #196, 1.895384768911781315 ) ;
#2087 = VERTEX_POINT ( 'NONE', #6289 ) ;
#2088 = ADVANCED_FACE ( 'NONE', ( #2111 ), #712, .F. ) ;
#2089 = CARTESIAN_POINT ( 'NONE',  ( 41.16674917584089854, 46.10259148767043769, 37.62062160604307337 ) ) ;
#2090 = EDGE_CURVE ( 'NONE', #6668, #4864, #1693, .T. ) ;
#2091 = AXIS2_PLACEMENT_3D ( 'NONE', #6343, #5415, #5255 ) ;
#2092 = FACE_OUTER_BOUND ( 'NONE', #4038, .T. ) ;
#2093 = ORIENTED_EDGE ( 'NONE', *, *, #2396, .T. ) ;
#2094 = CARTESIAN_POINT ( 'NONE',  ( 46.52156917055645380, 49.59649040585266278, 35.47062160604271241 ) ) ;
#2095 = ORIENTED_EDGE ( 'NONE', *, *, #828, .T. ) ;
#2096 = DIRECTION ( 'NONE',  ( 8.000000000000000622E-15, -1.830667207722540643E-34, 1.000000000000000000 ) ) ;
#2097 = ORIENTED_EDGE ( 'NONE', *, *, #872, .F. ) ;
#2098 = CARTESIAN_POINT ( 'NONE',  ( 40.27445183634841896, 39.51690577338467847, 33.72220959541688501 ) ) ;
#2099 = ORIENTED_EDGE ( 'NONE', *, *, #3860, .F. ) ;
#2100 = COORDINATED_UNIVERSAL_TIME_OFFSET ( 5, 30, .AHEAD. ) ;
#2101 = EDGE_CURVE ( 'NONE', #3563, #3709, #5048, .T. ) ;
#2102 = DIRECTION ( 'NONE',  ( -1.027220243219862112E-14, -1.000000000000000000, 2.814209271209191318E-29 ) ) ;
#2103 = EDGE_LOOP ( 'NONE', ( #6410, #4731, #4171, #3430 ) ) ;
#2104 = B_SPLINE_CURVE_WITH_KNOTS ( 'NONE', 3,
 ( #2585, #4120, #5312, #2438 ),
 .UNSPECIFIED., .F., .F.,
 ( 4, 4 ),
 ( 2.829750887850900042E-15, 0.0007930081559138753376 ),
 .UNSPECIFIED. ) ;
#2105 = CC_DESIGN_APPROVAL ( #2536, ( #5871 ) ) ;
#2106 = CARTESIAN_POINT ( 'NONE',  ( 40.57286384697383852, 39.60259148767055848, 31.22062160604233583 ) ) ;
#2107 = CARTESIAN_POINT ( 'NONE',  ( 41.47537763055912308, 39.82760001385911153, 37.62062160604307337 ) ) ;
#2108 = EDGE_CURVE ( 'NONE', #2669, #371, #2413, .T. ) ;
#2109 = EDGE_CURVE ( 'NONE', #307, #2792, #6066, .T. ) ;
#2110 = EDGE_CURVE ( 'NONE', #3709, #5018, #4906, .T. ) ;
#2111 = FACE_OUTER_BOUND ( 'NONE', #922, .T. ) ;
#2112 = DIRECTION ( 'NONE',  ( -2.298141435449797094E-16, 1.000000000000000000, 6.123233995743353024E-17 ) ) ;
#2113 = ORIENTED_EDGE ( 'NONE', *, *, #4523, .F. ) ;
#2114 = ORIENTED_EDGE ( 'NONE', *, *, #4693, .T. ) ;
#2115 = CARTESIAN_POINT ( 'NONE',  ( 46.30064206350837708, 48.60259148767038795, 33.02558615607909331 ) ) ;
#2116 = CARTESIAN_POINT ( 'NONE',  ( 48.38432012885205324, 44.35259148767056558, 36.22062160604217240 ) ) ;
#2117 = EDGE_LOOP ( 'NONE', ( #1987, #2364, #3521, #445 ) ) ;
#2118 = ORIENTED_EDGE ( 'NONE', *, *, #3300, .T. ) ;
#2119 = CARTESIAN_POINT ( 'NONE',  ( 47.14155940185080595, 50.09335221390548298, 35.47062160604269110 ) ) ;
#2120 = VECTOR ( 'NONE', #206, 1000.000000000000000 ) ;
#2121 = CARTESIAN_POINT ( 'NONE',  ( 42.81476869549373987, 49.06790169558826875, 29.77062160604267760 ) ) ;
#2122 = EDGE_CURVE ( 'NONE', #2792, #4609, #5306, .T. ) ;
#2123 = VECTOR ( 'NONE', #4961, 1000.000000000000000 ) ;
#2124 = ADVANCED_FACE ( 'NONE', ( #5645 ), #3339, .T. ) ;
#2125 = VERTEX_POINT ( 'NONE', #3568 ) ;
#2126 = ORIENTED_EDGE ( 'NONE', *, *, #881, .T. ) ;
#2127 = EDGE_CURVE ( 'NONE', #6230, #2484, #6414, .T. ) ;
#2128 = EDGE_LOOP ( 'NONE', ( #1901, #1028, #4099, #4221, #524, #1981 ) ) ;
#2129 = AXIS2_PLACEMENT_3D ( 'NONE', #6822, #4228, #4241 ) ;
#2130 = ORIENTED_EDGE ( 'NONE', *, *, #170, .F. ) ;
#2131 = ORIENTED_EDGE ( 'NONE', *, *, #5773, .F. ) ;
#2132 = ORIENTED_EDGE ( 'NONE', *, *, #3332, .T. ) ;
#2133 = LINE ( 'NONE', #3755, #30 ) ;
#2134 = EDGE_CURVE ( 'NONE', #3060, #913, #2466, .T. ) ;
#2135 = ADVANCED_FACE ( 'NONE', ( #5610 ), #5779, .F. ) ;
#2136 = ORIENTED_EDGE ( 'NONE', *, *, #2134, .F. ) ;
#2137 = AXIS2_PLACEMENT_3D ( 'NONE', #1544, #4320, #4309 ) ;
#2138 = CARTESIAN_POINT ( 'NONE',  ( 39.67286384697386126, 45.10259148767045190, 32.82062160604258594 ) ) ;
#2139 = DIRECTION ( 'NONE',  ( -8.000000000000000622E-15, -1.000000000000000000, 6.398767404835592702E-29 ) ) ;
#2140 = AXIS2_PLACEMENT_3D ( 'NONE', #432, #2441, #2907 ) ;
#2141 = DIRECTION ( 'NONE',  ( 0.0000000000000000000, -1.000000000000000000, -8.326672684688939110E-15 ) ) ;
#2142 = CARTESIAN_POINT ( 'NONE',  ( 47.14155940185079174, 48.80360732423428516, 34.77062160604268826 ) ) ;
#2143 = EDGE_CURVE ( 'NONE', #1408, #2331, #991, .T. ) ;
#2144 = ADVANCED_FACE ( 'NONE', ( #3104 ), #5738, .T. ) ;
#2145 = CARTESIAN_POINT ( 'NONE',  ( 44.67286384697375468, 49.80360732423429226, 30.12062160604270389 ) ) ;
#2146 = EDGE_LOOP ( 'NONE', ( #4061, #6791, #6477, #2896, #3468 ) ) ;
#2147 = AXIS2_PLACEMENT_3D ( 'NONE', #5322, #6818, #1596 ) ;
#2148 = ORIENTED_EDGE ( 'NONE', *, *, #4314, .T. ) ;
#2149 = EDGE_CURVE ( 'NONE', #2534, #4996, #5898, .T. ) ;
#2150 = CARTESIAN_POINT ( 'NONE',  ( 40.67286384697389678, 43.50279148767113924, 38.54117583289283289 ) ) ;
#2151 = DIRECTION ( 'NONE',  ( 1.000000000000000000, -1.027220243219863848E-14, -8.000000000000008510E-15 ) ) ;
#2152 = ADVANCED_FACE ( 'NONE', ( #5880 ), #6639, .T. ) ;
#2153 = CARTESIAN_POINT ( 'NONE',  ( 44.67286384697391100, 39.00259148767057127, 34.02062160604229746 ) ) ;
#2154 = EDGE_LOOP ( 'NONE', ( #2265, #3224, #3895, #4355 ) ) ;
#2155 = CARTESIAN_POINT ( 'NONE',  ( 43.71206803439592647, 42.50259148767065653, 37.62062160604307337 ) ) ;
#2156 = DIRECTION ( 'NONE',  ( -8.000000000000000622E-15, 6.398767404835592702E-29, -1.000000000000000000 ) ) ;
#2157 = CARTESIAN_POINT ( 'NONE',  ( 47.14155940185075622, 48.80360732423428516, 29.77062160604269181 ) ) ;
#2158 = AXIS2_PLACEMENT_3D ( 'NONE', #4023, #2293, #961 ) ;
#2159 = VECTOR ( 'NONE', #5137, 1000.000000000000000 ) ;
#2160 = LINE ( 'NONE', #3936, #3919 ) ;
#2161 =( BOUNDED_CURVE ( )  B_SPLINE_CURVE ( 3, ( #6549, #4125, #5398, #5525 ),
 .UNSPECIFIED., .F., .F. ) 
 B_SPLINE_CURVE_WITH_KNOTS ( ( 4, 4 ),
 ( 3.368000950962254159, 3.926990816987157906 ),
 .UNSPECIFIED. ) 
 CURVE ( )  GEOMETRIC_REPRESENTATION_ITEM ( )  RATIONAL_B_SPLINE_CURVE ( ( 1.000000000000000000, 0.9741299292271042853, 0.9741299292271042853, 1.000000000000000000 ) ) 
 REPRESENTATION_ITEM ( '' )  );
#2162 = FACE_OUTER_BOUND ( 'NONE', #2754, .T. ) ;
#2163 = EDGE_CURVE ( 'NONE', #3309, #3060, #4938, .T. ) ;
#2164 = CARTESIAN_POINT ( 'NONE',  ( 43.02986384697392452, 46.10259148767041637, 27.74947806369631209 ) ) ;
#2165 = ADVANCED_FACE ( 'NONE', ( #6860 ), #6039, .F. ) ;
#2166 = CIRCLE ( 'NONE', #2726, 0.5000000000000004441 ) ;
#2167 = ORIENTED_EDGE ( 'NONE', *, *, #6774, .T. ) ;
#2168 = DIRECTION ( 'NONE',  ( 1.000000000000000000, -1.387778780781425323E-14, 0.0000000000000000000 ) ) ;
#2169 = CARTESIAN_POINT ( 'NONE',  ( 40.67286384697390389, 45.10259148767044479, 37.62062160604307337 ) ) ;
#2170 = DIRECTION ( 'NONE',  ( 0.0000000000000000000, 0.0000000000000000000, -1.000000000000000000 ) ) ;
#2171 = ORIENTED_EDGE ( 'NONE', *, *, #4550, .F. ) ;
#2172 = VECTOR ( 'NONE', #6865, 1000.000000000000000 ) ;
#2173 = DIRECTION ( 'NONE',  ( -8.000000000000000622E-15, -1.000000000000000000, 6.398767404835592702E-29 ) ) ;
#2174 = VECTOR ( 'NONE', #2798, 1000.000000000000000 ) ;
#2175 = ORIENTED_EDGE ( 'NONE', *, *, #2501, .F. ) ;
#2176 = CARTESIAN_POINT ( 'NONE',  ( 42.46605090895084800, 50.30259148767042632, 27.92765156762962775 ) ) ;
#2177 = CARTESIAN_POINT ( 'NONE',  ( 42.70021781508169312, 40.27660826606181388, 37.62062160604307337 ) ) ;
#2178 = EDGE_CURVE ( 'NONE', #2062, #5543, #1709, .T. ) ;
#2179 = DIRECTION ( 'NONE',  ( -8.000000000000000622E-15, -1.534706572270470277E-32, -1.000000000000000000 ) ) ;
#2180 = EDGE_CURVE ( 'NONE', #584, #2669, #1425, .T. ) ;
#2181 = PLANE ( 'NONE',  #2707 ) ;
#2182 = ORIENTED_EDGE ( 'NONE', *, *, #1832, .T. ) ;
#2183 = DIRECTION ( 'NONE',  ( 1.000000000000000000, -0.0000000000000000000, -8.000544671205034319E-15 ) ) ;
#2184 = EDGE_LOOP ( 'NONE', ( #1466, #6480, #6238, #4527 ) ) ;
#2185 = EDGE_CURVE ( 'NONE', #3015, #4878, #3234, .T. ) ;
#2186 = AXIS2_PLACEMENT_3D ( 'NONE', #4741, #1008, #4184 ) ;
#2187 = CARTESIAN_POINT ( 'NONE',  ( 43.37286384697353014, 40.96338730024850605, 36.42062160604281473 ) ) ;
#2188 = CARTESIAN_POINT ( 'NONE',  ( 42.25739498568910335, 39.82760001385910442, 37.62062160604307337 ) ) ;
#2189 = CARTESIAN_POINT ( 'NONE',  ( 42.36770755987890880, 41.22639938744485733, 37.52062160604316432 ) ) ;
#2190 = CARTESIAN_POINT ( 'NONE',  ( 42.68881594664672718, 40.64118792820689663, 37.52062160604316432 ) ) ;
#2191 = EDGE_LOOP ( 'NONE', ( #2839, #5816, #2330, #2958 ) ) ;
#2192 = CARTESIAN_POINT ( 'NONE',  ( 46.52058109511594353, 49.65210922072862587, 29.77062160604297958 ) ) ;
#2193 = ORIENTED_EDGE ( 'NONE', *, *, #291, .F. ) ;
#2194 = EDGE_LOOP ( 'NONE', ( #91, #749, #5531, #2795 ) ) ;
#2195 = ORIENTED_EDGE ( 'NONE', *, *, #4054, .T. ) ;
#2196 = CARTESIAN_POINT ( 'NONE',  ( 48.67286384697396784, 42.00259148767001705, 33.02062160604256036 ) ) ;
#2197 = CARTESIAN_POINT ( 'NONE',  ( 42.36770755987890880, 41.22639938744485733, 37.62062160604307337 ) ) ;
#2198 = DIRECTION ( 'NONE',  ( 0.0000000000000000000, 0.0000000000000000000, -1.000000000000000000 ) ) ;
#2199 = EDGE_CURVE ( 'NONE', #4363, #953, #4077, .T. ) ;
#2200 = CARTESIAN_POINT ( 'NONE',  ( 42.46605090895083379, 46.10259148767076454, 38.19062160604261891 ) ) ;
#2201 = VECTOR ( 'NONE', #4440, 1000.000000000000000 ) ;
#2202 = DIRECTION ( 'NONE',  ( 1.000000000000000000, 2.298141435449793642E-16, 6.259177311183601939E-15 ) ) ;
#2203 = CARTESIAN_POINT ( 'NONE',  ( 44.67286384697375468, 48.60259148779595506, 30.12062160604270389 ) ) ;
#2204 = CARTESIAN_POINT ( 'NONE',  ( 43.02986384697403821, 46.10259148767076454, 37.74947806369631564 ) ) ;
#2205 = ORGANIZATION ( 'UNSPECIFIED', 'UNSPECIFIED', '' ) ;
#2206 = CYLINDRICAL_SURFACE ( 'NONE', #1880, 0.2107958125779213487 ) ;
#2207 = DIRECTION ( 'NONE',  ( 6.259177311183601939E-15, 0.0000000000000000000, -1.000000000000000000 ) ) ;
#2208 = CARTESIAN_POINT ( 'NONE',  ( 42.61586384697403673, 50.40259148767076880, 37.62062160604273231 ) ) ;
#2209 = ORIENTED_EDGE ( 'NONE', *, *, #2881, .F. ) ;
#2210 = DIRECTION ( 'NONE',  ( -9.034039619130394877E-16, -1.000000000000000000, -5.676044235305161374E-29 ) ) ;
#2211 = EDGE_CURVE ( 'NONE', #5416, #3721, #967, .T. ) ;
#2212 = ORIENTED_EDGE ( 'NONE', *, *, #5345, .F. ) ;
#2213 = PLANE ( 'NONE',  #4295 ) ;
#2214 = DIRECTION ( 'NONE',  ( 8.000000000000000622E-15, -1.144994238857888168E-28, 1.000000000000000000 ) ) ;
#2215 = LINE ( 'NONE', #2399, #4950 ) ;
#2216 = ORIENTED_EDGE ( 'NONE', *, *, #5177, .F. ) ;
#2217 = ORIENTED_EDGE ( 'NONE', *, *, #1038, .F. ) ;
#2218 = DIRECTION ( 'NONE',  ( 1.000000000000000000, -8.000000000000000622E-15, 4.611712367288014258E-17 ) ) ;
#2219 = VERTEX_POINT ( 'NONE', #411 ) ;
#2220 = AXIS2_PLACEMENT_3D ( 'NONE', #3230, #2112, #6425 ) ;
#2221 = VERTEX_POINT ( 'NONE', #1287 ) ;
#2222 = VECTOR ( 'NONE', #6742, 1000.000000000000000 ) ;
#2223 = PLANE ( 'NONE',  #152 ) ;
#2224 = DIRECTION ( 'NONE',  ( 6.415001721268519099E-15, -1.302184302438933721E-28, 1.000000000000000000 ) ) ;
#2225 = CARTESIAN_POINT ( 'NONE',  ( 42.13934542958612184, 41.22639938744485733, 37.52062160604316432 ) ) ;
#2226 = VERTEX_POINT ( 'NONE', #5413 ) ;
#2227 = CARTESIAN_POINT ( 'NONE',  ( 42.37286384697348041, 40.75259148767059258, 28.82062160604281686 ) ) ;
#2228 = ORIENTED_EDGE ( 'NONE', *, *, #5327, .T. ) ;
#2229 = DIRECTION ( 'NONE',  ( 0.6546536707079670947, 0.6546536707079857464, 0.3779644730092298621 ) ) ;
#2230 = ORIENTED_EDGE ( 'NONE', *, *, #6151, .F. ) ;
#2231 = AXIS2_PLACEMENT_3D ( 'NONE', #6784, #259, #2953 ) ;
#2232 = VERTEX_POINT ( 'NONE', #305 ) ;
#2233 = CARTESIAN_POINT ( 'NONE',  ( 40.42286384697395363, 39.60259148767060822, 36.37062160604228467 ) ) ;
#2234 = CARTESIAN_POINT ( 'NONE',  ( 42.61586384697392305, 46.10259148767042348, 27.62062160604273231 ) ) ;
#2235 = LINE ( 'NONE', #6088, #2222 ) ;
#2236 = VERTEX_POINT ( 'NONE', #3208 ) ;
#2237 = CARTESIAN_POINT ( 'NONE',  ( 40.67286384697381152, 43.50279148767113924, 28.12062160604256533 ) ) ;
#2238 = ORIENTED_EDGE ( 'NONE', *, *, #4362, .F. ) ;
#2239 = CARTESIAN_POINT ( 'NONE',  ( 45.02286377797751271, 48.80360732423427805, 36.57921685274974521 ) ) ;
#2240 = CIRCLE ( 'NONE', #1199, 1.670781235887645932 ) ;
#2241 = EDGE_CURVE ( 'NONE', #5049, #3085, #5106, .T. ) ;
#2242 = CARTESIAN_POINT ( 'NONE',  ( 44.67286384697366941, 37.75238908767064316, 30.12062160604270389 ) ) ;
#2243 = ADVANCED_FACE ( 'NONE', ( #4578 ), #4544, .F. ) ;
#2244 = VECTOR ( 'NONE', #827, 1000.000000000000000 ) ;
#2245 = FACE_OUTER_BOUND ( 'NONE', #3779, .T. ) ;
#2246 = DIRECTION ( 'NONE',  ( 2.298141435449797094E-16, -1.000000000000000000, 0.0000000000000000000 ) ) ;
#2247 = CARTESIAN_POINT ( 'NONE',  ( 40.67286384697381862, 45.10259148767044479, 27.62062160604275007 ) ) ;
#2248 = CARTESIAN_POINT ( 'NONE',  ( 41.94786191099986183, 50.40259148767042774, 27.62062160604273586 ) ) ;
#2249 = CARTESIAN_POINT ( 'NONE',  ( 42.37286384697353725, 44.33198759084331897, 30.92773573296891954 ) ) ;
#2250 = DIRECTION ( 'NONE',  ( -1.000000000000000000, 0.0000000000000000000, 0.0000000000000000000 ) ) ;
#2251 = DIRECTION ( 'NONE',  ( -0.01745240643708437581, -0.9998476951563947113, 1.511864402114110814E-15 ) ) ;
#2252 = EDGE_CURVE ( 'NONE', #5224, #2614, #1180, .T. ) ;
#2253 = CONICAL_SURFACE ( 'NONE', #2638, 1.898893513388871801, 0.01745329251974434698 ) ;
#2254 = DIRECTION ( 'NONE',  ( 1.000000000000000000, -0.0000000000000000000, -8.000544671205034319E-15 ) ) ;
#2255 = CARTESIAN_POINT ( 'NONE',  ( 42.37286384697354436, 43.25259148767054285, 33.82062160604282042 ) ) ;
#2257 = CARTESIAN_POINT ( 'NONE',  ( 42.25739498568951547, 42.17758296149001751, 37.62062160604307337 ) ) ;
#2256 = CARTESIAN_POINT ( 'NONE',  ( 40.62286384697389252, 39.80259148767056843, 29.02062160604266339 ) ) ;
#2258 = EDGE_CURVE ( 'NONE', #4618, #5571, #5315, .T. ) ;
#2259 = EDGE_CURVE ( 'NONE', #4596, #978, #1075, .T. ) ;
#2260 = FACE_OUTER_BOUND ( 'NONE', #2781, .T. ) ;
#2261 =( BOUNDED_CURVE ( )  B_SPLINE_CURVE ( 3, ( #2725, #2804, #413, #2931 ),
 .UNSPECIFIED., .F., .F. ) 
 B_SPLINE_CURVE_WITH_KNOTS ( ( 4, 4 ),
 ( 4.459708725242706784, 4.485980683012232184 ),
 .UNSPECIFIED. ) 
 CURVE ( )  GEOMETRIC_REPRESENTATION_ITEM ( )  RATIONAL_B_SPLINE_CURVE ( ( 1.000000000000000000, 0.9999424828466543236, 0.9999424828466543236, 1.000000000000000000 ) ) 
 REPRESENTATION_ITEM ( '' )  );
#2262 = AXIS2_PLACEMENT_3D ( 'NONE', #4629, #4958, #5393 ) ;
#2263 = FACE_OUTER_BOUND ( 'NONE', #3296, .T. ) ;
#2264 = AXIS2_PLACEMENT_3D ( 'NONE', #6676, #4150, #4087 ) ;
#2265 = ORIENTED_EDGE ( 'NONE', *, *, #3408, .T. ) ;
#2266 = LINE ( 'NONE', #527, #850 ) ;
#2267 = CARTESIAN_POINT ( 'NONE',  ( 40.42286384697391100, 39.00279148767106108, 33.87062160604238414 ) ) ;
#2268 = CARTESIAN_POINT ( 'NONE',  ( 39.67286384697386126, 45.10259148767045190, 32.82062160604258594 ) ) ;
#2269 = VERTEX_POINT ( 'NONE', #17 ) ;
#2270 = DIRECTION ( 'NONE',  ( -8.000000000000000622E-15, 6.398767404835592702E-29, -1.000000000000000000 ) ) ;
#2271 = EDGE_CURVE ( 'NONE', #6769, #6111, #5320, .T. ) ;
#2272 = ORIENTED_EDGE ( 'NONE', *, *, #3143, .T. ) ;
#2273 = CARTESIAN_POINT ( 'NONE',  ( 46.52058109511694539, 49.65210922072865429, 34.77062160604280905 ) ) ;
#2274 = DIRECTION ( 'NONE',  ( -8.068481283613048695E-15, -1.000000000000000000, 0.0000000000000000000 ) ) ;
#2275 = CARTESIAN_POINT ( 'NONE',  ( 43.37286384697353014, 40.75259148767058548, 36.42062160604281473 ) ) ;
#2276 = CARTESIAN_POINT ( 'NONE',  ( 46.53095899845425976, 49.06790169558683345, 29.77062160604269181 ) ) ;
#2277 = PLANE ( 'NONE',  #4624 ) ;
#2278 = ORIENTED_EDGE ( 'NONE', *, *, #6828, .F. ) ;
#2279 = ORIENTED_EDGE ( 'NONE', *, *, #3941, .F. ) ;
#2280 = LINE ( 'NONE', #3704, #6810 ) ;
#2281 = AXIS2_PLACEMENT_3D ( 'NONE', #4977, #4339, #5857 ) ;
#2282 = CIRCLE ( 'NONE', #2858, 1.000000000000000888 ) ;
#2283 = LINE ( 'NONE', #5982, #6714 ) ;
#2284 = ORIENTED_EDGE ( 'NONE', *, *, #3225, .F. ) ;
#2285 = CARTESIAN_POINT ( 'NONE',  ( 41.26458181798120251, 40.03839582643703210, 37.52062160604316432 ) ) ;
#2286 = EDGE_LOOP ( 'NONE', ( #588, #2034, #4167, #1852, #4677 ) ) ;
#2287 = ORIENTED_EDGE ( 'NONE', *, *, #1537, .T. ) ;
#2288 = DIRECTION ( 'NONE',  ( 1.000000000000000000, 0.0000000000000000000, -7.308354949854259939E-15 ) ) ;
#2289 = EDGE_LOOP ( 'NONE', ( #2053, #509, #6293, #3696, #1511 ) ) ;
#2290 = EDGE_CURVE ( 'NONE', #557, #1919, #891, .T. ) ;
#2291 = ORIENTED_EDGE ( 'NONE', *, *, #2855, .T. ) ;
#2292 = ORIENTED_EDGE ( 'NONE', *, *, #243, .T. ) ;
#2293 = DIRECTION ( 'NONE',  ( 8.000000000000000622E-15, 1.000000000000000000, 5.049942388578881144E-29 ) ) ;
#2294 = LINE ( 'NONE', #5464, #6184 ) ;
#2295 = ORIENTED_EDGE ( 'NONE', *, *, #989, .T. ) ;
#2296 = CARTESIAN_POINT ( 'NONE',  ( 42.77397033358587919, 48.60259148779595506, 30.12062160604271455 ) ) ;
#2297 = DIRECTION ( 'NONE',  ( 1.000000000000000000, -8.000000000000000622E-15, 4.611712367288014258E-17 ) ) ;
#2298 = LINE ( 'NONE', #794, #1563 ) ;
#2299 = DIRECTION ( 'NONE',  ( 2.298141435449792163E-16, -1.000000000000000000, -6.123233995743353024E-17 ) ) ;
#2300 = ORIENTED_EDGE ( 'NONE', *, *, #6124, .F. ) ;
#2301 = CARTESIAN_POINT ( 'NONE',  ( 42.04659917311159489, 41.81161084668315198, 37.62062160604307337 ) ) ;
#2302 = ORIENTED_EDGE ( 'NONE', *, *, #6770, .T. ) ;
#2303 = EDGE_LOOP ( 'NONE', ( #2984, #6575, #4680, #2950, #576, #936, #2526, #2310, #1175 ) ) ;
#2304 = CARTESIAN_POINT ( 'NONE',  ( 48.38432012885200351, 44.35259148767056558, 29.02062160604218377 ) ) ;
#2305 = VERTEX_POINT ( 'NONE', #2644 ) ;
#2306 = DIRECTION ( 'NONE',  ( -1.691914632811590462E-15, -1.000000000000000000, -5.045235698586320787E-29 ) ) ;
#2307 = AXIS2_PLACEMENT_3D ( 'NONE', #1807, #6552, #4174 ) ;
#2308 = VERTEX_POINT ( 'NONE', #6344 ) ;
#2309 = FACE_OUTER_BOUND ( 'NONE', #2289, .T. ) ;
#2310 = ORIENTED_EDGE ( 'NONE', *, *, #473, .T. ) ;
#2311 = LINE ( 'NONE', #4798, #1042 ) ;
#2312 = EDGE_CURVE ( 'NONE', #4273, #5105, #3093, .T. ) ;
#2313 = ORIENTED_EDGE ( 'NONE', *, *, #2862, .F. ) ;
#2314 = EDGE_CURVE ( 'NONE', #120, #1836, #4327, .T. ) ;
#2315 = ORIENTED_EDGE ( 'NONE', *, *, #6533, .F. ) ;
#2316 = CARTESIAN_POINT ( 'NONE',  ( 41.67250897246972841, 50.22167448075823160, 24.97062160604273373 ) ) ;
#2317 = ORIENTED_EDGE ( 'NONE', *, *, #5339, .F. ) ;
#2318 = LINE ( 'NONE', #3047, #648 ) ;
#2319 = ORIENTED_EDGE ( 'NONE', *, *, #3044, .F. ) ;
#2320 = CARTESIAN_POINT ( 'NONE',  ( 46.72986384697392737, 46.10259148767038795, 27.62062160604269678 ) ) ;
#2321 = CYLINDRICAL_SURFACE ( 'NONE', #5670, 0.2107958125779213487 ) ;
#2322 = CARTESIAN_POINT ( 'NONE',  ( 39.77571426799818965, 42.98572750427369016, 32.36124088777796715 ) ) ;
#2323 = VERTEX_POINT ( 'NONE', #2386 ) ;
#2324 = ORIENTED_EDGE ( 'NONE', *, *, #5996, .T. ) ;
#2325 = DIRECTION ( 'NONE',  ( 0.0000000000000000000, -1.000000000000000000, 0.0000000000000000000 ) ) ;
#2326 = AXIS2_PLACEMENT_3D ( 'NONE', #2593, #2995, #795 ) ;
#2327 = ORIENTED_EDGE ( 'NONE', *, *, #3819, .T. ) ;
#2328 = CARTESIAN_POINT ( 'NONE',  ( 42.47802013406879951, 40.64118792820689663, 37.62062160604307337 ) ) ;
#2329 = VECTOR ( 'NONE', #3994, 1000.000000000000000 ) ;
#2330 = ORIENTED_EDGE ( 'NONE', *, *, #4896, .F. ) ;
#2331 = VERTEX_POINT ( 'NONE', #5681 ) ;
#2332 = FACE_OUTER_BOUND ( 'NONE', #3933, .T. ) ;
#2333 = DIRECTION ( 'NONE',  ( 3.469446952501081133E-14, 0.0000000000000000000, 1.000000000000000000 ) ) ;
#2334 = DIRECTION ( 'NONE',  ( -1.000000000000000000, 8.000000000000000622E-15, 8.000000000000000622E-15 ) ) ;
#2335 = ORIENTED_EDGE ( 'NONE', *, *, #2258, .F. ) ;
#2336 = ORIENTED_EDGE ( 'NONE', *, *, #538, .F. ) ;
#2337 = ADVANCED_FACE ( 'NONE', ( #4152 ), #124, .T. ) ;
#2338 = VECTOR ( 'NONE', #273, 1000.000000000000000 ) ;
#2339 = VECTOR ( 'NONE', #106, 1000.000000000000000 ) ;
#2340 = AXIS2_PLACEMENT_3D ( 'NONE', #688, #3844, #1779 ) ;
#2341 = CIRCLE ( 'NONE', #121, 0.2107958125779213487 ) ;
#2342 = ORIENTED_EDGE ( 'NONE', *, *, #3005, .T. ) ;
#2343 = ORIENTED_EDGE ( 'NONE', *, *, #5256, .F. ) ;
#2344 = AXIS2_PLACEMENT_3D ( 'NONE', #2041, #2838, #6378 ) ;
#2345 = DIRECTION ( 'NONE',  ( -1.000000000000000000, 0.0000000000000000000, 0.0000000000000000000 ) ) ;
#2346 = ORIENTED_EDGE ( 'NONE', *, *, #1504, .T. ) ;
#2347 = VECTOR ( 'NONE', #1704, 1000.000000000000000 ) ;
#2348 = CARTESIAN_POINT ( 'NONE',  ( 44.67286384697391810, 39.80259148767054711, 34.02062160604229746 ) ) ;
#2349 = DIRECTION ( 'NONE',  ( -0.0000000000000000000, -0.0000000000000000000, 1.000000000000000000 ) ) ;
#2350 = CARTESIAN_POINT ( 'NONE',  ( 40.46101733332375971, 45.82470112935353512, 28.06349085151068579 ) ) ;
#2351 = AXIS2_PLACEMENT_3D ( 'NONE', #2049, #1110, #2962 ) ;
#2352 = EDGE_CURVE ( 'NONE', #371, #3081, #5136, .T. ) ;
#2353 = VECTOR ( 'NONE', #4953, 1000.000000000000000 ) ;
#2354 = EDGE_CURVE ( 'NONE', #2742, #3395, #1652, .T. ) ;
#2355 = DIRECTION ( 'NONE',  ( -1.061106096092800643E-15, -1.000000000000000000, -5.549882527961352339E-29 ) ) ;
#2356 = PLANE ( 'NONE',  #6607 ) ;
#2357 = VERTEX_POINT ( 'NONE', #1595 ) ;
#2358 = DIRECTION ( 'NONE',  ( -0.6546536707079831929, -0.6546536707079692041, 0.3779644730092307503 ) ) ;
#2359 = CARTESIAN_POINT ( 'NONE',  ( 46.87967678499713742, 46.10259148767076454, 38.19062160604258338 ) ) ;
#2360 = VECTOR ( 'NONE', #2519, 1000.000000000000000 ) ;
#2361 = DIRECTION ( 'NONE',  ( -0.5000000000000067724, 4.000000000000054742E-15, -0.8660254037844347108 ) ) ;
#2363 = CARTESIAN_POINT ( 'NONE',  ( 40.42286384697337098, -3.501992719574694082E-13, -2.593127411569371626E-13 ) ) ;
#2362 = DIRECTION ( 'NONE',  ( -8.000000000000000622E-15, -1.232595164407829988E-32, -1.000000000000000000 ) ) ;
#2364 = ORIENTED_EDGE ( 'NONE', *, *, #4724, .F. ) ;
#2365 = ORIENTED_EDGE ( 'NONE', *, *, #3332, .F. ) ;
#2366 = DIRECTION ( 'NONE',  ( -0.0000000000000000000, 0.0000000000000000000, -1.000000000000000000 ) ) ;
#2367 = VECTOR ( 'NONE', #2, 1000.000000000000000 ) ;
#2368 = DIRECTION ( 'NONE',  ( -1.000000000000000000, -2.298141435449801038E-16, 6.259177045925002338E-15 ) ) ;
#2369 = VERTEX_POINT ( 'NONE', #3577 ) ;
#2370 = AXIS2_PLACEMENT_3D ( 'NONE', #1372, #5266, #2250 ) ;
#2371 = DIRECTION ( 'NONE',  ( -9.723433716209642107E-15, 7.845334295168967163E-29, -1.000000000000000000 ) ) ;
#2372 = DIRECTION ( 'NONE',  ( -1.000000000000000000, 0.0000000000000000000, 0.0000000000000000000 ) ) ;
#2373 = EDGE_CURVE ( 'NONE', #1754, #1572, #5993, .T. ) ;
#2374 = CARTESIAN_POINT ( 'NONE',  ( 48.67286384697365520, 48.14179567509265212, -3.838152932509914146E-13 ) ) ;
#2375 = ORIENTED_EDGE ( 'NONE', *, *, #336, .T. ) ;
#2376 = PLANE ( 'NONE',  #2944 ) ;
#2377 = CARTESIAN_POINT ( 'NONE',  ( 47.66368735064305184, 50.22167448075857976, 27.62062160604268968 ) ) ;
#2378 = EDGE_CURVE ( 'NONE', #5650, #2534, #1409, .T. ) ;
#2379 = FACE_OUTER_BOUND ( 'NONE', #1994, .T. ) ;
#2380 = DIRECTION ( 'NONE',  ( 8.000000000000000622E-15, 1.232595164407829988E-32, 1.000000000000000000 ) ) ;
#2381 = VERTEX_POINT ( 'NONE', #2187 ) ;
#2382 = AXIS2_PLACEMENT_3D ( 'NONE', #4625, #710, #3091 ) ;
#2383 = VECTOR ( 'NONE', #1142, 1000.000000000000000 ) ;
#2384 = ORIENTED_EDGE ( 'NONE', *, *, #6734, .T. ) ;
#2385 = VERTEX_POINT ( 'NONE', #4461 ) ;
#2386 = CARTESIAN_POINT ( 'NONE',  ( 40.42286384697396784, 42.53454565111925945, 37.32062160604305490 ) ) ;
#2387 = CARTESIAN_POINT ( 'NONE',  ( 43.92286384697384705, 39.71338730024835684, 37.62062160604307337 ) ) ;
#2388 = EDGE_CURVE ( 'NONE', #772, #2637, #4316, .T. ) ;
#2389 = CARTESIAN_POINT ( 'NONE',  ( 42.82415852339116924, 49.59649040585265567, 34.77062160604272378 ) ) ;
#2390 = PLANE ( 'NONE',  #4908 ) ;
#2391 = ORIENTED_EDGE ( 'NONE', *, *, #5916, .T. ) ;
#2392 = CARTESIAN_POINT ( 'NONE',  ( 46.31586384697391878, 46.10259148767039505, 27.62062160604270034 ) ) ;
#2393 = FACE_OUTER_BOUND ( 'NONE', #6776, .T. ) ;
#2394 = VERTEX_POINT ( 'NONE', #1354 ) ;
#2395 = VERTEX_POINT ( 'NONE', #4406 ) ;
#2396 = EDGE_CURVE ( 'NONE', #5244, #3443, #6594, .T. ) ;
#2397 = CARTESIAN_POINT ( 'NONE',  ( 42.36770755987890880, 41.22639938744485733, 37.52062160604316432 ) ) ;
#2398 = CARTESIAN_POINT ( 'NONE',  ( 44.67286384697347046, 35.71338730024852026, 35.12062160604252625 ) ) ;
#2399 = CARTESIAN_POINT ( 'NONE',  ( 42.37286384697358699, 44.33198759084331897, 37.12062160604303074 ) ) ;
#2400 = EDGE_CURVE ( 'NONE', #5594, #334, #4974, .T. ) ;
#2401 = CARTESIAN_POINT ( 'NONE',  ( 41.26458181798120251, 39.82760001385911153, 37.62062160604307337 ) ) ;
#2402 = ADVANCED_FACE ( 'NONE', ( #3510 ), #609, .T. ) ;
#2403 = VECTOR ( 'NONE', #4815, 1000.000000000000000 ) ;
#2404 = AXIS2_PLACEMENT_3D ( 'NONE', #2863, #346, #5199 ) ;
#2405 = ORIENTED_EDGE ( 'NONE', *, *, #5580, .T. ) ;
#2406 = CARTESIAN_POINT ( 'NONE',  ( 41.26458181798120251, 41.96678714891211115, 37.62062160604307337 ) ) ;
#2407 = PLANE ( 'NONE',  #1821 ) ;
#2408 = ADVANCED_FACE ( 'NONE', ( #239 ), #5621, .F. ) ;
#2409 = ORIENTED_EDGE ( 'NONE', *, *, #2071, .F. ) ;
#2410 = EDGE_CURVE ( 'NONE', #5149, #1301, #5660, .T. ) ;
#2411 = ORIENTED_EDGE ( 'NONE', *, *, #5892, .F. ) ;
#2412 = CARTESIAN_POINT ( 'NONE',  ( 39.78833390081488375, 45.10259148767045190, 32.35395493937418365 ) ) ;
#2413 = LINE ( 'NONE', #3218, #4399 ) ;
#2414 = DIRECTION ( 'NONE',  ( 1.000000000000000000, 0.0000000000000000000, 0.0000000000000000000 ) ) ;
#2415 = EDGE_LOOP ( 'NONE', ( #3033, #3000, #6251, #3427 ) ) ;
#2416 = ORIENTED_EDGE ( 'NONE', *, *, #1091, .F. ) ;
#2417 = CARTESIAN_POINT ( 'NONE',  ( 44.67286384697367652, 50.40259148767040642, 30.12062160604270389 ) ) ;
#2418 = EDGE_LOOP ( 'NONE', ( #6513, #1356, #6134, #1570 ) ) ;
#2419 = CYLINDRICAL_SURFACE ( 'NONE', #687, 0.2107958125779213487 ) ;
#2420 = ORIENTED_EDGE ( 'NONE', *, *, #1548, .F. ) ;
#2421 = VERTEX_POINT ( 'NONE', #293 ) ;
#2422 = VECTOR ( 'NONE', #3453, 1000.000000000000000 ) ;
#2423 = CARTESIAN_POINT ( 'NONE',  ( 44.32286396920080307, 48.80360732423427805, 33.66202636213203192 ) ) ;
#2424 = CIRCLE ( 'NONE', #951, 1.099999999999989875 ) ;
#2425 = AXIS2_PLACEMENT_3D ( 'NONE', #1313, #4913, #4218 ) ;
#2426 = ADVANCED_FACE ( 'NONE', ( #860 ), #3882, .F. ) ;
#2427 = VERTEX_POINT ( 'NONE', #1578 ) ;
#2428 = EDGE_CURVE ( 'NONE', #4258, #443, #6362, .T. ) ;
#2429 = CARTESIAN_POINT ( 'NONE',  ( 41.01927400848764904, 45.50239148767074226, 32.22062160604244241 ) ) ;
#2430 = CARTESIAN_POINT ( 'NONE',  ( 48.38432012885205324, 44.35259148767056558, 36.22062160604217240 ) ) ;
#2431 = DIRECTION ( 'NONE',  ( 1.000000000000000000, -0.0000000000000000000, -8.000544671205034319E-15 ) ) ;
#2432 = VECTOR ( 'NONE', #2927, 1000.000000000000000 ) ;
#2433 = CARTESIAN_POINT ( 'NONE',  ( 40.42286384697386126, 39.00259148767062101, 27.62062160604275007 ) ) ;
#2434 = VERTEX_POINT ( 'NONE', #5832 ) ;
#2435 = DIRECTION ( 'NONE',  ( 0.0000000000000000000, 0.0000000000000000000, 1.000000000000000000 ) ) ;
#2436 = CARTESIAN_POINT ( 'NONE',  ( 44.67286382648887866, 48.80360732423427805, 35.12062162652762964 ) ) ;
#2437 = ORIENTED_EDGE ( 'NONE', *, *, #4678, .F. ) ;
#2438 = CARTESIAN_POINT ( 'NONE',  ( 46.52156917055645380, 49.59649040585266278, 35.47062160604271241 ) ) ;
#2439 = EDGE_LOOP ( 'NONE', ( #34, #4391, #1460, #2745 ) ) ;
#2440 = CARTESIAN_POINT ( 'NONE',  ( 40.92286384697396784, 39.50259148767043627, 37.62062160604307337 ) ) ;
#2441 = DIRECTION ( 'NONE',  ( -1.061106096092800643E-15, -1.000000000000000000, -5.549882527961352339E-29 ) ) ;
#2442 = EDGE_LOOP ( 'NONE', ( #1861, #2279, #412, #5521 ) ) ;
#2443 = LINE ( 'NONE', #3945, #5460 ) ;
#2444 = DIRECTION ( 'NONE',  ( -1.129587379705850136E-14, -1.000000000000000000, 0.0000000000000000000 ) ) ;
#2445 = VERTEX_POINT ( 'NONE', #5533 ) ;
#2446 = ORIENTED_EDGE ( 'NONE', *, *, #1059, .T. ) ;
#2447 = EDGE_LOOP ( 'NONE', ( #4912, #6233, #1500, #6136, #6568, #2641, #1036, #6470 ) ) ;
#2448 = SECURITY_CLASSIFICATION_LEVEL ( 'unclassified' ) ;
#2449 = VERTEX_POINT ( 'NONE', #702 ) ;
#2450 = ADVANCED_FACE ( 'NONE', ( #4957 ), #4688, .T. ) ;
#2451 = ORIENTED_EDGE ( 'NONE', *, *, #680, .F. ) ;
#2452 = LINE ( 'NONE', #3783, #2730 ) ;
#2453 = CIRCLE ( 'NONE', #3284, 0.2107958125779213487 ) ;
#2454 = CIRCLE ( 'NONE', #654, 0.2107958125779213487 ) ;
#2455 = ORIENTED_EDGE ( 'NONE', *, *, #1094, .T. ) ;
#2456 = ADVANCED_FACE ( 'NONE', ( #3498 ), #3902, .T. ) ;
#2457 = CALENDAR_DATE ( 2021, 23, 3 ) ;
#2458 = CARTESIAN_POINT ( 'NONE',  ( 40.58904486037580739, 45.75078440214637254, 32.22062160604244241 ) ) ;
#2459 = ORIENTED_EDGE ( 'NONE', *, *, #3950, .F. ) ;
#2460 = CARTESIAN_POINT ( 'NONE',  ( 44.17286384697342783, 35.71338730024853447, 30.12062160604262573 ) ) ;
#2461 = ORIENTED_EDGE ( 'NONE', *, *, #6617, .F. ) ;
#2462 = PLANE ( 'NONE',  #3250 ) ;
#2463 = ORIENTED_EDGE ( 'NONE', *, *, #1052, .F. ) ;
#2464 = CARTESIAN_POINT ( 'NONE',  ( 44.96206803439554989, 35.50259148767059969, 35.12062160604252625 ) ) ;
#2465 = EDGE_CURVE ( 'NONE', #5847, #4124, #6587, .T. ) ;
#2466 = LINE ( 'NONE', #5937, #5535 ) ;
#2467 = VECTOR ( 'NONE', #1826, 1000.000000000000114 ) ;
#2468 = AXIS2_PLACEMENT_3D ( 'NONE', #6275, #3034, #6245 ) ;
#2469 = DIRECTION ( 'NONE',  ( 0.0000000000000000000, 1.000000000000000000, 0.0000000000000000000 ) ) ;
#2470 = DIRECTION ( 'NONE',  ( -0.1218693434051388719, 0.9925461516413229823, -0.0000000000000000000 ) ) ;
#2471 = DIRECTION ( 'NONE',  ( 0.0000000000000000000, 0.0000000000000000000, 1.000000000000000000 ) ) ;
#2472 = APPROVAL_DATE_TIME ( #516, #2536 ) ;
#2473 = DIRECTION ( 'NONE',  ( 0.0000000000000000000, -1.000000000000000000, -8.326672684688917022E-15 ) ) ;
#2474 = CARTESIAN_POINT ( 'NONE',  ( 42.14800182156442787, 41.62680722797632882, 37.52062160604316432 ) ) ;
#2475 = DIRECTION ( 'NONE',  ( -0.0000000000000000000, -0.0000000000000000000, -1.000000000000000000 ) ) ;
#2476 = DIRECTION ( 'NONE',  ( -0.0000000000000000000, -0.0000000000000000000, -1.000000000000000000 ) ) ;
#2477 = EDGE_CURVE ( 'NONE', #6679, #2305, #2491, .T. ) ;
#2478 = DIRECTION ( 'NONE',  ( -1.000000000000000000, 0.0000000000000000000, 0.0000000000000000000 ) ) ;
#2480 = LINE ( 'NONE', #6748, #6632 ) ;
#2479 = LINE ( 'NONE', #3618, #6140 ) ;
#2481 = CARTESIAN_POINT ( 'NONE',  ( 40.46101733332380235, 46.07989443694170717, 32.42062160608587362 ) ) ;
#2482 = DIRECTION ( 'NONE',  ( 0.8660254037844391517, -0.4999999999999990563, -6.928203230275546214E-15 ) ) ;
#2483 = FACE_OUTER_BOUND ( 'NONE', #4710, .T. ) ;
#2484 = VERTEX_POINT ( 'NONE', #1102 ) ;
#2485 = CARTESIAN_POINT ( 'NONE',  ( 46.53565299827955926, 48.80360732422014536, 30.47062160604269110 ) ) ;
#2486 = DIRECTION ( 'NONE',  ( 2.218993185817606613E-16, -1.000000000000000000, 1.370316553096936154E-15 ) ) ;
#2487 = CARTESIAN_POINT ( 'NONE',  ( 42.68881594664672718, 40.48709549131926622, 37.62062160604307337 ) ) ;
#2488 = LINE ( 'NONE', #621, #3702 ) ;
#2489 = DIRECTION ( 'NONE',  ( -0.0000000000000000000, -0.0000000000000000000, -1.000000000000000000 ) ) ;
#2490 = AXIS2_PLACEMENT_3D ( 'NONE', #99, #6489, #2776 ) ;
#2491 = LINE ( 'NONE', #903, #1940 ) ;
#2492 = ADVANCED_FACE ( 'NONE', ( #1768 ), #3556, .T. ) ;
#2493 = ORIENTED_EDGE ( 'NONE', *, *, #3582, .T. ) ;
#2494 = DIRECTION ( 'NONE',  ( -1.000000000000000000, 0.0000000000000000000, 1.061658779742284390E-14 ) ) ;
#2495 = PLANE ( 'NONE',  #2091 ) ;
#2496 = CARTESIAN_POINT ( 'NONE',  ( 42.61586384697404384, 50.40259148767076880, 37.74947806369632275 ) ) ;
#2497 = EDGE_LOOP ( 'NONE', ( #3750, #181, #4481, #1949 ) ) ;
#2498 = CARTESIAN_POINT ( 'NONE',  ( 46.31586384697403247, 46.10259148767076454, 37.62062160604270389 ) ) ;
#2499 = CARTESIAN_POINT ( 'NONE',  ( 45.02286392053754582, 48.80360732423427805, 29.77062160604269181 ) ) ;
#2500 = CARTESIAN_POINT ( 'NONE',  ( 46.16605090895094321, 50.40259148767076880, 37.92765156762960288 ) ) ;
#2501 = EDGE_CURVE ( 'NONE', #3137, #5647, #59, .T. ) ;
#2502 = ORIENTED_EDGE ( 'NONE', *, *, #2579, .F. ) ;
#2503 = CIRCLE ( 'NONE', #4930, 0.6535898384970317831 ) ;
#2504 = ADVANCED_FACE ( 'NONE', ( #1232 ), #6557, .F. ) ;
#2505 = DIRECTION ( 'NONE',  ( 1.000000000000000000, 0.0000000000000000000, -6.308085367188407793E-15 ) ) ;
#2506 = VERTEX_POINT ( 'NONE', #5926 ) ;
#2507 = DIRECTION ( 'NONE',  ( 0.0000000000000000000, 0.0000000000000000000, -1.000000000000000000 ) ) ;
#2508 = PRODUCT_DEFINITION_FORMATION_WITH_SPECIFIED_SOURCE ( 'ANY', '', #5240, .NOT_KNOWN. ) ;
#2509 = ORIENTED_EDGE ( 'NONE', *, *, #928, .T. ) ;
#2510 = DIRECTION ( 'NONE',  ( 8.000000000000000622E-15, 1.000000000000000000, 0.0000000000000000000 ) ) ;
#2511 = ORIENTED_EDGE ( 'NONE', *, *, #2934, .T. ) ;
#2512 = CARTESIAN_POINT ( 'NONE',  ( 42.58741329819359578, 41.62680722797615118, 37.62062160604307337 ) ) ;
#2513 = ORIENTED_EDGE ( 'NONE', *, *, #478, .F. ) ;
#2514 = PLANE ( 'NONE',  #4270 ) ;
#2515 = CARTESIAN_POINT ( 'NONE',  ( 42.82415852339116924, 49.59649040585265567, 34.77062160604272378 ) ) ;
#2516 = EDGE_CURVE ( 'NONE', #4796, #6794, #2061, .T. ) ;
#2517 = EDGE_CURVE ( 'NONE', #4236, #5808, #3741, .T. ) ;
#2518 = LINE ( 'NONE', #5749, #1378 ) ;
#2519 = DIRECTION ( 'NONE',  ( -7.421276902574577856E-16, 1.000000000000000000, -0.0000000000000000000 ) ) ;
#2520 = ORIENTED_EDGE ( 'NONE', *, *, #2127, .F. ) ;
#2521 = EDGE_CURVE ( 'NONE', #1205, #6463, #2811, .T. ) ;
#2522 = EDGE_CURVE ( 'NONE', #913, #6662, #6074, .T. ) ;
#2523 = ORIENTED_EDGE ( 'NONE', *, *, #4012, .F. ) ;
#2524 = AXIS2_PLACEMENT_3D ( 'NONE', #5608, #6294, #182 ) ;
#2525 = CARTESIAN_POINT ( 'NONE',  ( 46.16605090895094321, 46.10259148767076454, 38.19062160604259049 ) ) ;
#2526 = ORIENTED_EDGE ( 'NONE', *, *, #5954, .T. ) ;
#2527 = DIRECTION ( 'NONE',  ( -8.000000000000000622E-15, 1.232595164407826020E-32, -1.000000000000000000 ) ) ;
#2528 = DIRECTION ( 'NONE',  ( 1.000000000000000000, -6.989123562822006720E-15, -0.0000000000000000000 ) ) ;
#2529 = DIRECTION ( 'NONE',  ( 8.006416042969862877E-15, -2.668805347656620959E-15, 1.000000000000000000 ) ) ;
#2530 = DIRECTION ( 'NONE',  ( -1.000000000000000000, 7.308354949845822282E-15, 0.0000000000000000000 ) ) ;
#2531 = CARTESIAN_POINT ( 'NONE',  ( 44.67286382648882892, 48.80360732423427805, 30.12062162652762964 ) ) ;
#2532 = DIRECTION ( 'NONE',  ( -2.928203230275511193E-15, -0.8660254037844387076, 0.4999999999999998890 ) ) ;
#2533 = CARTESIAN_POINT ( 'NONE',  ( 40.42286384697393231, 42.53454565111925945, 32.82062160604269963 ) ) ;
#2534 = VERTEX_POINT ( 'NONE', #4561 ) ;
#2535 = VECTOR ( 'NONE', #3820, 1000.000000000000000 ) ;
#2536 = APPROVAL ( #3574, 'UNSPECIFIED' ) ;
#2537 = ORIENTED_EDGE ( 'NONE', *, *, #2647, .T. ) ;
#2538 = CARTESIAN_POINT ( 'NONE',  ( 40.46101733332366734, 45.99498967755258150, 32.86852878712768700 ) ) ;
#2539 = DIRECTION ( 'NONE',  ( 0.0000000000000000000, 0.0000000000000000000, 1.000000000000000000 ) ) ;
#2540 = VERTEX_POINT ( 'NONE', #1053 ) ;
#2541 = EDGE_CURVE ( 'NONE', #5179, #3242, #5876, .T. ) ;
#2542 = CARTESIAN_POINT ( 'NONE',  ( 40.67286384697385415, 43.50279148767113924, 33.54117583289283999 ) ) ;
#2543 = CARTESIAN_POINT ( 'NONE',  ( 40.42286384697392521, 42.53454565111925945, 32.42062160604245946 ) ) ;
#2544 = EDGE_CURVE ( 'NONE', #264, #1517, #6854, .T. ) ;
#2545 = VERTEX_POINT ( 'NONE', #5882 ) ;
#2546 = DIRECTION ( 'NONE',  ( -8.000000000000000622E-15, 0.0000000000000000000, -1.000000000000000000 ) ) ;
#2547 = DIRECTION ( 'NONE',  ( -1.027220243219866057E-14, -1.000000000000000000, -2.668805347656538523E-15 ) ) ;
#2548 = CARTESIAN_POINT ( 'NONE',  ( 46.87967678499713742, 50.40259148767076880, 38.19062160604258338 ) ) ;
#2549 = AXIS2_PLACEMENT_3D ( 'NONE', #2197, #2929, #6202 ) ;
#2550 = VECTOR ( 'NONE', #1353, 1000.000000000000000 ) ;
#2551 = DIRECTION ( 'NONE',  ( -1.000000000000000000, 8.000000000000000622E-15, 8.000000000000000622E-15 ) ) ;
#2552 = LINE ( 'NONE', #4907, #4738 ) ;
#2553 = CARTESIAN_POINT ( 'NONE',  ( 47.14155940185079885, 48.80360732423428516, 35.47062160604269110 ) ) ;
#2554 = CARTESIAN_POINT ( 'NONE',  ( 46.72986384697395579, 50.30259148767039079, 27.74947806369628367 ) ) ;
#2555 = DIRECTION ( 'NONE',  ( 1.000000000000000000, 0.0000000000000000000, 0.0000000000000000000 ) ) ;
#2556 = ORIENTED_EDGE ( 'NONE', *, *, #3144, .T. ) ;
#2557 = DATE_TIME_ROLE ( 'classification_date' ) ;
#2558 = VECTOR ( 'NONE', #3854, 1000.000000000000000 ) ;
#2559 = LINE ( 'NONE', #4338, #3562 ) ;
#2560 = EDGE_LOOP ( 'NONE', ( #1087, #1694, #3839, #2131 ) ) ;
#2561 = ORIENTED_EDGE ( 'NONE', *, *, #373, .T. ) ;
#2562 = AXIS2_PLACEMENT_3D ( 'NONE', #2169, #55, #4036 ) ;
#2563 = VERTEX_POINT ( 'NONE', #871 ) ;
#2564 = LINE ( 'NONE', #2142, #3175 ) ;
#2565 = PERSON_AND_ORGANIZATION ( #5861, #2205 ) ;
#2566 = EDGE_LOOP ( 'NONE', ( #5596, #4130, #1540, #1526 ) ) ;
#2567 = ORIENTED_EDGE ( 'NONE', *, *, #664, .T. ) ;
#2568 = ORIENTED_EDGE ( 'NONE', *, *, #2876, .T. ) ;
#2569 = DIRECTION ( 'NONE',  ( -0.1218693434051383584, 0.9925461516413232044, 1.084594085192117403E-15 ) ) ;
#2570 = ORIENTED_EDGE ( 'NONE', *, *, #1910, .F. ) ;
#2571 = DIRECTION ( 'NONE',  ( 0.0000000000000000000, 0.0000000000000000000, 1.000000000000000000 ) ) ;
#2572 = ORIENTED_EDGE ( 'NONE', *, *, #410, .F. ) ;
#2573 = VERTEX_POINT ( 'NONE', #2460 ) ;
#2574 = ORIENTED_EDGE ( 'NONE', *, *, #6246, .T. ) ;
#2575 = VECTOR ( 'NONE', #1806, 1000.000000000000000 ) ;
#2576 = DIRECTION ( 'NONE',  ( 6.259177311183876463E-15, 0.0000000000000000000, -1.000000000000000000 ) ) ;
#2577 = DIRECTION ( 'NONE',  ( -8.000000000000000622E-15, 1.830667207722540643E-34, -1.000000000000000000 ) ) ;
#2578 = ORIENTED_EDGE ( 'NONE', *, *, #5555, .T. ) ;
#2579 = EDGE_CURVE ( 'NONE', #5213, #1667, #6070, .T. ) ;
#2580 = ORIENTED_EDGE ( 'NONE', *, *, #2070, .T. ) ;
#2581 = CARTESIAN_POINT ( 'NONE',  ( 40.67286384697385415, 43.50279148767113924, 33.54117583289283999 ) ) ;
#2582 = EDGE_CURVE ( 'NONE', #1707, #2381, #6782, .T. ) ;
#2583 = ADVANCED_FACE ( 'NONE', ( #4076, #2263 ), #4476, .T. ) ;
#2584 = VERTEX_POINT ( 'NONE', #2622 ) ;
#2585 = CARTESIAN_POINT ( 'NONE',  ( 46.53565299828039770, 48.80360732422014536, 35.47062160604269110 ) ) ;
#2586 = CARTESIAN_POINT ( 'NONE',  ( 39.67286384697385415, 39.29601287482820737, 37.32062160601149259 ) ) ;
#2587 = FACE_OUTER_BOUND ( 'NONE', #2566, .T. ) ;
#2588 = FACE_OUTER_BOUND ( 'NONE', #2996, .T. ) ;
#2589 = PLANE ( 'NONE',  #1627 ) ;
#2590 = CARTESIAN_POINT ( 'NONE',  ( 44.67286384697388257, 39.80259148767052579, 29.02062160604230456 ) ) ;
#2591 = CARTESIAN_POINT ( 'NONE',  ( 42.68881594664672718, 40.48709549131926622, 37.52062160604316432 ) ) ;
#2592 = CARTESIAN_POINT ( 'NONE',  ( 40.50739379315420763, 42.51657667268966634, 27.92062160607411414 ) ) ;
#2593 = CARTESIAN_POINT ( 'NONE',  ( 42.37286384697347330, 39.80259148767055422, 28.12062160604222782 ) ) ;
#2594 = ORIENTED_EDGE ( 'NONE', *, *, #4185, .F. ) ;
#2595 = DIRECTION ( 'NONE',  ( -2.298141435449797094E-16, 1.000000000000000000, 6.123233995743351792E-17 ) ) ;
#2596 = APPLICATION_CONTEXT ( 'configuration controlled 3d designs of mechanical parts and assemblies' ) ;
#2597 = AXIS2_PLACEMENT_3D ( 'NONE', #3856, #3620, #1150 ) ;
#2598 = ORIENTED_EDGE ( 'NONE', *, *, #6138, .T. ) ;
#2599 = COORDINATED_UNIVERSAL_TIME_OFFSET ( 5, 30, .AHEAD. ) ;
#2600 = CARTESIAN_POINT ( 'NONE',  ( 40.42286384697389678, 39.00259148767057127, 32.10716368400883880 ) ) ;
#2601 = DIRECTION ( 'NONE',  ( 0.0000000000000000000, 0.0000000000000000000, -1.000000000000000000 ) ) ;
#2602 = DIRECTION ( 'NONE',  ( -2.298141435449797094E-16, 1.000000000000000000, 6.123233995743353024E-17 ) ) ;
#2603 = DIRECTION ( 'NONE',  ( -1.000000000000000000, 0.0000000000000000000, 0.0000000000000000000 ) ) ;
#2604 = B_SPLINE_CURVE_WITH_KNOTS ( 'NONE', 3,
 ( #6170, #5894, #6473, #2138 ),
 .UNSPECIFIED., .F., .F.,
 ( 4, 4 ),
 ( 0.0000000000000000000, 1.000000000000000000 ),
 .UNSPECIFIED. ) ;
#2605 = DIRECTION ( 'NONE',  ( 0.0000000000000000000, -1.000000000000000000, 0.0000000000000000000 ) ) ;
#2606 = CONICAL_SURFACE ( 'NONE', #2737, 0.6535898384239929859, 1.047197551180342856 ) ;
#2607 = CARTESIAN_POINT ( 'NONE',  ( 42.37286384697350172, 40.75259148767059258, 31.20982579346490482 ) ) ;
#2608 = FACE_OUTER_BOUND ( 'NONE', #5280, .T. ) ;
#2609 = CARTESIAN_POINT ( 'NONE',  ( 40.42286384697387547, 39.45618132615674511, 28.87062160604239480 ) ) ;
#2610 = FACE_OUTER_BOUND ( 'NONE', #1532, .T. ) ;
#2611 = FACE_OUTER_BOUND ( 'NONE', #6030, .T. ) ;
#2612 = ORIENTED_EDGE ( 'NONE', *, *, #3876, .T. ) ;
#2613 = EDGE_CURVE ( 'NONE', #4073, #6641, #6604, .T. ) ;
#2614 = VERTEX_POINT ( 'NONE', #2474 ) ;
#2615 = CARTESIAN_POINT ( 'NONE',  ( 43.37286384697353725, 43.25259148767053574, 34.03141741862073388 ) ) ;
#2616 = FACE_OUTER_BOUND ( 'NONE', #4341, .T. ) ;
#2617 = DIRECTION ( 'NONE',  ( -8.000000000000000622E-15, 1.144994238857888168E-28, -1.000000000000000000 ) ) ;
#2618 = FACE_OUTER_BOUND ( 'NONE', #6386, .T. ) ;
#2619 = DIRECTION ( 'NONE',  ( -1.027220243219862112E-14, -1.000000000000000000, 9.214209271209192412E-29 ) ) ;
#2620 = EDGE_LOOP ( 'NONE', ( #4265, #2780, #194, #230 ) ) ;
#2621 = EDGE_LOOP ( 'NONE', ( #4458, #1795, #2148, #4669, #1099, #4641, #4495, #646, #4464, #498, #26, #983, #796, #3690 ) ) ;
#2622 = CARTESIAN_POINT ( 'NONE',  ( 40.58904486037581449, 45.75078440214637254, 33.02062160604303642 ) ) ;
#2623 = CARTESIAN_POINT ( 'NONE',  ( 42.46605090895082668, 46.10259148767042348, 28.19062160604262601 ) ) ;
#2624 = DIRECTION ( 'NONE',  ( 1.000000000000000000, 2.298141435449797094E-16, -8.000000000000000622E-15 ) ) ;
#2625 = VERTEX_POINT ( 'NONE', #2512 ) ;
#2626 = DIRECTION ( 'NONE',  ( -2.298141435449797094E-16, 1.000000000000000000, 6.123233995743353024E-17 ) ) ;
#2627 = EDGE_CURVE ( 'NONE', #970, #2039, #1233, .T. ) ;
#2628 = ADVANCED_FACE ( 'NONE', ( #3038 ), #3382, .T. ) ;
#2629 = LINE ( 'NONE', #1752, #3823 ) ;
#2630 = EDGE_LOOP ( 'NONE', ( #3338, #5542, #4633, #3101, #5023 ) ) ;
#2631 = TOROIDAL_SURFACE ( 'NONE', #1764, 0.2892041874220824260, 0.2107958125779215153 ) ;
#2632 = CIRCLE ( 'NONE', #770, 1.000000000000000888 ) ;
#2633 = ORIENTED_EDGE ( 'NONE', *, *, #4976, .F. ) ;
#2634 = DIRECTION ( 'NONE',  ( -1.000000000000000000, 8.068481283613059739E-15, 8.000000000000000622E-15 ) ) ;
#2635 = DIRECTION ( 'NONE',  ( 0.0000000000000000000, 1.000000000000000000, 0.0000000000000000000 ) ) ;
#2636 = DIRECTION ( 'NONE',  ( -8.000000000000000622E-15, -1.000000000000000000, 1.232595164407829988E-32 ) ) ;
#2637 = VERTEX_POINT ( 'NONE', #4430 ) ;
#2638 = AXIS2_PLACEMENT_3D ( 'NONE', #3502, #4748, #6464 ) ;
#2639 = CARTESIAN_POINT ( 'NONE',  ( 46.72986384697392737, 46.10259148767038795, 27.74947806369628367 ) ) ;
#2640 = FACE_OUTER_BOUND ( 'NONE', #873, .T. ) ;
#2641 = ORIENTED_EDGE ( 'NONE', *, *, #3763, .T. ) ;
#2642 = CIRCLE ( 'NONE', #2830, 0.2107958125779213487 ) ;
#2643 = ORIENTED_EDGE ( 'NONE', *, *, #3493, .F. ) ;
#2644 = CARTESIAN_POINT ( 'NONE',  ( 43.37286384697347330, 40.96338730024851316, 28.82062160604280976 ) ) ;
#2645 = FACE_OUTER_BOUND ( 'NONE', #6164, .T. ) ;
#2646 = CARTESIAN_POINT ( 'NONE',  ( 42.77747907806102035, 48.80360732420605530, 35.12062160604271810 ) ) ;
#2647 = EDGE_CURVE ( 'NONE', #6662, #2721, #3954, .T. ) ;
#2648 = CARTESIAN_POINT ( 'NONE',  ( 42.37286384697348041, 40.75259148767059258, 29.03141741862073744 ) ) ;
#2649 = LINE ( 'NONE', #3217, #2765 ) ;
#2650 = ORIENTED_EDGE ( 'NONE', *, *, #6732, .T. ) ;
#2651 = CIRCLE ( 'NONE', #2739, 0.2107958125779213487 ) ;
#2652 = PLANE ( 'NONE',  #5735 ) ;
#2653 = CARTESIAN_POINT ( 'NONE',  ( 43.37286384697353725, 43.04179567509261517, 33.82062160604281331 ) ) ;
#2654 = DIRECTION ( 'NONE',  ( 1.000000000000000000, -1.027220243219863848E-14, -8.000000000000010088E-15 ) ) ;
#2655 = DIRECTION ( 'NONE',  ( -1.000000000000000000, 1.027220243219863848E-14, 8.000000000000010088E-15 ) ) ;
#2656 = FACE_OUTER_BOUND ( 'NONE', #1701, .T. ) ;
#2657 = VERTEX_POINT ( 'NONE', #5303 ) ;
#2658 = ADVANCED_FACE ( 'NONE', ( #2483 ), #3406, .T. ) ;
#2659 = LINE ( 'NONE', #1626, #5237 ) ;
#2660 = CARTESIAN_POINT ( 'NONE',  ( 42.68881594664653534, 41.96570328357044843, 37.62062160604307337 ) ) ;
#2661 = CARTESIAN_POINT ( 'NONE',  ( 44.32286396920080307, 49.80360732423429226, 33.66202636213203192 ) ) ;
#2662 = CARTESIAN_POINT ( 'NONE',  ( 43.17967678499713458, 46.10259148767076454, 37.92765156762981604 ) ) ;
#2663 = ORIENTED_EDGE ( 'NONE', *, *, #892, .F. ) ;
#2664 = CARTESIAN_POINT ( 'NONE',  ( 46.31586384697403247, 50.40259148767076880, 37.62062160604270389 ) ) ;
#2665 = ORIENTED_EDGE ( 'NONE', *, *, #2373, .F. ) ;
#2666 = FACE_OUTER_BOUND ( 'NONE', #3769, .T. ) ;
#2667 = AXIS2_PLACEMENT_3D ( 'NONE', #6262, #2974, #4997 ) ;
#2668 = ORIENTED_EDGE ( 'NONE', *, *, #4255, .F. ) ;
#2669 = VERTEX_POINT ( 'NONE', #6303 ) ;
#2670 = DIRECTION ( 'NONE',  ( 0.0000000000000000000, 0.0000000000000000000, -1.000000000000000000 ) ) ;
#2671 = CARTESIAN_POINT ( 'NONE',  ( 46.09432400481631475, 49.80360732423429226, 35.47062160604269820 ) ) ;
#2672 = CARTESIAN_POINT ( 'NONE',  ( 40.46101733332375971, 45.82470112935353512, 28.06349085151068579 ) ) ;
#2673 = ORIENTED_EDGE ( 'NONE', *, *, #5064, .T. ) ;
#2674 = EDGE_CURVE ( 'NONE', #4363, #4596, #5558, .T. ) ;
#2675 = ADVANCED_FACE ( 'NONE', ( #6472 ), #6077, .T. ) ;
#2676 = ORIENTED_EDGE ( 'NONE', *, *, #3801, .F. ) ;
#2677 = DIRECTION ( 'NONE',  ( -0.0000000000000000000, 0.0000000000000000000, 1.000000000000000000 ) ) ;
#2678 = VERTEX_POINT ( 'NONE', #3241 ) ;
#2679 = DIRECTION ( 'NONE',  ( 8.000000000000000622E-15, 1.000000000000000000, -6.356340258014299070E-33 ) ) ;
#2680 = LINE ( 'NONE', #1469, #3818 ) ;
#2681 = VECTOR ( 'NONE', #6562, 1000.000000000000000 ) ;
#2682 = CARTESIAN_POINT ( 'NONE',  ( 43.02986384697392452, 46.10259148767041637, 27.62062160604272876 ) ) ;
#2683 = VECTOR ( 'NONE', #660, 1000.000000000000000 ) ;
#2684 = ORIENTED_EDGE ( 'NONE', *, *, #4314, .F. ) ;
#2685 = DIRECTION ( 'NONE',  ( -2.298141435449797094E-16, 1.000000000000000000, 6.123233995743353024E-17 ) ) ;
#2686 = CARTESIAN_POINT ( 'NONE',  ( 46.56824861588656717, 48.80360732420605530, 35.12062160604268968 ) ) ;
#2687 = DIRECTION ( 'NONE',  ( -8.000000000000000622E-15, 6.401232595164408364E-29, -1.000000000000000000 ) ) ;
#2688 = AXIS2_PLACEMENT_3D ( 'NONE', #4419, #6655, #671 ) ;
#2689 = AXIS2_PLACEMENT_3D ( 'NONE', #3024, #3482, #2532 ) ;
#2690 = ORIENTED_EDGE ( 'NONE', *, *, #1970, .F. ) ;
#2691 = ADVANCED_FACE ( 'NONE', ( #1802 ), #6761, .F. ) ;
#2692 = FACE_OUTER_BOUND ( 'NONE', #2630, .T. ) ;
#2693 = DIRECTION ( 'NONE',  ( -2.298141435449797094E-16, 1.000000000000000000, 6.123233995743353024E-17 ) ) ;
#2694 = CIRCLE ( 'NONE', #5604, 1.895384768911781315 ) ;
#2695 = VECTOR ( 'NONE', #6517, 1000.000000000000000 ) ;
#2696 = CARTESIAN_POINT ( 'NONE',  ( 46.72986384697404105, 46.10259148767076454, 37.74947806369628722 ) ) ;
#2697 = CARTESIAN_POINT ( 'NONE',  ( 44.96206803439554989, 35.71338730024852026, 35.12062160604252625 ) ) ;
#2698 = VERTEX_POINT ( 'NONE', #2268 ) ;
#2699 = AXIS2_PLACEMENT_3D ( 'NONE', #1543, #5330, #1605 ) ;
#2700 = CARTESIAN_POINT ( 'NONE',  ( 42.61586384697403673, 46.10259148767076454, 37.62062160604273231 ) ) ;
#2701 = ADVANCED_FACE ( 'NONE', ( #70 ), #6653, .F. ) ;
#2702 = LINE ( 'NONE', #3460, #4093 ) ;
#2703 = LINE ( 'NONE', #4206, #4010 ) ;
#2704 = EDGE_CURVE ( 'NONE', #2434, #741, #6824, .T. ) ;
#2705 = DIRECTION ( 'NONE',  ( 1.000000000000000000, 0.0000000000000000000, 0.0000000000000000000 ) ) ;
#2706 = DIRECTION ( 'NONE',  ( 1.000000000000000000, 0.0000000000000000000, 0.0000000000000000000 ) ) ;
#2707 = AXIS2_PLACEMENT_3D ( 'NONE', #6481, #6182, #6515 ) ;
#2708 = VECTOR ( 'NONE', #2571, 1000.000000000000000 ) ;
#2709 = CARTESIAN_POINT ( 'NONE',  ( 46.16605090895086505, 50.40259148767039221, 28.19062160604259759 ) ) ;
#2710 = CARTESIAN_POINT ( 'NONE',  ( 39.67286384697386126, 39.29601287482820737, 38.54117583289283999 ) ) ;
#2711 = ORIENTED_EDGE ( 'NONE', *, *, #4233, .T. ) ;
#2712 = PLANE ( 'NONE',  #4970 ) ;
#2713 = ORIENTED_EDGE ( 'NONE', *, *, #737, .F. ) ;
#2714 = CARTESIAN_POINT ( 'NONE',  ( 44.32286377797750276, 49.80360732423428516, 35.47062160604270531 ) ) ;
#2715 = ORIENTED_EDGE ( 'NONE', *, *, #3258, .T. ) ;
#2716 = CARTESIAN_POINT ( 'NONE',  ( 40.67286384697381152, 43.50279148767113924, 28.12062160604256533 ) ) ;
#2717 = VECTOR ( 'NONE', #6677, 1000.000000000000000 ) ;
#2718 = CARTESIAN_POINT ( 'NONE',  ( 47.97286384697390815, 39.00259148767057837, 34.02062160604228325 ) ) ;
#2719 = CARTESIAN_POINT ( 'NONE',  ( 39.67286384697385415, 43.50279148767114634, 33.54117583289284710 ) ) ;
#2720 = EDGE_CURVE ( 'NONE', #1231, #5182, #5054, .T. ) ;
#2721 = VERTEX_POINT ( 'NONE', #971 ) ;
#2722 = FACE_OUTER_BOUND ( 'NONE', #4022, .T. ) ;
#2723 = AXIS2_PLACEMENT_3D ( 'NONE', #3164, #6548, #5009 ) ;
#2724 = ORIENTED_EDGE ( 'NONE', *, *, #3519, .T. ) ;
#2725 = CARTESIAN_POINT ( 'NONE',  ( 40.42286384697393231, 42.53454565111925945, 32.82062160604269963 ) ) ;
#2726 = AXIS2_PLACEMENT_3D ( 'NONE', #5291, #6332, #4616 ) ;
#2727 = VECTOR ( 'NONE', #1273, 1000.000000000000000 ) ;
#2728 = DIRECTION ( 'NONE',  ( -8.000000000000000622E-15, -1.000000000000000000, 6.356340258021019555E-33 ) ) ;
#2729 = VECTOR ( 'NONE', #5396, 1000.000000000000000 ) ;
#2730 = VECTOR ( 'NONE', #3440, 1000.000000000000000 ) ;
#2731 = EDGE_CURVE ( 'NONE', #2805, #421, #4782, .T. ) ;
#2732 = ORIENTED_EDGE ( 'NONE', *, *, #5580, .F. ) ;
#2733 = DIRECTION ( 'NONE',  ( 0.0000000000000000000, 0.0000000000000000000, 1.000000000000000000 ) ) ;
#2734 = DIRECTION ( 'NONE',  ( 7.883749266479334781E-15, 0.0000000000000000000, 1.000000000000000000 ) ) ;
#2735 = PLANE ( 'NONE',  #6133 ) ;
#2736 = ORIENTED_EDGE ( 'NONE', *, *, #3843, .T. ) ;
#2737 = AXIS2_PLACEMENT_3D ( 'NONE', #295, #1499, #5373 ) ;
#2738 = AXIS2_PLACEMENT_3D ( 'NONE', #2837, #6709, #1375 ) ;
#2739 = AXIS2_PLACEMENT_3D ( 'NONE', #294, #2435, #1416 ) ;
#2740 = ORIENTED_EDGE ( 'NONE', *, *, #4708, .F. ) ;
#2741 = EDGE_CURVE ( 'NONE', #5105, #3242, #6657, .T. ) ;
#2742 = VERTEX_POINT ( 'NONE', #2423 ) ;
#2743 = VERTEX_POINT ( 'NONE', #4846 ) ;
#2744 = LINE ( 'NONE', #6219, #4108 ) ;
#2745 = ORIENTED_EDGE ( 'NONE', *, *, #1002, .F. ) ;
#2746 = EDGE_LOOP ( 'NONE', ( #5597, #2971, #6285, #4478, #1887, #5605, #3282, #3659 ) ) ;
#2747 = CARTESIAN_POINT ( 'NONE',  ( 45.77286384697392663, 51.43259388767070561, 35.12062160604229888 ) ) ;
#2748 = EDGE_LOOP ( 'NONE', ( #3555, #1582, #5890, #1020 ) ) ;
#2749 = DIRECTION ( 'NONE',  ( -8.000000000000000622E-15, 1.428984164737452193E-28, -1.000000000000000000 ) ) ;
#2750 = VERTEX_POINT ( 'NONE', #4757 ) ;
#2751 = EDGE_CURVE ( 'NONE', #4723, #5224, #6186, .T. ) ;
#2752 = LINE ( 'NONE', #5429, #5934 ) ;
#2753 = CARTESIAN_POINT ( 'NONE',  ( 41.01927400848762773, 45.50239148767074226, 28.12062160604256533 ) ) ;
#2754 = EDGE_LOOP ( 'NONE', ( #1928, #1040, #6619, #4888 ) ) ;
#2755 = AXIS2_PLACEMENT_3D ( 'NONE', #6381, #286, #3433 ) ;
#2756 = ORIENTED_EDGE ( 'NONE', *, *, #6010, .T. ) ;
#2757 = CARTESIAN_POINT ( 'NONE',  ( 43.37286384697348041, 40.96338730024851316, 28.82062160604280976 ) ) ;
#2758 = CARTESIAN_POINT ( 'NONE',  ( 42.81476869549364039, 49.06790169558681924, 30.47062160604267689 ) ) ;
#2759 = LINE ( 'NONE', #6127, #3043 ) ;
#2760 = EDGE_LOOP ( 'NONE', ( #637, #1985, #962, #1259 ) ) ;
#2761 = FACE_OUTER_BOUND ( 'NONE', #5147, .T. ) ;
#2762 = ORIENTED_EDGE ( 'NONE', *, *, #1593, .F. ) ;
#2763 = CARTESIAN_POINT ( 'NONE',  ( 44.32286396920076044, 49.80360732423429226, 28.66202636213202481 ) ) ;
#2764 = FACE_OUTER_BOUND ( 'NONE', #4597, .T. ) ;
#2766 = LINE ( 'NONE', #975, #6125 ) ;
#2765 = VECTOR ( 'NONE', #2507, 1000.000000000000000 ) ;
#2767 = ORIENTED_EDGE ( 'NONE', *, *, #4499, .T. ) ;
#2768 = ORIENTED_EDGE ( 'NONE', *, *, #5037, .T. ) ;
#2769 = ORIENTED_EDGE ( 'NONE', *, *, #5933, .T. ) ;
#2770 = EDGE_CURVE ( 'NONE', #1318, #5157, #948, .T. ) ;
#2771 = CYLINDRICAL_SURFACE ( 'NONE', #5093, 1.099999999999989875 ) ;
#2772 = LINE ( 'NONE', #3775, #5294 ) ;
#2773 = DIRECTION ( 'NONE',  ( 0.0000000000000000000, 0.0000000000000000000, -1.000000000000000000 ) ) ;
#2774 = ORIENTED_EDGE ( 'NONE', *, *, #5678, .T. ) ;
#2775 = VECTOR ( 'NONE', #5068, 1000.000000000000000 ) ;
#2776 = DIRECTION ( 'NONE',  ( 8.000544671205034319E-15, 0.0000000000000000000, 1.000000000000000000 ) ) ;
#2777 = CARTESIAN_POINT ( 'NONE',  ( 43.37286384697351593, 43.04179567509260806, 31.20982579346491192 ) ) ;
#2778 = CARTESIAN_POINT ( 'NONE',  ( 40.46101733332385209, 46.07989443694170717, 38.54117583289283289 ) ) ;
#2779 = VECTOR ( 'NONE', #4436, 1000.000000000000000 ) ;
#2780 = ORIENTED_EDGE ( 'NONE', *, *, #6222, .T. ) ;
#2781 = EDGE_LOOP ( 'NONE', ( #3474, #303, #1685, #5884 ) ) ;
#2782 = CARTESIAN_POINT ( 'NONE',  ( 42.67286384697369783, 48.60259148767040216, 35.12062160604271810 ) ) ;
#2783 = EDGE_CURVE ( 'NONE', #3358, #2923, #739, .T. ) ;
#2784 = LINE ( 'NONE', #3, #461 ) ;
#2785 = VECTOR ( 'NONE', #3347, 1000.000000000000000 ) ;
#2786 = ORIENTED_EDGE ( 'NONE', *, *, #2859, .T. ) ;
#2787 = PERSON_AND_ORGANIZATION_ROLE ( 'classification_officer' ) ;
#2788 = DIRECTION ( 'NONE',  ( 0.0000000000000000000, -1.000000000000000000, 0.0000000000000000000 ) ) ;
#2789 = VECTOR ( 'NONE', #5526, 1000.000000000000000 ) ;
#2790 = ORIENTED_EDGE ( 'NONE', *, *, #4487, .T. ) ;
#2791 = DIRECTION ( 'NONE',  ( -0.4999999999999990563, -0.8660254037844392627, 3.999999999999992422E-15 ) ) ;
#2792 = VERTEX_POINT ( 'NONE', #708 ) ;
#2793 = ORIENTED_EDGE ( 'NONE', *, *, #1819, .T. ) ;
#2794 = CARTESIAN_POINT ( 'NONE',  ( 47.14155940185080595, 50.09335221390548298, 35.47062160604269110 ) ) ;
#2795 = ORIENTED_EDGE ( 'NONE', *, *, #2043, .T. ) ;
#2796 = DIRECTION ( 'NONE',  ( -0.6435627400807247822, 0.0000000000000000000, 0.7653933626441958848 ) ) ;
#2797 = ORIENTED_EDGE ( 'NONE', *, *, #244, .T. ) ;
#2798 = DIRECTION ( 'NONE',  ( -8.000000000000000622E-15, -1.534706572270469730E-32, -1.000000000000000000 ) ) ;
#2799 = CARTESIAN_POINT ( 'NONE',  ( 41.47537763055912308, 40.03839582643703210, 37.62062160604307337 ) ) ;
#2800 = PLANE ( 'NONE',  #205 ) ;
#2801 = VERTEX_POINT ( 'NONE', #1657 ) ;
#2802 = CARTESIAN_POINT ( 'NONE',  ( 44.32286377797748855, 48.80360732423427805, 30.47062160604270531 ) ) ;
#2803 = DIRECTION ( 'NONE',  ( -6.308085367188447236E-15, 0.0000000000000000000, -1.000000000000000000 ) ) ;
#2804 = CARTESIAN_POINT ( 'NONE',  ( 40.43134332874684134, 42.53235625833988109, 32.82551723712687419 ) ) ;
#2805 = VERTEX_POINT ( 'NONE', #2248 ) ;
#2806 = VECTOR ( 'NONE', #6820, 1000.000000000000000 ) ;
#2807 = ORIENTED_EDGE ( 'NONE', *, *, #1455, .F. ) ;
#2808 = LINE ( 'NONE', #6809, #3123 ) ;
#2809 = LINE ( 'NONE', #5132, #3560 ) ;
#2810 = AXIS2_PLACEMENT_3D ( 'NONE', #5767, #6065, #6071 ) ;
#2811 = LINE ( 'NONE', #5839, #2919 ) ;
#2812 = CARTESIAN_POINT ( 'NONE',  ( 40.57286384697386694, 39.68919402804869634, 34.02062160604233298 ) ) ;
#2813 = CIRCLE ( 'NONE', #4105, 0.9511835740451946020 ) ;
#2814 = AXIS2_PLACEMENT_3D ( 'NONE', #655, #2486, #2601 ) ;
#2815 = VECTOR ( 'NONE', #4058, 1000.000000000000000 ) ;
#2816 = AXIS2_PLACEMENT_3D ( 'NONE', #2188, #1133, #4729 ) ;
#2817 = ORIENTED_EDGE ( 'NONE', *, *, #1984, .T. ) ;
#2818 = FACE_OUTER_BOUND ( 'NONE', #2825, .T. ) ;
#2819 = CARTESIAN_POINT ( 'NONE',  ( 40.46101733332367445, 46.07989443694167875, 32.82062160599961231 ) ) ;
#2820 = DIRECTION ( 'NONE',  ( 0.0000000000000000000, 0.0000000000000000000, 1.000000000000000000 ) ) ;
#2821 = ORIENTED_EDGE ( 'NONE', *, *, #6861, .F. ) ;
#2822 = B_SPLINE_CURVE_WITH_KNOTS ( 'NONE', 3,
 ( #327, #4, #2066, #4903 ),
 .UNSPECIFIED., .F., .F.,
 ( 4, 4 ),
 ( 0.0000000000000000000, 0.0002924640927179522230 ),
 .UNSPECIFIED. ) ;
#2823 = DIRECTION ( 'NONE',  ( 1.000000000000000000, -1.027220243219864006E-14, -8.000000000000010088E-15 ) ) ;
#2824 = EDGE_CURVE ( 'NONE', #6008, #3478, #2298, .T. ) ;
#2825 = EDGE_LOOP ( 'NONE', ( #6198, #1538, #530, #2817 ) ) ;
#2826 = CARTESIAN_POINT ( 'NONE',  ( 40.42286384697397494, 42.84920164918488439, 37.12062160604305205 ) ) ;
#2827 = FACE_OUTER_BOUND ( 'NONE', #1374, .T. ) ;
#2828 = EDGE_LOOP ( 'NONE', ( #5453, #4932, #4792, #1956 ) ) ;
#2829 = EDGE_CURVE ( 'NONE', #5484, #6061, #6194, .T. ) ;
#2830 = AXIS2_PLACEMENT_3D ( 'NONE', #5215, #6835, #982 ) ;
#2831 = CARTESIAN_POINT ( 'NONE',  ( 42.77397033358492706, 48.60259148779595506, 35.12062160604271810 ) ) ;
#2832 = CARTESIAN_POINT ( 'NONE',  ( 38.22708451521040729, 39.00259148767058548, 34.02062160604235430 ) ) ;
#2833 = CARTESIAN_POINT ( 'NONE',  ( 40.57286384697383852, 39.68919402804897345, 31.22062160604233938 ) ) ;
#2834 = EDGE_CURVE ( 'NONE', #4091, #4574, #3619, .T. ) ;
#2835 = DIRECTION ( 'NONE',  ( -1.000000000000000000, -2.775557561562888827E-14, 3.469446951953611033E-14 ) ) ;
#2836 = ORIENTED_EDGE ( 'NONE', *, *, #4498, .T. ) ;
#2837 = CARTESIAN_POINT ( 'NONE',  ( 46.87967678499713742, 46.10259148767076454, 37.92765156762978762 ) ) ;
#2838 = DIRECTION ( 'NONE',  ( 0.0000000000000000000, 0.0000000000000000000, 1.000000000000000000 ) ) ;
#2839 = ORIENTED_EDGE ( 'NONE', *, *, #3524, .F. ) ;
#2840 = DIRECTION ( 'NONE',  ( 4.611712367288062945E-17, 6.123233995736953390E-17, -1.000000000000000000 ) ) ;
#2841 = VERTEX_POINT ( 'NONE', #3804 ) ;
#2842 = CARTESIAN_POINT ( 'NONE',  ( 42.46605090895085510, 50.40259148767042774, 27.92765156762962775 ) ) ;
#2843 = EDGE_CURVE ( 'NONE', #199, #297, #1982, .T. ) ;
#2844 = LINE ( 'NONE', #4859, #1638 ) ;
#2845 = DIRECTION ( 'NONE',  ( 0.4999999999999929501, -3.999999999999998733E-15, -0.8660254037844427044 ) ) ;
#2846 = CARTESIAN_POINT ( 'NONE',  ( 42.68881594664672718, 40.64118792820689663, 37.62062160604307337 ) ) ;
#2847 = ORIENTED_EDGE ( 'NONE', *, *, #852, .F. ) ;
#2848 = VECTOR ( 'NONE', #2179, 1000.000000000000000 ) ;
#2849 = AXIS2_PLACEMENT_3D ( 'NONE', #312, #3071, #3965 ) ;
#2850 = ORIENTED_EDGE ( 'NONE', *, *, #3924, .F. ) ;
#2851 = ORIENTED_EDGE ( 'NONE', *, *, #2516, .T. ) ;
#2852 = CARTESIAN_POINT ( 'NONE',  ( 42.04659917311118278, 40.64118792820679005, 37.52062160604316432 ) ) ;
#2853 = VERTEX_POINT ( 'NONE', #4540 ) ;
#2854 = ORIENTED_EDGE ( 'NONE', *, *, #3362, .T. ) ;
#2855 = EDGE_CURVE ( 'NONE', #6436, #1943, #5719, .T. ) ;
#2856 = DIRECTION ( 'NONE',  ( 0.0000000000000000000, 1.000000000000000000, 0.0000000000000000000 ) ) ;
#2857 = AXIS2_PLACEMENT_3D ( 'NONE', #5242, #400, #4532 ) ;
#2858 = AXIS2_PLACEMENT_3D ( 'NONE', #6, #3030, #1282 ) ;
#2859 = EDGE_CURVE ( 'NONE', #5149, #5397, #6724, .T. ) ;
#2860 = CARTESIAN_POINT ( 'NONE',  ( 45.02286392053754582, 48.80360732423427805, 29.77062160604269181 ) ) ;
#2861 = ORIENTED_EDGE ( 'NONE', *, *, #1716, .T. ) ;
#2862 = EDGE_CURVE ( 'NONE', #5772, #2427, #1589, .T. ) ;
#2863 = CARTESIAN_POINT ( 'NONE',  ( 44.67286384697376889, 49.80360732423428516, 30.12062160604270389 ) ) ;
#2864 = CARTESIAN_POINT ( 'NONE',  ( 42.81476869549268827, 49.06790169558684056, 35.47062160604272663 ) ) ;
#2865 = EDGE_CURVE ( 'NONE', #6823, #3567, #4695, .T. ) ;
#2866 = ORIENTED_EDGE ( 'NONE', *, *, #5175, .F. ) ;
#2867 = ORIENTED_EDGE ( 'NONE', *, *, #546, .F. ) ;
#2868 = ORIENTED_EDGE ( 'NONE', *, *, #4163, .F. ) ;
#2869 = AXIS2_PLACEMENT_3D ( 'NONE', #5951, #1794, #1629 ) ;
#2870 = CIRCLE ( 'NONE', #2903, 1.499999999999980460 ) ;
#2871 = DIRECTION ( 'NONE',  ( 1.000000000000000000, 0.0000000000000000000, 0.0000000000000000000 ) ) ;
#2872 = ORIENTED_EDGE ( 'NONE', *, *, #3828, .F. ) ;
#2873 = ORIENTED_EDGE ( 'NONE', *, *, #5339, .T. ) ;
#2874 = CARTESIAN_POINT ( 'NONE',  ( 44.67286384697369783, 48.60259148767040216, 35.12062160604270389 ) ) ;
#2875 = VERTEX_POINT ( 'NONE', #514 ) ;
#2876 = EDGE_CURVE ( 'NONE', #4787, #57, #6569, .T. ) ;
#2877 = ORIENTED_EDGE ( 'NONE', *, *, #3569, .F. ) ;
#2878 = FACE_OUTER_BOUND ( 'NONE', #2621, .T. ) ;
#2879 = CARTESIAN_POINT ( 'NONE',  ( 44.67286384697347046, 35.50259148767059969, 35.12062160604252625 ) ) ;
#2880 = LINE ( 'NONE', #4467, #6131 ) ;
#2881 = EDGE_CURVE ( 'NONE', #3320, #3137, #1189, .T. ) ;
#2882 = DIRECTION ( 'NONE',  ( 0.6435627400808355825, -5.148501920646734588E-15, -0.7653933626441027371 ) ) ;
#2883 = LINE ( 'NONE', #6778, #2347 ) ;
#2884 = ORIENTED_EDGE ( 'NONE', *, *, #4735, .F. ) ;
#2885 = LINE ( 'NONE', #2778, #3751 ) ;
#2886 = PLANE ( 'NONE',  #282 ) ;
#2887 = DIRECTION ( 'NONE',  ( -0.6435627400805018494, 5.148501920643966475E-15, -0.7653933626443834015 ) ) ;
#2888 = CARTESIAN_POINT ( 'NONE',  ( 41.26458181798120251, 40.03839582643703210, 37.62062160604307337 ) ) ;
#2889 = ORIENTED_EDGE ( 'NONE', *, *, #4870, .F. ) ;
#2890 = ORIENTED_EDGE ( 'NONE', *, *, #3693, .F. ) ;
#2891 = ORIENTED_EDGE ( 'NONE', *, *, #2241, .T. ) ;
#2892 = VERTEX_POINT ( 'NONE', #5141 ) ;
#2893 = CARTESIAN_POINT ( 'NONE',  ( 43.37286384697353725, 43.25259148767053574, 34.03141741862073388 ) ) ;
#2894 = DIRECTION ( 'NONE',  ( -8.000000000000000622E-15, -1.000000000000000000, 6.401232595164408364E-29 ) ) ;
#2895 = DATE_TIME_ROLE ( 'creation_date' ) ;
#2896 = ORIENTED_EDGE ( 'NONE', *, *, #5214, .F. ) ;
#2897 = EDGE_LOOP ( 'NONE', ( #6116, #3944, #6081, #3934, #1348, #4965, #742, #5624 ) ) ;
#2898 = DIRECTION ( 'NONE',  ( -1.000000000000000000, 0.0000000000000000000, -0.0000000000000000000 ) ) ;
#2899 = EDGE_LOOP ( 'NONE', ( #2097, #6003 ) ) ;
#2900 = AXIS2_PLACEMENT_3D ( 'NONE', #495, #1210, #1344 ) ;
#2901 = ORIENTED_EDGE ( 'NONE', *, *, #6482, .T. ) ;
#2902 = VECTOR ( 'NONE', #2251, 1000.000000000000114 ) ;
#2903 = AXIS2_PLACEMENT_3D ( 'NONE', #6144, #4202, #1873 ) ;
#2904 = DIRECTION ( 'NONE',  ( -1.129587379705850136E-14, -1.000000000000000000, 0.0000000000000000000 ) ) ;
#2905 = DIRECTION ( 'NONE',  ( 0.1218693434051383584, -0.9925461516413232044, 0.0000000000000000000 ) ) ;
#2906 = EDGE_LOOP ( 'NONE', ( #1851, #4057, #3822, #6100 ) ) ;
#2907 = DIRECTION ( 'NONE',  ( -1.000000000000000000, 0.0000000000000000000, 6.938893903907222067E-15 ) ) ;
#2908 = ORIENTED_EDGE ( 'NONE', *, *, #6555, .T. ) ;
#2909 = ADVANCED_FACE ( 'NONE', ( #4789 ), #2419, .F. ) ;
#2910 = ORIENTED_EDGE ( 'NONE', *, *, #425, .T. ) ;
#2911 = EDGE_CURVE ( 'NONE', #2449, #2323, #1096, .T. ) ;
#2912 = FACE_OUTER_BOUND ( 'NONE', #5053, .T. ) ;
#2913 = CARTESIAN_POINT ( 'NONE',  ( 42.84936928716529536, 49.70595866983568811, 30.47062160604273373 ) ) ;
#2914 = AXIS2_PLACEMENT_3D ( 'NONE', #5870, #5471, #1560 ) ;
#2915 = VECTOR ( 'NONE', #4252, 1000.000000000000000 ) ;
#2916 = CARTESIAN_POINT ( 'NONE',  ( 42.82415852339165951, 49.59649040585270541, 30.47062160604266623 ) ) ;
#2917 = LINE ( 'NONE', #6534, #3353 ) ;
#2918 = ORIENTED_EDGE ( 'NONE', *, *, #1850, .T. ) ;
#2919 = VECTOR ( 'NONE', #4183, 1000.000000000000000 ) ;
#2920 = CARTESIAN_POINT ( 'NONE',  ( 47.14155940185079174, 48.80360732423428516, 34.77062160604268826 ) ) ;
#2921 = EDGE_LOOP ( 'NONE', ( #1979, #1138, #1790, #3150 ) ) ;
#2922 = PERSON_AND_ORGANIZATION_ROLE ( 'design_supplier' ) ;
#2923 = VERTEX_POINT ( 'NONE', #775 ) ;
#2924 = ADVANCED_FACE ( 'NONE', ( #2588 ), #6532, .T. ) ;
#2925 = EDGE_CURVE ( 'NONE', #6061, #5484, #895, .T. ) ;
#2926 = ADVANCED_FACE ( 'NONE', ( #3266 ), #5745, .F. ) ;
#2927 = DIRECTION ( 'NONE',  ( 0.0000000000000000000, 1.000000000000000000, 0.0000000000000000000 ) ) ;
#2928 = CARTESIAN_POINT ( 'NONE',  ( 44.32286396920075333, 48.80360732423427805, 29.77062160604269181 ) ) ;
#2929 = DIRECTION ( 'NONE',  ( 0.0000000000000000000, 0.0000000000000000000, 1.000000000000000000 ) ) ;
#2930 = LINE ( 'NONE', #4319, #1936 ) ;
#2931 = CARTESIAN_POINT ( 'NONE',  ( 40.44838490655975249, 42.52831254725705179, 32.83535619666457706 ) ) ;
#2932 = VECTOR ( 'NONE', #6368, 1000.000000000000000 ) ;
#2933 = LINE ( 'NONE', #1165, #822 ) ;
#2934 = EDGE_CURVE ( 'NONE', #2449, #4212, #3452, .T. ) ;
#2935 = ORIENTED_EDGE ( 'NONE', *, *, #2178, .F. ) ;
#2936 = CARTESIAN_POINT ( 'NONE',  ( 44.32286377797750276, 48.80360732423427805, 36.57921682946847142 ) ) ;
#2937 = CARTESIAN_POINT ( 'NONE',  ( 40.42286384697379731, 42.53454565111927366, 27.77421144452874913 ) ) ;
#2938 = B_SPLINE_CURVE_WITH_KNOTS ( 'NONE', 3,
 ( #5057, #3051, #3069, #6168 ),
 .UNSPECIFIED., .F., .F.,
 ( 4, 4 ),
 ( 5.974420492138070239E-05, 0.0008527523608331340123 ),
 .UNSPECIFIED. ) ;
#2939 = DIRECTION ( 'NONE',  ( -8.000000000000000622E-15, -1.000000000000000000, 6.356340258021019555E-33 ) ) ;
#2940 = ORIENTED_EDGE ( 'NONE', *, *, #3860, .T. ) ;
#2941 = LINE ( 'NONE', #74, #3654 ) ;
#2942 = VECTOR ( 'NONE', #5428, 1000.000000000000000 ) ;
#2943 = AXIS2_PLACEMENT_3D ( 'NONE', #639, #6339, #4598 ) ;
#2944 = AXIS2_PLACEMENT_3D ( 'NONE', #6434, #4497, #5504 ) ;
#2945 = VERTEX_POINT ( 'NONE', #2763 ) ;
#2946 = LINE ( 'NONE', #1271, #6570 ) ;
#2947 = DIRECTION ( 'NONE',  ( -1.000000000000000000, -4.611712367288014258E-17, 8.000000000000000622E-15 ) ) ;
#2948 = PLANE ( 'NONE',  #1651 ) ;
#2949 = FACE_OUTER_BOUND ( 'NONE', #5470, .T. ) ;
#2950 = ORIENTED_EDGE ( 'NONE', *, *, #5918, .T. ) ;
#2951 = ADVANCED_FACE ( 'NONE', ( #4556 ), #3505, .F. ) ;
#2952 = DIRECTION ( 'NONE',  ( -8.000000000000000622E-15, -1.000000000000000000, 6.401232595164408364E-29 ) ) ;
#2953 = DIRECTION ( 'NONE',  ( 0.0000000000000000000, 1.000000000000000000, 0.0000000000000000000 ) ) ;
#2954 = VECTOR ( 'NONE', #5865, 1000.000000000000000 ) ;
#2955 = VECTOR ( 'NONE', #6449, 1000.000000000000000 ) ;
#2956 = DIRECTION ( 'NONE',  ( 1.000000000000000000, -1.676061329446171623E-14, -8.380306647230858116E-15 ) ) ;
#2957 = EDGE_CURVE ( 'NONE', #5005, #3765, #1903, .T. ) ;
#2958 = ORIENTED_EDGE ( 'NONE', *, *, #1094, .F. ) ;
#2959 = ADVANCED_FACE ( 'NONE', ( #1054 ), #5402, .T. ) ;
#2960 = CARTESIAN_POINT ( 'NONE',  ( 44.67286384697388968, 39.00259148767057127, 31.22062160604230385 ) ) ;
#2961 = DIRECTION ( 'NONE',  ( -1.000000000000000000, 0.0000000000000000000, 0.0000000000000000000 ) ) ;
#2962 = DIRECTION ( 'NONE',  ( -8.000000000000000622E-15, 1.232595164407823967E-32, -1.000000000000000000 ) ) ;
#2963 = LINE ( 'NONE', #3575, #3969 ) ;
#2964 = CIRCLE ( 'NONE', #5672, 0.2107958125779213487 ) ;
#2965 = ORIENTED_EDGE ( 'NONE', *, *, #5037, .F. ) ;
#2966 = CYLINDRICAL_SURFACE ( 'NONE', #6091, 2.000000000000001776 ) ;
#2967 = DIRECTION ( 'NONE',  ( 1.000000000000000000, -1.129587379705846507E-14, 0.0000000000000000000 ) ) ;
#2968 = ORIENTED_EDGE ( 'NONE', *, *, #6017, .T. ) ;
#2969 = LINE ( 'NONE', #6786, #1034 ) ;
#2970 = EDGE_CURVE ( 'NONE', #1286, #6169, #3601, .T. ) ;
#2971 = ORIENTED_EDGE ( 'NONE', *, *, #2579, .T. ) ;
#2972 = EDGE_CURVE ( 'NONE', #174, #5431, #5930, .T. ) ;
#2973 = DIRECTION ( 'NONE',  ( 1.000000000000000000, 0.0000000000000000000, 0.0000000000000000000 ) ) ;
#2974 = DIRECTION ( 'NONE',  ( -9.034039619130394877E-16, -1.000000000000000000, -5.676044235305161374E-29 ) ) ;
#2975 = ORIENTED_EDGE ( 'NONE', *, *, #5394, .T. ) ;
#2976 = VECTOR ( 'NONE', #1340, 1000.000000000000000 ) ;
#2977 = AXIS2_PLACEMENT_3D ( 'NONE', #572, #4750, #1740 ) ;
#2978 = CARTESIAN_POINT ( 'NONE',  ( 39.67286384697385415, 39.29601287482820737, 37.32062160601149259 ) ) ;
#2979 = ORIENTED_EDGE ( 'NONE', *, *, #4488, .F. ) ;
#2980 = ORIENTED_EDGE ( 'NONE', *, *, #2180, .F. ) ;
#2981 = ORIENTED_EDGE ( 'NONE', *, *, #6104, .T. ) ;
#2982 = CARTESIAN_POINT ( 'NONE',  ( 44.32286396920075333, 49.80360732423428516, 29.77062160604269181 ) ) ;
#2983 = AXIS2_PLACEMENT_3D ( 'NONE', #5873, #5272, #448 ) ;
#2984 = ORIENTED_EDGE ( 'NONE', *, *, #3113, .T. ) ;
#2985 = EDGE_CURVE ( 'NONE', #1711, #2087, #4850, .T. ) ;
#2986 = EDGE_LOOP ( 'NONE', ( #2416, #2867, #453, #4431 ) ) ;
#2987 = ADVANCED_FACE ( 'NONE', ( #4614 ), #1955, .F. ) ;
#2988 = FACE_OUTER_BOUND ( 'NONE', #583, .T. ) ;
#2989 = DIRECTION ( 'NONE',  ( -8.000000000000000622E-15, -1.000000000000000000, 6.401232595164408364E-29 ) ) ;
#2990 = CARTESIAN_POINT ( 'NONE',  ( 44.67286384697393231, 39.80259148767053290, 36.22062160604230030 ) ) ;
#2991 = VERTEX_POINT ( 'NONE', #5058 ) ;
#2992 = ADVANCED_FACE ( 'NONE', ( #1706 ), #3845, .T. ) ;
#2993 = EDGE_CURVE ( 'NONE', #2892, #1784, #269, .T. ) ;
#2994 = CARTESIAN_POINT ( 'NONE',  ( 46.36219065017058938, 49.80360732423429937, 30.47062160604269110 ) ) ;
#2995 = DIRECTION ( 'NONE',  ( -1.027220243219862112E-14, -1.000000000000000000, 9.214209271209192412E-29 ) ) ;
#2996 = EDGE_LOOP ( 'NONE', ( #3516, #5878, #4739, #5088 ) ) ;
#2997 = ORIENTED_EDGE ( 'NONE', *, *, #5892, .T. ) ;
#2998 = CARTESIAN_POINT ( 'NONE',  ( 40.50319968786796210, 45.80034713560241499, 32.98383883522343751 ) ) ;
#2999 = ADVANCED_FACE ( 'NONE', ( #4713 ), #1993, .F. ) ;
#3000 = ORIENTED_EDGE ( 'NONE', *, *, #46, .T. ) ;
#3001 = VECTOR ( 'NONE', #2654, 1000.000000000000000 ) ;
#3002 = ORIENTED_EDGE ( 'NONE', *, *, #4378, .F. ) ;
#3003 = CIRCLE ( 'NONE', #2340, 0.4567242605855170723 ) ;
#3004 = CIRCLE ( 'NONE', #5616, 0.2107958125779213487 ) ;
#3005 = EDGE_CURVE ( 'NONE', #6507, #3340, #93, .T. ) ;
#3006 = LINE ( 'NONE', #3705, #3611 ) ;
#3007 = ORIENTED_EDGE ( 'NONE', *, *, #6019, .F. ) ;
#3008 = LINE ( 'NONE', #212, #5599 ) ;
#3009 = ORIENTED_EDGE ( 'NONE', *, *, #1153, .T. ) ;
#3010 = CARTESIAN_POINT ( 'NONE',  ( 47.97286384697392947, 39.00259148767057837, 36.22062160604227898 ) ) ;
#3011 = LINE ( 'NONE', #858, #2046 ) ;
#3012 = CYLINDRICAL_SURFACE ( 'NONE', #3477, 0.2107958125779213487 ) ;
#3013 = ORIENTED_EDGE ( 'NONE', *, *, #4311, .F. ) ;
#3014 = APPROVAL_PERSON_ORGANIZATION ( #1030, #5591, #4791 ) ;
#3015 = VERTEX_POINT ( 'NONE', #4239 ) ;
#3016 = DIRECTION ( 'NONE',  ( -1.000000000000000000, 0.0000000000000000000, 1.676061329446199707E-14 ) ) ;
#3017 = EDGE_LOOP ( 'NONE', ( #2509, #1283, #4060, #1135 ) ) ;
#3018 = DIRECTION ( 'NONE',  ( 0.0000000000000000000, 0.0000000000000000000, 1.000000000000000000 ) ) ;
#3019 = ORIENTED_EDGE ( 'NONE', *, *, #861, .F. ) ;
#3020 = ORIENTED_EDGE ( 'NONE', *, *, #163, .T. ) ;
#3021 = EDGE_CURVE ( 'NONE', #2573, #3598, #3195, .T. ) ;
#3022 = AXIS2_PLACEMENT_3D ( 'NONE', #880, #2380, #1203 ) ;
#3023 = EDGE_CURVE ( 'NONE', #1474, #5259, #3172, .T. ) ;
#3024 = CARTESIAN_POINT ( 'NONE',  ( 41.29786384697383284, 42.67599656842799760, 32.32062160604262857 ) ) ;
#3025 = CARTESIAN_POINT ( 'NONE',  ( 41.13365965955188841, 39.71338730024835684, 37.52062160604316432 ) ) ;
#3026 = LOCAL_TIME ( 14, 48, 46.00000000000000000, #2100 ) ;
#3027 = ORIENTED_EDGE ( 'NONE', *, *, #183, .T. ) ;
#3028 = CARTESIAN_POINT ( 'NONE',  ( 40.46101733332254469, 45.82470112935426698, 32.96349085145902080 ) ) ;
#3029 = DIRECTION ( 'NONE',  ( 0.0000000000000000000, 0.0000000000000000000, -1.000000000000000000 ) ) ;
#3030 = DIRECTION ( 'NONE',  ( 0.0000000000000000000, 0.0000000000000000000, 1.000000000000000000 ) ) ;
#3031 = EDGE_LOOP ( 'NONE', ( #4926, #5424, #6142, #6068 ) ) ;
#3032 = VECTOR ( 'NONE', #5539, 1000.000000000000000 ) ;
#3033 = ORIENTED_EDGE ( 'NONE', *, *, #478, .T. ) ;
#3034 = DIRECTION ( 'NONE',  ( 0.0000000000000000000, -0.0000000000000000000, -1.000000000000000000 ) ) ;
#3035 = VERTEX_POINT ( 'NONE', #1376 ) ;
#3036 = EDGE_CURVE ( 'NONE', #1913, #2545, #3835, .T. ) ;
#3037 = CC_DESIGN_PERSON_AND_ORGANIZATION_ASSIGNMENT ( #3610, #4507, ( #5240 ) ) ;
#3038 = FACE_OUTER_BOUND ( 'NONE', #6729, .T. ) ;
#3039 = ORIENTED_EDGE ( 'NONE', *, *, #4078, .F. ) ;
#3040 = EDGE_CURVE ( 'NONE', #3088, #4273, #460, .T. ) ;
#3041 = VECTOR ( 'NONE', #597, 1000.000000000000000 ) ;
#3042 = VECTOR ( 'NONE', #4955, 1000.000000000000000 ) ;
#3043 = VECTOR ( 'NONE', #587, 1000.000000000000000 ) ;
#3044 = EDGE_CURVE ( 'NONE', #2657, #4331, #1161, .T. ) ;
#3045 = DIRECTION ( 'NONE',  ( 0.0000000000000000000, 0.0000000000000000000, -1.000000000000000000 ) ) ;
#3046 = PLANE ( 'NONE',  #1825 ) ;
#3047 = CARTESIAN_POINT ( 'NONE',  ( 40.76927400848826011, 39.80259148767062527, 33.02062160604303642 ) ) ;
#3048 = CARTESIAN_POINT ( 'NONE',  ( 42.37286384697354436, 45.50239148767072805, 30.92773573296891954 ) ) ;
#3049 = CYLINDRICAL_SURFACE ( 'NONE', #5125, 1.099999999999996758 ) ;
#3050 = ORIENTED_EDGE ( 'NONE', *, *, #633, .F. ) ;
#3051 = CARTESIAN_POINT ( 'NONE',  ( 46.52626439386143886, 49.33219605621576420, 34.77062160604268826 ) ) ;
#3052 = DIRECTION ( 'NONE',  ( -2.298141435449797094E-16, 1.000000000000000000, 6.123233995743353024E-17 ) ) ;
#3053 = VERTEX_POINT ( 'NONE', #6309 ) ;
#3054 = CARTESIAN_POINT ( 'NONE',  ( 47.38833441211294684, 50.10259148767038795, 27.62062160604269323 ) ) ;
#3055 = AXIS2_PLACEMENT_3D ( 'NONE', #4407, #3488, #247 ) ;
#3056 = FACE_OUTER_BOUND ( 'NONE', #5406, .T. ) ;
#3057 = AXIS2_PLACEMENT_3D ( 'NONE', #5387, #1368, #6366 ) ;
#3058 = DATE_AND_TIME ( #487, #4979 ) ;
#3059 = FACE_OUTER_BOUND ( 'NONE', #2760, .T. ) ;
#3060 = VERTEX_POINT ( 'NONE', #4456 ) ;
#3061 = DIRECTION ( 'NONE',  ( -1.129587379705846507E-14, -1.000000000000000000, 0.0000000000000000000 ) ) ;
#3062 = DIRECTION ( 'NONE',  ( 0.0000000000000000000, -1.000000000000000000, 0.0000000000000000000 ) ) ;
#3063 = CARTESIAN_POINT ( 'NONE',  ( 44.67286384697379731, 49.59281151165637169, 35.12062160604270389 ) ) ;
#3064 = EDGE_CURVE ( 'NONE', #3497, #1192, #1445, .T. ) ;
#3065 = CARTESIAN_POINT ( 'NONE',  ( 42.37286384697348041, 39.80259148767056132, 28.12062160604256533 ) ) ;
#3066 = AXIS2_PLACEMENT_3D ( 'NONE', #2794, #591, #4516 ) ;
#3067 = VECTOR ( 'NONE', #4698, 1000.000000000000114 ) ;
#3068 = DIRECTION ( 'NONE',  ( 8.000000000000000622E-15, 1.534706572270470003E-32, 1.000000000000000000 ) ) ;
#3069 = CARTESIAN_POINT ( 'NONE',  ( 46.53095899845484240, 49.06790169558684056, 34.77062160604268826 ) ) ;
#3070 = EDGE_LOOP ( 'NONE', ( #6520, #6097, #2643, #6566 ) ) ;
#3071 = DIRECTION ( 'NONE',  ( 0.0000000000000000000, 0.0000000000000000000, 1.000000000000000000 ) ) ;
#3072 = ORIENTED_EDGE ( 'NONE', *, *, #2720, .F. ) ;
#3073 = ORIENTED_EDGE ( 'NONE', *, *, #580, .T. ) ;
#3074 = DIRECTION ( 'NONE',  ( 8.817841970012501240E-16, -1.000000000000000000, -7.106659952765408560E-29 ) ) ;
#3075 = DIRECTION ( 'NONE',  ( -8.000000000000000622E-15, -1.000000000000000000, 6.401232595164408364E-29 ) ) ;
#3076 = ORIENTED_EDGE ( 'NONE', *, *, #4395, .T. ) ;
#3077 = EDGE_CURVE ( 'NONE', #4369, #577, #2294, .T. ) ;
#3078 = VECTOR ( 'NONE', #4134, 1000.000000000000000 ) ;
#3079 = CIRCLE ( 'NONE', #3831, 0.4567242605855170723 ) ;
#3080 = LINE ( 'NONE', #6816, #1493 ) ;
#3081 = VERTEX_POINT ( 'NONE', #3237 ) ;
#3082 = LINE ( 'NONE', #3810, #5642 ) ;
#3083 = CARTESIAN_POINT ( 'NONE',  ( 47.37286384697386410, 44.35259148767056558, 35.12062160604218519 ) ) ;
#3084 = ORIENTED_EDGE ( 'NONE', *, *, #2314, .F. ) ;
#3085 = VERTEX_POINT ( 'NONE', #4968 ) ;
#3086 = ORIENTED_EDGE ( 'NONE', *, *, #6201, .T. ) ;
#3087 = DIRECTION ( 'NONE',  ( 0.0000000000000000000, 0.0000000000000000000, 1.000000000000000000 ) ) ;
#3088 = VERTEX_POINT ( 'NONE', #165 ) ;
#3089 = DIRECTION ( 'NONE',  ( -1.061106096092780133E-15, -1.000000000000000000, -5.549882527961369154E-29 ) ) ;
#3090 = DIRECTION ( 'NONE',  ( -8.326672684688850758E-15, -1.000000000000000000, -2.775557561562950516E-15 ) ) ;
#3091 = DIRECTION ( 'NONE',  ( 1.000000000000000000, -2.096737068845737267E-14, 0.0000000000000000000 ) ) ;
#3092 = CARTESIAN_POINT ( 'NONE',  ( 45.02286377797751271, 48.80360732423427805, 35.47062160604270531 ) ) ;
#3093 = LINE ( 'NONE', #6093, #1606 ) ;
#3094 = EDGE_LOOP ( 'NONE', ( #528, #2167, #6797, #2099 ) ) ;
#3095 = VERTEX_POINT ( 'NONE', #4776 ) ;
#3096 = FACE_OUTER_BOUND ( 'NONE', #1494, .T. ) ;
#3097 = CARTESIAN_POINT ( 'NONE',  ( 44.32286396920081017, 48.80360732423427805, 34.77062160604268826 ) ) ;
#3098 = DIRECTION ( 'NONE',  ( -1.061106096092780133E-15, -1.000000000000000000, -5.549882527961369154E-29 ) ) ;
#3099 = CARTESIAN_POINT ( 'NONE',  ( 41.47537763055912308, 40.03839582643703210, 37.62062160604307337 ) ) ;
#3100 = EDGE_LOOP ( 'NONE', ( #1009, #1960 ) ) ;
#3101 = ORIENTED_EDGE ( 'NONE', *, *, #1782, .F. ) ;
#3102 = CARTESIAN_POINT ( 'NONE',  ( 43.37286384697279118, -4.807054930543684711E-13, -3.472547768909819236E-13 ) ) ;
#3103 = CARTESIAN_POINT ( 'NONE',  ( 42.46605090895086221, 50.40259148767042774, 28.19062160604262601 ) ) ;
#3104 = FACE_OUTER_BOUND ( 'NONE', #3662, .T. ) ;
#3105 = EDGE_CURVE ( 'NONE', #151, #2698, #2604, .T. ) ;
#3106 = ORIENTED_EDGE ( 'NONE', *, *, #4718, .T. ) ;
#3107 = AXIS2_PLACEMENT_3D ( 'NONE', #4917, #1169, #5965 ) ;
#3108 = ADVANCED_FACE ( 'NONE', ( #1775 ), #3049, .F. ) ;
#3109 = ORIENTED_EDGE ( 'NONE', *, *, #4994, .T. ) ;
#3110 = LINE ( 'NONE', #3745, #4435 ) ;
#3111 = LINE ( 'NONE', #844, #4512 ) ;
#3112 = CARTESIAN_POINT ( 'NONE',  ( 42.36770755987890880, 41.22639938744485733, 37.62062160604307337 ) ) ;
#3113 = EDGE_CURVE ( 'NONE', #4952, #6024, #887, .T. ) ;
#3114 = EDGE_LOOP ( 'NONE', ( #5202, #4021, #2668, #1351 ) ) ;
#3115 = EDGE_CURVE ( 'NONE', #23, #5355, #4044, .T. ) ;
#3116 = CARTESIAN_POINT ( 'NONE',  ( 41.16674917584089854, 46.10259148767043769, 37.62062160604307337 ) ) ;
#3117 = AXIS2_PLACEMENT_3D ( 'NONE', #5633, #4769, #4492 ) ;
#3118 = DIRECTION ( 'NONE',  ( -8.000000000000000622E-15, 6.398767404835592702E-29, -1.000000000000000000 ) ) ;
#3119 = CARTESIAN_POINT ( 'NONE',  ( 43.03915336521937718, 49.80360732423429226, 35.47062160604272663 ) ) ;
#3120 = VECTOR ( 'NONE', #2820, 1000.000000000000000 ) ;
#3121 = SECURITY_CLASSIFICATION ( '', '', #2448 ) ;
#3122 = FACE_OUTER_BOUND ( 'NONE', #4193, .T. ) ;
#3123 = VECTOR ( 'NONE', #3178, 1000.000000000000000 ) ;
#3124 = CARTESIAN_POINT ( 'NONE',  ( 48.67286384697393942, 39.00259148767058548, 37.62062160604307337 ) ) ;
#3125 = APPLICATION_CONTEXT ( 'configuration controlled 3d designs of mechanical parts and assemblies' ) ;
#3126 = ORIENTED_EDGE ( 'NONE', *, *, #989, .F. ) ;
#3127 = CARTESIAN_POINT ( 'NONE',  ( 46.87967678499703084, 46.10259148767038795, 28.19062160604259049 ) ) ;
#3128 = AXIS2_PLACEMENT_3D ( 'NONE', #6006, #5855, #6839 ) ;
#3129 = CARTESIAN_POINT ( 'NONE',  ( 40.50323337924982781, 45.80032768387400210, 28.08385508736752456 ) ) ;
#3130 = ADVANCED_FACE ( 'NONE', ( #5231 ), #6602, .T. ) ;
#3131 = ORIENTED_EDGE ( 'NONE', *, *, #2582, .T. ) ;
#3132 = ORIENTED_EDGE ( 'NONE', *, *, #5885, .T. ) ;
#3133 = APPLICATION_PROTOCOL_DEFINITION ( 'international standard', 'config_control_design', 1994, #3125 ) ;
#3134 = CARTESIAN_POINT ( 'NONE',  ( 42.37286384697348751, 40.96338730024852026, 29.03141741862073744 ) ) ;
#3135 = ADVANCED_FACE ( 'NONE', ( #3056 ), #5112, .F. ) ;
#3136 = EDGE_CURVE ( 'NONE', #3053, #1010, #1159, .T. ) ;
#3137 = VERTEX_POINT ( 'NONE', #2406 ) ;
#3138 = AXIS2_PLACEMENT_3D ( 'NONE', #2150, #3901, #4107 ) ;
#3139 = VECTOR ( 'NONE', #6546, 1000.000000000000000 ) ;
#3140 = ORIENTED_EDGE ( 'NONE', *, *, #1403, .T. ) ;
#3141 = VERTEX_POINT ( 'NONE', #446 ) ;
#3142 = DIRECTION ( 'NONE',  ( 0.0000000000000000000, 0.0000000000000000000, -1.000000000000000000 ) ) ;
#3143 = EDGE_CURVE ( 'NONE', #4638, #4217, #4188, .T. ) ;
#3144 = EDGE_CURVE ( 'NONE', #2226, #4772, #5718, .T. ) ;
#3145 = LINE ( 'NONE', #390, #1449 ) ;
#3146 = ORIENTED_EDGE ( 'NONE', *, *, #6300, .F. ) ;
#3147 = FACE_OUTER_BOUND ( 'NONE', #1675, .T. ) ;
#3148 = ORIENTED_EDGE ( 'NONE', *, *, #1908, .T. ) ;
#3149 = DIRECTION ( 'NONE',  ( -0.0000000000000000000, -0.0000000000000000000, -1.000000000000000000 ) ) ;
#3150 = ORIENTED_EDGE ( 'NONE', *, *, #2751, .T. ) ;
#3151 = VECTOR ( 'NONE', #31, 1000.000000000000000 ) ;
#3152 = CARTESIAN_POINT ( 'NONE',  ( 48.38432012885205324, 44.35259148767056558, 36.22062160604217240 ) ) ;
#3153 = ORIENTED_EDGE ( 'NONE', *, *, #4455, .T. ) ;
#3154 = CARTESIAN_POINT ( 'NONE',  ( 45.02286392053759556, 48.80360732423427805, 33.66202640911340183 ) ) ;
#3155 = CARTESIAN_POINT ( 'NONE',  ( 44.32286377797748855, 48.80360732423427805, 30.47062160604270531 ) ) ;
#3156 = DIRECTION ( 'NONE',  ( 6.259177311183601939E-15, 0.0000000000000000000, -1.000000000000000000 ) ) ;
#3157 = VECTOR ( 'NONE', #4477, 1000.000000000000000 ) ;
#3158 = VERTEX_POINT ( 'NONE', #5454 ) ;
#3159 = AXIS2_PLACEMENT_3D ( 'NONE', #6032, #2733, #1252 ) ;
#3160 = DIRECTION ( 'NONE',  ( 1.000000000000000000, -1.387778780781425323E-14, 0.0000000000000000000 ) ) ;
#3161 = CARTESIAN_POINT ( 'NONE',  ( 44.67286384697375468, 49.59281151165637169, 30.12062160604270389 ) ) ;
#3162 = CIRCLE ( 'NONE', #659, 2.000000000000001776 ) ;
#3163 = FACE_BOUND ( 'NONE', #5227, .T. ) ;
#3164 = CARTESIAN_POINT ( 'NONE',  ( 41.13365965955188841, 42.29179567509275728, 37.62062160604307337 ) ) ;
#3165 = ORIENTED_EDGE ( 'NONE', *, *, #2993, .F. ) ;
#3166 = AXIS2_PLACEMENT_3D ( 'NONE', #5753, #1421, #3825 ) ;
#3167 = DIRECTION ( 'NONE',  ( -1.000000000000000000, 1.027220243219863848E-14, 8.000000000000010088E-15 ) ) ;
#3168 = EDGE_CURVE ( 'NONE', #3656, #3060, #6556, .T. ) ;
#3169 = VECTOR ( 'NONE', #6179, 1000.000000000000000 ) ;
#3170 = DIRECTION ( 'NONE',  ( 1.000000000000000000, 0.0000000000000000000, 0.0000000000000000000 ) ) ;
#3171 = VECTOR ( 'NONE', #6681, 1000.000000000000000 ) ;
#3172 = CIRCLE ( 'NONE', #4437, 2.000000000000001776 ) ;
#3173 = FACE_OUTER_BOUND ( 'NONE', #1681, .T. ) ;
#3174 = EDGE_CURVE ( 'NONE', #1402, #6641, #1980, .T. ) ;
#3175 = VECTOR ( 'NONE', #3815, 1000.000000000000000 ) ;
#3176 = PLANE ( 'NONE',  #4432 ) ;
#3177 = EDGE_LOOP ( 'NONE', ( #5455, #4915, #63, #4518 ) ) ;
#3178 = DIRECTION ( 'NONE',  ( 1.000000000000000000, 0.0000000000000000000, -9.723433716209642107E-15 ) ) ;
#3179 = CIRCLE ( 'NONE', #6564, 0.2107958125779213487 ) ;
#3180 = LINE ( 'NONE', #2227, #2201 ) ;
#3181 = FACE_BOUND ( 'NONE', #884, .T. ) ;
#3182 = DIRECTION ( 'NONE',  ( 1.000000000000000000, -1.027220243219863848E-14, -8.000000000000008510E-15 ) ) ;
#3183 = CARTESIAN_POINT ( 'NONE',  ( 47.37286384697386410, 44.35259148767056558, 35.12062160604218519 ) ) ;
#3184 = LINE ( 'NONE', #4030, #3492 ) ;
#3185 = ORIENTED_EDGE ( 'NONE', *, *, #4054, .F. ) ;
#3186 = EDGE_CURVE ( 'NONE', #1667, #5119, #5328, .T. ) ;
#3187 = ORIENTED_EDGE ( 'NONE', *, *, #3950, .T. ) ;
#3188 = CARTESIAN_POINT ( 'NONE',  ( 48.51938314584522516, 44.35259148767056558, 31.22062160604216530 ) ) ;
#3189 = DIRECTION ( 'NONE',  ( 0.0000000000000000000, 1.000000000000000000, 0.0000000000000000000 ) ) ;
#3190 = CARTESIAN_POINT ( 'NONE',  ( 42.14800182156415076, 40.82599154691354215, 37.62062160604307337 ) ) ;
#3191 = DIRECTION ( 'NONE',  ( 1.000000000000000000, 0.0000000000000000000, 0.0000000000000000000 ) ) ;
#3192 = ORIENTED_EDGE ( 'NONE', *, *, #183, .F. ) ;
#3193 = DIRECTION ( 'NONE',  ( -8.000000000000000622E-15, 1.144994238857888168E-28, -1.000000000000000000 ) ) ;
#3194 = VERTEX_POINT ( 'NONE', #1478 ) ;
#3195 = CIRCLE ( 'NONE', #1953, 0.5000000000000004441 ) ;
#3196 = CARTESIAN_POINT ( 'NONE',  ( 45.02286377797751271, 49.80360732423428516, 36.57921685274974521 ) ) ;
#3197 = VECTOR ( 'NONE', #290, 1000.000000000000000 ) ;
#3198 = DIRECTION ( 'NONE',  ( 1.000000000000000000, -1.027220243219863848E-14, -8.000000000000010088E-15 ) ) ;
#3199 = EDGE_CURVE ( 'NONE', #1442, #3436, #502, .T. ) ;
#3200 = DIRECTION ( 'NONE',  ( 2.371197341398207874E-16, -1.000000000000000000, 1.370316553097683994E-15 ) ) ;
#3201 = VERTEX_POINT ( 'NONE', #3855 ) ;
#3202 = DIRECTION ( 'NONE',  ( -1.000000000000000000, 0.0000000000000000000, 0.0000000000000000000 ) ) ;
#3203 = CARTESIAN_POINT ( 'NONE',  ( 42.04659917311118278, 40.03839582643702499, 37.52062160604316432 ) ) ;
#3204 = AXIS2_PLACEMENT_3D ( 'NONE', #813, #3892, #4999 ) ;
#3205 = ORIENTED_EDGE ( 'NONE', *, *, #658, .F. ) ;
#3206 = EDGE_LOOP ( 'NONE', ( #3798, #1132, #6334, #3917 ) ) ;
#3207 = LINE ( 'NONE', #3977, #3973 ) ;
#3208 = CARTESIAN_POINT ( 'NONE',  ( 46.87967678499703084, 46.10259148767038795, 28.19062160604259049 ) ) ;
#3209 = PLANE ( 'NONE',  #3343 ) ;
#3210 = ORIENTED_EDGE ( 'NONE', *, *, #2541, .T. ) ;
#3211 = DIRECTION ( 'NONE',  ( -1.000000000000000000, 0.0000000000000000000, 0.0000000000000000000 ) ) ;
#3212 = EDGE_LOOP ( 'NONE', ( #4871, #6085 ) ) ;
#3213 = VECTOR ( 'NONE', #1219, 1000.000000000000000 ) ;
#3214 = AXIS2_PLACEMENT_3D ( 'NONE', #4591, #2033, #4006 ) ;
#3215 = VECTOR ( 'NONE', #4470, 1000.000000000000000 ) ;
#3216 = VECTOR ( 'NONE', #1164, 1000.000000000000000 ) ;
#3217 = CARTESIAN_POINT ( 'NONE',  ( 43.17967678499713458, 50.40259148767076880, 38.19062160604261180 ) ) ;
#3218 = CARTESIAN_POINT ( 'NONE',  ( 46.32959280799053658, 39.00259148767057837, 30.46389264502548500 ) ) ;
#3219 = DIRECTION ( 'NONE',  ( 0.0000000000000000000, 0.0000000000000000000, 1.000000000000000000 ) ) ;
#3220 = CARTESIAN_POINT ( 'NONE',  ( 46.67286384697367652, 37.75238908767064316, 30.12062160604268612 ) ) ;
#3221 = DIRECTION ( 'NONE',  ( -1.000000000000000000, 0.0000000000000000000, 8.673617379884027583E-15 ) ) ;
#3222 = ORIENTED_EDGE ( 'NONE', *, *, #946, .F. ) ;
#3223 = DIRECTION ( 'NONE',  ( 0.0000000000000000000, 0.0000000000000000000, -1.000000000000000000 ) ) ;
#3224 = ORIENTED_EDGE ( 'NONE', *, *, #6585, .F. ) ;
#3225 = EDGE_CURVE ( 'NONE', #1858, #6496, #1866, .T. ) ;
#3226 = ORIENTED_EDGE ( 'NONE', *, *, #904, .T. ) ;
#3227 = VERTEX_POINT ( 'NONE', #1961 ) ;
#3228 = DIRECTION ( 'NONE',  ( -8.000000000000000622E-15, -1.534706572270469730E-32, -1.000000000000000000 ) ) ;
#3229 = LINE ( 'NONE', #228, #3078 ) ;
#3230 = CARTESIAN_POINT ( 'NONE',  ( 44.67286382648887866, 49.80360732423428516, 35.12062162652762964 ) ) ;
#3231 = VECTOR ( 'NONE', #1343, 1000.000000000000000 ) ;
#3232 = CARTESIAN_POINT ( 'NONE',  ( 42.25739498568910335, 40.78319719184672465, 37.62062160604307337 ) ) ;
#3233 = CARTESIAN_POINT ( 'NONE',  ( 42.37286384697354436, 43.04179567509262228, 33.82062160604282042 ) ) ;
#3234 = LINE ( 'NONE', #232, #5217 ) ;
#3235 = CARTESIAN_POINT ( 'NONE',  ( 40.46101733332372419, 46.07989443694167875, 38.54117583289283289 ) ) ;
#3236 = VERTEX_POINT ( 'NONE', #2648 ) ;
#3237 = CARTESIAN_POINT ( 'NONE',  ( 44.67286384697392521, 39.00259148767057127, 36.22062160604230030 ) ) ;
#3238 = FACE_OUTER_BOUND ( 'NONE', #728, .T. ) ;
#3239 = ORIENTED_EDGE ( 'NONE', *, *, #4676, .T. ) ;
#3240 = DIRECTION ( 'NONE',  ( 0.0000000000000000000, 0.0000000000000000000, 1.000000000000000000 ) ) ;
#3241 = CARTESIAN_POINT ( 'NONE',  ( 39.67286384697386126, 45.10259148767045190, 32.42062160604264420 ) ) ;
#3242 = VERTEX_POINT ( 'NONE', #1659 ) ;
#3243 = VERTEX_POINT ( 'NONE', #766 ) ;
#3244 = CARTESIAN_POINT ( 'NONE',  ( 41.29786384697383994, 42.84920164918506202, 33.02062160604273089 ) ) ;
#3245 = DIRECTION ( 'NONE',  ( -1.000000000000000000, 0.0000000000000000000, 1.676061329446171623E-14 ) ) ;
#3246 = EDGE_CURVE ( 'NONE', #1442, #2841, #3229, .T. ) ;
#3247 = COORDINATED_UNIVERSAL_TIME_OFFSET ( 5, 30, .AHEAD. ) ;
#3248 = DIRECTION ( 'NONE',  ( -1.000000000000000000, 0.0000000000000000000, 0.0000000000000000000 ) ) ;
#3249 = CARTESIAN_POINT ( 'NONE',  ( 42.58741329819359578, 41.62680722797615118, 37.52062160604316432 ) ) ;
#3250 = AXIS2_PLACEMENT_3D ( 'NONE', #1323, #5184, #1729 ) ;
#3251 = LINE ( 'NONE', #5550, #4549 ) ;
#3252 = VECTOR ( 'NONE', #6367, 1000.000000000000000 ) ;
#3253 = VECTOR ( 'NONE', #4637, 1000.000000000000000 ) ;
#3254 = VERTEX_POINT ( 'NONE', #6808 ) ;
#3255 = ORIENTED_EDGE ( 'NONE', *, *, #490, .T. ) ;
#3256 = PLANE ( 'NONE',  #2597 ) ;
#3257 = LINE ( 'NONE', #5239, #6177 ) ;
#3258 = EDGE_CURVE ( 'NONE', #1872, #174, #2946, .T. ) ;
#3259 = DIRECTION ( 'NONE',  ( -0.0000000000000000000, -1.000000000000000000, -0.0000000000000000000 ) ) ;
#3260 = EDGE_LOOP ( 'NONE', ( #2523, #3859, #6674, #2217, #4981, #5756 ) ) ;
#3261 = CARTESIAN_POINT ( 'NONE',  ( 44.67286384697342783, 35.71338730024852737, 30.12062160604262573 ) ) ;
#3262 = CARTESIAN_POINT ( 'NONE',  ( 44.32286377797748855, 48.80360732423427805, 31.57921682946847497 ) ) ;
#3263 = CIRCLE ( 'NONE', #5126, 0.4567242605854615611 ) ;
#3264 = CARTESIAN_POINT ( 'NONE',  ( 45.02286377797751271, 48.80360732423427805, 36.57921685274974521 ) ) ;
#3265 = VECTOR ( 'NONE', #5803, 1000.000000000000000 ) ;
#3266 = FACE_OUTER_BOUND ( 'NONE', #326, .T. ) ;
#3267 = CARTESIAN_POINT ( 'NONE',  ( 44.67286384697375468, 49.59649040585271251, 30.12062160604270389 ) ) ;
#3268 = PLANE ( 'NONE',  #6336 ) ;
#3269 = ADVANCED_FACE ( 'NONE', ( #224 ), #2206, .T. ) ;
#3270 = CARTESIAN_POINT ( 'NONE',  ( 44.67286384697379731, 49.80360732423429226, 35.12062160604270389 ) ) ;
#3271 = CARTESIAN_POINT ( 'NONE',  ( 41.26458181798120251, 39.82760001385911153, 37.62062160604307337 ) ) ;
#3272 = EDGE_CURVE ( 'NONE', #2678, #3478, #6450, .T. ) ;
#3273 = AXIS2_PLACEMENT_3D ( 'NONE', #540, #3537, #1083 ) ;
#3274 = DIRECTION ( 'NONE',  ( 2.218993185860504869E-16, -1.000000000000000000, 1.370316553097683994E-15 ) ) ;
#3275 = DIRECTION ( 'NONE',  ( 1.061106096092800643E-15, 1.000000000000000000, 5.549882527961352339E-29 ) ) ;
#3276 = EDGE_LOOP ( 'NONE', ( #4661, #6005, #3957, #1276 ) ) ;
#3277 = DIRECTION ( 'NONE',  ( -0.0000000000000000000, 1.000000000000000000, -0.0000000000000000000 ) ) ;
#3278 = VERTEX_POINT ( 'NONE', #3865 ) ;
#3279 = EDGE_CURVE ( 'NONE', #6273, #2945, #3110, .T. ) ;
#3280 = EDGE_CURVE ( 'NONE', #4996, #6418, #6704, .T. ) ;
#3281 = DIRECTION ( 'NONE',  ( -5.384979558076334077E-14, 0.0000000000000000000, -1.000000000000000000 ) ) ;
#3282 = ORIENTED_EDGE ( 'NONE', *, *, #4457, .T. ) ;
#3283 = CIRCLE ( 'NONE', #1451, 0.2283621302927932306 ) ;
#3284 = AXIS2_PLACEMENT_3D ( 'NONE', #5769, #1195, #4539 ) ;
#3285 = ORIENTED_EDGE ( 'NONE', *, *, #1016, .F. ) ;
#3286 = EDGE_CURVE ( 'NONE', #6636, #2308, #3624, .T. ) ;
#3287 = FACE_OUTER_BOUND ( 'NONE', #2442, .T. ) ;
#3288 = CARTESIAN_POINT ( 'NONE',  ( 41.26458181798120251, 41.96678714891211115, 37.52062160604316432 ) ) ;
#3289 = DIRECTION ( 'NONE',  ( 0.0000000000000000000, 0.0000000000000000000, 1.000000000000000000 ) ) ;
#3290 = CARTESIAN_POINT ( 'NONE',  ( 47.37286384697385699, 44.35259148767056558, 34.02062160604219798 ) ) ;
#3291 = ORIENTED_EDGE ( 'NONE', *, *, #3819, .F. ) ;
#3292 = DIRECTION ( 'NONE',  ( -8.068481283613059739E-15, -1.000000000000000000, 0.0000000000000000000 ) ) ;
#3293 = ORIENTED_EDGE ( 'NONE', *, *, #5578, .F. ) ;
#3294 = DIRECTION ( 'NONE',  ( 0.1218693434051270480, 0.9925461516413245366, -8.360079722268039796E-16 ) ) ;
#3295 = CARTESIAN_POINT ( 'NONE',  ( 46.67286384697371915, 50.40259148767040642, 35.12062160604268968 ) ) ;
#3296 = EDGE_LOOP ( 'NONE', ( #123, #5747, #6567, #4401, #986, #3205 ) ) ;
#3297 = EDGE_CURVE ( 'NONE', #3137, #676, #1242, .T. ) ;
#3298 = CARTESIAN_POINT ( 'NONE',  ( 46.72986384697404105, 50.40259148767076880, 37.74947806369628722 ) ) ;
#3299 = CARTESIAN_POINT ( 'NONE',  ( 40.42286384697396784, 42.53454565111925945, 37.32062160604305490 ) ) ;
#3300 = EDGE_CURVE ( 'NONE', #5081, #1286, #3736, .T. ) ;
#3301 = ORIENTED_EDGE ( 'NONE', *, *, #1223, .F. ) ;
#3302 = EDGE_CURVE ( 'NONE', #2087, #1913, #1291, .T. ) ;
#3303 = VECTOR ( 'NONE', #1487, 1000.000000000000000 ) ;
#3304 = VECTOR ( 'NONE', #6057, 1000.000000000000000 ) ;
#3305 = CARTESIAN_POINT ( 'NONE',  ( 43.37286384697347330, 40.75259148767059258, 28.82062160604280976 ) ) ;
#3306 = CARTESIAN_POINT ( 'NONE',  ( 40.76927400848768457, 39.80259148767057553, 28.43721316011393796 ) ) ;
#3307 = CARTESIAN_POINT ( 'NONE',  ( 42.37286384697350172, 43.25259148767054285, 28.82062160604282397 ) ) ;
#3308 = PLANE ( 'NONE',  #2382 ) ;
#3309 = VERTEX_POINT ( 'NONE', #1047 ) ;
#3310 = VECTOR ( 'NONE', #3396, 1000.000000000000000 ) ;
#3311 = ORIENTED_EDGE ( 'NONE', *, *, #1346, .T. ) ;
#3312 = ORIENTED_EDGE ( 'NONE', *, *, #2970, .F. ) ;
#3313 = EDGE_CURVE ( 'NONE', #3309, #5469, #5520, .T. ) ;
#3314 = ADVANCED_FACE ( 'NONE', ( #2025 ), #4133, .T. ) ;
#3315 = DIRECTION ( 'NONE',  ( -1.129587379705846507E-14, -1.000000000000000000, 0.0000000000000000000 ) ) ;
#3316 = EDGE_LOOP ( 'NONE', ( #547, #974, #853, #4655 ) ) ;
#3317 = EDGE_LOOP ( 'NONE', ( #137, #5226, #211, #5275 ) ) ;
#3318 = VERTEX_POINT ( 'NONE', #815 ) ;
#3319 = CARTESIAN_POINT ( 'NONE',  ( 42.82415852339111950, 49.59649040585271962, 35.47062160604273373 ) ) ;
#3320 = VERTEX_POINT ( 'NONE', #4522 ) ;
#3321 = DIRECTION ( 'NONE',  ( -8.000000000000000622E-15, -1.000000000000000000, 3.294448185923983611E-93 ) ) ;
#3322 = DIRECTION ( 'NONE',  ( -0.6546536707079655404, -0.3779644730092338589, 0.6546536707079849693 ) ) ;
#3323 = ORIENTED_EDGE ( 'NONE', *, *, #6104, .F. ) ;
#3324 = EDGE_LOOP ( 'NONE', ( #1946, #5324, #6457, #4029 ) ) ;
#3325 = FACE_OUTER_BOUND ( 'NONE', #2418, .T. ) ;
#3326 = LINE ( 'NONE', #5985, #5534 ) ;
#3327 = ORIENTED_EDGE ( 'NONE', *, *, #5336, .F. ) ;
#3328 = ORIENTED_EDGE ( 'NONE', *, *, #546, .T. ) ;
#3329 = LINE ( 'NONE', #3188, #4289 ) ;
#3330 = CIRCLE ( 'NONE', #3636, 0.2107958125779213487 ) ;
#3331 = DIRECTION ( 'NONE',  ( 1.000000000000000000, 0.0000000000000000000, 0.0000000000000000000 ) ) ;
#3332 = EDGE_CURVE ( 'NONE', #4971, #3974, #4963, .T. ) ;
#3333 = ADVANCED_FACE ( 'NONE', ( #1672 ), #1158, .T. ) ;
#3334 = VECTOR ( 'NONE', #4197, 1000.000000000000000 ) ;
#3335 = VECTOR ( 'NONE', #6691, 1000.000000000000000 ) ;
#3336 = ADVANCED_FACE ( 'NONE', ( #6590 ), #2080, .T. ) ;
#3337 = LINE ( 'NONE', #2802, #6857 ) ;
#3338 = ORIENTED_EDGE ( 'NONE', *, *, #3599, .F. ) ;
#3339 = PLANE ( 'NONE',  #377 ) ;
#3340 = VERTEX_POINT ( 'NONE', #5060 ) ;
#3341 = DIRECTION ( 'NONE',  ( 8.000000000000000622E-15, 1.000000000000000000, 1.534706572269838872E-32 ) ) ;
#3342 = CIRCLE ( 'NONE', #2549, 0.2283621302927932306 ) ;
#3343 = AXIS2_PLACEMENT_3D ( 'NONE', #6511, #1393, #5290 ) ;
#3344 = EDGE_CURVE ( 'NONE', #5514, #6365, #5030, .T. ) ;
#3345 = AXIS2_PLACEMENT_3D ( 'NONE', #1139, #6753, #981 ) ;
#3346 = CARTESIAN_POINT ( 'NONE',  ( 40.46101733332380235, 45.82470112935353512, 32.27775236062585407 ) ) ;
#3347 = DIRECTION ( 'NONE',  ( 0.0000000000000000000, 0.0000000000000000000, -1.000000000000000000 ) ) ;
#3348 = ORIENTED_EDGE ( 'NONE', *, *, #46, .F. ) ;
#3349 = CARTESIAN_POINT ( 'NONE',  ( 42.04659917311159489, 41.81161084668315198, 37.52062160604316432 ) ) ;
#3350 = FACE_OUTER_BOUND ( 'NONE', #4860, .T. ) ;
#3351 = DIRECTION ( 'NONE',  ( 1.224646799147353207E-16, -1.383345568914010741E-30, 1.000000000000000000 ) ) ;
#3352 = CARTESIAN_POINT ( 'NONE',  ( 40.42286384697391810, 39.80259148767062527, 33.87062160604238414 ) ) ;
#3353 = VECTOR ( 'NONE', #4304, 1000.000000000000000 ) ;
#3354 = EDGE_CURVE ( 'NONE', #3436, #6401, #4298, .T. ) ;
#3355 = ORIENTED_EDGE ( 'NONE', *, *, #6416, .F. ) ;
#3356 = VECTOR ( 'NONE', #3417, 1000.000000000000114 ) ;
#3357 = EDGE_LOOP ( 'NONE', ( #4910, #5952, #6737, #5978, #1862, #5364, #5090, #1565 ) ) ;
#3358 = VERTEX_POINT ( 'NONE', #3469 ) ;
#3359 = TOROIDAL_SURFACE ( 'NONE', #1888, 1.670781235887647265, 0.2107958125779215153 ) ;
#3360 = EDGE_CURVE ( 'NONE', #6668, #849, #5166, .T. ) ;
#3361 = DIRECTION ( 'NONE',  ( 8.817841970012501240E-16, -1.000000000000000000, -6.951765516301673895E-30 ) ) ;
#3362 = EDGE_CURVE ( 'NONE', #1913, #5414, #2559, .T. ) ;
#3363 = CARTESIAN_POINT ( 'NONE',  ( 2.736564291745530803E-13, -2.191013590452115325E-27, 28.19062160604303813 ) ) ;
#3364 = CARTESIAN_POINT ( 'NONE',  ( 43.02986384697393873, 50.40259148767042063, 27.74947806369631564 ) ) ;
#3365 = LINE ( 'NONE', #4921, #5000 ) ;
#3366 = EDGE_CURVE ( 'NONE', #5650, #5416, #4349, .T. ) ;
#3367 = LINE ( 'NONE', #1579, #2329 ) ;
#3368 = ORIENTED_EDGE ( 'NONE', *, *, #3947, .T. ) ;
#3369 = FACE_OUTER_BOUND ( 'NONE', #5264, .T. ) ;
#3370 = EDGE_LOOP ( 'NONE', ( #650, #1864, #6328, #4566, #1385, #2756, #2567, #4765 ) ) ;
#3371 = LOCAL_TIME ( 14, 48, 46.00000000000000000, #2599 ) ;
#3372 = CARTESIAN_POINT ( 'NONE',  ( 40.01927400848835248, 45.10259148767045190, 33.02062160604304353 ) ) ;
#3373 = VECTOR ( 'NONE', #1000, 1000.000000000000000 ) ;
#3374 = AXIS2_PLACEMENT_3D ( 'NONE', #6660, #6389, #5668 ) ;
#3375 = EDGE_CURVE ( 'NONE', #6204, #6119, #3462, .T. ) ;
#3376 = EDGE_LOOP ( 'NONE', ( #5488, #4684, #3748, #566 ) ) ;
#3377 = ORIENTED_EDGE ( 'NONE', *, *, #1484, .F. ) ;
#3378 = DIRECTION ( 'NONE',  ( 1.000000000000000000, -1.129587379705846507E-14, 0.0000000000000000000 ) ) ;
#3379 = ADVANCED_FACE ( 'NONE', ( #3771 ), #6295, .F. ) ;
#3380 = CIRCLE ( 'NONE', #6476, 0.2107958125779213487 ) ;
#3381 = VECTOR ( 'NONE', #16, 1000.000000000000000 ) ;
#3382 = CYLINDRICAL_SURFACE ( 'NONE', #724, 1.000000000000000888 ) ;
#3383 = AXIS2_PLACEMENT_3D ( 'NONE', #1677, #5584, #6058 ) ;
#3384 = CARTESIAN_POINT ( 'NONE',  ( 43.02986384697395295, 50.30259148767042632, 27.74947806369631209 ) ) ;
#3385 = LINE ( 'NONE', #1761, #2432 ) ;
#3386 = ORIENTED_EDGE ( 'NONE', *, *, #4294, .F. ) ;
#3387 = AXIS2_PLACEMENT_3D ( 'NONE', #271, #4941, #4293 ) ;
#3388 = CARTESIAN_POINT ( 'NONE',  ( 39.67286384697388968, 43.50279148767114634, 37.62062160604307337 ) ) ;
#3389 = CARTESIAN_POINT ( 'NONE',  ( 46.67286384697368362, 50.40259148767040642, 30.12062160604268612 ) ) ;
#3390 = EDGE_LOOP ( 'NONE', ( #6326, #4050, #578, #4019 ) ) ;
#3391 = CIRCLE ( 'NONE', #6572, 1.895384768912773632 ) ;
#3392 = VECTOR ( 'NONE', #6621, 1000.000000000000000 ) ;
#3393 = LINE ( 'NONE', #5477, #1331 ) ;
#3394 = EDGE_CURVE ( 'NONE', #6670, #6858, #1772, .T. ) ;
#3395 = VERTEX_POINT ( 'NONE', #2661 ) ;
#3396 = DIRECTION ( 'NONE',  ( 0.0000000000000000000, -0.0000000000000000000, -1.000000000000000000 ) ) ;
#3397 = ORIENTED_EDGE ( 'NONE', *, *, #5256, .T. ) ;
#3398 = LINE ( 'NONE', #1546, #4865 ) ;
#3399 = PLANE ( 'NONE',  #2699 ) ;
#3400 = AXIS2_PLACEMENT_3D ( 'NONE', #713, #5685, #5682 ) ;
#3401 = CARTESIAN_POINT ( 'NONE',  ( 46.09432400481631475, 49.80360732423429226, 35.47062160604269820 ) ) ;
#3402 = VERTEX_POINT ( 'NONE', #4114 ) ;
#3403 = CARTESIAN_POINT ( 'NONE',  ( 44.67286384697371204, 37.75238908767064316, 35.12062160604270389 ) ) ;
#3404 = CARTESIAN_POINT ( 'NONE',  ( 42.61586384697395857, 50.40259148767042774, 27.62062160604273231 ) ) ;
#3405 = ORIENTED_EDGE ( 'NONE', *, *, #4498, .F. ) ;
#3406 = CONICAL_SURFACE ( 'NONE', #2147, 0.6535898384970456609, 1.047197551251398240 ) ;
#3407 = DIRECTION ( 'NONE',  ( -2.298141435449797094E-16, 1.000000000000000000, 0.0000000000000000000 ) ) ;
#3408 = EDGE_CURVE ( 'NONE', #1010, #2232, #5809, .T. ) ;
#3409 = ORIENTED_EDGE ( 'NONE', *, *, #1106, .T. ) ;
#3410 = PLANE ( 'NONE',  #1912 ) ;
#3411 = ORIENTED_EDGE ( 'NONE', *, *, #3005, .F. ) ;
#3412 = AXIS2_PLACEMENT_3D ( 'NONE', #6768, #1678, #2967 ) ;
#3413 = CARTESIAN_POINT ( 'NONE',  ( 44.67286384697379731, 48.60259148767040216, 35.12062160604270389 ) ) ;
#3414 = AXIS2_PLACEMENT_3D ( 'NONE', #5577, #3341, #5704 ) ;
#3415 = VERTEX_POINT ( 'NONE', #385 ) ;
#3416 = ORIENTED_EDGE ( 'NONE', *, *, #1908, .F. ) ;
#3417 = DIRECTION ( 'NONE',  ( 0.6435627400803348719, -5.148501920642630933E-15, 0.7653933626445236227 ) ) ;
#3418 = ORIENTED_EDGE ( 'NONE', *, *, #2149, .T. ) ;
#3419 = EDGE_CURVE ( 'NONE', #2395, #5213, #3385, .T. ) ;
#3420 = AXIS2_PLACEMENT_3D ( 'NONE', #4438, #3526, #2624 ) ;
#3421 = VERTEX_POINT ( 'NONE', #3607 ) ;
#3422 = ADVANCED_FACE ( 'NONE', ( #4570 ), #1021, .F. ) ;
#3423 = ORIENTED_EDGE ( 'NONE', *, *, #6617, .T. ) ;
#3424 = FACE_BOUND ( 'NONE', #5392, .T. ) ;
#3425 = CARTESIAN_POINT ( 'NONE',  ( 40.76927400848777694, 42.84920164918488439, 37.12062160604305205 ) ) ;
#3426 = CARTESIAN_POINT ( 'NONE',  ( 44.67286384697380441, 48.80360732420605530, 35.12062160604270389 ) ) ;
#3427 = ORIENTED_EDGE ( 'NONE', *, *, #44, .T. ) ;
#3428 = EDGE_CURVE ( 'NONE', #6141, #3573, #4300, .T. ) ;
#3429 = ORIENTED_EDGE ( 'NONE', *, *, #4870, .T. ) ;
#3430 = ORIENTED_EDGE ( 'NONE', *, *, #1153, .F. ) ;
#3431 = CARTESIAN_POINT ( 'NONE',  ( 48.67286384697396784, 42.00259148767001705, 33.02062160604256036 ) ) ;
#3432 = DIRECTION ( 'NONE',  ( 5.384979558076334077E-14, 0.0000000000000000000, 1.000000000000000000 ) ) ;
#3433 = DIRECTION ( 'NONE',  ( -1.000000000000000000, -4.611712367288014258E-17, 8.000000000000000622E-15 ) ) ;
#3434 = AXIS2_PLACEMENT_3D ( 'NONE', #6725, #779, #5274 ) ;
#3435 = FACE_OUTER_BOUND ( 'NONE', #3768, .T. ) ;
#3436 = VERTEX_POINT ( 'NONE', #2893 ) ;
#3437 = AXIS2_PLACEMENT_3D ( 'NONE', #1137, #3867, #3378 ) ;
#3438 = EDGE_CURVE ( 'NONE', #2742, #42, #6582, .T. ) ;
#3439 = CARTESIAN_POINT ( 'NONE',  ( 40.46101733332254469, 45.82470112935426698, 32.96349085145902080 ) ) ;
#3440 = DIRECTION ( 'NONE',  ( 0.0000000000000000000, 0.0000000000000000000, -1.000000000000000000 ) ) ;
#3441 = CARTESIAN_POINT ( 'NONE',  ( 42.25739498568910335, 40.03839582643702499, 37.62062160604307337 ) ) ;
#3442 = CIRCLE ( 'NONE', #2186, 0.2107958125779213487 ) ;
#3443 = VERTEX_POINT ( 'NONE', #3587 ) ;
#3444 = CARTESIAN_POINT ( 'NONE',  ( 44.67286382648882892, 49.80360732423428516, 30.12062162652762964 ) ) ;
#3445 = DIRECTION ( 'NONE',  ( 0.6435627400805576936, -5.148501920644413759E-15, 0.7653933626443364391 ) ) ;
#3446 = DIRECTION ( 'NONE',  ( 1.000000000000000000, 0.0000000000000000000, -6.938893903907222067E-15 ) ) ;
#3447 = FACE_BOUND ( 'NONE', #1920, .T. ) ;
#3448 = ORIENTED_EDGE ( 'NONE', *, *, #2834, .F. ) ;
#3449 = ORIENTED_EDGE ( 'NONE', *, *, #5938, .F. ) ;
#3450 = CARTESIAN_POINT ( 'NONE',  ( 42.25739498568951547, 41.96678714891210404, 37.52062160604316432 ) ) ;
#3451 = ORIENTED_EDGE ( 'NONE', *, *, #3354, .T. ) ;
#3452 = LINE ( 'NONE', #3680, #3589 ) ;
#3453 = DIRECTION ( 'NONE',  ( -0.6546536707079794182, -0.6546536707079718687, 0.3779644730092323601 ) ) ;
#3454 = CARTESIAN_POINT ( 'NONE',  ( 47.38833441211302500, 50.10259148767038795, 37.62062160604307337 ) ) ;
#3455 = CARTESIAN_POINT ( 'NONE',  ( 42.25739498568951547, 41.81161084668315198, 37.62062160604307337 ) ) ;
#3456 = ADVANCED_FACE ( 'NONE', ( #2827 ), #720, .T. ) ;
#3457 = CARTESIAN_POINT ( 'NONE',  ( 42.77397033358368361, 48.60259148767041637, 30.12062160604271455 ) ) ;
#3458 = VECTOR ( 'NONE', #3910, 1000.000000000000000 ) ;
#3459 = DIRECTION ( 'NONE',  ( -0.6435627400807248932, 0.0000000000000000000, 0.7653933626441957738 ) ) ;
#3460 = CARTESIAN_POINT ( 'NONE',  ( 42.46605090895082668, 46.10259148767042348, 28.19062160604262601 ) ) ;
#3461 = CIRCLE ( 'NONE', #5383, 2.000000000000001776 ) ;
#3462 = B_SPLINE_CURVE_WITH_KNOTS ( 'NONE', 3,
 ( #5204, #2192, #5190, #1088, #5010, #1971 ),
 .UNSPECIFIED., .F., .F.,
 ( 4, 2, 4 ),
 ( 2.612933533952356819E-16, 0.0001644974017407186751, 0.0003289948034811760575 ),
 .UNSPECIFIED. ) ;
#3463 = CARTESIAN_POINT ( 'NONE',  ( 40.42286384697386836, 39.45618132615674511, 27.77421144452874913 ) ) ;
#3464 = AXIS2_PLACEMENT_3D ( 'NONE', #1357, #236, #288 ) ;
#3465 = DIRECTION ( 'NONE',  ( -1.110223024625180206E-14, -1.000000000000000000, -2.775557561562950516E-15 ) ) ;
#3466 = DIRECTION ( 'NONE',  ( 1.000000000000000000, -8.000000000000000622E-15, 4.611712367288014258E-17 ) ) ;
#3467 = CARTESIAN_POINT ( 'NONE',  ( 42.64876864331620965, 41.22639938744485022, 37.62062160604307337 ) ) ;
#3468 = ORIENTED_EDGE ( 'NONE', *, *, #6094, .F. ) ;
#3469 = CARTESIAN_POINT ( 'NONE',  ( 40.58904486027150682, 45.75078440220651999, 37.12062160604304495 ) ) ;
#3470 = EDGE_LOOP ( 'NONE', ( #6249, #563, #1902, #4112, #704 ) ) ;
#3471 = ORIENTED_EDGE ( 'NONE', *, *, #5626, .F. ) ;
#3472 = PERSON_AND_ORGANIZATION ( #5861, #2205 ) ;
#3473 = DIRECTION ( 'NONE',  ( 1.000000000000000000, 0.0000000000000000000, -1.156482317317918465E-14 ) ) ;
#3474 = ORIENTED_EDGE ( 'NONE', *, *, #532, .F. ) ;
#3475 = AXIS2_PLACEMENT_3D ( 'NONE', #1275, #3200, #1179 ) ;
#3476 = AXIS2_PLACEMENT_3D ( 'NONE', #938, #4445, #1808 ) ;
#3477 = AXIS2_PLACEMENT_3D ( 'NONE', #3025, #5043, #3248 ) ;
#3478 = VERTEX_POINT ( 'NONE', #6479 ) ;
#3479 = ORIENTED_EDGE ( 'NONE', *, *, #4284, .F. ) ;
#3480 = CARTESIAN_POINT ( 'NONE',  ( 39.96575706578730092, 42.79568470648457890, 32.25151962731687405 ) ) ;
#3481 = CYLINDRICAL_SURFACE ( 'NONE', #3138, 1.000000000000000888 ) ;
#3482 = DIRECTION ( 'NONE',  ( -1.092820323027550866E-14, -0.4999999999999998890, -0.8660254037844387076 ) ) ;
#3483 = FACE_OUTER_BOUND ( 'NONE', #4944, .T. ) ;
#3484 = CARTESIAN_POINT ( 'NONE',  ( 40.42286384697360546, -3.501992719574689538E-13, 36.37062160604228467 ) ) ;
#3485 = ORIENTED_EDGE ( 'NONE', *, *, #6770, .F. ) ;
#3486 = FACE_OUTER_BOUND ( 'NONE', #879, .T. ) ;
#3487 = VERTEX_POINT ( 'NONE', #6106 ) ;
#3488 = DIRECTION ( 'NONE',  ( 1.061106096092800643E-15, 1.000000000000000000, 5.549882527961352339E-29 ) ) ;
#3489 = ORIENTED_EDGE ( 'NONE', *, *, #2829, .F. ) ;
#3490 = DIRECTION ( 'NONE',  ( 0.01745240643708481990, -0.9998476951563947113, 1.230488595751950162E-15 ) ) ;
#3491 = CYLINDRICAL_SURFACE ( 'NONE', #5134, 0.2107958125779213487 ) ;
#3492 = VECTOR ( 'NONE', #6112, 999.9999999999998863 ) ;
#3493 = EDGE_CURVE ( 'NONE', #968, #2484, #2480, .T. ) ;
#3494 = CARTESIAN_POINT ( 'NONE',  ( 45.02286377797751271, 48.80360732423429937, 35.47062160604269110 ) ) ;
#3495 = DIRECTION ( 'NONE',  ( 0.7653933626441026261, -6.123146901152821485E-15, 0.6435627400808355825 ) ) ;
#3496 = ADVANCED_FACE ( 'NONE', ( #1265 ), #2631, .T. ) ;
#3497 = VERTEX_POINT ( 'NONE', #1918 ) ;
#3498 = FACE_OUTER_BOUND ( 'NONE', #198, .T. ) ;
#3499 = ADVANCED_FACE ( 'NONE', ( #352 ), #1988, .T. ) ;
#3500 = VECTOR ( 'NONE', #1581, 1000.000000000000000 ) ;
#3501 = ORIENTED_EDGE ( 'NONE', *, *, #3113, .F. ) ;
#3502 = CARTESIAN_POINT ( 'NONE',  ( 44.67286384697379731, 48.60259148779595506, 35.12062160604270389 ) ) ;
#3503 = DIRECTION ( 'NONE',  ( -8.899646579587765736E-15, -2.920835290019700565E-29, -1.000000000000000000 ) ) ;
#3504 = EDGE_LOOP ( 'NONE', ( #3239, #5518, #4790, #5998, #3210, #5319, #3650, #5788 ) ) ;
#3505 = PLANE ( 'NONE',  #1108 ) ;
#3506 = AXIS2_PLACEMENT_3D ( 'NONE', #5205, #5975, #40 ) ;
#3507 = AXIS2_PLACEMENT_3D ( 'NONE', #4525, #2173, #6697 ) ;
#3508 = LINE ( 'NONE', #2757, #5021 ) ;
#3509 = DIRECTION ( 'NONE',  ( -1.000000000000000000, 2.096737068845737267E-14, -0.0000000000000000000 ) ) ;
#3510 = FACE_OUTER_BOUND ( 'NONE', #5828, .T. ) ;
#3511 = ORIENTED_EDGE ( 'NONE', *, *, #6195, .F. ) ;
#3512 = CARTESIAN_POINT ( 'NONE',  ( 47.89318188524047315, 48.35259148767057980, 32.22062160604219372 ) ) ;
#3513 = DIRECTION ( 'NONE',  ( -2.298141435449797094E-16, 1.000000000000000000, 6.123233995743351792E-17 ) ) ;
#3514 = VECTOR ( 'NONE', #4725, 1000.000000000000114 ) ;
#3515 = AXIS2_PLACEMENT_3D ( 'NONE', #535, #2619, #1032 ) ;
#3516 = ORIENTED_EDGE ( 'NONE', *, *, #6260, .F. ) ;
#3517 = ADVANCED_FACE ( 'NONE', ( #1491 ), #1520, .T. ) ;
#3518 = CARTESIAN_POINT ( 'NONE',  ( 40.92286384697396784, 42.50259148767067785, 37.62062160604307337 ) ) ;
#3519 = EDGE_CURVE ( 'NONE', #1872, #913, #1477, .T. ) ;
#3520 = CIRCLE ( 'NONE', #2129, 1.499999999999994449 ) ;
#3521 = ORIENTED_EDGE ( 'NONE', *, *, #5425, .T. ) ;
#3522 = ADVANCED_FACE ( 'NONE', ( #1926 ), #4310, .T. ) ;
#3523 = CARTESIAN_POINT ( 'NONE',  ( 41.56572782498196972, 43.64565546567929033, 33.48045443139277211 ) ) ;
#3524 = EDGE_CURVE ( 'NONE', #3421, #497, #1715, .T. ) ;
#3525 = ORIENTED_EDGE ( 'NONE', *, *, #3115, .T. ) ;
#3526 = DIRECTION ( 'NONE',  ( 2.298141435449792163E-16, -1.000000000000000000, -6.123233995743353024E-17 ) ) ;
#3527 = CARTESIAN_POINT ( 'NONE',  ( 42.47802013406861477, 41.66960158304296158, 37.52062160604316432 ) ) ;
#3528 = AXIS2_PLACEMENT_3D ( 'NONE', #965, #3683, #4245 ) ;
#3529 = VECTOR ( 'NONE', #549, 1000.000000000000114 ) ;
#3530 = CARTESIAN_POINT ( 'NONE',  ( 43.17967678499706352, 50.40259148767041353, 28.19062160604261891 ) ) ;
#3531 = ADVANCED_FACE ( 'NONE', ( #6335 ), #6597, .T. ) ;
#3532 = CARTESIAN_POINT ( 'NONE',  ( 46.57175736036382574, 48.60259148767038795, 30.12062160604268968 ) ) ;
#3533 = ORIENTED_EDGE ( 'NONE', *, *, #5834, .F. ) ;
#3534 = ORIENTED_EDGE ( 'NONE', *, *, #21, .T. ) ;
#3535 = ORIENTED_EDGE ( 'NONE', *, *, #2741, .F. ) ;
#3536 = PLANE ( 'NONE',  #6089 ) ;
#3537 = DIRECTION ( 'NONE',  ( -0.7653933626441811189, 0.0000000000000000000, -0.6435627400807423237 ) ) ;
#3538 = LINE ( 'NONE', #6700, #1136 ) ;
#3539 = CARTESIAN_POINT ( 'NONE',  ( 42.82514659883158714, 49.65210922072864008, 30.47062160604248859 ) ) ;
#3540 = PLANE ( 'NONE',  #6266 ) ;
#3541 = EDGE_LOOP ( 'NONE', ( #2437, #1023, #2889, #2044 ) ) ;
#3542 = LINE ( 'NONE', #3244, #333 ) ;
#3543 = ORIENTED_EDGE ( 'NONE', *, *, #1618, .T. ) ;
#3544 = CARTESIAN_POINT ( 'NONE',  ( 44.67286384697367652, 50.40259148767040642, 30.12062160604270389 ) ) ;
#3545 = EDGE_LOOP ( 'NONE', ( #5913, #5697, #6413, #4630 ) ) ;
#3546 = AXIS2_PLACEMENT_3D ( 'NONE', #5576, #2151, #2856 ) ;
#3547 = CARTESIAN_POINT ( 'NONE',  ( 47.38833441211295394, 50.40259148767038511, 27.62062160604269323 ) ) ;
#3548 = ORIENTED_EDGE ( 'NONE', *, *, #2110, .F. ) ;
#3549 = VERTEX_POINT ( 'NONE', #5570 ) ;
#3550 = EDGE_CURVE ( 'NONE', #4212, #6284, #6114, .T. ) ;
#3551 = EDGE_LOOP ( 'NONE', ( #3893, #669, #1459, #5764 ) ) ;
#3552 = DIRECTION ( 'NONE',  ( -1.000000000000000000, 7.858418974647075259E-15, 6.415001721268519099E-15 ) ) ;
#3553 = ORIENTED_EDGE ( 'NONE', *, *, #4708, .T. ) ;
#3554 = AXIS2_PLACEMENT_3D ( 'NONE', #6690, #296, #6327 ) ;
#3555 = ORIENTED_EDGE ( 'NONE', *, *, #1269, .T. ) ;
#3556 = PLANE ( 'NONE',  #5151 ) ;
#3557 = DIRECTION ( 'NONE',  ( -1.129587379705850136E-14, -1.000000000000000000, 0.0000000000000000000 ) ) ;
#3558 = DIRECTION ( 'NONE',  ( -0.8660254037844457020, 0.4999999999999877875, 6.928203230275580135E-15 ) ) ;
#3559 = TOROIDAL_SURFACE ( 'NONE', #6394, 1.670781235887647265, 0.2107958125779215153 ) ;
#3560 = VECTOR ( 'NONE', #4834, 1000.000000000000000 ) ;
#3561 = CARTESIAN_POINT ( 'NONE',  ( 45.02286377797747008, 48.80360732423427805, 31.57921685274973811 ) ) ;
#3562 = VECTOR ( 'NONE', #331, 1000.000000000000000 ) ;
#3563 = VERTEX_POINT ( 'NONE', #3664 ) ;
#3564 = DIRECTION ( 'NONE',  ( 1.000000000000000000, 0.0000000000000000000, 0.0000000000000000000 ) ) ;
#3565 = FACE_OUTER_BOUND ( 'NONE', #4613, .T. ) ;
#3566 = EDGE_CURVE ( 'NONE', #772, #1078, #6635, .T. ) ;
#3567 = VERTEX_POINT ( 'NONE', #6514 ) ;
#3568 = CARTESIAN_POINT ( 'NONE',  ( 40.57286384697382431, 39.00259148767057127, 29.02062160604234009 ) ) ;
#3569 = EDGE_CURVE ( 'NONE', #577, #6111, #3283, .T. ) ;
#3570 = CARTESIAN_POINT ( 'NONE',  ( 42.64876864331620965, 41.22639938744485022, 37.62062160604307337 ) ) ;
#3571 = VECTOR ( 'NONE', #6379, 1000.000000000000000 ) ;
#3572 = VECTOR ( 'NONE', #548, 1000.000000000000000 ) ;
#3573 = VERTEX_POINT ( 'NONE', #3319 ) ;
#3574 = APPROVAL_STATUS ( 'not_yet_approved' ) ;
#3575 = CARTESIAN_POINT ( 'NONE',  ( 43.92286384697384705, 39.71338730024835684, 37.62062160604307337 ) ) ;
#3576 = ORIENTED_EDGE ( 'NONE', *, *, #4116, .T. ) ;
#3577 = CARTESIAN_POINT ( 'NONE',  ( 40.42286384697391100, 39.00259148767057127, 33.87062160604238414 ) ) ;
#3578 = LINE ( 'NONE', #3734, #4810 ) ;
#3579 = DIRECTION ( 'NONE',  ( 1.000000000000000000, 0.0000000000000000000, -7.321884208120444821E-15 ) ) ;
#3580 = ORIENTED_EDGE ( 'NONE', *, *, #4042, .T. ) ;
#3581 = VECTOR ( 'NONE', #1934, 1000.000000000000000 ) ;
#3582 = EDGE_CURVE ( 'NONE', #1391, #4374, #943, .T. ) ;
#3583 = DIRECTION ( 'NONE',  ( -0.0000000000000000000, -0.0000000000000000000, -1.000000000000000000 ) ) ;
#3584 = ORIENTED_EDGE ( 'NONE', *, *, #1819, .F. ) ;
#3585 = LINE ( 'NONE', #1778, #3703 ) ;
#3586 = VERTEX_POINT ( 'NONE', #1235 ) ;
#3587 = CARTESIAN_POINT ( 'NONE',  ( 40.76927400848827432, 39.80259148767055422, 34.02062160604233298 ) ) ;
#3588 = CARTESIAN_POINT ( 'NONE',  ( 44.67286384697389678, 51.43259388767070561, 31.22062160604230385 ) ) ;
#3589 = VECTOR ( 'NONE', #499, 1000.000000000000000 ) ;
#3590 = FACE_OUTER_BOUND ( 'NONE', #2497, .T. ) ;
#3591 = FACE_OUTER_BOUND ( 'NONE', #793, .T. ) ;
#3592 = VERTEX_POINT ( 'NONE', #6600 ) ;
#3593 = ORIENTED_EDGE ( 'NONE', *, *, #2259, .F. ) ;
#3594 = CARTESIAN_POINT ( 'NONE',  ( 42.84937016291157619, 49.70601434352355597, 34.77062160604268826 ) ) ;
#3595 = CARTESIAN_POINT ( 'NONE',  ( 43.71206803439592647, 39.50259148767043627, 37.52062160604316432 ) ) ;
#3596 = CARTESIAN_POINT ( 'NONE',  ( 47.67286384697398915, 39.80259148767056843, 42.12062160604228467 ) ) ;
#3597 = AXIS2_PLACEMENT_3D ( 'NONE', #6465, #6109, #5546 ) ;
#3598 = VERTEX_POINT ( 'NONE', #3849 ) ;
#3599 = EDGE_CURVE ( 'NONE', #3443, #5420, #5821, .T. ) ;
#3600 = VECTOR ( 'NONE', #4524, 1000.000000000000000 ) ;
#3601 = LINE ( 'NONE', #4927, #3827 ) ;
#3602 = LINE ( 'NONE', #5721, #4542 ) ;
#3603 = DIRECTION ( 'NONE',  ( 1.000000000000000000, 0.0000000000000000000, -5.384979558076334077E-14 ) ) ;
#3604 = PLANE ( 'NONE',  #6563 ) ;
#3605 = CARTESIAN_POINT ( 'NONE',  ( 44.67286384697380441, 48.80360732420605530, 35.12062160604270389 ) ) ;
#3606 = ORIENTED_EDGE ( 'NONE', *, *, #869, .T. ) ;
#3607 = CARTESIAN_POINT ( 'NONE',  ( 40.62286384697391384, 42.85111696999641140, 28.12062160604256533 ) ) ;
#3608 = ADVANCED_FACE ( 'NONE', ( #4142 ), #889, .F. ) ;
#3609 = DIRECTION ( 'NONE',  ( -1.027220243219866057E-14, -1.000000000000000000, -2.668805347656538523E-15 ) ) ;
#3610 = PERSON_AND_ORGANIZATION ( #5861, #2205 ) ;
#3611 = VECTOR ( 'NONE', #2334, 1000.000000000000000 ) ;
#3612 = DIRECTION ( 'NONE',  ( 1.027220243219862112E-14, 1.000000000000000000, -2.814209271209191318E-29 ) ) ;
#3613 = DIRECTION ( 'NONE',  ( -1.000000000000000000, 1.110223024625177997E-14, 8.006416042969892854E-15 ) ) ;
#3614 = LINE ( 'NONE', #1176, #3858 ) ;
#3615 = DIRECTION ( 'NONE',  ( 0.0000000000000000000, -0.8660254037844358210, 0.5000000000000047740 ) ) ;
#3616 = EDGE_LOOP ( 'NONE', ( #2850, #4935, #3887, #2851 ) ) ;
#3617 = CARTESIAN_POINT ( 'NONE',  ( 40.76927400848834537, 39.80259148767062527, 42.12062160604234151 ) ) ;
#3618 = CARTESIAN_POINT ( 'NONE',  ( 46.16605090895085795, 50.40259148767039221, 27.92765156762959933 ) ) ;
#3619 = LINE ( 'NONE', #1292, #50 ) ;
#3620 = DIRECTION ( 'NONE',  ( -1.164414226397770362E-15, -1.000000000000000000, -5.469701214046192608E-29 ) ) ;
#3621 = EDGE_CURVE ( 'NONE', #1836, #1711, #980, .T. ) ;
#3622 = LINE ( 'NONE', #249, #568 ) ;
#3623 = FACE_OUTER_BOUND ( 'NONE', #3999, .T. ) ;
#3624 = LINE ( 'NONE', #51, #1745 ) ;
#3625 = DIRECTION ( 'NONE',  ( -0.7071067811865556774, 5.656854249492400777E-15, -0.7071067811865393571 ) ) ;
#3626 = CARTESIAN_POINT ( 'NONE',  ( 42.61586384697395147, 50.30259148767042632, 27.74947806369631920 ) ) ;
#3627 = EDGE_CURVE ( 'NONE', #5728, #5081, #3398, .T. ) ;
#3628 = CARTESIAN_POINT ( 'NONE',  ( 42.46605090895086221, 50.40259148767042774, 27.92765156762972723 ) ) ;
#3629 = LINE ( 'NONE', #3306, #1763 ) ;
#3630 = CARTESIAN_POINT ( 'NONE',  ( 46.67286384697371204, 37.75238908767064316, 35.12062160604268968 ) ) ;
#3631 = LINE ( 'NONE', #18, #66 ) ;
#3632 = LINE ( 'NONE', #3388, #4715 ) ;
#3633 = DIRECTION ( 'NONE',  ( 0.5000000000000031086, -3.999999999999969545E-15, 0.8660254037844369313 ) ) ;
#3634 = EDGE_CURVE ( 'NONE', #2545, #6679, #5017, .T. ) ;
#3635 = CARTESIAN_POINT ( 'NONE',  ( 44.17286384697347046, 39.80259148767054000, 30.12062160604262573 ) ) ;
#3636 = AXIS2_PLACEMENT_3D ( 'NONE', #3714, #4670, #5623 ) ;
#3637 = ORIENTED_EDGE ( 'NONE', *, *, #4238, .T. ) ;
#3638 = AXIS2_PLACEMENT_3D ( 'NONE', #3672, #1732, #4008 ) ;
#3639 = CARTESIAN_POINT ( 'NONE',  ( 48.67286384697394652, 48.14179567509265212, 33.02062160604256036 ) ) ;
#3640 = DIRECTION ( 'NONE',  ( 8.000000000000002199E-15, 1.000000000000000000, -6.366680172525970231E-29 ) ) ;
#3641 = VECTOR ( 'NONE', #1630, 1000.000000000000000 ) ;
#3642 = DIRECTION ( 'NONE',  ( 8.000000000000000622E-15, -6.401232595164408364E-29, 1.000000000000000000 ) ) ;
#3643 = ORIENTED_EDGE ( 'NONE', *, *, #2541, .F. ) ;
#3644 = FACE_OUTER_BOUND ( 'NONE', #1847, .T. ) ;
#3645 = EDGE_CURVE ( 'NONE', #1408, #3320, #4244, .T. ) ;
#3646 = DIRECTION ( 'NONE',  ( -2.298141435449797094E-16, 1.000000000000000000, 0.0000000000000000000 ) ) ;
#3647 = DIRECTION ( 'NONE',  ( -1.000000000000000000, 8.000000000000000622E-15, -8.817841970012501240E-16 ) ) ;
#3648 = CARTESIAN_POINT ( 'NONE',  ( 40.42286384697390389, 39.60259148767028847, 32.22062160604274084 ) ) ;
#3649 = ORIENTED_EDGE ( 'NONE', *, *, #4976, .T. ) ;
#3650 = ORIENTED_EDGE ( 'NONE', *, *, #3428, .T. ) ;
#3651 = AXIS2_PLACEMENT_3D ( 'NONE', #3261, #6059, #10 ) ;
#3652 = DIRECTION ( 'NONE',  ( 1.000000000000000000, 0.0000000000000000000, -9.462128050782611690E-15 ) ) ;
#3653 = AXIS2_PLACEMENT_3D ( 'NONE', #6783, #5538, #752 ) ;
#3655 = CARTESIAN_POINT ( 'NONE',  ( 42.37286384697355146, 44.70759388767082498, 33.02062160604302221 ) ) ;
#3654 = VECTOR ( 'NONE', #6439, 1000.000000000000114 ) ;
#3656 = VERTEX_POINT ( 'NONE', #5067 ) ;
#3657 = DIRECTION ( 'NONE',  ( 0.0000000000000000000, 1.000000000000000000, 0.0000000000000000000 ) ) ;
#3658 = ORIENTED_EDGE ( 'NONE', *, *, #1037, .T. ) ;
#3659 = ORIENTED_EDGE ( 'NONE', *, *, #4264, .T. ) ;
#3660 = LINE ( 'NONE', #5047, #3216 ) ;
#3661 = EDGE_CURVE ( 'NONE', #4124, #6119, #5960, .T. ) ;
#3662 = EDGE_LOOP ( 'NONE', ( #1475, #4069, #32, #2663, #5990 ) ) ;
#3663 = VECTOR ( 'NONE', #5056, 1000.000000000000000 ) ;
#3664 = CARTESIAN_POINT ( 'NONE',  ( 46.31586384697403247, 46.10259148767076454, 37.62062160604307337 ) ) ;
#3665 = PLANE ( 'NONE',  #2689 ) ;
#3666 = PLANE ( 'NONE',  #15 ) ;
#3667 = ORIENTED_EDGE ( 'NONE', *, *, #2843, .F. ) ;
#3668 = ADVANCED_FACE ( 'NONE', ( #342 ), #2886, .T. ) ;
#3669 = ADVANCED_FACE ( 'NONE', ( #2692 ), #278, .F. ) ;
#3670 = EDGE_CURVE ( 'NONE', #5571, #3395, #2870, .T. ) ;
#3671 = CARTESIAN_POINT ( 'NONE',  ( 43.02986384697403821, 46.10259148767076454, 37.74947806369631564 ) ) ;
#3672 = CARTESIAN_POINT ( 'NONE',  ( 42.36770755987890880, 41.22639938744485733, 37.62062160604307337 ) ) ;
#3673 = ORIENTED_EDGE ( 'NONE', *, *, #6017, .F. ) ;
#3674 = ORIENTED_EDGE ( 'NONE', *, *, #4404, .T. ) ;
#3675 = DIRECTION ( 'NONE',  ( -8.000000000000000622E-15, -1.232595164407829988E-32, -1.000000000000000000 ) ) ;
#3676 = CARTESIAN_POINT ( 'NONE',  ( 40.01927400847684879, 45.10259148767045190, 37.12062160604305205 ) ) ;
#3677 = VERTEX_POINT ( 'NONE', #3196 ) ;
#3678 = CARTESIAN_POINT ( 'NONE',  ( 47.37286384697387120, 44.35259148767056558, 36.22062160604217951 ) ) ;
#3679 = ORIENTED_EDGE ( 'NONE', *, *, #748, .T. ) ;
#3680 = CARTESIAN_POINT ( 'NONE',  ( 40.42286384697393942, 39.00259148767057127, 37.62062160604307337 ) ) ;
#3681 = ORIENTED_EDGE ( 'NONE', *, *, #5630, .F. ) ;
#3682 = MANIFOLD_SOLID_BREP ( 'Fillet2', #4607 ) ;
#3683 = DIRECTION ( 'NONE',  ( -8.000000000000000622E-15, 6.398767404835592702E-29, -1.000000000000000000 ) ) ;
#3684 = LINE ( 'NONE', #1492, #6022 ) ;
#3685 = CARTESIAN_POINT ( 'NONE',  ( 40.67286384697389678, 45.10259148767044479, 37.12062160604304495 ) ) ;
#3686 = EDGE_CURVE ( 'NONE', #2269, #1517, #1114, .T. ) ;
#3687 = CARTESIAN_POINT ( 'NONE',  ( 47.89318188524051578, 48.35259148767057980, 33.02062160604256036 ) ) ;
#3688 = AXIS2_PLACEMENT_3D ( 'NONE', #750, #5699, #2555 ) ;
#3689 = LINE ( 'NONE', #3630, #684 ) ;
#3690 = ORIENTED_EDGE ( 'NONE', *, *, #6010, .F. ) ;
#3691 = ORIENTED_EDGE ( 'NONE', *, *, #115, .T. ) ;
#3692 = CARTESIAN_POINT ( 'NONE',  ( 40.67286384697399626, 45.50239148767074226, 37.12062160604304495 ) ) ;
#3693 = EDGE_CURVE ( 'NONE', #4704, #3586, #5632, .T. ) ;
#3694 = CARTESIAN_POINT ( 'NONE',  ( 42.68881594664672718, 40.64118792820689663, 37.62062160604307337 ) ) ;
#3695 = VECTOR ( 'NONE', #1820, 1000.000000000000114 ) ;
#3696 = ORIENTED_EDGE ( 'NONE', *, *, #2465, .F. ) ;
#3697 = ORIENTED_EDGE ( 'NONE', *, *, #5801, .F. ) ;
#3698 = ADVANCED_FACE ( 'NONE', ( #2640 ), #6624, .F. ) ;
#3699 = PLANE ( 'NONE',  #3117 ) ;
#3700 = FACE_BOUND ( 'NONE', #2899, .T. ) ;
#3701 = CARTESIAN_POINT ( 'NONE',  ( 40.42286384697396784, 42.53454565111925945, 37.62062160604307337 ) ) ;
#3702 = VECTOR ( 'NONE', #3861, 1000.000000000000114 ) ;
#3703 = VECTOR ( 'NONE', #4157, 1000.000000000000000 ) ;
#3704 = CARTESIAN_POINT ( 'NONE',  ( 40.92286384697396784, 42.50259148767067785, 37.52062160604316432 ) ) ;
#3705 = CARTESIAN_POINT ( 'NONE',  ( 44.67286384697389678, 39.80259148767055422, 31.22062160604230385 ) ) ;
#3706 = EDGE_LOOP ( 'NONE', ( #6708, #467, #4543, #5671 ) ) ;
#3707 = CARTESIAN_POINT ( 'NONE',  ( 39.67286384697384705, 43.50279148767114634, 32.42062160604264420 ) ) ;
#3708 = ORIENTED_EDGE ( 'NONE', *, *, #2083, .T. ) ;
#3709 = VERTEX_POINT ( 'NONE', #1507 ) ;
#3710 = CYLINDRICAL_SURFACE ( 'NONE', #3387, 2.000000000000001776 ) ;
#3711 = CARTESIAN_POINT ( 'NONE',  ( 40.42286384697395363, 45.84672905496814366, 32.22062160604244241 ) ) ;
#3712 = CARTESIAN_POINT ( 'NONE',  ( 46.87967678499713742, 46.10259148767076454, 38.19062160604258338 ) ) ;
#3713 = ORIENTED_EDGE ( 'NONE', *, *, #231, .T. ) ;
#3714 = CARTESIAN_POINT ( 'NONE',  ( 42.37286384697355146, 43.04179567509262228, 34.03141741862074099 ) ) ;
#3715 = DIRECTION ( 'NONE',  ( 8.000000000000000622E-15, 1.534706572270470003E-32, 1.000000000000000000 ) ) ;
#3716 = DIRECTION ( 'NONE',  ( 8.000000000000000622E-15, 1.000000000000000000, -1.232595164407829988E-32 ) ) ;
#3717 = DIRECTION ( 'NONE',  ( 0.0000000000000000000, 0.0000000000000000000, 1.000000000000000000 ) ) ;
#3718 = ADVANCED_FACE ( 'NONE', ( #2379 ), #6618, .F. ) ;
#3719 = ADVANCED_FACE ( 'NONE', ( #4992 ), #4443, .T. ) ;
#3720 = ORIENTED_EDGE ( 'NONE', *, *, #5980, .F. ) ;
#3721 = VERTEX_POINT ( 'NONE', #1641 ) ;
#3722 = ORIENTED_EDGE ( 'NONE', *, *, #872, .T. ) ;
#3723 = CARTESIAN_POINT ( 'NONE',  ( 43.71206803439592647, 39.50259148767043627, 37.52062160604316432 ) ) ;
#3724 = VERTEX_POINT ( 'NONE', #4666 ) ;
#3725 = VECTOR ( 'NONE', #2577, 1000.000000000000000 ) ;
#3726 = CARTESIAN_POINT ( 'NONE',  ( 40.46101733332370998, 45.82470112935361328, 38.54117583289283999 ) ) ;
#3727 = VERTEX_POINT ( 'NONE', #6491 ) ;
#3728 = CARTESIAN_POINT ( 'NONE',  ( 48.38432012885200351, 44.35259148767056558, 29.02062160604218377 ) ) ;
#3729 = AXIS2_PLACEMENT_3D ( 'NONE', #5082, #2546, #5474 ) ;
#3730 = CYLINDRICAL_SURFACE ( 'NONE', #6277, 1.499999999999980460 ) ;
#3731 = LINE ( 'NONE', #1958, #2681 ) ;
#3732 = ADVANCED_FACE ( 'NONE', ( #604 ), #5258, .F. ) ;
#3733 = CARTESIAN_POINT ( 'NONE',  ( 43.92286384697384705, 42.50259148767065653, 37.52062160604316432 ) ) ;
#3734 = CARTESIAN_POINT ( 'NONE',  ( 46.31586384697403247, 46.10259148767076454, 37.62062160604270389 ) ) ;
#3735 = AXIS2_PLACEMENT_3D ( 'NONE', #841, #4966, #142 ) ;
#3736 = CIRCLE ( 'NONE', #5762, 1.000000000000000888 ) ;
#3737 = CARTESIAN_POINT ( 'NONE',  ( 42.61586384697392305, 46.10259148767042348, 27.62062160604273231 ) ) ;
#3738 = DIRECTION ( 'NONE',  ( -6.308085367188447236E-15, 0.0000000000000000000, -1.000000000000000000 ) ) ;
#3739 = DIRECTION ( 'NONE',  ( 3.227392513445218768E-15, 1.000000000000000000, -0.0000000000000000000 ) ) ;
#3740 = CARTESIAN_POINT ( 'NONE',  ( 47.65102629701224402, 50.32479048767078211, 27.64062160604228424 ) ) ;
#3741 = LINE ( 'NONE', #6698, #3120 ) ;
#3742 = DIRECTION ( 'NONE',  ( 0.0000000000000000000, 1.000000000000000000, 0.0000000000000000000 ) ) ;
#3743 = ADVANCED_FACE ( 'NONE', ( #6393 ), #3972, .T. ) ;
#3744 = LINE ( 'NONE', #4821, #3171 ) ;
#3745 = CARTESIAN_POINT ( 'NONE',  ( 44.32286396920076044, 48.80360732423427805, 28.66202636213202481 ) ) ;
#3746 = LINE ( 'NONE', #5617, #864 ) ;
#3747 = ADVANCED_FACE ( 'NONE', ( #682 ), #1588, .F. ) ;
#3748 = ORIENTED_EDGE ( 'NONE', *, *, #4594, .T. ) ;
#3749 = ORIENTED_EDGE ( 'NONE', *, *, #3627, .T. ) ;
#3750 = ORIENTED_EDGE ( 'NONE', *, *, #3302, .F. ) ;
#3751 = VECTOR ( 'NONE', #3642, 1000.000000000000000 ) ;
#3752 = CARTESIAN_POINT ( 'NONE',  ( 38.22708451521041439, 39.80259148767059685, 34.02062160604235430 ) ) ;
#3753 = CARTESIAN_POINT ( 'NONE',  ( 42.25739498568910335, 40.78319719184672465, 37.62062160604307337 ) ) ;
#3754 = CIRCLE ( 'NONE', #4797, 0.5000000000000073275 ) ;
#3755 = CARTESIAN_POINT ( 'NONE',  ( 41.94786191099993999, 50.40259148767042774, 37.62062160604307337 ) ) ;
#3756 = B_SPLINE_CURVE_WITH_KNOTS ( 'NONE', 3,
 ( #914, #3539, #2913, #5003, #4501, #6351 ),
 .UNSPECIFIED., .F., .F.,
 ( 4, 2, 4 ),
 ( 1.905355070628553485E-16, 0.0001644974017406805654, 0.0003289948034811705823 ),
 .UNSPECIFIED. ) ;
#3757 = DIRECTION ( 'NONE',  ( 1.000000000000000000, -8.000000000000000622E-15, -8.000000000000000622E-15 ) ) ;
#3758 = PLANE ( 'NONE',  #6239 ) ;
#3759 = PLANE ( 'NONE',  #824 ) ;
#3760 = LINE ( 'NONE', #1333, #337 ) ;
#3761 = DIRECTION ( 'NONE',  ( -2.298141435449797094E-16, 1.000000000000000000, 6.123233995743353024E-17 ) ) ;
#3762 = ORIENTED_EDGE ( 'NONE', *, *, #1696, .T. ) ;
#3763 = EDGE_CURVE ( 'NONE', #726, #120, #1601, .T. ) ;
#3764 = DIRECTION ( 'NONE',  ( 1.000000000000000000, 8.817841970012501240E-16, -8.000000000000000622E-15 ) ) ;
#3765 = VERTEX_POINT ( 'NONE', #2700 ) ;
#3766 = ORIENTED_EDGE ( 'NONE', *, *, #1791, .F. ) ;
#3767 = AXIS2_PLACEMENT_3D ( 'NONE', #4100, #1065, #4982 ) ;
#3768 = EDGE_LOOP ( 'NONE', ( #5248, #3416, #5208, #1434 ) ) ;
#3769 = EDGE_LOOP ( 'NONE', ( #2890, #1818, #4551, #960 ) ) ;
#3770 = EDGE_CURVE ( 'NONE', #5564, #5302, #3896, .T. ) ;
#3771 = FACE_OUTER_BOUND ( 'NONE', #2154, .T. ) ;
#3772 = CARTESIAN_POINT ( 'NONE',  ( 44.67286384697365520, 48.60259148767040216, 30.12062160604270389 ) ) ;
#3773 = VECTOR ( 'NONE', #4013, 1000.000000000000000 ) ;
#3774 = ORIENTED_EDGE ( 'NONE', *, *, #6468, .T. ) ;
#3775 = CARTESIAN_POINT ( 'NONE',  ( 40.42286384697396073, 45.84672905496814366, 33.02062160604303642 ) ) ;
#3776 = AXIS2_PLACEMENT_3D ( 'NONE', #2189, #727, #1264 ) ;
#3777 = CARTESIAN_POINT ( 'NONE',  ( 43.37286384697290487, -3.630971703988248293E-13, -3.472547768909807624E-13 ) ) ;
#3778 = FACE_OUTER_BOUND ( 'NONE', #3177, .T. ) ;
#3779 = EDGE_LOOP ( 'NONE', ( #1342, #1559, #5361, #3673 ) ) ;
#3780 = ORIENTED_EDGE ( 'NONE', *, *, #3876, .F. ) ;
#3781 = ORIENTED_EDGE ( 'NONE', *, *, #3928, .F. ) ;
#3782 = DIRECTION ( 'NONE',  ( 4.611712367288062945E-17, 6.123233995736953390E-17, -1.000000000000000000 ) ) ;
#3783 = CARTESIAN_POINT ( 'NONE',  ( 43.17967678499713458, 46.10259148767076454, 38.19062160604261180 ) ) ;
#3784 = EDGE_LOOP ( 'NONE', ( #647, #2768, #6554, #2769 ) ) ;
#3785 = CYLINDRICAL_SURFACE ( 'NONE', #901, 0.2107958125779213487 ) ;
#3786 = ORIENTED_EDGE ( 'NONE', *, *, #451, .T. ) ;
#3787 = ADVANCED_FACE ( 'NONE', ( #2245 ), #6752, .T. ) ;
#3788 = ORIENTED_EDGE ( 'NONE', *, *, #1037, .F. ) ;
#3789 = EDGE_CURVE ( 'NONE', #2614, #207, #5138, .T. ) ;
#3790 = DIRECTION ( 'NONE',  ( -1.129587379705846507E-14, -1.000000000000000000, 0.0000000000000000000 ) ) ;
#3791 = ORIENTED_EDGE ( 'NONE', *, *, #4841, .F. ) ;
#3792 = AXIS2_PLACEMENT_3D ( 'NONE', #4946, #2823, #2325 ) ;
#3793 = CARTESIAN_POINT ( 'NONE',  ( 48.65444616283838286, 42.15259148767059116, 29.02062160604218022 ) ) ;
#3794 = CARTESIAN_POINT ( 'NONE',  ( 40.67286384697380441, 43.50279148767113924, 27.62062160604274652 ) ) ;
#3795 = VECTOR ( 'NONE', #6027, 1000.000000000000000 ) ;
#3796 = DIRECTION ( 'NONE',  ( -1.000000000000000000, 0.0000000000000000000, 0.0000000000000000000 ) ) ;
#3797 = EDGE_CURVE ( 'NONE', #4656, #6760, #3207, .T. ) ;
#3798 = ORIENTED_EDGE ( 'NONE', *, *, #6375, .F. ) ;
#3799 = ADVANCED_FACE ( 'NONE', ( #935 ), #608, .F. ) ;
#3800 = ORIENTED_EDGE ( 'NONE', *, *, #4735, .T. ) ;
#3801 = EDGE_CURVE ( 'NONE', #2743, #5571, #4466, .T. ) ;
#3802 = CARTESIAN_POINT ( 'NONE',  ( 40.67286384685593958, 42.75279148755306124, 37.17628403881379739 ) ) ;
#3803 = ORIENTED_EDGE ( 'NONE', *, *, #2865, .F. ) ;
#3804 = CARTESIAN_POINT ( 'NONE',  ( 42.37286384697356567, 43.25259148767053574, 36.20982579346492258 ) ) ;
#3805 = CARTESIAN_POINT ( 'NONE',  ( 46.16605090895094321, 46.10259148767076454, 38.19062160604259049 ) ) ;
#3806 = CARTESIAN_POINT ( 'NONE',  ( 46.52156917055650354, 49.59649040585271962, 34.77062160604268826 ) ) ;
#3807 = LINE ( 'NONE', #625, #3773 ) ;
#3808 = ORIENTED_EDGE ( 'NONE', *, *, #1172, .F. ) ;
#3809 = VECTOR ( 'NONE', #2569, 1000.000000000000000 ) ;
#3810 = CARTESIAN_POINT ( 'NONE',  ( 42.14800182156415076, 40.82599154691354215, 37.62062160604307337 ) ) ;
#3811 = DIRECTION ( 'NONE',  ( -1.027220243219862112E-14, -1.000000000000000000, 2.814209271209191318E-29 ) ) ;
#3812 = EDGE_LOOP ( 'NONE', ( #1735, #3187, #533, #2409 ) ) ;
#3813 = EDGE_CURVE ( 'NONE', #3340, #2698, #3744, .T. ) ;
#3814 = ORIENTED_EDGE ( 'NONE', *, *, #1584, .T. ) ;
#3815 = DIRECTION ( 'NONE',  ( -1.000000000000000000, 8.000000000000000622E-15, -4.611712367288014258E-17 ) ) ;
#3816 = CIRCLE ( 'NONE', #5796, 0.2107958125779213487 ) ;
#3817 = ORIENTED_EDGE ( 'NONE', *, *, #275, .T. ) ;
#3818 = VECTOR ( 'NONE', #2887, 999.9999999999998863 ) ;
#3819 = EDGE_CURVE ( 'NONE', #6823, #1474, #4659, .T. ) ;
#3820 = DIRECTION ( 'NONE',  ( -8.000000000000000622E-15, -1.000000000000000000, 6.401232595164408364E-29 ) ) ;
#3821 = AXIS2_PLACEMENT_3D ( 'NONE', #2697, #3885, #4893 ) ;
#3822 = ORIENTED_EDGE ( 'NONE', *, *, #4813, .F. ) ;
#3823 = VECTOR ( 'NONE', #2796, 1000.000000000000114 ) ;
#3824 = DIRECTION ( 'NONE',  ( 9.034039619130394877E-16, 1.000000000000000000, 5.676044235305161374E-29 ) ) ;
#3825 = DIRECTION ( 'NONE',  ( 0.0000000000000000000, -1.000000000000000000, 0.0000000000000000000 ) ) ;
#3826 = LINE ( 'NONE', #2440, #6815 ) ;
#3827 = VECTOR ( 'NONE', #874, 1000.000000000000000 ) ;
#3828 = EDGE_CURVE ( 'NONE', #5241, #1123, #5013, .T. ) ;
#3829 = VECTOR ( 'NONE', #4696, 1000.000000000000000 ) ;
#3830 = EDGE_CURVE ( 'NONE', #1324, #4802, #1420, .T. ) ;
#3831 = AXIS2_PLACEMENT_3D ( 'NONE', #5316, #1909, #1134 ) ;
#3832 = ORIENTED_EDGE ( 'NONE', *, *, #2024, .F. ) ;
#3833 = DIRECTION ( 'NONE',  ( 1.000000000000000000, 0.0000000000000000000, -5.384979558076334077E-14 ) ) ;
#3834 = DIRECTION ( 'NONE',  ( -8.000000000000000622E-15, 1.232595164407829988E-32, -1.000000000000000000 ) ) ;
#3835 = LINE ( 'NONE', #176, #5524 ) ;
#3836 = COORDINATED_UNIVERSAL_TIME_OFFSET ( 5, 30, .AHEAD. ) ;
#3837 = FACE_OUTER_BOUND ( 'NONE', #1796, .T. ) ;
#3838 = CIRCLE ( 'NONE', #148, 0.2107958125779213487 ) ;
#3839 = ORIENTED_EDGE ( 'NONE', *, *, #4827, .T. ) ;
#3840 = ADVANCED_FACE ( 'NONE', ( #5411 ), #778, .F. ) ;
#3841 = CARTESIAN_POINT ( 'NONE',  ( 42.67286384697367652, 50.40259148767040642, 30.12062160604271810 ) ) ;
#3842 = DIRECTION ( 'NONE',  ( -1.000000000000000000, 0.0000000000000000000, 0.0000000000000000000 ) ) ;
#3843 = EDGE_CURVE ( 'NONE', #2637, #3497, #3326, .T. ) ;
#3844 = DIRECTION ( 'NONE',  ( -0.0000000000000000000, -0.0000000000000000000, -1.000000000000000000 ) ) ;
#3845 = PLANE ( 'NONE',  #3889 ) ;
#3846 = EDGE_CURVE ( 'NONE', #4447, #4643, #662, .T. ) ;
#3847 = DIRECTION ( 'NONE',  ( -6.415001721268519099E-15, 1.302184302438933721E-28, -1.000000000000000000 ) ) ;
#3848 = CARTESIAN_POINT ( 'NONE',  ( 43.37286384697350883, 43.04179567509260806, 31.42062160604283605 ) ) ;
#3849 = CARTESIAN_POINT ( 'NONE',  ( 45.17286384697342783, 35.71338730024852026, 30.12062160604262573 ) ) ;
#3850 = AXIS2_PLACEMENT_3D ( 'NONE', #1767, #5631, #5963 ) ;
#3851 = EDGE_CURVE ( 'NONE', #1080, #3053, #3111, .T. ) ;
#3852 = VECTOR ( 'NONE', #5625, 1000.000000000000000 ) ;
#3853 = CARTESIAN_POINT ( 'NONE',  ( 42.36770755987890880, 41.22639938744485733, 37.62062160604307337 ) ) ;
#3854 = DIRECTION ( 'NONE',  ( 8.326672684688850758E-15, 1.000000000000000000, 8.326672684688850758E-15 ) ) ;
#3855 = CARTESIAN_POINT ( 'NONE',  ( 42.67286384697365520, 48.60259148767040216, 30.12062160604271810 ) ) ;
#3857 = ORIENTED_EDGE ( 'NONE', *, *, #2110, .T. ) ;
#3856 = CARTESIAN_POINT ( 'NONE',  ( 41.01927400848769167, 45.50239148767074226, 37.62062160604274652 ) ) ;
#3858 = VECTOR ( 'NONE', #3052, 1000.000000000000000 ) ;
#3859 = ORIENTED_EDGE ( 'NONE', *, *, #3599, .T. ) ;
#3860 = EDGE_CURVE ( 'NONE', #6008, #6838, #5493, .T. ) ;
#3861 = DIRECTION ( 'NONE',  ( 0.1218693434051334040, -0.9925461516413237595, -0.0000000000000000000 ) ) ;
#3862 = DIRECTION ( 'NONE',  ( 1.000000000000000000, 0.0000000000000000000, 0.0000000000000000000 ) ) ;
#3863 = LINE ( 'NONE', #483, #6231 ) ;
#3864 = FACE_OUTER_BOUND ( 'NONE', #3276, .T. ) ;
#3865 = CARTESIAN_POINT ( 'NONE',  ( 44.32286396920081017, 49.80360732423428516, 34.77062160604268826 ) ) ;
#3866 = DIRECTION ( 'NONE',  ( 1.000000000000000000, -0.0000000000000000000, 0.0000000000000000000 ) ) ;
#3867 = DIRECTION ( 'NONE',  ( -1.129587379705846507E-14, -1.000000000000000000, 0.0000000000000000000 ) ) ;
#3868 = DIRECTION ( 'NONE',  ( -8.000000000000000622E-15, 1.232595164407829988E-32, -1.000000000000000000 ) ) ;
#3869 = DIRECTION ( 'NONE',  ( -0.8660254037844371533, -0.5000000000000026645, 6.928203230275498093E-15 ) ) ;
#3870 = EDGE_CURVE ( 'NONE', #4802, #711, #1684, .T. ) ;
#3871 = EDGE_CURVE ( 'NONE', #5837, #6026, #594, .T. ) ;
#3872 = EDGE_CURVE ( 'NONE', #5302, #2445, #6409, .T. ) ;
#3873 = EDGE_CURVE ( 'NONE', #759, #1707, #310, .T. ) ;
#3874 = ORIENTED_EDGE ( 'NONE', *, *, #2314, .T. ) ;
#3875 = PLANE ( 'NONE',  #6130 ) ;
#3876 = EDGE_CURVE ( 'NONE', #378, #2305, #3508, .T. ) ;
#3877 = ORIENTED_EDGE ( 'NONE', *, *, #5345, .T. ) ;
#3878 = ADVANCED_FACE ( 'NONE', ( #3287 ), #2771, .F. ) ;
#3879 = ADVANCED_BREP_SHAPE_REPRESENTATION ( '1935161', ( #3682, #73 ), #427 ) ;
#3880 = VECTOR ( 'NONE', #5663, 1000.000000000000000 ) ;
#3881 = ADVANCED_FACE ( 'NONE', ( #4900 ), #5092, .T. ) ;
#3882 = PLANE ( 'NONE',  #301 ) ;
#3883 = ORIENTED_EDGE ( 'NONE', *, *, #4340, .F. ) ;
#3884 = ORIENTED_EDGE ( 'NONE', *, *, #5064, .F. ) ;
#3885 = DIRECTION ( 'NONE',  ( 0.0000000000000000000, -0.0000000000000000000, -1.000000000000000000 ) ) ;
#3886 = CARTESIAN_POINT ( 'NONE',  ( 46.72986384697396289, 50.40259148767038511, 27.74947806369628367 ) ) ;
#3887 = ORIENTED_EDGE ( 'NONE', *, *, #4317, .T. ) ;
#3888 = DIRECTION ( 'NONE',  ( 8.006416042969862877E-15, -2.668805347656620959E-15, 1.000000000000000000 ) ) ;
#3889 = AXIS2_PLACEMENT_3D ( 'NONE', #3102, #6263, #6143 ) ;
#3890 = EDGE_LOOP ( 'NONE', ( #2821, #3348, #1628, #6319 ) ) ;
#3891 = ORIENTED_EDGE ( 'NONE', *, *, #6094, .T. ) ;
#3892 = DIRECTION ( 'NONE',  ( -1.000000000000000000, 0.0000000000000000000, 8.000544671205034319E-15 ) ) ;
#3893 = ORIENTED_EDGE ( 'NONE', *, *, #5654, .F. ) ;
#3894 = FACE_OUTER_BOUND ( 'NONE', #3324, .T. ) ;
#3895 = ORIENTED_EDGE ( 'NONE', *, *, #195, .F. ) ;
#3896 = LINE ( 'NONE', #1479, #4804 ) ;
#3897 = DIRECTION ( 'NONE',  ( 8.000000000000000622E-15, 1.000000000000000000, -6.401232595164408364E-29 ) ) ;
#3898 = CARTESIAN_POINT ( 'NONE',  ( 45.02286392053758846, 48.80360732423427805, 34.77062160604268826 ) ) ;
#3899 = LINE ( 'NONE', #3648, #5850 ) ;
#3900 = VECTOR ( 'NONE', #1728, 1000.000000000000000 ) ;
#3901 = DIRECTION ( 'NONE',  ( 8.000000000000000622E-15, 0.0000000000000000000, 1.000000000000000000 ) ) ;
#3902 = PLANE ( 'NONE',  #4225 ) ;
#3903 = DIRECTION ( 'NONE',  ( 1.000000000000000000, 0.0000000000000000000, 0.0000000000000000000 ) ) ;
#3904 = ORIENTED_EDGE ( 'NONE', *, *, #1141, .F. ) ;
#3905 = ORIENTED_EDGE ( 'NONE', *, *, #1791, .T. ) ;
#3906 = ADVANCED_FACE ( 'NONE', ( #695 ), #5574, .F. ) ;
#3907 = ADVANCED_FACE ( 'NONE', ( #1003, #2912 ), #69, .F. ) ;
#3908 = VECTOR ( 'NONE', #173, 1000.000000000000000 ) ;
#3909 = CARTESIAN_POINT ( 'NONE',  ( 44.32286396920080307, 48.80360732423427805, 33.66202636213203192 ) ) ;
#3910 = DIRECTION ( 'NONE',  ( -0.6435627400808355825, 5.148501920646734588E-15, 0.7653933626441027371 ) ) ;
#3911 = PLANE ( 'NONE',  #6417 ) ;
#3912 = ADVANCED_FACE ( 'NONE', ( #832 ), #920, .F. ) ;
#3913 = EDGE_LOOP ( 'NONE', ( #5602, #3007, #1055, #4771, #3293, #2343, #5562, #4754 ) ) ;
#3914 = CARTESIAN_POINT ( 'NONE',  ( 45.17286384697352730, 39.80259148767052579, 35.12062160604252625 ) ) ;
#3915 = CIRCLE ( 'NONE', #5906, 0.2999999999999669598 ) ;
#3916 = ORIENTED_EDGE ( 'NONE', *, *, #4110, .T. ) ;
#3917 = ORIENTED_EDGE ( 'NONE', *, *, #193, .T. ) ;
#3918 = VECTOR ( 'NONE', #6212, 1000.000000000000000 ) ;
#3919 = VECTOR ( 'NONE', #4647, 1000.000000000000000 ) ;
#3920 = ORIENTED_EDGE ( 'NONE', *, *, #5390, .T. ) ;
#3921 = LINE ( 'NONE', #4433, #6807 ) ;
#3922 = CARTESIAN_POINT ( 'NONE',  ( 39.96575706578730092, 42.79568470648457890, 32.25151962731687405 ) ) ;
#3923 = ORIENTED_EDGE ( 'NONE', *, *, #4237, .F. ) ;
#3924 = EDGE_CURVE ( 'NONE', #4413, #6794, #2649, .T. ) ;
#3925 = VECTOR ( 'NONE', #4602, 1000.000000000000000 ) ;
#3926 = LINE ( 'NONE', #4867, #5011 ) ;
#3927 = DIRECTION ( 'NONE',  ( 1.000000000000000000, 0.0000000000000000000, -7.321884208124278685E-15 ) ) ;
#3928 = EDGE_CURVE ( 'NONE', #4236, #3227, #2280, .T. ) ;
#3929 = CARTESIAN_POINT ( 'NONE',  ( 42.81007469566791457, 48.80360732420605530, 29.77062160604269181 ) ) ;
#3930 = B_SPLINE_CURVE_WITH_KNOTS ( 'NONE', 3,
 ( #3299, #1921, #4634, #3802 ),
 .UNSPECIFIED., .F., .F.,
 ( 4, 4 ),
 ( 4.186178046638486575E-14, 0.0003618902849553117538 ),
 .UNSPECIFIED. ) ;
#3931 = EDGE_LOOP ( 'NONE', ( #2291, #4079 ) ) ;
#3932 = EDGE_CURVE ( 'NONE', #162, #1666, #458, .T. ) ;
#3933 = EDGE_LOOP ( 'NONE', ( #3576, #6029, #3781, #4158 ) ) ;
#3934 = ORIENTED_EDGE ( 'NONE', *, *, #4380, .T. ) ;
#3935 = DIRECTION ( 'NONE',  ( -1.000000000000000000, 0.0000000000000000000, 0.0000000000000000000 ) ) ;
#3936 = CARTESIAN_POINT ( 'NONE',  ( 41.47537763055913018, 42.17758296149003172, 37.62062160604307337 ) ) ;
#3937 = ORIENTED_EDGE ( 'NONE', *, *, #1407, .F. ) ;
#3938 = CARTESIAN_POINT ( 'NONE',  ( 46.87967678499713742, 46.10259148767076454, 37.92765156762978762 ) ) ;
#3939 = ORIENTED_EDGE ( 'NONE', *, *, #2378, .F. ) ;
#3940 = ORIENTED_EDGE ( 'NONE', *, *, #3872, .F. ) ;
#3941 = EDGE_CURVE ( 'NONE', #6796, #733, #6850, .T. ) ;
#3942 = CARTESIAN_POINT ( 'NONE',  ( 43.37286384697349462, 40.96338730024850605, 31.20982579346489771 ) ) ;
#3943 = LINE ( 'NONE', #1749, #707 ) ;
#3944 = ORIENTED_EDGE ( 'NONE', *, *, #589, .T. ) ;
#3945 = CARTESIAN_POINT ( 'NONE',  ( 46.72986384697403395, 46.10259148767076454, 37.62062160604269678 ) ) ;
#3946 = VERTEX_POINT ( 'NONE', #5877 ) ;
#3947 = EDGE_CURVE ( 'NONE', #4273, #3677, #4418, .T. ) ;
#3948 = EDGE_CURVE ( 'NONE', #6284, #1205, #5688, .T. ) ;
#3949 = PRODUCT_DEFINITION_SHAPE ( 'NONE', 'NONE',  #5871 ) ;
#3950 = EDGE_CURVE ( 'NONE', #1943, #5355, #1944, .T. ) ;
#3951 = ORIENTED_EDGE ( 'NONE', *, *, #1346, .F. ) ;
#3952 = CIRCLE ( 'NONE', #6224, 0.2107958125779213487 ) ;
#3953 = CARTESIAN_POINT ( 'NONE',  ( 40.01927400848835248, 44.70759388767084630, 33.02062160604304353 ) ) ;
#3954 = CIRCLE ( 'NONE', #2667, 1.099999999999996758 ) ;
#3955 = CIRCLE ( 'NONE', #1386, 1.499999999999994449 ) ;
#3956 = LINE ( 'NONE', #3655, #4833 ) ;
#3957 = ORIENTED_EDGE ( 'NONE', *, *, #6124, .T. ) ;
#3958 = DIRECTION ( 'NONE',  ( 8.000000000000000622E-15, -1.830667207722794235E-34, 1.000000000000000000 ) ) ;
#3959 = PLANE ( 'NONE',  #1268 ) ;
#3960 = EDGE_LOOP ( 'NONE', ( #167, #1401, #1886, #5443 ) ) ;
#3961 = DIRECTION ( 'NONE',  ( 1.000000000000000000, 0.0000000000000000000, 0.0000000000000000000 ) ) ;
#3962 = AXIS2_PLACEMENT_3D ( 'NONE', #6280, #5970, #3738 ) ;
#3963 = ORIENTED_EDGE ( 'NONE', *, *, #21, .F. ) ;
#3964 = LINE ( 'NONE', #4328, #5388 ) ;
#3965 = DIRECTION ( 'NONE',  ( -1.000000000000000000, 0.0000000000000000000, 0.0000000000000000000 ) ) ;
#3966 = LINE ( 'NONE', #2842, #3458 ) ;
#3967 = LINE ( 'NONE', #3953, #838 ) ;
#3968 = DIRECTION ( 'NONE',  ( 0.0000000000000000000, 0.0000000000000000000, 1.000000000000000000 ) ) ;
#3969 = VECTOR ( 'NONE', #5095, 1000.000000000000000 ) ;
#3970 = DIRECTION ( 'NONE',  ( 3.469446952501081133E-14, 0.0000000000000000000, 1.000000000000000000 ) ) ;
#3971 = VECTOR ( 'NONE', #5026, 1000.000000000000000 ) ;
#3972 = PLANE ( 'NONE',  #2914 ) ;
#3973 = VECTOR ( 'NONE', #5296, 1000.000000000000000 ) ;
#3974 = VERTEX_POINT ( 'NONE', #6132 ) ;
#3975 = CARTESIAN_POINT ( 'NONE',  ( 44.32286377797748855, 49.80360732423428516, 30.47062160604270531 ) ) ;
#3976 = ADVANCED_FACE ( 'NONE', ( #1602, #1497, #731, #3424 ), #1893, .T. ) ;
#3977 = CARTESIAN_POINT ( 'NONE',  ( 47.14155940185076332, 48.80360732423428516, 30.47062160604269110 ) ) ;
#3978 = AXIS2_PLACEMENT_3D ( 'NONE', #3853, #1154, #4266 ) ;
#3979 = DIRECTION ( 'NONE',  ( 2.218993185860504869E-16, -1.000000000000000000, 1.370316553097683994E-15 ) ) ;
#3980 = ORIENTED_EDGE ( 'NONE', *, *, #473, .F. ) ;
#3981 = CARTESIAN_POINT ( 'NONE',  ( 40.46101733332369577, 45.82470112935361328, 37.17775236057497779 ) ) ;
#3982 = ADVANCED_FACE ( 'NONE', ( #6738 ), #3481, .T. ) ;
#3983 = DIRECTION ( 'NONE',  ( 0.0000000000000000000, 0.0000000000000000000, 1.000000000000000000 ) ) ;
#3984 = FACE_OUTER_BOUND ( 'NONE', #1302, .T. ) ;
#3985 = ADVANCED_FACE ( 'NONE', ( #1609 ), #6543, .T. ) ;
#3986 = VERTEX_POINT ( 'NONE', #6220 ) ;
#3987 = ORIENTED_EDGE ( 'NONE', *, *, #4247, .T. ) ;
#3988 = DIRECTION ( 'NONE',  ( -1.000000000000000000, 0.0000000000000000000, 8.673617379884027583E-15 ) ) ;
#3989 = EDGE_CURVE ( 'NONE', #6401, #1858, #6210, .T. ) ;
#3990 = ORIENTED_EDGE ( 'NONE', *, *, #5545, .T. ) ;
#3991 = DIRECTION ( 'NONE',  ( -1.000000000000000000, 0.0000000000000000000, 0.0000000000000000000 ) ) ;
#3992 = ORIENTED_EDGE ( 'NONE', *, *, #2388, .T. ) ;
#3993 = DIRECTION ( 'NONE',  ( -8.000000000000000622E-15, -1.000000000000000000, 1.232595164407829988E-32 ) ) ;
#3994 = DIRECTION ( 'NONE',  ( 0.0000000000000000000, 1.000000000000000000, 0.0000000000000000000 ) ) ;
#3995 = AXIS2_PLACEMENT_3D ( 'NONE', #4358, #2539, #6758 ) ;
#3996 = CIRCLE ( 'NONE', #109, 0.2283621302927932306 ) ;
#3997 = PLANE ( 'NONE',  #4663 ) ;
#3998 = VECTOR ( 'NONE', #1100, 1000.000000000000000 ) ;
#3999 = EDGE_LOOP ( 'NONE', ( #242, #6766, #6160, #3535, #2673 ) ) ;
#4000 = LINE ( 'NONE', #679, #4583 ) ;
#4001 = CARTESIAN_POINT ( 'NONE',  ( 46.31586384697391878, 46.10259148767039505, 27.62062160604270034 ) ) ;
#4002 = DIRECTION ( 'NONE',  ( -0.0000000000000000000, -0.0000000000000000000, 1.000000000000000000 ) ) ;
#4003 = CIRCLE ( 'NONE', #6576, 0.2107958125779213487 ) ;
#4004 = CARTESIAN_POINT ( 'NONE',  ( 41.26458181798120251, 41.96678714891211115, 37.62062160604307337 ) ) ;
#4005 = AXIS2_PLACEMENT_3D ( 'NONE', #2777, #4615, #4249 ) ;
#4006 = DIRECTION ( 'NONE',  ( 1.000000000000000000, 0.0000000000000000000, 0.0000000000000000000 ) ) ;
#4007 = CIRCLE ( 'NONE', #3022, 0.6535898384240137471 ) ;
#4008 = DIRECTION ( 'NONE',  ( -1.000000000000000000, 0.0000000000000000000, 0.0000000000000000000 ) ) ;
#4009 = EDGE_LOOP ( 'NONE', ( #3013, #1341, #3489, #1529 ) ) ;
#4010 = VECTOR ( 'NONE', #1783, 1000.000000000000114 ) ;
#4011 = ORIENTED_EDGE ( 'NONE', *, *, #4395, .F. ) ;
#4012 = EDGE_CURVE ( 'NONE', #3443, #1774, #4192, .T. ) ;
#4013 = DIRECTION ( 'NONE',  ( -0.0000000000000000000, 1.000000000000000000, -0.0000000000000000000 ) ) ;
#4014 = ORIENTED_EDGE ( 'NONE', *, *, #4560, .F. ) ;
#4015 = CARTESIAN_POINT ( 'NONE',  ( 42.81007469566816326, 48.80360732422017378, 30.47062160604267689 ) ) ;
#4016 = CARTESIAN_POINT ( 'NONE',  ( 44.67286384697376178, 48.80360732420605530, 30.12062160604270389 ) ) ;
#4017 = CARTESIAN_POINT ( 'NONE',  ( 42.81946330008608470, 49.33219605621575710, 35.47062160604272663 ) ) ;
#4018 = ADVANCED_FACE ( 'NONE', ( #554 ), #6162, .T. ) ;
#4019 = ORIENTED_EDGE ( 'NONE', *, *, #268, .T. ) ;
#4020 = LINE ( 'NONE', #5210, #3253 ) ;
#4021 = ORIENTED_EDGE ( 'NONE', *, *, #6519, .F. ) ;
#4022 = EDGE_LOOP ( 'NONE', ( #812, #4198, #5811, #6411 ) ) ;
#4023 = CARTESIAN_POINT ( 'NONE',  ( 41.69614896638377388, 39.80259148767056843, 28.43721316011393085 ) ) ;
#4024 = CARTESIAN_POINT ( 'NONE',  ( 46.49635753103500235, 49.70601434352352754, 30.47062160604269465 ) ) ;
#4025 = DIRECTION ( 'NONE',  ( -1.027220243219862112E-14, -1.000000000000000000, 2.814209271209191318E-29 ) ) ;
#4026 = DIRECTION ( 'NONE',  ( 8.673617379883486425E-15, 1.000000000000000000, -6.940126499071197463E-29 ) ) ;
#4027 = VECTOR ( 'NONE', #3281, 1000.000000000000000 ) ;
#4028 = DIRECTION ( 'NONE',  ( 0.0000000000000000000, 0.0000000000000000000, 1.000000000000000000 ) ) ;
#4029 = ORIENTED_EDGE ( 'NONE', *, *, #3077, .F. ) ;
#4030 = CARTESIAN_POINT ( 'NONE',  ( 40.42286384697389678, 39.60259148767055848, 31.22062160604233938 ) ) ;
#4031 = DIRECTION ( 'NONE',  ( 1.000000000000000000, 2.298141435449797094E-16, 0.0000000000000000000 ) ) ;
#4032 = EDGE_CURVE ( 'NONE', #474, #919, #119, .T. ) ;
#4033 = EDGE_LOOP ( 'NONE', ( #3606, #5802, #848, #1679 ) ) ;
#4034 = ORIENTED_EDGE ( 'NONE', *, *, #2057, .F. ) ;
#4035 = EDGE_CURVE ( 'NONE', #3765, #3158, #995, .T. ) ;
#4036 = DIRECTION ( 'NONE',  ( -1.000000000000000000, -2.081668171172166620E-14, 0.0000000000000000000 ) ) ;
#4037 = ADVANCED_FACE ( 'NONE', ( #3837 ), #3536, .T. ) ;
#4038 = EDGE_LOOP ( 'NONE', ( #2319, #5868, #6720, #5212, #3479 ) ) ;
#4039 = PLANE ( 'NONE',  #816 ) ;
#4040 = DIRECTION ( 'NONE',  ( -2.298141435449797094E-16, 1.000000000000000000, 6.123233995743353024E-17 ) ) ;
#4041 = CARTESIAN_POINT ( 'NONE',  ( 47.66368735064313000, 50.22167448075857976, 37.62062160604307337 ) ) ;
#4042 = EDGE_CURVE ( 'NONE', #3946, #6307, #4749, .T. ) ;
#4043 = ORIENTED_EDGE ( 'NONE', *, *, #6404, .F. ) ;
#4044 =( BOUNDED_CURVE ( )  B_SPLINE_CURVE ( 3, ( #5666, #209, #1748, #3152 ),
 .UNSPECIFIED., .F., .F. ) 
 B_SPLINE_CURVE_WITH_KNOTS ( ( 4, 4 ),
 ( 4.712388980384689674, 7.853981633974482790 ),
 .UNSPECIFIED. ) 
 CURVE ( )  GEOMETRIC_REPRESENTATION_ITEM ( )  RATIONAL_B_SPLINE_CURVE ( ( 1.000000000000000000, 0.3333333333333333703, 0.3333333333333333703, 1.000000000000000000 ) ) 
 REPRESENTATION_ITEM ( '' )  );
#4045 = VECTOR ( 'NONE', #6612, 1000.000000000000000 ) ;
#4046 =( NAMED_UNIT ( * ) SI_UNIT ( $, .STERADIAN. ) SOLID_ANGLE_UNIT ( ) );
#4047 = CARTESIAN_POINT ( 'NONE',  ( 40.46101733332366734, 45.90997719457937620, 32.91624776868016511 ) ) ;
#4048 = ORIENTED_EDGE ( 'NONE', *, *, #2290, .T. ) ;
#4049 = AXIS2_PLACEMENT_3D ( 'NONE', #929, #1103, #61 ) ;
#4050 = ORIENTED_EDGE ( 'NONE', *, *, #2143, .T. ) ;
#4051 = DIRECTION ( 'NONE',  ( 0.5000000000000108802, -0.8660254037844323793, -3.207500860634442171E-15 ) ) ;
#4052 = VECTOR ( 'NONE', #947, 1000.000000000000000 ) ;
#4053 = ORIENTED_EDGE ( 'NONE', *, *, #6828, .T. ) ;
#4054 = EDGE_CURVE ( 'NONE', #4177, #726, #2883, .T. ) ;
#4055 = ORIENTED_EDGE ( 'NONE', *, *, #1782, .T. ) ;
#4056 = EDGE_CURVE ( 'NONE', #4374, #3421, #2503, .T. ) ;
#4057 = ORIENTED_EDGE ( 'NONE', *, *, #2993, .T. ) ;
#4058 = DIRECTION ( 'NONE',  ( 8.673617379883486425E-15, 1.000000000000000000, -6.940126499071197463E-29 ) ) ;
#4059 = FACE_OUTER_BOUND ( 'NONE', #868, .T. ) ;
#4060 = ORIENTED_EDGE ( 'NONE', *, *, #748, .F. ) ;
#4061 = ORIENTED_EDGE ( 'NONE', *, *, #6774, .F. ) ;
#4062 = EDGE_LOOP ( 'NONE', ( #6353, #3377, #747, #6373 ) ) ;
#4063 = EDGE_CURVE ( 'NONE', #4369, #6769, #3996, .T. ) ;
#4064 = VECTOR ( 'NONE', #127, 1000.000000000000000 ) ;
#4065 = VECTOR ( 'NONE', #287, 1000.000000000000000 ) ;
#4066 = PLANE ( 'NONE',  #820 ) ;
#4067 = CARTESIAN_POINT ( 'NONE',  ( 43.37286384697353725, 43.25259148767053574, 33.82062160604281331 ) ) ;
#4068 = CARTESIAN_POINT ( 'NONE',  ( 42.61586384697395857, 50.40259148767042774, 27.74947806369631920 ) ) ;
#4069 = ORIENTED_EDGE ( 'NONE', *, *, #4649, .F. ) ;
#4070 = ORIENTED_EDGE ( 'NONE', *, *, #2163, .T. ) ;
#4071 = DIRECTION ( 'NONE',  ( 0.0000000000000000000, 0.0000000000000000000, 1.000000000000000000 ) ) ;
#4072 = DIRECTION ( 'NONE',  ( -1.000000000000000000, 0.0000000000000000000, 0.0000000000000000000 ) ) ;
#4073 = VERTEX_POINT ( 'NONE', #4068 ) ;
#4074 = CARTESIAN_POINT ( 'NONE',  ( 46.87967678499713742, 50.40259148767076880, 37.92765156762978762 ) ) ;
#4075 = DIRECTION ( 'NONE',  ( -8.000000000000000622E-15, -1.534706572270470003E-32, -1.000000000000000000 ) ) ;
#4076 = FACE_BOUND ( 'NONE', #1727, .T. ) ;
#4077 = LINE ( 'NONE', #166, #1476 ) ;
#4078 = EDGE_CURVE ( 'NONE', #1797, #2236, #3684, .T. ) ;
#4079 = ORIENTED_EDGE ( 'NONE', *, *, #1501, .T. ) ;
#4080 = CARTESIAN_POINT ( 'NONE',  ( 46.49635840678329401, 49.70595866983565259, 34.77062160604268115 ) ) ;
#4081 = CARTESIAN_POINT ( 'NONE',  ( 43.17967678499706352, 50.40259148767041353, 28.19062160604261891 ) ) ;
#4082 = CARTESIAN_POINT ( 'NONE',  ( 44.38365965955139103, 35.50259148767059969, 35.12062160604252625 ) ) ;
#4083 = FACE_OUTER_BOUND ( 'NONE', #2103, .T. ) ;
#4084 = ORIENTED_EDGE ( 'NONE', *, *, #410, .T. ) ;
#4085 = LINE ( 'NONE', #5622, #5418 ) ;
#4086 = ORIENTED_EDGE ( 'NONE', *, *, #6122, .T. ) ;
#4087 = DIRECTION ( 'NONE',  ( 1.000000000000000000, 0.0000000000000000000, 0.0000000000000000000 ) ) ;
#4088 = DIRECTION ( 'NONE',  ( 8.000000000000000622E-15, 1.000000000000000000, 0.0000000000000000000 ) ) ;
#4089 = EDGE_CURVE ( 'NONE', #5168, #378, #6286, .T. ) ;
#4090 = CARTESIAN_POINT ( 'NONE',  ( 40.01927400847684879, 45.10259148767045190, 37.12062160604305205 ) ) ;
#4091 = VERTEX_POINT ( 'NONE', #2107 ) ;
#4092 = CARTESIAN_POINT ( 'NONE',  ( 43.17967678499706352, 50.40259148767041353, 28.19062160604261891 ) ) ;
#4093 = VECTOR ( 'NONE', #343, 1000.000000000000000 ) ;
#4094 = VECTOR ( 'NONE', #3465, 1000.000000000000000 ) ;
#4095 = ORIENTED_EDGE ( 'NONE', *, *, #6814, .T. ) ;
#4096 = DIRECTION ( 'NONE',  ( 0.0000000000000000000, 0.0000000000000000000, -1.000000000000000000 ) ) ;
#4097 = AXIS2_PLACEMENT_3D ( 'NONE', #3413, #744, #6384 ) ;
#4098 = EDGE_CURVE ( 'NONE', #3141, #1568, #285, .T. ) ;
#4099 = ORIENTED_EDGE ( 'NONE', *, *, #4883, .F. ) ;
#4100 = CARTESIAN_POINT ( 'NONE',  ( 43.37286384697349462, 40.96338730024850605, 31.20982579346489771 ) ) ;
#4101 = CIRCLE ( 'NONE', #6291, 1.000000000000000888 ) ;
#4102 = ORIENTED_EDGE ( 'NONE', *, *, #3627, .F. ) ;
#4103 = LINE ( 'NONE', #5724, #1326 ) ;
#4104 = EDGE_CURVE ( 'NONE', #3586, #3549, #2240, .T. ) ;
#4105 = AXIS2_PLACEMENT_3D ( 'NONE', #3570, #5634, #5849 ) ;
#4106 = ORIENTED_EDGE ( 'NONE', *, *, #1647, .F. ) ;
#4107 = DIRECTION ( 'NONE',  ( 6.938893903907222067E-15, 1.000000000000000000, 0.0000000000000000000 ) ) ;
#4108 = VECTOR ( 'NONE', #2510, 1000.000000000000000 ) ;
#4109 = DIRECTION ( 'NONE',  ( 2.218993185860504869E-16, -1.000000000000000000, 1.370316553097683994E-15 ) ) ;
#4110 = EDGE_CURVE ( 'NONE', #3478, #585, #6475, .T. ) ;
#4111 = CARTESIAN_POINT ( 'NONE',  ( 46.30657432872715873, 49.80360732423429226, 30.47062160604269820 ) ) ;
#4112 = ORIENTED_EDGE ( 'NONE', *, *, #5394, .F. ) ;
#4113 = CARTESIAN_POINT ( 'NONE',  ( 40.42286384697393942, 39.00259148767057127, 37.62062160604307337 ) ) ;
#4114 = CARTESIAN_POINT ( 'NONE',  ( 42.37286384697350883, 39.80259148767056132, 33.02062160604302221 ) ) ;
#4115 = ORIENTED_EDGE ( 'NONE', *, *, #3621, .T. ) ;
#4116 = EDGE_CURVE ( 'NONE', #5808, #6625, #96, .T. ) ;
#4117 = CARTESIAN_POINT ( 'NONE',  ( 41.94786191099993999, 50.40259148767042774, 37.62062160604307337 ) ) ;
#4118 = AXIS2_PLACEMENT_3D ( 'NONE', #5852, #4138, #3219 ) ;
#4119 = ORIENTED_EDGE ( 'NONE', *, *, #2252, .T. ) ;
#4120 = CARTESIAN_POINT ( 'NONE',  ( 46.53095899845481398, 49.06790169558796322, 35.47062160604269110 ) ) ;
#4121 = ORIENTED_EDGE ( 'NONE', *, *, #6151, .T. ) ;
#4122 = CARTESIAN_POINT ( 'NONE',  ( 40.67286384697382573, 45.10259148767044479, 28.12062160604256533 ) ) ;
#4123 = CARTESIAN_POINT ( 'NONE',  ( 39.67286384697386126, 45.10259148767045190, 32.62062160604261152 ) ) ;
#4124 = VERTEX_POINT ( 'NONE', #4722 ) ;
#4125 = CARTESIAN_POINT ( 'NONE',  ( 40.26440553674730438, 42.57069365194876553, 32.85982493886689326 ) ) ;
#4126 = CARTESIAN_POINT ( 'NONE',  ( 43.37286384697355857, 43.25259148767052864, 36.42062160604283605 ) ) ;
#4127 = DIRECTION ( 'NONE',  ( 1.000000000000000000, 2.298141435449797094E-16, -8.000000000000000622E-15 ) ) ;
#4128 = ADVANCED_FACE ( 'NONE', ( #1456 ), #5955, .T. ) ;
#4129 = VECTOR ( 'NONE', #993, 1000.000000000000000 ) ;
#4130 = ORIENTED_EDGE ( 'NONE', *, *, #2970, .T. ) ;
#4131 = ORIENTED_EDGE ( 'NONE', *, *, #5911, .T. ) ;
#4132 = EDGE_LOOP ( 'NONE', ( #5900, #4849, #3980 ) ) ;
#4133 = PLANE ( 'NONE',  #153 ) ;
#4134 = DIRECTION ( 'NONE',  ( -1.000000000000000000, 1.027220243219863848E-14, 8.000000000000008510E-15 ) ) ;
#4135 = AXIS2_PLACEMENT_3D ( 'NONE', #5209, #3675, #1382 ) ;
#4136 = AXIS2_PLACEMENT_3D ( 'NONE', #1230, #6642, #6730 ) ;
#4137 = ORIENTED_EDGE ( 'NONE', *, *, #6599, .F. ) ;
#4138 = DIRECTION ( 'NONE',  ( -1.000000000000000000, 0.0000000000000000000, 0.0000000000000000000 ) ) ;
#4139 = LINE ( 'NONE', #5795, #3514 ) ;
#4140 = DIRECTION ( 'NONE',  ( -1.000000000000000000, 7.652527131591127960E-15, -0.0000000000000000000 ) ) ;
#4141 = CARTESIAN_POINT ( 'NONE',  ( 39.67286384697390389, 45.10259148767045190, 37.62062160604307337 ) ) ;
#4142 = FACE_OUTER_BOUND ( 'NONE', #544, .T. ) ;
#4143 = VECTOR ( 'NONE', #62, 1000.000000000000000 ) ;
#4144 = ADVANCED_FACE ( 'NONE', ( #4186 ), #1817, .F. ) ;
#4145 = PLANE ( 'NONE',  #1923 ) ;
#4146 = EDGE_LOOP ( 'NONE', ( #1746, #6754, #5139, #5103, #5044, #2572, #5611, #3713 ) ) ;
#4147 =( BOUNDED_CURVE ( )  B_SPLINE_CURVE ( 3, ( #2116, #5902, #4901, #6574 ),
 .UNSPECIFIED., .F., .F. ) 
 B_SPLINE_CURVE_WITH_KNOTS ( ( 4, 4 ),
 ( 1.570796326794896780, 4.712388980384689674 ),
 .UNSPECIFIED. ) 
 CURVE ( )  GEOMETRIC_REPRESENTATION_ITEM ( )  RATIONAL_B_SPLINE_CURVE ( ( 1.000000000000000000, 0.3333333333333333703, 0.3333333333333333703, 1.000000000000000000 ) ) 
 REPRESENTATION_ITEM ( '' )  );
#4148 = DIRECTION ( 'NONE',  ( 1.000000000000000000, -8.000000000000000622E-15, 4.611712367288014258E-17 ) ) ;
#4149 = ORIENTED_EDGE ( 'NONE', *, *, #349, .F. ) ;
#4150 = DIRECTION ( 'NONE',  ( -0.0000000000000000000, -0.0000000000000000000, -1.000000000000000000 ) ) ;
#4151 = VECTOR ( 'NONE', #1665, 1000.000000000000000 ) ;
#4152 = FACE_OUTER_BOUND ( 'NONE', #3960, .T. ) ;
#4153 = DIRECTION ( 'NONE',  ( -1.000000000000000000, 0.0000000000000000000, 8.899646579587765736E-15 ) ) ;
#4154 = EDGE_CURVE ( 'NONE', #5431, #1498, #1336, .T. ) ;
#4155 = DIRECTION ( 'NONE',  ( -0.0000000000000000000, -0.0000000000000000000, -1.000000000000000000 ) ) ;
#4156 = CARTESIAN_POINT ( 'NONE',  ( 48.67286384697392521, 42.00259148767001705, 32.22062160604217951 ) ) ;
#4157 = DIRECTION ( 'NONE',  ( 8.000000000000000622E-15, -1.232595164407829988E-32, 1.000000000000000000 ) ) ;
#4158 = ORIENTED_EDGE ( 'NONE', *, *, #2517, .T. ) ;
#4159 = CARTESIAN_POINT ( 'NONE',  ( 44.67286384697379731, 48.60259148779595506, 35.12062160604270389 ) ) ;
#4160 = DIRECTION ( 'NONE',  ( -1.000000000000000000, 8.673617379883486425E-15, 6.415001721268519099E-15 ) ) ;
#4161 = AXIS2_PLACEMENT_3D ( 'NONE', #5505, #1592, #5841 ) ;
#4162 = ORIENTED_EDGE ( 'NONE', *, *, #3300, .F. ) ;
#4163 = EDGE_CURVE ( 'NONE', #2236, #6365, #1170, .T. ) ;
#4164 = EDGE_CURVE ( 'NONE', #77, #6652, #4875, .T. ) ;
#4165 = ORIENTED_EDGE ( 'NONE', *, *, #5337, .T. ) ;
#4166 = EDGE_LOOP ( 'NONE', ( #1891, #2884, #2336, #5331 ) ) ;
#4167 = ORIENTED_EDGE ( 'NONE', *, *, #6446, .F. ) ;
#4168 = CARTESIAN_POINT ( 'NONE',  ( 44.67286384697347756, 39.80259148767053290, 30.12062160604262573 ) ) ;
#4169 = ORIENTED_EDGE ( 'NONE', *, *, #2925, .T. ) ;
#4170 = CIRCLE ( 'NONE', #4831, 1.099999999999996758 ) ;
#4171 = ORIENTED_EDGE ( 'NONE', *, *, #4755, .F. ) ;
#4172 = CARTESIAN_POINT ( 'NONE',  ( 42.36770755987890880, 41.22639938744485733, 37.62062160604307337 ) ) ;
#4173 = CARTESIAN_POINT ( 'NONE',  ( 43.37286384697355857, 43.25259148767052864, 36.42062160604283605 ) ) ;
#4174 = DIRECTION ( 'NONE',  ( 1.000000000000000000, 0.0000000000000000000, 0.0000000000000000000 ) ) ;
#4175 = APPROVAL_DATE_TIME ( #3058, #5591 ) ;
#4176 = AXIS2_PLACEMENT_3D ( 'NONE', #5163, #3979, #2288 ) ;
#4177 = VERTEX_POINT ( 'NONE', #2607 ) ;
#4178 = EDGE_CURVE ( 'NONE', #6847, #2545, #4783, .T. ) ;
#4179 = DIRECTION ( 'NONE',  ( -0.6435627400807247822, 0.0000000000000000000, 0.7653933626441958848 ) ) ;
#4180 = FACE_OUTER_BOUND ( 'NONE', #2303, .T. ) ;
#4181 = VECTOR ( 'NONE', #722, 1000.000000000000000 ) ;
#4182 = DIRECTION ( 'NONE',  ( 0.0000000000000000000, -0.0000000000000000000, -1.000000000000000000 ) ) ;
#4183 = DIRECTION ( 'NONE',  ( -1.000000000000000000, 6.502033391154179875E-15, 7.895326260687218081E-15 ) ) ;
#4184 = DIRECTION ( 'NONE',  ( 0.0000000000000000000, -1.000000000000000000, 0.0000000000000000000 ) ) ;
#4185 = EDGE_CURVE ( 'NONE', #4301, #759, #2311, .T. ) ;
#4186 = FACE_OUTER_BOUND ( 'NONE', #5133, .T. ) ;
#4188 = LINE ( 'NONE', #2296, #2902 ) ;
#4187 = LINE ( 'NONE', #6051, #846 ) ;
#4189 = CARTESIAN_POINT ( 'NONE',  ( 46.53095899845416739, 49.06790169558819059, 30.47062160604269110 ) ) ;
#4190 = EDGE_CURVE ( 'NONE', #5564, #1056, #3184, .T. ) ;
#4191 = DIRECTION ( 'NONE',  ( -0.0000000000000000000, -1.000000000000000000, -0.0000000000000000000 ) ) ;
#4192 = LINE ( 'NONE', #776, #6292 ) ;
#4193 = EDGE_LOOP ( 'NONE', ( #6592, #2793, #2132, #5700 ) ) ;
#4194 = LINE ( 'NONE', #5551, #3032 ) ;
#4195 = ORIENTED_EDGE ( 'NONE', *, *, #6246, .F. ) ;
#4196 = CARTESIAN_POINT ( 'NONE',  ( 41.01927400848762773, 45.50239148767074226, 28.12062160604256533 ) ) ;
#4197 = DIRECTION ( 'NONE',  ( -2.298141435449797094E-16, 1.000000000000000000, 6.123233995743353024E-17 ) ) ;
#4198 = ORIENTED_EDGE ( 'NONE', *, *, #5588, .F. ) ;
#4199 = CARTESIAN_POINT ( 'NONE',  ( 42.37286384697352304, 43.04179567509261517, 31.42062160604284315 ) ) ;
#4200 = CIRCLE ( 'NONE', #2137, 0.2107958125779213487 ) ;
#4201 = DIRECTION ( 'NONE',  ( 8.000000000000000622E-15, -6.401232595164408364E-29, 1.000000000000000000 ) ) ;
#4202 = DIRECTION ( 'NONE',  ( -2.298141435449797094E-16, 1.000000000000000000, 6.123233995743353024E-17 ) ) ;
#4203 = CARTESIAN_POINT ( 'NONE',  ( 42.61586384697404384, 46.10259148767076454, 37.74947806369632275 ) ) ;
#4204 = ADVANCED_FACE ( 'NONE', ( #4586 ), #836, .T. ) ;
#4205 = DIRECTION ( 'NONE',  ( 8.000000000000000622E-15, 1.000000000000000000, 0.0000000000000000000 ) ) ;
#4206 = CARTESIAN_POINT ( 'NONE',  ( 39.67286384697381862, 45.10259148767045190, 27.92062160607411414 ) ) ;
#4207 = ORIENTED_EDGE ( 'NONE', *, *, #1512, .F. ) ;
#4208 = CARTESIAN_POINT ( 'NONE',  ( 40.46101733332370287, 45.82470112935361328, 37.62062160604274652 ) ) ;
#4209 = LINE ( 'NONE', #2682, #5412 ) ;
#4210 = LINE ( 'NONE', #5020, #5050 ) ;
#4211 = ORIENTED_EDGE ( 'NONE', *, *, #1428, .T. ) ;
#4212 = VERTEX_POINT ( 'NONE', #4113 ) ;
#4213 = DIRECTION ( 'NONE',  ( -1.000000000000000000, 7.652527131591127960E-15, -0.0000000000000000000 ) ) ;
#4214 = AXIS2_PLACEMENT_3D ( 'NONE', #3726, #5498, #569 ) ;
#4215 = VECTOR ( 'NONE', #1811, 1000.000000000000000 ) ;
#4216 = VERTEX_POINT ( 'NONE', #5927 ) ;
#4217 = VERTEX_POINT ( 'NONE', #3457 ) ;
#4218 = DIRECTION ( 'NONE',  ( -1.000000000000000000, 0.0000000000000000000, 0.0000000000000000000 ) ) ;
#4219 = CARTESIAN_POINT ( 'NONE',  ( 40.58904486027156366, 45.75078440220652709, 28.12062160604256533 ) ) ;
#4220 = CARTESIAN_POINT ( 'NONE',  ( 41.67250897246965025, 50.22167448075828133, 27.62062160604273942 ) ) ;
#4221 = ORIENTED_EDGE ( 'NONE', *, *, #6214, .F. ) ;
#4222 = LINE ( 'NONE', #2072, #4094 ) ;
#4223 = CARTESIAN_POINT ( 'NONE',  ( 42.37286384697353014, 45.50239148767072805, 28.12062160604256533 ) ) ;
#4224 = DIRECTION ( 'NONE',  ( -0.0000000000000000000, -0.0000000000000000000, -1.000000000000000000 ) ) ;
#4225 = AXIS2_PLACEMENT_3D ( 'NONE', #6863, #95, #6046 ) ;
#4226 = ORIENTED_EDGE ( 'NONE', *, *, #1248, .F. ) ;
#4227 = EDGE_CURVE ( 'NONE', #2721, #3656, #4170, .T. ) ;
#4228 = DIRECTION ( 'NONE',  ( -2.298141435449797094E-16, 1.000000000000000000, 6.123233995743353024E-17 ) ) ;
#4229 = LINE ( 'NONE', #998, #2367 ) ;
#4230 = ORIENTED_EDGE ( 'NONE', *, *, #4662, .F. ) ;
#4231 = AXIS2_PLACEMENT_3D ( 'NONE', #4733, #184, #3935 ) ;
#4232 = ORIENTED_EDGE ( 'NONE', *, *, #2410, .T. ) ;
#4233 = EDGE_CURVE ( 'NONE', #6349, #814, #623, .T. ) ;
#4234 = ORIENTED_EDGE ( 'NONE', *, *, #599, .F. ) ;
#4235 = CARTESIAN_POINT ( 'NONE',  ( 40.01927400847679195, 45.10259148767045190, 28.12062160604256533 ) ) ;
#4236 = VERTEX_POINT ( 'NONE', #561 ) ;
#4237 = EDGE_CURVE ( 'NONE', #2062, #4453, #760, .T. ) ;
#4238 = EDGE_CURVE ( 'NONE', #5157, #1318, #5516, .T. ) ;
#4239 = CARTESIAN_POINT ( 'NONE',  ( 40.57286384697383141, 39.00259148767057127, 31.22062160604234293 ) ) ;
#4240 = DIRECTION ( 'NONE',  ( -6.308085367188447236E-15, 0.0000000000000000000, -1.000000000000000000 ) ) ;
#4241 = DIRECTION ( 'NONE',  ( -1.000000000000000000, 0.0000000000000000000, 0.0000000000000000000 ) ) ;
#4242 = DIRECTION ( 'NONE',  ( 8.000000000000000622E-15, 1.534706572270470003E-32, 1.000000000000000000 ) ) ;
#4243 = ORIENTED_EDGE ( 'NONE', *, *, #115, .F. ) ;
#4244 = LINE ( 'NONE', #428, #5461 ) ;
#4245 = DIRECTION ( 'NONE',  ( -8.000000000000000622E-15, -1.000000000000000000, 1.232595164407829988E-32 ) ) ;
#4246 = FACE_OUTER_BOUND ( 'NONE', #6429, .T. ) ;
#4247 = EDGE_CURVE ( 'NONE', #733, #5157, #3329, .T. ) ;
#4248 = EDGE_LOOP ( 'NONE', ( #5677, #6408, #6431, #5881 ) ) ;
#4249 = DIRECTION ( 'NONE',  ( 0.0000000000000000000, -1.000000000000000000, 0.0000000000000000000 ) ) ;
#4250 = VECTOR ( 'NONE', #2229, 1000.000000000000000 ) ;
#4251 = DIRECTION ( 'NONE',  ( 1.000000000000000000, -8.000000000000000622E-15, 4.611712367288014258E-17 ) ) ;
#4252 = DIRECTION ( 'NONE',  ( -0.6435627400803137776, 0.0000000000000000000, -0.7653933626445413863 ) ) ;
#4253 = ORIENTED_EDGE ( 'NONE', *, *, #88, .F. ) ;
#4254 = LINE ( 'NONE', #348, #1041 ) ;
#4255 = EDGE_CURVE ( 'NONE', #77, #5347, #3257, .T. ) ;
#4256 = EDGE_CURVE ( 'NONE', #5099, #4668, #4000, .T. ) ;
#4257 = LINE ( 'NONE', #605, #4939 ) ;
#4258 = VERTEX_POINT ( 'NONE', #2348 ) ;
#4259 = B_SPLINE_CURVE_WITH_KNOTS ( 'NONE', 3,
 ( #5295, #1001, #5462, #5807, #1633, #4866 ),
 .UNSPECIFIED., .F., .F.,
 ( 4, 2, 4 ),
 ( 0.0000000000000000000, 0.0001645077324556314276, 0.0003290154649112628552 ),
 .UNSPECIFIED. ) ;
#4260 = ORIENTED_EDGE ( 'NONE', *, *, #3044, .T. ) ;
#4261 = DIRECTION ( 'NONE',  ( -0.8660254037844230535, 0.5000000000000270894, 0.0000000000000000000 ) ) ;
#4262 = VERTEX_POINT ( 'NONE', #6209 ) ;
#4263 = DIRECTION ( 'NONE',  ( 1.000000000000000000, -8.000000000000000622E-15, -8.000000000000000622E-15 ) ) ;
#4264 = EDGE_CURVE ( 'NONE', #1123, #2395, #2651, .T. ) ;
#4265 = ORIENTED_EDGE ( 'NONE', *, *, #1970, .T. ) ;
#4266 = DIRECTION ( 'NONE',  ( -1.000000000000000000, 0.0000000000000000000, 0.0000000000000000000 ) ) ;
#4267 = CARTESIAN_POINT ( 'NONE',  ( 40.44838490655959617, 42.52831254725708732, 32.40588701542067440 ) ) ;
#4268 = PLANE ( 'NONE',  #5932 ) ;
#4269 = CARTESIAN_POINT ( 'NONE',  ( 40.42286384697399626, 45.84672905496814366, 37.62062160604274652 ) ) ;
#4270 = AXIS2_PLACEMENT_3D ( 'NONE', #5004, #3074, #3764 ) ;
#4271 = VERTEX_POINT ( 'NONE', #6664 ) ;
#4272 = DIRECTION ( 'NONE',  ( 7.883749266479334781E-15, 0.0000000000000000000, 1.000000000000000000 ) ) ;
#4273 = VERTEX_POINT ( 'NONE', #2239 ) ;
#4274 = CARTESIAN_POINT ( 'NONE',  ( 40.46101733332380235, 46.07989443694170717, 32.42062160608587362 ) ) ;
#4275 = AXIS2_PLACEMENT_3D ( 'NONE', #5825, #6787, #2505 ) ;
#4276 = ORIENTED_EDGE ( 'NONE', *, *, #490, .F. ) ;
#4277 = FACE_OUTER_BOUND ( 'NONE', #954, .T. ) ;
#4278 = ADVANCED_FACE ( 'NONE', ( #870 ), #4475, .F. ) ;
#4279 = DIRECTION ( 'NONE',  ( 0.0000000000000000000, -0.0000000000000000000, -1.000000000000000000 ) ) ;
#4280 = ORIENTED_EDGE ( 'NONE', *, *, #6213, .F. ) ;
#4281 = DIRECTION ( 'NONE',  ( -8.000000000000000622E-15, -1.000000000000000000, 0.0000000000000000000 ) ) ;
#4282 = ADVANCED_FACE ( 'NONE', ( #1013 ), #1718, .T. ) ;
#4283 = CARTESIAN_POINT ( 'NONE',  ( 43.37286384697350883, 40.75259148767059258, 34.03141741862072678 ) ) ;
#4284 = EDGE_CURVE ( 'NONE', #4331, #4728, #1381, .T. ) ;
#4285 = DIRECTION ( 'NONE',  ( 2.298141435449792163E-16, -1.000000000000000000, -6.123233995743353024E-17 ) ) ;
#4286 = ADVANCED_FACE ( 'NONE', ( #5314 ), #6506, .F. ) ;
#4287 = ORIENTED_EDGE ( 'NONE', *, *, #2843, .T. ) ;
#4288 = DIRECTION ( 'NONE',  ( 1.000000000000000000, 0.0000000000000000000, 0.0000000000000000000 ) ) ;
#4289 = VECTOR ( 'NONE', #5342, 1000.000000000000000 ) ;
#4290 = CARTESIAN_POINT ( 'NONE',  ( 40.42286384697386836, 39.00279148767105397, 28.87062160604239125 ) ) ;
#4291 = CARTESIAN_POINT ( 'NONE',  ( 45.02286392053754582, 49.80360732423428516, 29.77062160604269181 ) ) ;
#4292 = ORIENTED_EDGE ( 'NONE', *, *, #788, .T. ) ;
#4293 = DIRECTION ( 'NONE',  ( -1.000000000000000000, 0.0000000000000000000, 8.673617379884027583E-15 ) ) ;
#4294 = EDGE_CURVE ( 'NONE', #4952, #1517, #2941, .T. ) ;
#4295 = AXIS2_PLACEMENT_3D ( 'NONE', #3671, #3603, #1599 ) ;
#4296 = DIRECTION ( 'NONE',  ( 0.0000000000000000000, 0.0000000000000000000, -1.000000000000000000 ) ) ;
#4297 = ADVANCED_FACE ( 'NONE', ( #3173 ), #6522, .F. ) ;
#4298 = CIRCLE ( 'NONE', #2688, 0.2107958125779213487 ) ;
#4299 = DIRECTION ( 'NONE',  ( 0.0000000000000000000, 0.0000000000000000000, 1.000000000000000000 ) ) ;
#4300 = CIRCLE ( 'NONE', #5943, 1.881544943242302592 ) ;
#4301 = VERTEX_POINT ( 'NONE', #950 ) ;
#4302 = CARTESIAN_POINT ( 'NONE',  ( 46.72986384697403395, 46.10259148767076454, 37.62062160604269678 ) ) ;
#4303 = LINE ( 'NONE', #192, #2789 ) ;
#4304 = DIRECTION ( 'NONE',  ( -8.000000000000000622E-15, -1.534706572270469730E-32, -1.000000000000000000 ) ) ;
#4305 = CARTESIAN_POINT ( 'NONE',  ( 45.02286392053759556, 49.80360732423428516, 33.66202640911340183 ) ) ;
#4306 = ORIENTED_EDGE ( 'NONE', *, *, #4853, .F. ) ;
#4307 = PLANE ( 'NONE',  #1200 ) ;
#4308 = CARTESIAN_POINT ( 'NONE',  ( 40.21501775006565538, 39.48259148767029103, 32.70062160604270218 ) ) ;
#4309 = DIRECTION ( 'NONE',  ( 0.0000000000000000000, -1.000000000000000000, 0.0000000000000000000 ) ) ;
#4310 = PLANE ( 'NONE',  #885 ) ;
#4311 = EDGE_CURVE ( 'NONE', #2394, #3201, #3162, .T. ) ;
#4312 = ORIENTED_EDGE ( 'NONE', *, *, #1991, .T. ) ;
#4313 = AXIS2_PLACEMENT_3D ( 'NONE', #1874, #150, #3142 ) ;
#4314 = EDGE_CURVE ( 'NONE', #6370, #6273, #3520, .T. ) ;
#4315 =( BOUNDED_CURVE ( )  B_SPLINE_CURVE ( 3, ( #6287, #5440, #6656, #2543 ),
 .UNSPECIFIED., .F., .F. ) 
 B_SPLINE_CURVE_WITH_KNOTS ( ( 4, 4 ),
 ( 4.938797277757312365, 4.965069235526681446 ),
 .UNSPECIFIED. ) 
 CURVE ( )  GEOMETRIC_REPRESENTATION_ITEM ( )  RATIONAL_B_SPLINE_CURVE ( ( 1.000000000000000000, 0.9999424828466551007, 0.9999424828466551007, 1.000000000000000000 ) ) 
 REPRESENTATION_ITEM ( '' )  );
#4316 = CIRCLE ( 'NONE', #3057, 1.099999999999996758 ) ;
#4317 = EDGE_CURVE ( 'NONE', #4772, #4796, #2452, .T. ) ;
#4318 = VERTEX_POINT ( 'NONE', #1712 ) ;
#4319 = CARTESIAN_POINT ( 'NONE',  ( 48.67286384697394652, 48.35259148767057269, 33.02062160604256036 ) ) ;
#4320 = DIRECTION ( 'NONE',  ( 1.000000000000000000, -1.027220243219864006E-14, -8.000000000000010088E-15 ) ) ;
#4321 = VECTOR ( 'NONE', #6172, 1000.000000000000000 ) ;
#4322 = CARTESIAN_POINT ( 'NONE',  ( 42.98353704377693418, 49.80360732423427805, 29.77062160604268826 ) ) ;
#4323 = EDGE_CURVE ( 'NONE', #2540, #6227, #75, .T. ) ;
#4324 = CARTESIAN_POINT ( 'NONE',  ( 46.09432400481627212, 49.80360732423429226, 30.12062160604269678 ) ) ;
#4325 = EDGE_CURVE ( 'NONE', #4262, #3727, #1889, .T. ) ;
#4326 = ORIENTED_EDGE ( 'NONE', *, *, #2400, .F. ) ;
#4327 = LINE ( 'NONE', #1296, #3581 ) ;
#4328 = CARTESIAN_POINT ( 'NONE',  ( 42.25739498568910335, 40.78319719184672465, 37.52062160604316432 ) ) ;
#4329 = VECTOR ( 'NONE', #3294, 1000.000000000000000 ) ;
#4330 = AXIS2_PLACEMENT_3D ( 'NONE', #6191, #3782, #2297 ) ;
#4331 = VERTEX_POINT ( 'NONE', #4015 ) ;
#4332 = ORIENTED_EDGE ( 'NONE', *, *, #3873, .T. ) ;
#4333 = VECTOR ( 'NONE', #3016, 1000.000000000000000 ) ;
#4334 = CARTESIAN_POINT ( 'NONE',  ( 43.17967678499713458, 46.10259148767076454, 37.92765156762981604 ) ) ;
#4335 = DIRECTION ( 'NONE',  ( -1.000000000000000000, 1.027220243219863848E-14, 8.000000000000010088E-15 ) ) ;
#4336 = FACE_OUTER_BOUND ( 'NONE', #2560, .T. ) ;
#4337 = ORIENTED_EDGE ( 'NONE', *, *, #5352, .T. ) ;
#4338 = CARTESIAN_POINT ( 'NONE',  ( 42.37286384697352304, 43.25259148767054285, 31.20982579346491903 ) ) ;
#4339 = DIRECTION ( 'NONE',  ( -0.0000000000000000000, -0.0000000000000000000, -1.000000000000000000 ) ) ;
#4340 = EDGE_CURVE ( 'NONE', #1568, #3243, #6317, .T. ) ;
#4341 = EDGE_LOOP ( 'NONE', ( #2711, #1804 ) ) ;
#4342 = CARTESIAN_POINT ( 'NONE',  ( 46.56824861588553688, 48.80360732420605530, 30.12062160604268968 ) ) ;
#4343 = DIRECTION ( 'NONE',  ( 0.0000000000000000000, 0.0000000000000000000, -1.000000000000000000 ) ) ;
#4344 = DIRECTION ( 'NONE',  ( -2.298141435449797094E-16, 1.000000000000000000, 6.123233995743353024E-17 ) ) ;
#4345 = LINE ( 'NONE', #4909, #1151 ) ;
#4346 = DIRECTION ( 'NONE',  ( -1.000000000000000000, 0.0000000000000000000, 0.0000000000000000000 ) ) ;
#4347 = EDGE_CURVE ( 'NONE', #1048, #6646, #2235, .T. ) ;
#4348 = VECTOR ( 'NONE', #2349, 1000.000000000000000 ) ;
#4349 = LINE ( 'NONE', #2196, #2575 ) ;
#4350 = VECTOR ( 'NONE', #19, 1000.000000000000000 ) ;
#4351 = PLANE ( 'NONE',  #1877 ) ;
#4352 = EDGE_LOOP ( 'NONE', ( #3050, #2861, #3222, #2313, #4756 ) ) ;
#4353 = ORIENTED_EDGE ( 'NONE', *, *, #4755, .T. ) ;
#4354 = CARTESIAN_POINT ( 'NONE',  ( 42.61586384697395857, 50.40259148767042774, 27.62062160604273231 ) ) ;
#4355 = ORIENTED_EDGE ( 'NONE', *, *, #3136, .T. ) ;
#4356 = LINE ( 'NONE', #2548, #3971 ) ;
#4357 = ORIENTED_EDGE ( 'NONE', *, *, #6845, .T. ) ;
#4358 = CARTESIAN_POINT ( 'NONE',  ( 47.38833441211302500, 50.10259148767038795, 37.62062160604307337 ) ) ;
#4359 = VECTOR ( 'NONE', #5238, 1000.000000000000000 ) ;
#4360 = ORIENTED_EDGE ( 'NONE', *, *, #4063, .F. ) ;
#4361 = CARTESIAN_POINT ( 'NONE',  ( 40.42286384697390389, 39.60259148767055848, 32.22062160604274084 ) ) ;
#4362 = EDGE_CURVE ( 'NONE', #2573, #814, #2052, .T. ) ;
#4363 = VERTEX_POINT ( 'NONE', #3805 ) ;
#4364 = B_SPLINE_CURVE_WITH_KNOTS ( 'NONE', 3,
 ( #3929, #2121, #1505, #1177 ),
 .UNSPECIFIED., .F., .F.,
 ( 4, 4 ),
 ( 2.850564525099200335E-15, 0.0007930081559137244166 ),
 .UNSPECIFIED. ) ;
#4365 = VECTOR ( 'NONE', #3445, 999.9999999999998863 ) ;
#4366 = ORIENTED_EDGE ( 'NONE', *, *, #5187, .F. ) ;
#4367 = CARTESIAN_POINT ( 'NONE',  ( 46.31586384697403957, 46.10259148767076454, 37.74947806369629433 ) ) ;
#4368 = EDGE_CURVE ( 'NONE', #4331, #4638, #2086, .T. ) ;
#4369 = VERTEX_POINT ( 'NONE', #418 ) ;
#4370 = DIRECTION ( 'NONE',  ( -0.0000000000000000000, -0.0000000000000000000, -1.000000000000000000 ) ) ;
#4371 = DIRECTION ( 'NONE',  ( -1.000000000000000000, 4.644863812385055876E-15, -0.0000000000000000000 ) ) ;
#4372 = ORIENTED_EDGE ( 'NONE', *, *, #260, .T. ) ;
#4373 = DIRECTION ( 'NONE',  ( 1.000000000000000000, 1.682156097916903736E-15, -0.0000000000000000000 ) ) ;
#4374 = VERTEX_POINT ( 'NONE', #4577 ) ;
#4375 = DIRECTION ( 'NONE',  ( -8.000000000000000622E-15, -1.000000000000000000, 6.401232595164408364E-29 ) ) ;
#4376 = ORIENTED_EDGE ( 'NONE', *, *, #3297, .T. ) ;
#4377 = ORIENTED_EDGE ( 'NONE', *, *, #4032, .T. ) ;
#4378 = EDGE_CURVE ( 'NONE', #2584, #4971, #2772, .T. ) ;
#4379 = PLANE ( 'NONE',  #1924 ) ;
#4380 = EDGE_CURVE ( 'NONE', #6454, #4704, #6765, .T. ) ;
#4381 = ADVANCED_FACE ( 'NONE', ( #6872 ), #628, .F. ) ;
#4382 = VECTOR ( 'NONE', #818, 1000.000000000000000 ) ;
#4383 = VECTOR ( 'NONE', #3315, 1000.000000000000000 ) ;
#4384 = VECTOR ( 'NONE', #6396, 1000.000000000000000 ) ;
#4385 = ORIENTED_EDGE ( 'NONE', *, *, #1832, .F. ) ;
#4386 = CARTESIAN_POINT ( 'NONE',  ( 41.01927400848759930, 39.80259148767058264, 32.22062160604244241 ) ) ;
#4387 = ORIENTED_EDGE ( 'NONE', *, *, #1267, .T. ) ;
#4388 = VECTOR ( 'NONE', #2528, 1000.000000000000000 ) ;
#4389 = ADVANCED_FACE ( 'NONE', ( #3864 ), #3268, .T. ) ;
#4390 = EDGE_CURVE ( 'NONE', #2305, #2059, #2453, .T. ) ;
#4391 = ORIENTED_EDGE ( 'NONE', *, *, #4178, .F. ) ;
#4392 = CIRCLE ( 'NONE', #2344, 0.2107958125779213487 ) ;
#4393 = CIRCLE ( 'NONE', #996, 0.2107958125779213487 ) ;
#4394 = CARTESIAN_POINT ( 'NONE',  ( 42.46605090895084800, 50.30259148767042632, 27.92765156762962775 ) ) ;
#4395 = EDGE_CURVE ( 'NONE', #968, #471, #3926, .T. ) ;
#4396 = VECTOR ( 'NONE', #617, 1000.000000000000000 ) ;
#4397 = AXIS2_PLACEMENT_3D ( 'NONE', #1437, #4528, #2576 ) ;
#4398 = AXIS2_PLACEMENT_3D ( 'NONE', #4531, #2693, #5024 ) ;
#4399 = VECTOR ( 'NONE', #6687, 1000.000000000000114 ) ;
#4400 = CARTESIAN_POINT ( 'NONE',  ( 39.67286384697381152, 43.50279148767114634, 27.92062160607411414 ) ) ;
#4401 = ORIENTED_EDGE ( 'NONE', *, *, #930, .T. ) ;
#4402 = CARTESIAN_POINT ( 'NONE',  ( 42.14800182156442787, 41.62680722797632882, 37.62062160604307337 ) ) ;
#4403 = PLANE ( 'NONE',  #2857 ) ;
#4404 = EDGE_CURVE ( 'NONE', #1774, #4258, #6550, .T. ) ;
#4405 = DIRECTION ( 'NONE',  ( 0.0000000000000000000, 0.0000000000000000000, -1.000000000000000000 ) ) ;
#4406 = CARTESIAN_POINT ( 'NONE',  ( 43.92286384697384705, 39.71338730024835684, 37.52062160604316432 ) ) ;
#4407 = CARTESIAN_POINT ( 'NONE',  ( 44.67286384697371204, 37.75238908767064316, 35.12062160604270389 ) ) ;
#4408 = EDGE_LOOP ( 'NONE', ( #3132, #6173, #2684, #1938 ) ) ;
#4409 = DIRECTION ( 'NONE',  ( -1.000000000000000000, 0.0000000000000000000, 0.0000000000000000000 ) ) ;
#4410 = CARTESIAN_POINT ( 'NONE',  ( 42.61586384697403673, 46.10259148767076454, 37.62062160604273231 ) ) ;
#4411 = CARTESIAN_POINT ( 'NONE',  ( 42.81007469566816326, 48.80360732422017378, 30.47062160604267689 ) ) ;
#4412 = CARTESIAN_POINT ( 'NONE',  ( 46.31586384697395431, 50.40259148767039221, 27.62062160604270034 ) ) ;
#4413 = VERTEX_POINT ( 'NONE', #6629 ) ;
#4414 = CARTESIAN_POINT ( 'NONE',  ( 46.53565299827955215, 48.80360732422014536, 29.77062160604269181 ) ) ;
#4415 = B_SPLINE_CURVE_WITH_KNOTS ( 'NONE', 3,
 ( #1676, #155, #5776, #5279 ),
 .UNSPECIFIED., .F., .F.,
 ( 4, 4 ),
 ( 0.0000000000000000000, 0.0001584886536061780825 ),
 .UNSPECIFIED. ) ;
#4416 = CARTESIAN_POINT ( 'NONE',  ( 41.01927400848764904, 45.50239148767074226, 32.22062160604244241 ) ) ;
#4417 = AXIS2_PLACEMENT_3D ( 'NONE', #394, #3240, #1896 ) ;
#4418 = LINE ( 'NONE', #525, #511 ) ;
#4419 = CARTESIAN_POINT ( 'NONE',  ( 43.37286384697353725, 43.04179567509261517, 34.03141741862073388 ) ) ;
#4420 = LINE ( 'NONE', #558, #5487 ) ;
#4421 = VERTEX_POINT ( 'NONE', #4342 ) ;
#4422 = ORIENTED_EDGE ( 'NONE', *, *, #3871, .F. ) ;
#4423 = ADVANCED_FACE ( 'NONE', ( #5698 ), #4379, .F. ) ;
#4424 = EDGE_CURVE ( 'NONE', #6024, #264, #2040, .T. ) ;
#4425 = LINE ( 'NONE', #2204, #6216 ) ;
#4426 = EDGE_LOOP ( 'NONE', ( #5193, #2272, #3106, #4486, #6426, #6314, #1117, #4260 ) ) ;
#4427 = AXIS2_PLACEMENT_3D ( 'NONE', #3454, #1345, #1280 ) ;
#4428 = CARTESIAN_POINT ( 'NONE',  ( 40.67286384697391100, 46.10259148767043769, 37.62062160604307337 ) ) ;
#4429 = EDGE_LOOP ( 'NONE', ( #3766, #6200, #515, #757 ) ) ;
#4430 = CARTESIAN_POINT ( 'NONE',  ( 44.67286384697393231, 39.80259148767053290, 36.22062160604230030 ) ) ;
#4431 = ORIENTED_EDGE ( 'NONE', *, *, #2674, .T. ) ;
#4432 = AXIS2_PLACEMENT_3D ( 'NONE', #612, #4051, #3847 ) ;
#4433 = CARTESIAN_POINT ( 'NONE',  ( 42.46605090895086221, 50.40259148767042774, 28.19062160604262601 ) ) ;
#4434 = VECTOR ( 'NONE', #6706, 1000.000000000000000 ) ;
#4435 = VECTOR ( 'NONE', #5120, 1000.000000000000000 ) ;
#4436 = DIRECTION ( 'NONE',  ( 6.259177311183876463E-15, 0.0000000000000000000, -1.000000000000000000 ) ) ;
#4437 = AXIS2_PLACEMENT_3D ( 'NONE', #602, #2355, #6853 ) ;
#4438 = CARTESIAN_POINT ( 'NONE',  ( 47.14155940185079885, 48.80360732423428516, 35.47062160604269110 ) ) ;
#4439 = ORIENTED_EDGE ( 'NONE', *, *, #912, .T. ) ;
#4440 = DIRECTION ( 'NONE',  ( 8.006416042969862877E-15, -2.668805347656620959E-15, 1.000000000000000000 ) ) ;
#4441 = EDGE_CURVE ( 'NONE', #2721, #5146, #6654, .T. ) ;
#4442 = ORIENTED_EDGE ( 'NONE', *, *, #4110, .F. ) ;
#4443 = PLANE ( 'NONE',  #2738 ) ;
#4444 = CARTESIAN_POINT ( 'NONE',  ( 39.67286384697384705, 43.23403038560645939, 32.42062160604264420 ) ) ;
#4445 = DIRECTION ( 'NONE',  ( -1.129587379705846507E-14, -1.000000000000000000, 0.0000000000000000000 ) ) ;
#4446 = VERTEX_POINT ( 'NONE', #5950 ) ;
#4447 = VERTEX_POINT ( 'NONE', #3981 ) ;
#4448 = ORIENTED_EDGE ( 'NONE', *, *, #6023, .F. ) ;
#4449 = ORIENTED_EDGE ( 'NONE', *, *, #5495, .T. ) ;
#4450 = CARTESIAN_POINT ( 'NONE',  ( 43.37286384697351593, 43.25259148767052864, 31.20982579346491192 ) ) ;
#4451 = ADVANCED_FACE ( 'NONE', ( #5271 ), #3875, .F. ) ;
#4452 = CIRCLE ( 'NONE', #3475, 1.895384768911781315 ) ;
#4453 = VERTEX_POINT ( 'NONE', #4929 ) ;
#4454 = EDGE_LOOP ( 'NONE', ( #2209, #37, #3405, #2175 ) ) ;
#4455 = EDGE_CURVE ( 'NONE', #6769, #4369, #3342, .T. ) ;
#4456 = CARTESIAN_POINT ( 'NONE',  ( 42.37286384697349462, 39.80259148767056132, 31.22062160604232517 ) ) ;
#4457 = EDGE_CURVE ( 'NONE', #1231, #1123, #877, .T. ) ;
#4458 = ORIENTED_EDGE ( 'NONE', *, *, #47, .T. ) ;
#4459 = DIRECTION ( 'NONE',  ( -8.000000000000000622E-15, -1.000000000000000000, 1.534706572270470003E-32 ) ) ;
#4460 = PLANE ( 'NONE',  #3437 ) ;
#4461 = CARTESIAN_POINT ( 'NONE',  ( 40.42286384697390389, 39.60259148767055848, 32.42062160604245946 ) ) ;
#4462 = EDGE_LOOP ( 'NONE', ( #2935, #4923, #2114, #5790, #994, #6185, #3939, #5368 ) ) ;
#4463 = CARTESIAN_POINT ( 'NONE',  ( 45.02286392053755293, 48.80360732423427805, 28.66202640911335564 ) ) ;
#4464 = ORIENTED_EDGE ( 'NONE', *, *, #1405, .T. ) ;
#4465 = CARTESIAN_POINT ( 'NONE',  ( 40.42286384697389678, 39.00279148767106108, 32.22062160604274084 ) ) ;
#4466 = LINE ( 'NONE', #5161, #28 ) ;
#4467 = CARTESIAN_POINT ( 'NONE',  ( 41.26458181798120251, 39.82760001385911153, 37.52062160604316432 ) ) ;
#4468 = ORIENTED_EDGE ( 'NONE', *, *, #4620, .T. ) ;
#4469 = VECTOR ( 'NONE', #1536, 1000.000000000000000 ) ;
#4470 = DIRECTION ( 'NONE',  ( -3.957994955879629592E-13, 0.0000000000000000000, 1.000000000000000000 ) ) ;
#4471 = CARTESIAN_POINT ( 'NONE',  ( 40.92286384697396784, 39.50259148767043627, 37.52062160604316432 ) ) ;
#4472 = LINE ( 'NONE', #1250, #3334 ) ;
#4473 = CIRCLE ( 'NONE', #1798, 0.5000000000000004441 ) ;
#4474 = CARTESIAN_POINT ( 'NONE',  ( 44.67286384697392521, 51.43259388767070561, 35.12062160604230598 ) ) ;
#4475 = PLANE ( 'NONE',  #6834 ) ;
#4476 = PLANE ( 'NONE',  #2977 ) ;
#4477 = DIRECTION ( 'NONE',  ( -0.0000000000000000000, -0.0000000000000000000, -1.000000000000000000 ) ) ;
#4478 = ORIENTED_EDGE ( 'NONE', *, *, #737, .T. ) ;
#4479 = AXIS2_PLACEMENT_3D ( 'NONE', #4126, #4975, #263 ) ;
#4480 = AXIS2_PLACEMENT_3D ( 'NONE', #847, #2156, #3993 ) ;
#4481 = ORIENTED_EDGE ( 'NONE', *, *, #4832, .F. ) ;
#4482 = CARTESIAN_POINT ( 'NONE',  ( 46.16605090895082952, 46.10259148767039505, 28.19062160604259759 ) ) ;
#4483 = PLANE ( 'NONE',  #3066 ) ;
#4484 = DIRECTION ( 'NONE',  ( -0.0000000000000000000, -0.0000000000000000000, -1.000000000000000000 ) ) ;
#4485 = FACE_OUTER_BOUND ( 'NONE', #3094, .T. ) ;
#4486 = ORIENTED_EDGE ( 'NONE', *, *, #664, .F. ) ;
#4487 = EDGE_CURVE ( 'NONE', #585, #6311, #6000, .T. ) ;
#4488 = EDGE_CURVE ( 'NONE', #2381, #1447, #449, .T. ) ;
#4489 = DIRECTION ( 'NONE',  ( -8.000000000000000622E-15, -1.534706572270470277E-32, -1.000000000000000000 ) ) ;
#4490 = ORIENTED_EDGE ( 'NONE', *, *, #538, .T. ) ;
#4491 = ORIENTED_EDGE ( 'NONE', *, *, #532, .T. ) ;
#4492 = DIRECTION ( 'NONE',  ( -3.957994955879629592E-13, 0.0000000000000000000, 1.000000000000000000 ) ) ;
#4493 = LINE ( 'NONE', #1004, #6129 ) ;
#4494 = ORIENTED_EDGE ( 'NONE', *, *, #5954, .F. ) ;
#4495 = ORIENTED_EDGE ( 'NONE', *, *, #4368, .F. ) ;
#4496 = ORIENTED_EDGE ( 'NONE', *, *, #5108, .F. ) ;
#4497 = DIRECTION ( 'NONE',  ( 8.000000000000000622E-15, 1.534706572270470003E-32, 1.000000000000000000 ) ) ;
#4498 = EDGE_CURVE ( 'NONE', #5647, #1625, #4943, .T. ) ;
#4499 = EDGE_CURVE ( 'NONE', #474, #3095, #3585, .T. ) ;
#4500 =( NAMED_UNIT ( * ) PLANE_ANGLE_UNIT ( ) SI_UNIT ( $, .RADIAN. ) );
#4501 = CARTESIAN_POINT ( 'NONE',  ( 42.98355641368290492, 49.80360732423507386, 30.47062160604272663 ) ) ;
#4502 = CIRCLE ( 'NONE', #384, 0.2892041874220790953 ) ;
#4503 = EDGE_CURVE ( 'NONE', #4643, #4262, #4793, .T. ) ;
#4504 = AXIS2_PLACEMENT_3D ( 'NONE', #3083, #6630, #969 ) ;
#4505 = AXIS2_PLACEMENT_3D ( 'NONE', #2301, #4370, #3211 ) ;
#4506 = ORIENTED_EDGE ( 'NONE', *, *, #170, .T. ) ;
#4507 = PERSON_AND_ORGANIZATION_ROLE ( 'design_owner' ) ;
#4508 = CARTESIAN_POINT ( 'NONE',  ( 40.54578631990194992, 45.77575973213370730, 32.23812498913166991 ) ) ;
#4509 = DIRECTION ( 'NONE',  ( 0.0000000000000000000, 0.0000000000000000000, 1.000000000000000000 ) ) ;
#4510 = EDGE_CURVE ( 'NONE', #6735, #4271, #3754, .T. ) ;
#4511 = LINE ( 'NONE', #2098, #3213 ) ;
#4512 = VECTOR ( 'NONE', #4891, 1000.000000000000000 ) ;
#4513 = DIRECTION ( 'NONE',  ( 1.000000000000000000, -1.129587379705846507E-14, 0.0000000000000000000 ) ) ;
#4514 = CARTESIAN_POINT ( 'NONE',  ( 42.58741329819359578, 41.62680722797615118, 37.62062160604307337 ) ) ;
#4515 = ADVANCED_FACE ( 'NONE', ( #2616 ), #4039, .T. ) ;
#4516 = DIRECTION ( 'NONE',  ( -1.000000000000000000, -4.611712367288014258E-17, 8.000000000000000622E-15 ) ) ;
#4517 = DIRECTION ( 'NONE',  ( 0.0000000000000000000, 1.000000000000000000, 0.0000000000000000000 ) ) ;
#4518 = ORIENTED_EDGE ( 'NONE', *, *, #923, .T. ) ;
#4519 = CIRCLE ( 'NONE', #237, 0.6535898384970317831 ) ;
#4520 = AXIS2_PLACEMENT_3D ( 'NONE', #4719, #3970, #5083 ) ;
#4521 = DIRECTION ( 'NONE',  ( -8.000000000000000622E-15, 6.401232595164408364E-29, -1.000000000000000000 ) ) ;
#4522 = CARTESIAN_POINT ( 'NONE',  ( 41.47537763055913018, 42.17758296149003172, 37.62062160604307337 ) ) ;
#4523 = EDGE_CURVE ( 'NONE', #3309, #634, #4420, .T. ) ;
#4524 = DIRECTION ( 'NONE',  ( -0.0000000000000000000, 1.000000000000000000, -0.0000000000000000000 ) ) ;
#4525 = CARTESIAN_POINT ( 'NONE',  ( 40.43935041996221003, 46.10259148767044479, 39.30162400604254458 ) ) ;
#4526 = DIRECTION ( 'NONE',  ( -1.164414226397770362E-15, -1.000000000000000000, -5.469701214046192608E-29 ) ) ;
#4527 = ORIENTED_EDGE ( 'NONE', *, *, #3828, .T. ) ;
#4528 = DIRECTION ( 'NONE',  ( 1.000000000000000000, 2.298141435449793149E-16, 6.259177311183876463E-15 ) ) ;
#4529 = ORIENTED_EDGE ( 'NONE', *, *, #4827, .F. ) ;
#4530 = VECTOR ( 'NONE', #4263, 1000.000000000000000 ) ;
#4531 = CARTESIAN_POINT ( 'NONE',  ( 44.67286384697375468, 49.80360732423429226, 30.12062160604270389 ) ) ;
#4532 = DIRECTION ( 'NONE',  ( -1.000000000000000000, 8.000000000000000622E-15, 8.000000000000000622E-15 ) ) ;
#4533 = CIRCLE ( 'NONE', #2943, 1.099999999999996758 ) ;
#4534 = AXIS2_PLACEMENT_3D ( 'NONE', #1513, #6069, #4346 ) ;
#4535 = DIRECTION ( 'NONE',  ( -8.000000000000000622E-15, -1.000000000000000000, 6.401232595164408364E-29 ) ) ;
#4536 = LINE ( 'NONE', #4001, #4359 ) ;
#4537 = CARTESIAN_POINT ( 'NONE',  ( 41.94786191099993999, 50.40259148767042774, 37.62062160604307337 ) ) ;
#4538 = ORIENTED_EDGE ( 'NONE', *, *, #5203, .F. ) ;
#4539 = DIRECTION ( 'NONE',  ( 0.0000000000000000000, -1.000000000000000000, 0.0000000000000000000 ) ) ;
#4540 = CARTESIAN_POINT ( 'NONE',  ( 42.81007469566694112, 48.80360732420605530, 34.77062160604268826 ) ) ;
#4541 = DIRECTION ( 'NONE',  ( 0.0000000000000000000, 1.000000000000000000, 0.0000000000000000000 ) ) ;
#4542 = VECTOR ( 'NONE', #2551, 1000.000000000000000 ) ;
#4543 = ORIENTED_EDGE ( 'NONE', *, *, #1514, .F. ) ;
#4544 = PLANE ( 'NONE',  #4899 ) ;
#4545 = DIRECTION ( 'NONE',  ( 1.000000000000000000, -3.558407130209556064E-15, 0.0000000000000000000 ) ) ;
#4546 = FACE_OUTER_BOUND ( 'NONE', #1415, .T. ) ;
#4547 = FACE_OUTER_BOUND ( 'NONE', #5962, .T. ) ;
#4548 = DIRECTION ( 'NONE',  ( 1.000000000000000000, -1.676061329446199707E-14, -8.380306647230998533E-15 ) ) ;
#4549 = VECTOR ( 'NONE', #5422, 1000.000000000000000 ) ;
#4550 = EDGE_CURVE ( 'NONE', #4787, #6188, #233, .T. ) ;
#4551 = ORIENTED_EDGE ( 'NONE', *, *, #5327, .F. ) ;
#4552 = DIRECTION ( 'NONE',  ( -8.000000000000000622E-15, -9.964473254502949756E-30, -1.000000000000000000 ) ) ;
#4553 = DIRECTION ( 'NONE',  ( 0.0000000000000000000, 0.0000000000000000000, -1.000000000000000000 ) ) ;
#4554 = CARTESIAN_POINT ( 'NONE',  ( 46.72986384697392737, 46.10259148767038795, 27.62062160604269678 ) ) ;
#4555 = ORIENTED_EDGE ( 'NONE', *, *, #2544, .T. ) ;
#4556 = FACE_OUTER_BOUND ( 'NONE', #3784, .T. ) ;
#4557 = CARTESIAN_POINT ( 'NONE',  ( 42.04659917311118278, 40.64118792820679005, 37.62062160604307337 ) ) ;
#4558 = PLANE ( 'NONE',  #3128 ) ;
#4559 = PRODUCT_RELATED_PRODUCT_CATEGORY ( 'detail', '', ( #5240 ) ) ;
#4560 = EDGE_CURVE ( 'NONE', #1523, #5198, #1535, .T. ) ;
#4561 = CARTESIAN_POINT ( 'NONE',  ( 48.67286384697396784, 42.00259148767001705, 37.62062160604307337 ) ) ;
#4562 = CARTESIAN_POINT ( 'NONE',  ( 48.67286384697392521, 42.00259148767001705, 32.22062160604217951 ) ) ;
#4563 = AXIS2_PLACEMENT_3D ( 'NONE', #2200, #6150, #144 ) ;
#4564 = EDGE_CURVE ( 'NONE', #2357, #464, #4991, .T. ) ;
#4565 = LINE ( 'NONE', #1751, #792 ) ;
#4566 = ORIENTED_EDGE ( 'NONE', *, *, #698, .T. ) ;
#4567 = AXIS2_PLACEMENT_3D ( 'NONE', #3099, #1691, #988 ) ;
#4568 = DIRECTION ( 'NONE',  ( 0.0000000000000000000, 0.0000000000000000000, -1.000000000000000000 ) ) ;
#4569 = ORIENTED_EDGE ( 'NONE', *, *, #5263, .F. ) ;
#4570 = FACE_OUTER_BOUND ( 'NONE', #5953, .T. ) ;
#4571 = ADVANCED_FACE ( 'NONE', ( #3623 ), #4483, .F. ) ;
#4572 = ADVANCED_FACE ( 'NONE', ( #6460 ), #3699, .T. ) ;
#4573 = DIRECTION ( 'NONE',  ( -2.298141435449797094E-16, 1.000000000000000000, 6.123233995743353024E-17 ) ) ;
#4574 = VERTEX_POINT ( 'NONE', #5176 ) ;
#4575 = EDGE_CURVE ( 'NONE', #1324, #5971, #5465, .T. ) ;
#4576 = VECTOR ( 'NONE', #803, 1000.000000000000000 ) ;
#4577 = CARTESIAN_POINT ( 'NONE',  ( 40.01927400847677774, 43.50279148767114634, 28.12062160604256533 ) ) ;
#4578 = FACE_OUTER_BOUND ( 'NONE', #5174, .T. ) ;
#4579 = CARTESIAN_POINT ( 'NONE',  ( 42.47802013406861477, 41.81161084668292460, 37.62062160604307337 ) ) ;
#4580 = FACE_OUTER_BOUND ( 'NONE', #3031, .T. ) ;
#4581 = ORIENTED_EDGE ( 'NONE', *, *, #1846, .T. ) ;
#4582 = ORIENTED_EDGE ( 'NONE', *, *, #4760, .T. ) ;
#4583 = VECTOR ( 'NONE', #6527, 1000.000000000000000 ) ;
#4584 = ORIENTED_EDGE ( 'NONE', *, *, #4424, .F. ) ;
#4585 = CARTESIAN_POINT ( 'NONE',  ( 43.17967678499713458, 50.40259148767076880, 37.92765156762981604 ) ) ;
#4586 = FACE_OUTER_BOUND ( 'NONE', #5554, .T. ) ;
#4587 = LINE ( 'NONE', #5585, #2727 ) ;
#4588 = CARTESIAN_POINT ( 'NONE',  ( 42.46605090895082668, 46.10259148767042348, 27.92765156762972723 ) ) ;
#4589 = EDGE_CURVE ( 'NONE', #6418, #6538, #2488, .T. ) ;
#4590 = DIRECTION ( 'NONE',  ( -2.298141435449797094E-16, 1.000000000000000000, 6.123233995743351792E-17 ) ) ;
#4591 = CARTESIAN_POINT ( 'NONE',  ( 41.13365965955188841, 42.29179567509275728, 37.52062160604316432 ) ) ;
#4592 = ORIENTED_EDGE ( 'NONE', *, *, #2957, .T. ) ;
#4593 = FACE_OUTER_BOUND ( 'NONE', #1758, .T. ) ;
#4594 = EDGE_CURVE ( 'NONE', #6254, #2226, #6471, .T. ) ;
#4595 = CIRCLE ( 'NONE', #5948, 1.898893513390072174 ) ;
#4596 = VERTEX_POINT ( 'NONE', #1167 ) ;
#4597 = EDGE_LOOP ( 'NONE', ( #6821, #3940, #4954, #1855 ) ) ;
#4598 = DIRECTION ( 'NONE',  ( 1.000000000000000000, 0.0000000000000000000, -9.462128050782611690E-15 ) ) ;
#4599 = ORIENTED_EDGE ( 'NONE', *, *, #580, .F. ) ;
#4600 = CARTESIAN_POINT ( 'NONE',  ( 42.47802013406879951, 40.64118792820689663, 37.52062160604316432 ) ) ;
#4601 = CARTESIAN_POINT ( 'NONE',  ( 40.67286384697387547, 42.84920164918488439, 37.12062160604305205 ) ) ;
#4602 = DIRECTION ( 'NONE',  ( 0.0000000000000000000, 0.0000000000000000000, -1.000000000000000000 ) ) ;
#4603 = AXIS2_PLACEMENT_3D ( 'NONE', #6105, #4272, #4894 ) ;
#4604 = CARTESIAN_POINT ( 'NONE',  ( 44.67286384697393231, 51.43259388767070561, 36.22062160604230030 ) ) ;
#4605 = CARTESIAN_POINT ( 'NONE',  ( 47.38833441211302500, 50.40259148767038511, 37.62062160604307337 ) ) ;
#4606 = VERTEX_POINT ( 'NONE', #5463 ) ;
#4607 = CLOSED_SHELL ( 'NONE', ( #4835, #4969, #1615, #1583, #3130, #1095, #1261, #2987, #89, #2701, #2675, #3732, #5423, #539, #3976, #4608, #4571, #6427, #5936, #3907, #1552, #5791, #754, #3982, #5968, #6680, #5405, #5156, #6084, #6041, #5842, #3985, #2456, #6079, #6529, #1973, #1770, #1645, #508, #4617, #3108, #1071, #13, #6719, #2492, #4451, #365, #4204, #2628, #274, #5789, #5380, #4128, #1188, #3881, #6345, #2583, #5473, #3522, #1360, #1597, #6226, #1262, #1060, #3743, #6692, #1835, #987, #6868, #4889, #3531, #2088, #5475, #2165, #645, #1809, #1338, #2028, #1986, #4144, #1562, #5318, #6009, #4816, #3379, #764, #1395, #4697, #4423, #5810, #586, #3517, #3840, #1347, #6702, #5819, #3747, #3456, #3906, #3314, #4572, #2402, #5489, #5073, #3668, #1717, #6455, #5438, #4018, #2450, #603, #925, #3719, #4389, #2124, #3608, #5705, #3135, #2135, #2691, #631, #635, #3698, #4868, #318, #5218, #5123, #716, #2426, #6817, #2951, #138, #2504, #2926, #2999, #5827, #668, #4381, #4037, #4747, #2004, #5268, #220, #6763, #3336, #60, #2408, #1815, #1757, #6306, #629, #1226, #350, #1193, #3799, #2992, #2337, #5441, #215, #4515, #3422, #6430, #3878, #5606, #6346, #1577, #4933, #4278, #2243, #6206, #6547, #5135, #5527, #2959, #2152, #125, #6795, #5006, #875, #6025, #1781, #5798, #2658, #6869, #2144, #5075, #3669, #3496, #2909, #4732, #3718, #3333, #6102, #990, #126, #4843, #4286, #1330, #424, #4297, #3912, #4282, #1311, #564, #2924, #6703, #3499, #3787, #504, #1957, #3269, #507, #5409, #6371, #1687, #5854 ) ) ;
#4608 = ADVANCED_FACE ( 'NONE', ( #5746 ), #6833, .F. ) ;
#4609 = VERTEX_POINT ( 'NONE', #1149 ) ;
#4610 = EDGE_CURVE ( 'NONE', #6026, #2614, #3003, .T. ) ;
#4611 = CONICAL_SURFACE ( 'NONE', #2307, 0.6535898384240068637, 1.047197551180342412 ) ;
#4612 = AXIS2_PLACEMENT_3D ( 'NONE', #5370, #6040, #4826 ) ;
#4613 = EDGE_LOOP ( 'NONE', ( #4762, #5741, #2287, #5863, #4918, #2676 ) ) ;
#4614 = FACE_OUTER_BOUND ( 'NONE', #1334, .T. ) ;
#4615 = DIRECTION ( 'NONE',  ( -1.000000000000000000, 8.326672684688784494E-15, 8.006416042969842367E-15 ) ) ;
#4616 = DIRECTION ( 'NONE',  ( 1.000000000000000000, -1.387778780781444413E-14, 0.0000000000000000000 ) ) ;
#4617 = ADVANCED_FACE ( 'NONE', ( #1594 ), #1930, .T. ) ;
#4618 = VERTEX_POINT ( 'NONE', #3154 ) ;
#4619 = CARTESIAN_POINT ( 'NONE',  ( 44.67286384697389678, 39.80259148767053290, 31.22062160604230385 ) ) ;
#4620 = EDGE_CURVE ( 'NONE', #4318, #5662, #3393, .T. ) ;
#4621 = LINE ( 'NONE', #5170, #4215 ) ;
#4622 = DIRECTION ( 'NONE',  ( -1.000000000000000000, 0.0000000000000000000, 0.0000000000000000000 ) ) ;
#4623 = CARTESIAN_POINT ( 'NONE',  ( 48.46206803439599753, 48.14179567509265212, 33.02062160604256036 ) ) ;
#4624 = AXIS2_PLACEMENT_3D ( 'NONE', #5160, #2845, #1950 ) ;
#4625 = CARTESIAN_POINT ( 'NONE',  ( 41.26458181798120251, 42.17758296149003883, 37.62062160604307337 ) ) ;
#4626 = VECTOR ( 'NONE', #2882, 1000.000000000000000 ) ;
#4627 = ORIENTED_EDGE ( 'NONE', *, *, #4973, .F. ) ;
#4628 = PLANE ( 'NONE',  #2755 ) ;
#4629 = CARTESIAN_POINT ( 'NONE',  ( 0.0000000000000000000, 46.10259148767076454, 0.0000000000000000000 ) ) ;
#4630 = ORIENTED_EDGE ( 'NONE', *, *, #5187, .T. ) ;
#4631 = CARTESIAN_POINT ( 'NONE',  ( 44.67286384697388968, 39.00259148767057127, 31.22062160604230385 ) ) ;
#4632 = CARTESIAN_POINT ( 'NONE',  ( 42.37286384697355146, 45.50239148767072805, 32.22062160604242820 ) ) ;
#4633 = ORIENTED_EDGE ( 'NONE', *, *, #5077, .T. ) ;
#4634 = CARTESIAN_POINT ( 'NONE',  ( 40.59371861830307893, 42.67364625897872799, 37.22197855782386711 ) ) ;
#4635 = EDGE_CURVE ( 'NONE', #843, #1080, #4493, .T. ) ;
#4636 = DIRECTION ( 'NONE',  ( 1.000000000000000000, -1.027220243219863848E-14, -8.000000000000010088E-15 ) ) ;
#4637 = DIRECTION ( 'NONE',  ( 8.000000000000000622E-15, 1.534706572270470003E-32, 1.000000000000000000 ) ) ;
#4638 = VERTEX_POINT ( 'NONE', #1113 ) ;
#4639 = CIRCLE ( 'NONE', #555, 0.2107958125779213487 ) ;
#4640 = AXIS2_PLACEMENT_3D ( 'NONE', #5528, #6372, #6586 ) ;
#4641 = ORIENTED_EDGE ( 'NONE', *, *, #225, .F. ) ;
#4642 = EDGE_LOOP ( 'NONE', ( #694, #3323, #5074, #4084 ) ) ;
#4643 = VERTEX_POINT ( 'NONE', #5866 ) ;
#4644 = LINE ( 'NONE', #6152, #2003 ) ;
#4645 = EDGE_CURVE ( 'NONE', #5514, #5153, #1014, .T. ) ;
#4646 = EDGE_CURVE ( 'NONE', #6646, #5049, #6610, .T. ) ;
#4647 = DIRECTION ( 'NONE',  ( -0.0000000000000000000, -0.0000000000000000000, 1.000000000000000000 ) ) ;
#4648 = ORIENTED_EDGE ( 'NONE', *, *, #5800, .T. ) ;
#4649 = EDGE_CURVE ( 'NONE', #3727, #264, #1166, .T. ) ;
#4650 = ORIENTED_EDGE ( 'NONE', *, *, #2428, .T. ) ;
#4651 = ORIENTED_EDGE ( 'NONE', *, *, #1106, .F. ) ;
#4652 = CARTESIAN_POINT ( 'NONE',  ( 46.30657432872821744, 49.80360732423429226, 34.77062160604268826 ) ) ;
#4653 = CARTESIAN_POINT ( 'NONE',  ( 42.25739498568910335, 40.03839582643702499, 37.62062160604307337 ) ) ;
#4654 = FACE_OUTER_BOUND ( 'NONE', #24, .T. ) ;
#4655 = ORIENTED_EDGE ( 'NONE', *, *, #4503, .F. ) ;
#4656 = VERTEX_POINT ( 'NONE', #6374 ) ;
#4657 = VECTOR ( 'NONE', #6864, 1000.000000000000000 ) ;
#4658 = VECTOR ( 'NONE', #876, 1000.000000000000000 ) ;
#4659 = LINE ( 'NONE', #147, #6272 ) ;
#4660 = DIRECTION ( 'NONE',  ( -1.691914632811590462E-15, -1.000000000000000000, -5.045235698586320787E-29 ) ) ;
#4661 = ORIENTED_EDGE ( 'NONE', *, *, #4994, .F. ) ;
#4662 = EDGE_CURVE ( 'NONE', #1754, #5149, #4621, .T. ) ;
#4663 = AXIS2_PLACEMENT_3D ( 'NONE', #1495, #191, #1483 ) ;
#4664 = AXIS2_PLACEMENT_3D ( 'NONE', #5432, #5751, #1839 ) ;
#4665 = DIRECTION ( 'NONE',  ( -8.000000000000000622E-15, 6.398767404835592702E-29, -1.000000000000000000 ) ) ;
#4666 = CARTESIAN_POINT ( 'NONE',  ( 42.70021781508169312, 40.27660826606181388, 37.62062160604307337 ) ) ;
#4667 = CARTESIAN_POINT ( 'NONE',  ( 48.67286384697392521, 42.00259148767001705, 32.22062160604217951 ) ) ;
#4668 = VERTEX_POINT ( 'NONE', #5284 ) ;
#4669 = ORIENTED_EDGE ( 'NONE', *, *, #4873, .T. ) ;
#4670 = DIRECTION ( 'NONE',  ( 1.000000000000000000, -1.027220243219864006E-14, -8.000000000000010088E-15 ) ) ;
#4671 = CIRCLE ( 'NONE', #2036, 0.2107958125779213487 ) ;
#4672 = EDGE_LOOP ( 'NONE', ( #2598, #6462, #4095, #208, #4648, #5029, #486, #3226 ) ) ;
#4673 = CARTESIAN_POINT ( 'NONE',  ( 40.76927400848773431, 39.80259148767056843, 36.22062160604233583 ) ) ;
#4674 = DIRECTION ( 'NONE',  ( -1.000000000000000000, 2.719073618930933063E-14, 8.000000000000000622E-15 ) ) ;
#4675 = VERTEX_POINT ( 'NONE', #898 ) ;
#4676 = EDGE_CURVE ( 'NONE', #5594, #307, #5568, .T. ) ;
#4677 = ORIENTED_EDGE ( 'NONE', *, *, #5940, .T. ) ;
#4678 = EDGE_CURVE ( 'NONE', #2750, #39, #5292, .T. ) ;
#4679 = CARTESIAN_POINT ( 'NONE',  ( 42.25739498568910335, 39.82760001385910442, 37.62062160604307337 ) ) ;
#4680 = ORIENTED_EDGE ( 'NONE', *, *, #2783, .T. ) ;
#4681 = APPROVAL_STATUS ( 'not_yet_approved' ) ;
#4682 = VECTOR ( 'NONE', #3228, 1000.000000000000000 ) ;
#4683 = CARTESIAN_POINT ( 'NONE',  ( 46.72986384697392737, 46.10259148767038795, 27.62062160604269678 ) ) ;
#4684 = ORIENTED_EDGE ( 'NONE', *, *, #5715, .F. ) ;
#4685 = VECTOR ( 'NONE', #6620, 1000.000000000000000 ) ;
#4686 = FACE_OUTER_BOUND ( 'NONE', #3551, .T. ) ;
#4687 = DIRECTION ( 'NONE',  ( -1.000000000000000000, 6.938893903907512368E-15, 0.0000000000000000000 ) ) ;
#4688 = PLANE ( 'NONE',  #6658 ) ;
#4689 = CARTESIAN_POINT ( 'NONE',  ( 47.97286384697387263, 39.00259148767057837, 29.02062160604228325 ) ) ;
#4690 = VECTOR ( 'NONE', #3888, 1000.000000000000000 ) ;
#4691 = EDGE_CURVE ( 'NONE', #1073, #4216, #5830, .T. ) ;
#4692 = AXIS2_PLACEMENT_3D ( 'NONE', #657, #4984, #6806 ) ;
#4693 = EDGE_CURVE ( 'NONE', #417, #6538, #5072, .T. ) ;
#4694 = ORIENTED_EDGE ( 'NONE', *, *, #3105, .T. ) ;
#4695 = CIRCLE ( 'NONE', #3464, 2.000000000000001776 ) ;
#4696 = DIRECTION ( 'NONE',  ( 0.0000000000000000000, 1.000000000000000000, 0.0000000000000000000 ) ) ;
#4697 = ADVANCED_FACE ( 'NONE', ( #1350 ), #2495, .F. ) ;
#4698 = DIRECTION ( 'NONE',  ( -0.8660254037844391517, 0.4999999999999990563, 6.928203230275546214E-15 ) ) ;
#4699 = DIRECTION ( 'NONE',  ( -0.0000000000000000000, -0.0000000000000000000, -1.000000000000000000 ) ) ;
#4700 = DIRECTION ( 'NONE',  ( 8.068481283613059739E-15, 1.000000000000000000, 0.0000000000000000000 ) ) ;
#4701 = AXIS2_PLACEMENT_3D ( 'NONE', #1975, #1243, #1682 ) ;
#4702 = VERTEX_POINT ( 'NONE', #1031 ) ;
#4703 = ORIENTED_EDGE ( 'NONE', *, *, #2199, .F. ) ;
#4704 = VERTEX_POINT ( 'NONE', #3806 ) ;
#4705 = DIRECTION ( 'NONE',  ( 0.0000000000000000000, 0.0000000000000000000, 1.000000000000000000 ) ) ;
#4706 = AXIS2_PLACEMENT_3D ( 'NONE', #2920, #2840, #2218 ) ;
#4707 = LINE ( 'NONE', #2042, #3829 ) ;
#4708 = EDGE_CURVE ( 'NONE', #5099, #1510, #6733, .T. ) ;
#4709 = ORIENTED_EDGE ( 'NONE', *, *, #4154, .T. ) ;
#4710 = EDGE_LOOP ( 'NONE', ( #4280, #5872, #3386, #3697, #1990 ) ) ;
#4711 = DIRECTION ( 'NONE',  ( 0.0000000000000000000, 0.0000000000000000000, 1.000000000000000000 ) ) ;
#4712 = DIRECTION ( 'NONE',  ( -0.7071067811865474617, -6.235155852426682369E-16, -0.7071067811865474617 ) ) ;
#4713 = FACE_OUTER_BOUND ( 'NONE', #2921, .T. ) ;
#4714 = VECTOR ( 'NONE', #3182, 1000.000000000000000 ) ;
#4715 = VECTOR ( 'NONE', #6113, 1000.000000000000000 ) ;
#4716 = CARTESIAN_POINT ( 'NONE',  ( 43.37286384697349462, 40.75259148767058548, 31.42062160604281473 ) ) ;
#4717 = ORIENTED_EDGE ( 'NONE', *, *, #4916, .T. ) ;
#4718 = EDGE_CURVE ( 'NONE', #4217, #339, #4595, .T. ) ;
#4719 = CARTESIAN_POINT ( 'NONE',  ( 40.67286384697389678, 45.10259148767044479, 37.12062160604304495 ) ) ;
#4720 = DIRECTION ( 'NONE',  ( 1.000000000000000000, 0.0000000000000000000, -7.308354949850441852E-15 ) ) ;
#4721 = DIRECTION ( 'NONE',  ( 1.000000000000000000, 2.298141435449797094E-16, -8.000000000000000622E-15 ) ) ;
#4722 = CARTESIAN_POINT ( 'NONE',  ( 45.02286392053754582, 49.80360732423428516, 29.77062160604269181 ) ) ;
#4723 = VERTEX_POINT ( 'NONE', #3455 ) ;
#4724 = EDGE_CURVE ( 'NONE', #5652, #849, #2166, .T. ) ;
#4725 = DIRECTION ( 'NONE',  ( -0.7071067811865638930, -6.235155852426825350E-16, -0.7071067811865312525 ) ) ;
#4726 = LINE ( 'NONE', #4679, #4388 ) ;
#4727 = AXIS2_PLACEMENT_3D ( 'NONE', #6047, #2626, #4072 ) ;
#4728 = VERTEX_POINT ( 'NONE', #6751 ) ;
#4729 = DIRECTION ( 'NONE',  ( -1.000000000000000000, 6.989123562822007509E-15, 0.0000000000000000000 ) ) ;
#4730 = DIRECTION ( 'NONE',  ( 8.000000000000000622E-15, 1.000000000000000000, 1.032337111948249708E-46 ) ) ;
#4731 = ORIENTED_EDGE ( 'NONE', *, *, #3566, .T. ) ;
#4732 = ADVANCED_FACE ( 'NONE', ( #616 ), #1598, .F. ) ;
#4733 = CARTESIAN_POINT ( 'NONE',  ( 43.71206803439592647, 42.29179567509273596, 37.62062160604307337 ) ) ;
#4734 = FACE_OUTER_BOUND ( 'NONE', #2415, .T. ) ;
#4735 = EDGE_CURVE ( 'NONE', #1068, #3194, #164, .T. ) ;
#4736 = DIRECTION ( 'NONE',  ( 0.0000000000000000000, -1.000000000000000000, 0.0000000000000000000 ) ) ;
#4737 = DIRECTION ( 'NONE',  ( 0.8660254037844913322, -0.4999999999999085176, -6.928203230275962732E-15 ) ) ;
#4738 = VECTOR ( 'NONE', #2989, 1000.000000000000000 ) ;
#4739 = ORIENTED_EDGE ( 'NONE', *, *, #1504, .F. ) ;
#4740 = CARTESIAN_POINT ( 'NONE',  ( 42.25739498568951547, 41.81161084668315198, 37.52062160604316432 ) ) ;
#4741 = CARTESIAN_POINT ( 'NONE',  ( 42.37286384697356567, 43.04179567509261517, 36.20982579346492258 ) ) ;
#4742 = ORIENTED_EDGE ( 'NONE', *, *, #1278, .F. ) ;
#4743 = LINE ( 'NONE', #3384, #5686 ) ;
#4744 = CARTESIAN_POINT ( 'NONE',  ( 45.02286377797747008, 49.80360732423428516, 31.57921685274973811 ) ) ;
#4745 = VECTOR ( 'NONE', #3640, 1000.000000000000000 ) ;
#4746 = VERTEX_POINT ( 'NONE', #3628 ) ;
#4747 = ADVANCED_FACE ( 'NONE', ( #4734 ), #1160, .T. ) ;
#4748 = DIRECTION ( 'NONE',  ( 2.218993185817606613E-16, -1.000000000000000000, 1.370316553096936154E-15 ) ) ;
#4749 = LINE ( 'NONE', #2671, #1321 ) ;
#4750 = DIRECTION ( 'NONE',  ( -1.000000000000000000, 1.027220243219864006E-14, 8.000000000000011666E-15 ) ) ;
#4751 = EDGE_LOOP ( 'NONE', ( #865, #4312 ) ) ;
#4752 = EDGE_LOOP ( 'NONE', ( #5001, #4627, #2171, #5709 ) ) ;
#4753 = ORIENTED_EDGE ( 'NONE', *, *, #291, .T. ) ;
#4754 = ORIENTED_EDGE ( 'NONE', *, *, #3144, .F. ) ;
#4755 = EDGE_CURVE ( 'NONE', #3081, #1078, #1524, .T. ) ;
#4756 = ORIENTED_EDGE ( 'NONE', *, *, #5938, .T. ) ;
#4757 = CARTESIAN_POINT ( 'NONE',  ( 43.37286384697350883, 40.96338730024851316, 33.82062160604280621 ) ) ;
#4758 = FACE_OUTER_BOUND ( 'NONE', #4751, .T. ) ;
#4759 = ORIENTED_EDGE ( 'NONE', *, *, #2859, .F. ) ;
#4760 = EDGE_CURVE ( 'NONE', #1906, #2269, #3632, .T. ) ;
#4761 = PLANE ( 'NONE',  #3554 ) ;
#4762 = ORIENTED_EDGE ( 'NONE', *, *, #6789, .T. ) ;
#4763 = LINE ( 'NONE', #5250, #2806 ) ;
#4764 = CARTESIAN_POINT ( 'NONE',  ( 43.02986384697403111, 50.40259148767076880, 37.62062160604272520 ) ) ;
#4765 = ORIENTED_EDGE ( 'NONE', *, *, #2057, .T. ) ;
#4766 = ORIENTED_EDGE ( 'NONE', *, *, #4441, .F. ) ;
#4767 = CARTESIAN_POINT ( 'NONE',  ( 40.58904486027156366, 45.75078440220652709, 28.12062160604256533 ) ) ;
#4768 = ORIENTED_EDGE ( 'NONE', *, *, #1724, .T. ) ;
#4769 = DIRECTION ( 'NONE',  ( -1.000000000000000000, 0.0000000000000000000, -3.957994955879629592E-13 ) ) ;
#4770 = DIRECTION ( 'NONE',  ( 8.000000000000000622E-15, 1.000000000000000000, 7.889841647374520280E-29 ) ) ;
#4771 = ORIENTED_EDGE ( 'NONE', *, *, #2957, .F. ) ;
#4772 = VERTEX_POINT ( 'NONE', #5228 ) ;
#4773 = CARTESIAN_POINT ( 'NONE',  ( 42.47802013406861477, 41.96570328357044843, 37.62062160604307337 ) ) ;
#4774 = EDGE_CURVE ( 'NONE', #4702, #3974, #5708, .T. ) ;
#4775 = ORIENTED_EDGE ( 'NONE', *, *, #1306, .F. ) ;
#4776 = CARTESIAN_POINT ( 'NONE',  ( 40.42286384697379731, 42.53454565111927366, 27.77421144452874913 ) ) ;
#4777 = CARTESIAN_POINT ( 'NONE',  ( 39.67286384697381862, 45.10259148767045190, 27.92062160607411414 ) ) ;
#4778 = EDGE_CURVE ( 'NONE', #4271, #6735, #218, .T. ) ;
#4779 = CARTESIAN_POINT ( 'NONE',  ( 48.51938314584521805, 44.35259148767056558, 30.12062160604217453 ) ) ;
#4780 = CIRCLE ( 'NONE', #6469, 0.2107958125779213487 ) ;
#4781 = VECTOR ( 'NONE', #651, 1000.000000000000000 ) ;
#4782 = LINE ( 'NONE', #5236, #6792 ) ;
#4783 = LINE ( 'NONE', #5994, #1081 ) ;
#4784 = ORIENTED_EDGE ( 'NONE', *, *, #1991, .F. ) ;
#4785 = ORIENTED_EDGE ( 'NONE', *, *, #1916, .F. ) ;
#4786 = DIRECTION ( 'NONE',  ( 1.000000000000000000, 0.0000000000000000000, -7.321884208120444821E-15 ) ) ;
#4787 = VERTEX_POINT ( 'NONE', #6235 ) ;
#4788 = LINE ( 'NONE', #999, #3310 ) ;
#4789 = FACE_OUTER_BOUND ( 'NONE', #2439, .T. ) ;
#4790 = ORIENTED_EDGE ( 'NONE', *, *, #2122, .T. ) ;
#4791 = APPROVAL_ROLE ( '' ) ;
#4792 = ORIENTED_EDGE ( 'NONE', *, *, #2083, .F. ) ;
#4793 = B_SPLINE_CURVE_WITH_KNOTS ( 'NONE', 3,
 ( #3439, #4047, #2538, #2819 ),
 .UNSPECIFIED., .F., .F.,
 ( 4, 4 ),
 ( 8.761710311535941055E-16, 0.0002924640927276982248 ),
 .UNSPECIFIED. ) ;
#4794 = CIRCLE ( 'NONE', #5999, 0.2999999999999877764 ) ;
#4795 = CARTESIAN_POINT ( 'NONE',  ( 41.01927400848769167, 45.50239148767074226, 37.62062160604274652 ) ) ;
#4796 = VERTEX_POINT ( 'NONE', #2662 ) ;
#4797 = AXIS2_PLACEMENT_3D ( 'NONE', #67, #4851, #6717 ) ;
#4798 = CARTESIAN_POINT ( 'NONE',  ( 42.37286384697351593, 40.75259148767059258, 33.82062160604281331 ) ) ;
#4799 = EDGE_CURVE ( 'NONE', #4258, #772, #5480, .T. ) ;
#4800 = EDGE_CURVE ( 'NONE', #1836, #4177, #2964, .T. ) ;
#4801 = ORIENTED_EDGE ( 'NONE', *, *, #1736, .T. ) ;
#4802 = VERTEX_POINT ( 'NONE', #5269 ) ;
#4803 = EDGE_LOOP ( 'NONE', ( #517, #4055, #1092, #2574, #562, #5338, #5957, #3327 ) ) ;
#4804 = VECTOR ( 'NONE', #6526, 1000.000000000000000 ) ;
#4805 = ORIENTED_EDGE ( 'NONE', *, *, #6613, .T. ) ;
#4806 = DIRECTION ( 'NONE',  ( -1.000000000000000000, 1.027220243219863848E-14, 8.000000000000008510E-15 ) ) ;
#4807 = DIRECTION ( 'NONE',  ( -1.000000000000000000, 0.0000000000000000000, 0.0000000000000000000 ) ) ;
#4808 = CARTESIAN_POINT ( 'NONE',  ( 46.72986384697404105, 46.10259148767076454, 37.74947806369628722 ) ) ;
#4809 = ORIENTED_EDGE ( 'NONE', *, *, #715, .T. ) ;
#4810 = VECTOR ( 'NONE', #2469, 1000.000000000000000 ) ;
#4811 = ORIENTED_EDGE ( 'NONE', *, *, #2352, .F. ) ;
#4812 = CARTESIAN_POINT ( 'NONE',  ( 40.42286384697387547, 39.80259148767056843, 28.12062160604256533 ) ) ;
#4813 = EDGE_CURVE ( 'NONE', #1523, #1784, #2161, .T. ) ;
#4814 = CARTESIAN_POINT ( 'NONE',  ( 40.92286384697396784, 42.50259148767067785, 37.52062160604316432 ) ) ;
#4815 = DIRECTION ( 'NONE',  ( -8.000000000000000622E-15, 1.830667207722794235E-34, -1.000000000000000000 ) ) ;
#4816 = ADVANCED_FACE ( 'NONE', ( #3369 ), #3997, .F. ) ;
#4817 = CARTESIAN_POINT ( 'NONE',  ( 45.77286384697391952, 39.00259148767057127, 35.12062160604229888 ) ) ;
#4818 = ORIENTED_EDGE ( 'NONE', *, *, #4800, .F. ) ;
#4819 = DIRECTION ( 'NONE',  ( -0.0000000000000000000, -0.0000000000000000000, -1.000000000000000000 ) ) ;
#4820 = DATE_AND_TIME ( #1566, #3371 ) ;
#4821 = CARTESIAN_POINT ( 'NONE',  ( 39.67286384697385415, 44.35259148767064374, 32.82062160604258594 ) ) ;
#4822 = EDGE_LOOP ( 'NONE', ( #5155, #6509, #6669, #2612 ) ) ;
#4823 = DIRECTION ( 'NONE',  ( -1.000000000000000000, 8.068481283613059739E-15, 8.000000000000000622E-15 ) ) ;
#4824 = DIRECTION ( 'NONE',  ( 1.000000000000000000, 0.0000000000000000000, 0.0000000000000000000 ) ) ;
#4825 = DIRECTION ( 'NONE',  ( 5.384979558076334077E-14, 0.0000000000000000000, 1.000000000000000000 ) ) ;
#4826 = DIRECTION ( 'NONE',  ( -1.000000000000000000, 0.0000000000000000000, 0.0000000000000000000 ) ) ;
#4827 = EDGE_CURVE ( 'NONE', #3243, #6781, #2680, .T. ) ;
#4828 = DIRECTION ( 'NONE',  ( -6.308085367188447236E-15, 0.0000000000000000000, -1.000000000000000000 ) ) ;
#4829 = DESIGN_CONTEXT ( 'detailed design', #2596, 'design' ) ;
#4830 = EDGE_CURVE ( 'NONE', #1838, #1192, #1613, .T. ) ;
#4831 = AXIS2_PLACEMENT_3D ( 'NONE', #5628, #2210, #3652 ) ;
#4832 = EDGE_CURVE ( 'NONE', #5414, #1711, #2078, .T. ) ;
#4833 = VECTOR ( 'NONE', #2636, 1000.000000000000000 ) ;
#4834 = DIRECTION ( 'NONE',  ( 1.000000000000000000, -0.0000000000000000000, -8.000544671205034319E-15 ) ) ;
#4835 = ADVANCED_FACE ( 'NONE', ( #3059 ), #800, .T. ) ;
#4836 = DIRECTION ( 'NONE',  ( -0.0000000000000000000, -0.0000000000000000000, 1.000000000000000000 ) ) ;
#4837 = CARTESIAN_POINT ( 'NONE',  ( 48.67286384697392521, 42.00259148767001705, 33.02062160604256036 ) ) ;
#4838 = CARTESIAN_POINT ( 'NONE',  ( 43.37286384697353014, 40.96338730024850605, 36.20982579346489416 ) ) ;
#4839 = ORIENTED_EDGE ( 'NONE', *, *, #3871, .T. ) ;
#4840 = CARTESIAN_POINT ( 'NONE',  ( 40.50739379315420763, 42.51657667268966634, 27.92062160607411414 ) ) ;
#4841 = EDGE_CURVE ( 'NONE', #1789, #1073, #5181, .T. ) ;
#4842 = ORIENTED_EDGE ( 'NONE', *, *, #4390, .F. ) ;
#4843 = ADVANCED_FACE ( 'NONE', ( #3591 ), #6064, .T. ) ;
#4844 = EDGE_CURVE ( 'NONE', #2125, #4897, #4139, .T. ) ;
#4845 = LINE ( 'NONE', #5201, #915 ) ;
#4846 = CARTESIAN_POINT ( 'NONE',  ( 45.02286392053758846, 49.80360732423428516, 34.77062160604268826 ) ) ;
#4847 = AXIS2_PLACEMENT_3D ( 'NONE', #1972, #4509, #5887 ) ;
#4848 = CARTESIAN_POINT ( 'NONE',  ( 40.57286384697382431, 39.00259148767057127, 29.02062160604234009 ) ) ;
#4849 = ORIENTED_EDGE ( 'NONE', *, *, #4323, .T. ) ;
#4850 = LINE ( 'NONE', #3848, #2244 ) ;
#4851 = DIRECTION ( 'NONE',  ( -1.027220243219862112E-14, -1.000000000000000000, 2.814209271209191318E-29 ) ) ;
#4852 = ORIENTED_EDGE ( 'NONE', *, *, #4564, .F. ) ;
#4853 = EDGE_CURVE ( 'NONE', #3236, #378, #5310, .T. ) ;
#4854 = ORIENTED_EDGE ( 'NONE', *, *, #4227, .T. ) ;
#4855 = AXIS2_PLACEMENT_3D ( 'NONE', #2203, #3274, #276 ) ;
#4856 = EDGE_CURVE ( 'NONE', #2226, #3085, #5813, .T. ) ;
#4857 = ORIENTED_EDGE ( 'NONE', *, *, #408, .F. ) ;
#4858 = CARTESIAN_POINT ( 'NONE',  ( 40.42286384697393942, 39.00259148767057127, 36.37062160604228467 ) ) ;
#4859 = CARTESIAN_POINT ( 'NONE',  ( 43.02986384697403821, 46.10259148767076454, 37.74947806369631564 ) ) ;
#4860 = EDGE_LOOP ( 'NONE', ( #1069, #5972, #2580, #689, #4043 ) ) ;
#4861 = CARTESIAN_POINT ( 'NONE',  ( 40.44838490655975249, 42.52831254725705179, 32.83535619666457706 ) ) ;
#4862 = ORIENTED_EDGE ( 'NONE', *, *, #5094, .F. ) ;
#4863 = CARTESIAN_POINT ( 'NONE',  ( 42.81476869549279485, 49.06790169558799874, 34.77062160604271668 ) ) ;
#4864 = VERTEX_POINT ( 'NONE', #3914 ) ;
#4865 = VECTOR ( 'NONE', #4521, 1000.000000000000000 ) ;
#4866 = CARTESIAN_POINT ( 'NONE',  ( 46.52156917055645380, 49.59649040585266278, 35.47062160604271241 ) ) ;
#4867 = CARTESIAN_POINT ( 'NONE',  ( 41.94786191099993999, 50.40259148767042774, 37.62062160604307337 ) ) ;
#4868 = ADVANCED_FACE ( 'NONE', ( #2818 ), #6573, .F. ) ;
#4869 = ORIENTED_EDGE ( 'NONE', *, *, #2108, .F. ) ;
#4870 = EDGE_CURVE ( 'NONE', #4301, #6496, #3952, .T. ) ;
#4871 = ORIENTED_EDGE ( 'NONE', *, *, #4778, .F. ) ;
#4872 = EDGE_LOOP ( 'NONE', ( #3674, #5792, #3992, #2736, #5027 ) ) ;
#4873 = EDGE_CURVE ( 'NONE', #6273, #5772, #4587, .T. ) ;
#4874 = CARTESIAN_POINT ( 'NONE',  ( 46.87967678499713742, 46.10259148767076454, 37.92765156762978762 ) ) ;
#4875 = LINE ( 'NONE', #6750, #5426 ) ;
#4876 = FACE_OUTER_BOUND ( 'NONE', #251, .T. ) ;
#4877 = ORIENTED_EDGE ( 'NONE', *, *, #6176, .F. ) ;
#4878 = VERTEX_POINT ( 'NONE', #4631 ) ;
#4879 = VECTOR ( 'NONE', #6157, 1000.000000000000000 ) ;
#4880 = ORIENTED_EDGE ( 'NONE', *, *, #698, .F. ) ;
#4881 = FACE_OUTER_BOUND ( 'NONE', #4146, .T. ) ;
#4882 = VERTEX_POINT ( 'NONE', #5042 ) ;
#4883 = EDGE_CURVE ( 'NONE', #5450, #2125, #787, .T. ) ;
#4884 = LINE ( 'NONE', #1660, #5511 ) ;
#4885 = CARTESIAN_POINT ( 'NONE',  ( 42.37286384697350172, 40.75259148767059258, 31.42062160604282184 ) ) ;
#4886 = DIRECTION ( 'NONE',  ( 0.0000000000000000000, 0.0000000000000000000, -1.000000000000000000 ) ) ;
#4887 = DIRECTION ( 'NONE',  ( -1.000000000000000000, 1.027220243219864006E-14, 8.000000000000011666E-15 ) ) ;
#4888 = ORIENTED_EDGE ( 'NONE', *, *, #4691, .T. ) ;
#4889 = ADVANCED_FACE ( 'NONE', ( #2009, #5121 ), #1429, .T. ) ;
#4890 = ORIENTED_EDGE ( 'NONE', *, *, #3851, .F. ) ;
#4891 = DIRECTION ( 'NONE',  ( 1.000000000000000000, -8.446614612181607615E-15, -8.446614612181607615E-15 ) ) ;
#4892 = DIRECTION ( 'NONE',  ( 1.000000000000000000, 8.817841970012501240E-16, -8.000000000000000622E-15 ) ) ;
#4893 = DIRECTION ( 'NONE',  ( -1.000000000000000000, 0.0000000000000000000, 0.0000000000000000000 ) ) ;
#4894 = DIRECTION ( 'NONE',  ( 1.000000000000000000, 0.0000000000000000000, -7.883749266479386846E-15 ) ) ;
#4895 = CARTESIAN_POINT ( 'NONE',  ( 42.61586384697404384, 46.10259148767076454, 37.74947806369632275 ) ) ;
#4896 = EDGE_CURVE ( 'NONE', #2221, #4374, #6221, .T. ) ;
#4897 = VERTEX_POINT ( 'NONE', #330 ) ;
#4898 = ORIENTED_EDGE ( 'NONE', *, *, #3354, .F. ) ;
#4899 = AXIS2_PLACEMENT_3D ( 'NONE', #643, #765, #2617 ) ;
#4900 = FACE_OUTER_BOUND ( 'NONE', #2906, .T. ) ;
#4901 = CARTESIAN_POINT ( 'NONE',  ( 48.11419409486568100, 46.55259148767054711, 34.02062160604219088 ) ) ;
#4902 = B_SPLINE_CURVE_WITH_KNOTS ( 'NONE', 3,
 ( #1488, #5066, #118, #5031, #6052, #3119 ),
 .UNSPECIFIED., .F., .F.,
 ( 4, 2, 4 ),
 ( 1.061446662563189317E-16, 0.0001644974017406263553, 0.0003289948034811465672 ),
 .UNSPECIFIED. ) ;
#4903 = CARTESIAN_POINT ( 'NONE',  ( 40.46101733332371708, 46.07989443694167875, 37.32062160601149259 ) ) ;
#4904 = CARTESIAN_POINT ( 'NONE',  ( 46.72986384697393447, 50.40259148767039221, 27.62062160604269678 ) ) ;
#4905 = ORIENTED_EDGE ( 'NONE', *, *, #1931, .T. ) ;
#4906 = LINE ( 'NONE', #5856, #1380 ) ;
#4907 = CARTESIAN_POINT ( 'NONE',  ( 40.42286384697389678, 39.00279148767106108, 32.42062160604245946 ) ) ;
#4908 = AXIS2_PLACEMENT_3D ( 'NONE', #197, #1458, #388 ) ;
#4909 = CARTESIAN_POINT ( 'NONE',  ( 45.17286384697348467, 39.80259148767052579, 30.12062160604262573 ) ) ;
#4910 = ORIENTED_EDGE ( 'NONE', *, *, #3621, .F. ) ;
#4911 = CC_DESIGN_PERSON_AND_ORGANIZATION_ASSIGNMENT ( #5703, #2922, ( #2508 ) ) ;
#4912 = ORIENTED_EDGE ( 'NONE', *, *, #3036, .T. ) ;
#4913 = DIRECTION ( 'NONE',  ( 0.0000000000000000000, 0.0000000000000000000, -1.000000000000000000 ) ) ;
#4914 = CARTESIAN_POINT ( 'NONE',  ( 46.72986384697404105, 50.40259148767076880, 37.74947806369628722 ) ) ;
#4915 = ORIENTED_EDGE ( 'NONE', *, *, #5175, .T. ) ;
#4916 = EDGE_CURVE ( 'NONE', #4124, #94, #6281, .T. ) ;
#4917 = CARTESIAN_POINT ( 'NONE',  ( 44.67286384697347756, 39.80259148767053290, 30.12062160604262573 ) ) ;
#4918 = ORIENTED_EDGE ( 'NONE', *, *, #3670, .F. ) ;
#4919 = DATE_AND_TIME ( #351, #5129 ) ;
#4920 = CARTESIAN_POINT ( 'NONE',  ( 40.46101733332380235, 45.82470112935353512, 32.27775236062585407 ) ) ;
#4921 = CARTESIAN_POINT ( 'NONE',  ( 26.70412373336542089, 31.68207319013594514, 45.24113990357761850 ) ) ;
#4922 = DIRECTION ( 'NONE',  ( -8.000000000000000622E-15, -1.000000000000000000, 3.294448185923983611E-93 ) ) ;
#4923 = ORIENTED_EDGE ( 'NONE', *, *, #6845, .F. ) ;
#4924 = B_SPLINE_CURVE_WITH_KNOTS ( 'NONE', 3,
 ( #1400, #3129, #292, #4767 ),
 .UNSPECIFIED., .F., .F.,
 ( 4, 4 ),
 ( 0.0000000000000000000, 0.0001584886536061120546 ),
 .UNSPECIFIED. ) ;
#4925 = DIRECTION ( 'NONE',  ( 0.0000000000000000000, 0.0000000000000000000, 1.000000000000000000 ) ) ;
#4926 = ORIENTED_EDGE ( 'NONE', *, *, #4896, .T. ) ;
#4927 = CARTESIAN_POINT ( 'NONE',  ( 40.67286384697383284, 46.10259148767044479, 28.12062160604255467 ) ) ;
#4928 = ORIENTED_EDGE ( 'NONE', *, *, #84, .T. ) ;
#4929 = CARTESIAN_POINT ( 'NONE',  ( 48.46206803439599042, 48.35259148767057269, 32.22062160604218661 ) ) ;
#4930 = AXIS2_PLACEMENT_3D ( 'NONE', #2716, #5674, #2973 ) ;
#4931 = LINE ( 'NONE', #4773, #4685 ) ;
#4932 = ORIENTED_EDGE ( 'NONE', *, *, #590, .F. ) ;
#4933 = ADVANCED_FACE ( 'NONE', ( #4277 ), #3176, .F. ) ;
#4934 = CARTESIAN_POINT ( 'NONE',  ( 43.37286384697349462, 40.96338730024850605, 31.42062160604281473 ) ) ;
#4935 = ORIENTED_EDGE ( 'NONE', *, *, #736, .F. ) ;
#4936 = CIRCLE ( 'NONE', #3995, 0.3000000000000085931 ) ;
#4937 = CARTESIAN_POINT ( 'NONE',  ( 42.70021781508145153, 42.17619050882789367, 37.52062160604316432 ) ) ;
#4938 = LINE ( 'NONE', #5619, #615 ) ;
#4939 = VECTOR ( 'NONE', #266, 1000.000000000000000 ) ;
#4940 = ORIENTED_EDGE ( 'NONE', *, *, #5928, .T. ) ;
#4941 = DIRECTION ( 'NONE',  ( 1.061106096092780133E-15, 1.000000000000000000, 5.549882527961369154E-29 ) ) ;
#4942 = CIRCLE ( 'NONE', #281, 1.670781235886660498 ) ;
#4943 = CIRCLE ( 'NONE', #1281, 0.2107958125779213487 ) ;
#4944 = EDGE_LOOP ( 'NONE', ( #2411, #1608, #5658, #5831 ) ) ;
#4945 = ORIENTED_EDGE ( 'NONE', *, *, #4190, .T. ) ;
#4946 = CARTESIAN_POINT ( 'NONE',  ( 42.37286384697352304, 43.04179567509261517, 31.20982579346491903 ) ) ;
#4947 = CIRCLE ( 'NONE', #3345, 1.000000000000000888 ) ;
#4948 = DIRECTION ( 'NONE',  ( -1.000000000000000000, 0.0000000000000000000, 9.723433716209642107E-15 ) ) ;
#4949 = DIRECTION ( 'NONE',  ( -0.0000000000000000000, -0.0000000000000000000, -1.000000000000000000 ) ) ;
#4950 = VECTOR ( 'NONE', #3612, 1000.000000000000000 ) ;
#4951 = ORIENTED_EDGE ( 'NONE', *, *, #6375, .T. ) ;
#4952 = VERTEX_POINT ( 'NONE', #386 ) ;
#4953 = DIRECTION ( 'NONE',  ( -8.051477574970702567E-15, 2.972059176662857253E-17, -1.000000000000000000 ) ) ;
#4954 = ORIENTED_EDGE ( 'NONE', *, *, #3770, .F. ) ;
#4955 = DIRECTION ( 'NONE',  ( -1.691914632811590462E-15, -1.000000000000000000, -5.045235698586320787E-29 ) ) ;
#4956 = CARTESIAN_POINT ( 'NONE',  ( 40.67286384697382573, 45.10259148767044479, 27.92062160607411414 ) ) ;
#4957 = FACE_OUTER_BOUND ( 'NONE', #1969, .T. ) ;
#4958 = DIRECTION ( 'NONE',  ( -0.0000000000000000000, 1.000000000000000000, 0.0000000000000000000 ) ) ;
#4959 = DIRECTION ( 'NONE',  ( -8.000000000000000622E-15, 2.846725704167644827E-29, -1.000000000000000000 ) ) ;
#4960 = AXIS2_PLACEMENT_3D ( 'NONE', #2257, #491, #341 ) ;
#4961 = DIRECTION ( 'NONE',  ( 0.0000000000000000000, 0.0000000000000000000, 1.000000000000000000 ) ) ;
#4962 = LINE ( 'NONE', #2623, #6360 ) ;
#4963 = LINE ( 'NONE', #799, #65 ) ;
#4964 = CARTESIAN_POINT ( 'NONE',  ( 43.17967678499702799, 46.10259148767041637, 27.92765156762972012 ) ) ;
#4965 = ORIENTED_EDGE ( 'NONE', *, *, #1052, .T. ) ;
#4966 = DIRECTION ( 'NONE',  ( -1.129587379705850136E-14, -1.000000000000000000, 0.0000000000000000000 ) ) ;
#4967 = DIRECTION ( 'NONE',  ( -2.298141435449797094E-16, 1.000000000000000000, 6.123233995743353024E-17 ) ) ;
#4968 = CARTESIAN_POINT ( 'NONE',  ( 42.46605090895083379, 50.40259148767076880, 38.19062160604261891 ) ) ;
#4969 = ADVANCED_FACE ( 'NONE', ( #3483 ), #375, .T. ) ;
#4970 = AXIS2_PLACEMENT_3D ( 'NONE', #6165, #2368, #1720 ) ;
#4971 = VERTEX_POINT ( 'NONE', #575 ) ;
#4972 = DIRECTION ( 'NONE',  ( 2.298141435449797094E-16, -1.000000000000000000, -6.123233995743353024E-17 ) ) ;
#4973 = EDGE_CURVE ( 'NONE', #6188, #2805, #4794, .T. ) ;
#4974 = LINE ( 'NONE', #2553, #86 ) ;
#4975 = DIRECTION ( 'NONE',  ( 1.027220243219866057E-14, 1.000000000000000000, 2.668805347656524324E-15 ) ) ;
#4976 = EDGE_CURVE ( 'NONE', #1568, #6636, #941, .T. ) ;
#4977 = CARTESIAN_POINT ( 'NONE',  ( 42.04659917311118278, 40.64118792820679005, 37.62062160604307337 ) ) ;
#4978 = CARTESIAN_POINT ( 'NONE',  ( 43.92286384697384705, 42.29179567509273596, 37.62062160604307337 ) ) ;
#4979 = LOCAL_TIME ( 14, 48, 46.00000000000000000, #3247 ) ;
#4980 = LINE ( 'NONE', #839, #1756 ) ;
#4981 = ORIENTED_EDGE ( 'NONE', *, *, #2428, .F. ) ;
#4982 = DIRECTION ( 'NONE',  ( 0.0000000000000000000, -1.000000000000000000, 0.0000000000000000000 ) ) ;
#4983 = PLANE ( 'NONE',  #5532 ) ;
#4984 = DIRECTION ( 'NONE',  ( 4.611712367288062945E-17, 6.123233995736953390E-17, -1.000000000000000000 ) ) ;
#4985 = ORIENTED_EDGE ( 'NONE', *, *, #3036, .F. ) ;
#4986 = VECTOR ( 'NONE', #4836, 1000.000000000000000 ) ;
#4987 = DIRECTION ( 'NONE',  ( -0.0000000000000000000, -0.0000000000000000000, -1.000000000000000000 ) ) ;
#4988 = VECTOR ( 'NONE', #6551, 1000.000000000000000 ) ;
#4989 = VECTOR ( 'NONE', #1204, 1000.000000000000000 ) ;
#4990 = PLANE ( 'NONE',  #2900 ) ;
#4991 = LINE ( 'NONE', #518, #5171 ) ;
#4992 = FACE_OUTER_BOUND ( 'NONE', #768, .T. ) ;
#4993 = AXIS2_PLACEMENT_3D ( 'NONE', #3544, #3089, #3221 ) ;
#4994 = EDGE_CURVE ( 'NONE', #978, #1572, #4356, .T. ) ;
#4995 = ORIENTED_EDGE ( 'NONE', *, *, #2271, .F. ) ;
#4996 = VERTEX_POINT ( 'NONE', #4041 ) ;
#4997 = DIRECTION ( 'NONE',  ( 1.000000000000000000, 0.0000000000000000000, -9.462128050782611690E-15 ) ) ;
#4998 = DIRECTION ( 'NONE',  ( 1.000000000000000000, -6.989123562822006720E-15, -0.0000000000000000000 ) ) ;
#4999 = DIRECTION ( 'NONE',  ( 8.000544671205034319E-15, 0.0000000000000000000, 1.000000000000000000 ) ) ;
#5000 = VECTOR ( 'NONE', #1174, 1000.000000000000341 ) ;
#5001 = ORIENTED_EDGE ( 'NONE', *, *, #2731, .F. ) ;
#5002 = ORIENTED_EDGE ( 'NONE', *, *, #4799, .F. ) ;
#5003 = CARTESIAN_POINT ( 'NONE',  ( 42.92880030676473524, 49.78180812299895308, 30.47062160604273018 ) ) ;
#5004 = CARTESIAN_POINT ( 'NONE',  ( 47.97286384697389394, 39.00259148767057837, 32.10716368400878196 ) ) ;
#5005 = VERTEX_POINT ( 'NONE', #6487 ) ;
#5006 = ADVANCED_FACE ( 'NONE', ( #2764 ), #6217, .T. ) ;
#5007 = LINE ( 'NONE', #2714, #5230 ) ;
#5008 = FACE_OUTER_BOUND ( 'NONE', #2194, .T. ) ;
#5009 = DIRECTION ( 'NONE',  ( -1.000000000000000000, 0.0000000000000000000, 0.0000000000000000000 ) ) ;
#5010 = CARTESIAN_POINT ( 'NONE',  ( 46.36217128026459022, 49.80360732423506676, 29.77062160604269536 ) ) ;
#5011 = VECTOR ( 'NONE', #4213, 1000.000000000000000 ) ;
#5012 = DIRECTION ( 'NONE',  ( 6.938893903907512368E-15, 1.000000000000000000, 0.0000000000000000000 ) ) ;
#5013 = LINE ( 'NONE', #3723, #1290 ) ;
#5014 = LINE ( 'NONE', #2609, #2729 ) ;
#5015 = ORIENTED_EDGE ( 'NONE', *, *, #6671, .T. ) ;
#5016 = CIRCLE ( 'NONE', #6028, 0.2107958125779213487 ) ;
#5017 = CIRCLE ( 'NONE', #900, 0.2107958125779213487 ) ;
#5018 = VERTEX_POINT ( 'NONE', #54 ) ;
#5019 = VECTOR ( 'NONE', #5513, 1000.000000000000000 ) ;
#5020 = CARTESIAN_POINT ( 'NONE',  ( 45.02286377797747008, 49.80360732423428516, 31.57921685274973811 ) ) ;
#5021 = VECTOR ( 'NONE', #4636, 1000.000000000000000 ) ;
#5022 = ORIENTED_EDGE ( 'NONE', *, *, #2770, .T. ) ;
#5023 = ORIENTED_EDGE ( 'NONE', *, *, #6555, .F. ) ;
#5024 = DIRECTION ( 'NONE',  ( 1.000000000000000000, 0.0000000000000000000, 0.0000000000000000000 ) ) ;
#5025 = CARTESIAN_POINT ( 'NONE',  ( 40.54609208703104173, 42.62780139899507503, 27.98764901723501808 ) ) ;
#5026 = DIRECTION ( 'NONE',  ( 0.0000000000000000000, 0.0000000000000000000, -1.000000000000000000 ) ) ;
#5027 = ORIENTED_EDGE ( 'NONE', *, *, #658, .T. ) ;
#5028 = VECTOR ( 'NONE', #4405, 1000.000000000000000 ) ;
#5029 = ORIENTED_EDGE ( 'NONE', *, *, #6308, .T. ) ;
#5030 = LINE ( 'NONE', #1109, #3356 ) ;
#5031 = CARTESIAN_POINT ( 'NONE',  ( 42.92880030676373337, 49.78180812299894598, 35.47062160604272663 ) ) ;
#5032 = PLANE ( 'NONE',  #1509 ) ;
#5033 = VERTEX_POINT ( 'NONE', #41 ) ;
#5034 = ORIENTED_EDGE ( 'NONE', *, *, #6274, .F. ) ;
#5035 = VECTOR ( 'NONE', #601, 1000.000000000000000 ) ;
#5036 = ORIENTED_EDGE ( 'NONE', *, *, #441, .F. ) ;
#5037 = EDGE_CURVE ( 'NONE', #1667, #5099, #6043, .T. ) ;
#5038 = ORIENTED_EDGE ( 'NONE', *, *, #589, .F. ) ;
#5039 = ORIENTED_EDGE ( 'NONE', *, *, #6615, .T. ) ;
#5040 = CYLINDRICAL_SURFACE ( 'NONE', #6713, 1.099999999999989875 ) ;
#5041 = ORIENTED_EDGE ( 'NONE', *, *, #117, .F. ) ;
#5042 = CARTESIAN_POINT ( 'NONE',  ( 40.42286384697390389, 39.60259148767028847, 32.82062160604269963 ) ) ;
#5043 = DIRECTION ( 'NONE',  ( 0.0000000000000000000, 0.0000000000000000000, -1.000000000000000000 ) ) ;
#5044 = ORIENTED_EDGE ( 'NONE', *, *, #6539, .F. ) ;
#5045 = ORIENTED_EDGE ( 'NONE', *, *, #3297, .F. ) ;
#5046 = CARTESIAN_POINT ( 'NONE',  ( 43.02986384697395295, 50.30259148767042632, 27.74947806369631209 ) ) ;
#5047 = CARTESIAN_POINT ( 'NONE',  ( 42.37286384697356567, 43.25259148767053574, 36.42062160604284315 ) ) ;
#5048 = LINE ( 'NONE', #2498, #2383 ) ;
#5049 = VERTEX_POINT ( 'NONE', #5334 ) ;
#5050 = VECTOR ( 'NONE', #1700, 1000.000000000000000 ) ;
#5051 = DIRECTION ( 'NONE',  ( 1.061106096092780133E-15, 1.000000000000000000, 5.549882527961369154E-29 ) ) ;
#5052 = CARTESIAN_POINT ( 'NONE',  ( 40.67286384697382573, 45.10259148767044479, 28.12062160604256533 ) ) ;
#5053 = EDGE_LOOP ( 'NONE', ( #2095, #1904, #4582, #5376, #2511, #638, #6722, #3418, #1686, #3076, #4742, #859, #6392, #1064, #3937, #4592, #5874, #3762, #4387, #2568 ) ) ;
#5054 = LINE ( 'NONE', #398, #3998 ) ;
#5055 = DIRECTION ( 'NONE',  ( 7.999999999999923313E-15, -8.326672684688939110E-15, 1.000000000000000000 ) ) ;
#5056 = DIRECTION ( 'NONE',  ( 0.0000000000000000000, 1.000000000000000000, 0.0000000000000000000 ) ) ;
#5057 = CARTESIAN_POINT ( 'NONE',  ( 46.52156917055650354, 49.59649040585271962, 34.77062160604268826 ) ) ;
#5058 = CARTESIAN_POINT ( 'NONE',  ( 40.57286384697385984, 39.00259148767057127, 34.02062160604234009 ) ) ;
#5059 = AXIS2_PLACEMENT_3D ( 'NONE', #883, #5676, #2527 ) ;
#5060 = CARTESIAN_POINT ( 'NONE',  ( 39.67286384697385415, 43.50279148767114634, 32.82062160604258594 ) ) ;
#5061 = PLANE ( 'NONE',  #1793 ) ;
#5062 = VECTOR ( 'NONE', #4535, 1000.000000000000000 ) ;
#5063 = ORIENTED_EDGE ( 'NONE', *, *, #1611, .F. ) ;
#5064 = EDGE_CURVE ( 'NONE', #5105, #4606, #76, .T. ) ;
#5065 = EDGE_CURVE ( 'NONE', #5179, #4609, #6115, .T. ) ;
#5066 = CARTESIAN_POINT ( 'NONE',  ( 42.82514659883066344, 49.65210922072864719, 35.47062160604262004 ) ) ;
#5067 = CARTESIAN_POINT ( 'NONE',  ( 44.67286384697389678, 39.80259148767053290, 31.22062160604230385 ) ) ;
#5068 = DIRECTION ( 'NONE',  ( 0.0000000000000000000, 1.000000000000000000, 0.0000000000000000000 ) ) ;
#5069 = EDGE_LOOP ( 'NONE', ( #1082, #5403, #2182, #6086, #6516, #4805 ) ) ;
#5070 = DIRECTION ( 'NONE',  ( -8.068481283613048695E-15, -1.000000000000000000, 0.0000000000000000000 ) ) ;
#5071 = PLANE ( 'NONE',  #3420 ) ;
#5072 = LINE ( 'NONE', #4562, #4384 ) ;
#5073 = ADVANCED_FACE ( 'NONE', ( #2260 ), #2213, .T. ) ;
#5074 = ORIENTED_EDGE ( 'NONE', *, *, #1077, .F. ) ;
#5075 = ADVANCED_FACE ( 'NONE', ( #5613 ), #4558, .T. ) ;
#5076 = DIRECTION ( 'NONE',  ( -1.110223024625180206E-14, -1.000000000000000000, -2.775557561562950516E-15 ) ) ;
#5077 = EDGE_CURVE ( 'NONE', #5244, #4882, #5949, .T. ) ;
#5078 = VECTOR ( 'NONE', #4998, 1000.000000000000000 ) ;
#5079 = DIRECTION ( 'NONE',  ( 1.000000000000000000, -0.0000000000000000000, 0.0000000000000000000 ) ) ;
#5080 = DIRECTION ( 'NONE',  ( 1.027220243219866057E-14, 1.000000000000000000, 2.668805347656524324E-15 ) ) ;
#5081 = VERTEX_POINT ( 'NONE', #5261 ) ;
#5082 = CARTESIAN_POINT ( 'NONE',  ( 41.94786191099986894, 50.10259148767042348, 29.19747399293212808 ) ) ;
#5083 = DIRECTION ( 'NONE',  ( 1.000000000000000000, 0.0000000000000000000, -3.184976339226819406E-14 ) ) ;
#5084 = PLANE ( 'NONE',  #5987 ) ;
#5085 = CARTESIAN_POINT ( 'NONE',  ( 44.17286384697351309, 39.80259148767054000, 35.12062160604252625 ) ) ;
#5086 = ORIENTED_EDGE ( 'NONE', *, *, #3199, .F. ) ;
#5087 = DIRECTION ( 'NONE',  ( 0.0000000000000000000, 0.0000000000000000000, 1.000000000000000000 ) ) ;
#5088 = ORIENTED_EDGE ( 'NONE', *, *, #2143, .F. ) ;
#5089 = CARTESIAN_POINT ( 'NONE',  ( 42.47802013406861477, 41.81161084668292460, 37.52062160604316432 ) ) ;
#5090 = ORIENTED_EDGE ( 'NONE', *, *, #12, .F. ) ;
#5091 = ORIENTED_EDGE ( 'NONE', *, *, #2134, .T. ) ;
#5092 = PLANE ( 'NONE',  #2524 ) ;
#5093 = AXIS2_PLACEMENT_3D ( 'NONE', #223, #1295, #5456 ) ;
#5094 = EDGE_CURVE ( 'NONE', #1644, #1523, #2261, .T. ) ;
#5095 = DIRECTION ( 'NONE',  ( -0.0000000000000000000, 0.0000000000000000000, 1.000000000000000000 ) ) ;
#5096 = ORIENTED_EDGE ( 'NONE', *, *, #1611, .T. ) ;
#5097 = FACE_OUTER_BOUND ( 'NONE', #6021, .T. ) ;
#5098 = ORIENTED_EDGE ( 'NONE', *, *, #1916, .T. ) ;
#5099 = VERTEX_POINT ( 'NONE', #1658 ) ;
#5100 = CARTESIAN_POINT ( 'NONE',  ( 43.02986384697392452, 46.10259148767041637, 27.62062160604272876 ) ) ;
#5101 = LINE ( 'NONE', #3753, #3600 ) ;
#5102 = FACE_OUTER_BOUND ( 'NONE', #1406, .T. ) ;
#5103 = ORIENTED_EDGE ( 'NONE', *, *, #3174, .T. ) ;
#5104 = AXIS2_PLACEMENT_3D ( 'NONE', #1812, #4296, #1145 ) ;
#5105 = VERTEX_POINT ( 'NONE', #3494 ) ;
#5106 = LINE ( 'NONE', #6062, #1699 ) ;
#5107 = AXIS2_PLACEMENT_3D ( 'NONE', #3232, #6595, #4705 ) ;
#5108 = EDGE_CURVE ( 'NONE', #3709, #6584, #5476, .T. ) ;
#5109 = VERTEX_POINT ( 'NONE', #1285 ) ;
#5110 = PLANE ( 'NONE',  #4136 ) ;
#5111 = ORIENTED_EDGE ( 'NONE', *, *, #3801, .T. ) ;
#5112 = CYLINDRICAL_SURFACE ( 'NONE', #468, 1.499999999999994449 ) ;
#5113 = CARTESIAN_POINT ( 'NONE',  ( 43.37286384697350883, 40.75259148767059258, 33.82062160604280621 ) ) ;
#5114 = DIRECTION ( 'NONE',  ( 0.0000000000000000000, 1.000000000000000000, 0.0000000000000000000 ) ) ;
#5115 = ORIENTED_EDGE ( 'NONE', *, *, #6634, .F. ) ;
#5116 = DIRECTION ( 'NONE',  ( -2.298141435449797094E-16, 1.000000000000000000, 6.123233995743351792E-17 ) ) ;
#5117 = ORIENTED_EDGE ( 'NONE', *, *, #1484, .T. ) ;
#5118 = ORIENTED_EDGE ( 'NONE', *, *, #5648, .F. ) ;
#5119 = VERTEX_POINT ( 'NONE', #5917 ) ;
#5120 = DIRECTION ( 'NONE',  ( -2.298141435449797094E-16, 1.000000000000000000, 6.123233995743353024E-17 ) ) ;
#5121 = FACE_OUTER_BOUND ( 'NONE', #1845, .T. ) ;
#5122 = CARTESIAN_POINT ( 'NONE',  ( 40.57286384697389536, 39.68919402804902319, 36.22062160604233583 ) ) ;
#5123 = ADVANCED_FACE ( 'NONE', ( #505 ), #6197, .F. ) ;
#5124 = VECTOR ( 'NONE', #5410, 1000.000000000000000 ) ;
#5125 = AXIS2_PLACEMENT_3D ( 'NONE', #5966, #4660, #1359 ) ;
#5126 = AXIS2_PLACEMENT_3D ( 'NONE', #3112, #1297, #5389 ) ;
#5127 = PLANE ( 'NONE',  #5223 ) ;
#5128 = CARTESIAN_POINT ( 'NONE',  ( 47.89318188524043762, 48.35259148767057980, 27.64062160604228424 ) ) ;
#5129 = LOCAL_TIME ( 14, 48, 46.00000000000000000, #1489 ) ;
#5130 = DIRECTION ( 'NONE',  ( -2.298141435449797094E-16, 1.000000000000000000, 6.123233995743351792E-17 ) ) ;
#5131 = LINE ( 'NONE', #3220, #6096 ) ;
#5132 = CARTESIAN_POINT ( 'NONE',  ( 48.51938314584524647, 44.35259148767056558, 34.02062160604219088 ) ) ;
#5133 = EDGE_LOOP ( 'NONE', ( #5188, #5929, #3580, #4366, #4326 ) ) ;
#5134 = AXIS2_PLACEMENT_3D ( 'NONE', #3694, #1430, #973 ) ;
#5135 = ADVANCED_FACE ( 'NONE', ( #2611 ), #2606, .T. ) ;
#5136 = LINE ( 'NONE', #3010, #1502 ) ;
#5137 = DIRECTION ( 'NONE',  ( -2.298141435449797094E-16, 1.000000000000000000, 6.123233995743353024E-17 ) ) ;
#5138 = LINE ( 'NONE', #1933, #2123 ) ;
#5139 = ORIENTED_EDGE ( 'NONE', *, *, #1618, .F. ) ;
#5140 = ORIENTED_EDGE ( 'NONE', *, *, #3021, .T. ) ;
#5141 = CARTESIAN_POINT ( 'NONE',  ( 40.01927400848840932, 42.84920164918558783, 33.02062160604304353 ) ) ;
#5142 = ORIENTED_EDGE ( 'NONE', *, *, #1649, .F. ) ;
#5143 = AXIS2_PLACEMENT_3D ( 'NONE', #1444, #5680, #48 ) ;
#5144 = CARTESIAN_POINT ( 'NONE',  ( 44.67286384697381152, 48.80360732423427805, 35.12062160604270389 ) ) ;
#5145 = CARTESIAN_POINT ( 'NONE',  ( 42.81946330008612733, 49.33219605621806636, 34.77062160604271668 ) ) ;
#5146 = VERTEX_POINT ( 'NONE', #5378 ) ;
#5147 = EDGE_LOOP ( 'NONE', ( #1024, #5267, #1713, #6181 ) ) ;
#5148 = CARTESIAN_POINT ( 'NONE',  ( 48.38432012885200351, 44.35259148767056558, 29.02062160604218377 ) ) ;
#5149 = VERTEX_POINT ( 'NONE', #906 ) ;
#5150 = EDGE_CURVE ( 'NONE', #3402, #5244, #35, .T. ) ;
#5151 = AXIS2_PLACEMENT_3D ( 'NONE', #4465, #1072, #6762 ) ;
#5152 = LINE ( 'NONE', #4220, #4329 ) ;
#5153 = VERTEX_POINT ( 'NONE', #729 ) ;
#5154 = APPROVAL_PERSON_ORGANIZATION ( #5372, #1878, #6444 ) ;
#5155 = ORIENTED_EDGE ( 'NONE', *, *, #2477, .F. ) ;
#5156 = ADVANCED_FACE ( 'NONE', ( #2000, #3181, #6503 ), #1270, .T. ) ;
#5157 = VERTEX_POINT ( 'NONE', #1 ) ;
#5158 = EDGE_CURVE ( 'NONE', #2434, #1545, #2885, .T. ) ;
#5159 = ORIENTED_EDGE ( 'NONE', *, *, #3258, .F. ) ;
#5160 = CARTESIAN_POINT ( 'NONE',  ( 39.84606892773084752, 44.35259148767064374, 32.92062160604264420 ) ) ;
#5161 = CARTESIAN_POINT ( 'NONE',  ( 45.02286392053758846, 49.80360732423428516, 34.77062160604268826 ) ) ;
#5162 = ORIENTED_EDGE ( 'NONE', *, *, #3550, .F. ) ;
#5163 = CARTESIAN_POINT ( 'NONE',  ( 44.67286384697375468, 48.60259148779595506, 30.12062160604270389 ) ) ;
#5164 = DIRECTION ( 'NONE',  ( -1.000000000000000000, 8.000000000000000622E-15, -4.611712367288014258E-17 ) ) ;
#5165 = EDGE_CURVE ( 'NONE', #5430, #5241, #3179, .T. ) ;
#5166 = LINE ( 'NONE', #5234, #2955 ) ;
#5167 = EDGE_CURVE ( 'NONE', #3095, #497, #6397, .T. ) ;
#5168 = VERTEX_POINT ( 'NONE', #1183 ) ;
#5169 = DATE_AND_TIME ( #510, #302 ) ;
#5170 = CARTESIAN_POINT ( 'NONE',  ( 46.87967678499713742, 46.10259148767076454, 37.92765156762978762 ) ) ;
#5171 = VECTOR ( 'NONE', #4191, 1000.000000000000000 ) ;
#5172 = ORIENTED_EDGE ( 'NONE', *, *, #2185, .T. ) ;
#5173 = DIRECTION ( 'NONE',  ( 1.000000000000000000, -1.129587379705850136E-14, 0.0000000000000000000 ) ) ;
#5174 = EDGE_LOOP ( 'NONE', ( #5506, #896, #4253, #3285, #4538 ) ) ;
#5175 = EDGE_CURVE ( 'NONE', #1192, #1419, #6364, .T. ) ;
#5176 = CARTESIAN_POINT ( 'NONE',  ( 41.47537763055912308, 39.82760001385911153, 37.52062160604316432 ) ) ;
#5177 = EDGE_CURVE ( 'NONE', #774, #2540, #5348, .T. ) ;
#5178 = FACE_OUTER_BOUND ( 'NONE', #3931, .T. ) ;
#5179 = VERTEX_POINT ( 'NONE', #2686 ) ;
#5180 = CARTESIAN_POINT ( 'NONE',  ( 40.58876192842139830, 45.75094775298634175, 37.12062160604304495 ) ) ;
#5181 = LINE ( 'NONE', #2709, #6229 ) ;
#5182 = VERTEX_POINT ( 'NONE', #5944 ) ;
#5183 = DIRECTION ( 'NONE',  ( 0.0000000000000000000, 0.0000000000000000000, -1.000000000000000000 ) ) ;
#5184 = DIRECTION ( 'NONE',  ( 8.000000000000000622E-15, -6.123233995736918878E-17, 1.000000000000000000 ) ) ;
#5185 = VERTEX_POINT ( 'NONE', #2320 ) ;
#5186 = EDGE_CURVE ( 'NONE', #4609, #2792, #5206, .T. ) ;
#5187 = EDGE_CURVE ( 'NONE', #334, #6307, #3760, .T. ) ;
#5188 = ORIENTED_EDGE ( 'NONE', *, *, #1187, .F. ) ;
#5189 = PLANE ( 'NONE',  #6428 ) ;
#5190 = CARTESIAN_POINT ( 'NONE',  ( 46.49635840678219267, 49.70595866983573075, 29.77062160604269891 ) ) ;
#5191 = CIRCLE ( 'NONE', #2468, 0.2107958125779213487 ) ;
#5192 = EDGE_LOOP ( 'NONE', ( #49, #3449, #6633, #2050 ) ) ;
#5193 = ORIENTED_EDGE ( 'NONE', *, *, #4368, .T. ) ;
#5194 = DIRECTION ( 'NONE',  ( 1.000000000000000000, 0.0000000000000000000, 0.0000000000000000000 ) ) ;
#5195 = DIRECTION ( 'NONE',  ( 0.0000000000000000000, 0.0000000000000000000, 1.000000000000000000 ) ) ;
#5196 = CARTESIAN_POINT ( 'NONE',  ( 43.02986384697403111, 46.10259148767076454, 37.62062160604272520 ) ) ;
#5197 = FACE_OUTER_BOUND ( 'NONE', #2286, .T. ) ;
#5198 = VERTEX_POINT ( 'NONE', #902 ) ;
#5199 = DIRECTION ( 'NONE',  ( -1.000000000000000000, 0.0000000000000000000, 0.0000000000000000000 ) ) ;
#5200 = CARTESIAN_POINT ( 'NONE',  ( 41.16674917584082039, 46.10259148767043769, 27.62062160604274297 ) ) ;
#5201 = CARTESIAN_POINT ( 'NONE',  ( 39.67286384697389678, 45.10259148767045190, 37.37062160604305916 ) ) ;
#5202 = ORIENTED_EDGE ( 'NONE', *, *, #4844, .F. ) ;
#5203 = EDGE_CURVE ( 'NONE', #1056, #5469, #3629, .T. ) ;
#5204 = CARTESIAN_POINT ( 'NONE',  ( 46.52156917055636853, 49.59649040585274093, 29.77062160604269181 ) ) ;
#5205 = CARTESIAN_POINT ( 'NONE',  ( 44.67286384697375468, 48.60259148767040216, 30.12062160604270389 ) ) ;
#5207 = ORIENTED_EDGE ( 'NONE', *, *, #4883, .T. ) ;
#5206 = CIRCLE ( 'NONE', #6804, 1.898893513391064491 ) ;
#5208 = ORIENTED_EDGE ( 'NONE', *, *, #3438, .F. ) ;
#5209 = CARTESIAN_POINT ( 'NONE',  ( 40.67286384697386126, 45.10259148767044479, 32.22062160604244241 ) ) ;
#5210 = CARTESIAN_POINT ( 'NONE',  ( 43.02986384697393873, 50.40259148767042063, 27.62062160604272876 ) ) ;
#5211 = EDGE_CURVE ( 'NONE', #171, #5416, #1567, .T. ) ;
#5212 = ORIENTED_EDGE ( 'NONE', *, *, #1584, .F. ) ;
#5213 = VERTEX_POINT ( 'NONE', #1450 ) ;
#5214 = EDGE_CURVE ( 'NONE', #681, #2385, #2552, .T. ) ;
#5215 = CARTESIAN_POINT ( 'NONE',  ( 42.37286384697350883, 43.04179567509262228, 29.03141741862074454 ) ) ;
#5216 = ORIENTED_EDGE ( 'NONE', *, *, #2824, .F. ) ;
#5217 = VECTOR ( 'NONE', #4892, 1000.000000000000000 ) ;
#5218 = ADVANCED_FACE ( 'NONE', ( #2656 ), #3730, .F. ) ;
#5219 = EDGE_LOOP ( 'NONE', ( #1690, #3451, #6672, #2023, #2873, #3131, #3679, #4581 ) ) ;
#5220 = CARTESIAN_POINT ( 'NONE',  ( 45.02286392053755293, 49.80360732423428516, 28.66202640911335564 ) ) ;
#5221 = CARTESIAN_POINT ( 'NONE',  ( 42.04659917311118278, 40.03839582643702499, 37.62062160604307337 ) ) ;
#5222 = DIRECTION ( 'NONE',  ( 2.298141435449797094E-16, -1.000000000000000000, -6.123233995743353024E-17 ) ) ;
#5223 = AXIS2_PLACEMENT_3D ( 'NONE', #6078, #3633, #2952 ) ;
#5224 = VERTEX_POINT ( 'NONE', #4740 ) ;
#5225 = ORIENTED_EDGE ( 'NONE', *, *, #4227, .F. ) ;
#5226 = ORIENTED_EDGE ( 'NONE', *, *, #3174, .F. ) ;
#5227 = EDGE_LOOP ( 'NONE', ( #5022, #3637 ) ) ;
#5228 = CARTESIAN_POINT ( 'NONE',  ( 43.17967678499713458, 46.10259148767076454, 38.19062160604261180 ) ) ;
#5229 = CARTESIAN_POINT ( 'NONE',  ( 39.67286384697388257, 43.50279148767114634, 37.32062160601148548 ) ) ;
#5230 = VECTOR ( 'NONE', #6840, 1000.000000000000000 ) ;
#5231 = FACE_OUTER_BOUND ( 'NONE', #6322, .T. ) ;
#5232 = CARTESIAN_POINT ( 'NONE',  ( 42.47802013406879951, 40.27521581339964740, 37.62062160604307337 ) ) ;
#5233 = EDGE_CURVE ( 'NONE', #6735, #2573, #5583, .T. ) ;
#5234 = CARTESIAN_POINT ( 'NONE',  ( 44.17286384697351309, 39.80259148767054000, 35.12062160604252625 ) ) ;
#5235 = LINE ( 'NONE', #3687, #5695 ) ;
#5236 = CARTESIAN_POINT ( 'NONE',  ( 41.94786191099993289, 50.40259148767042774, 36.30865435803252694 ) ) ;
#5237 = VECTOR ( 'NONE', #4712, 1000.000000000000114 ) ;
#5238 = DIRECTION ( 'NONE',  ( -8.068481283613059739E-15, -1.000000000000000000, -0.0000000000000000000 ) ) ;
#5239 = CARTESIAN_POINT ( 'NONE',  ( 40.43286384697394453, 39.47350183423255032, 28.88062160604245676 ) ) ;
#5240 = PRODUCT ( '1935161', '1935161', '', ( #6387 ) ) ;
#5241 = VERTEX_POINT ( 'NONE', #1045 ) ;
#5242 = CARTESIAN_POINT ( 'NONE',  ( 46.30064206350837708, 48.60259148767038795, 33.02558615607909331 ) ) ;
#5243 = ORIENTED_EDGE ( 'NONE', *, *, #2354, .F. ) ;
#5244 = VERTEX_POINT ( 'NONE', #5517 ) ;
#5245 = CARTESIAN_POINT ( 'NONE',  ( 46.87967678499703084, 46.10259148767038795, 28.19062160604259049 ) ) ;
#5246 = ORIENTED_EDGE ( 'NONE', *, *, #3813, .F. ) ;
#5247 = AXIS2_PLACEMENT_3D ( 'NONE', #5627, #6037, #5655 ) ;
#5248 = ORIENTED_EDGE ( 'NONE', *, *, #6627, .T. ) ;
#5249 = EDGE_LOOP ( 'NONE', ( #4877, #2908, #4106, #6341 ) ) ;
#5250 = CARTESIAN_POINT ( 'NONE',  ( 43.37286384697347330, 40.75259148767059258, 28.82062160604280976 ) ) ;
#5251 = ORIENTED_EDGE ( 'NONE', *, *, #4237, .T. ) ;
#5252 = DIRECTION ( 'NONE',  ( 1.000000000000000000, -1.387778780781425323E-14, 0.0000000000000000000 ) ) ;
#5253 = DIRECTION ( 'NONE',  ( -0.7745966692414824051, -0.4472135954999585938, 0.4472135954999589269 ) ) ;
#5254 = AXIS2_PLACEMENT_3D ( 'NONE', #1885, #4987, #789 ) ;
#5255 = DIRECTION ( 'NONE',  ( 7.883749266479334781E-15, 0.0000000000000000000, 1.000000000000000000 ) ) ;
#5256 = EDGE_CURVE ( 'NONE', #4796, #6259, #1216, .T. ) ;
#5257 = ORIENTED_EDGE ( 'NONE', *, *, #1364, .F. ) ;
#5258 = CYLINDRICAL_SURFACE ( 'NONE', #1911, 2.000000000000001776 ) ;
#5259 = VERTEX_POINT ( 'NONE', #3295 ) ;
#5260 = FACE_OUTER_BOUND ( 'NONE', #5754, .T. ) ;
#5261 = CARTESIAN_POINT ( 'NONE',  ( 39.67286384697381862, 45.10259148767045190, 27.62062160604275718 ) ) ;
#5262 = CARTESIAN_POINT ( 'NONE',  ( 44.32286377797750276, 49.80360732423428516, 35.47062160604270531 ) ) ;
#5263 = EDGE_CURVE ( 'NONE', #5182, #5241, #3826, .T. ) ;
#5264 = EDGE_LOOP ( 'NONE', ( #5503, #2451, #5641, #4337 ) ) ;
#5265 = DIRECTION ( 'NONE',  ( 1.000000000000000000, -1.027220243219863848E-14, -8.000000000000010088E-15 ) ) ;
#5266 = DIRECTION ( 'NONE',  ( -0.0000000000000000000, -0.0000000000000000000, -1.000000000000000000 ) ) ;
#5267 = ORIENTED_EDGE ( 'NONE', *, *, #3789, .F. ) ;
#5268 = ADVANCED_FACE ( 'NONE', ( #1358 ), #833, .F. ) ;
#5269 = CARTESIAN_POINT ( 'NONE',  ( 46.30657432872715873, 49.80360732423429226, 30.47062160604269820 ) ) ;
#5270 = AXIS2_PLACEMENT_3D ( 'NONE', #1366, #2489, #2063 ) ;
#5271 = FACE_OUTER_BOUND ( 'NONE', #3260, .T. ) ;
#5272 = DIRECTION ( 'NONE',  ( -0.0000000000000000000, -0.0000000000000000000, -1.000000000000000000 ) ) ;
#5273 = CARTESIAN_POINT ( 'NONE',  ( 42.25739498568910335, 39.82760001385910442, 37.52062160604316432 ) ) ;
#5274 = DIRECTION ( 'NONE',  ( 8.000000000000000622E-15, 0.0000000000000000000, 1.000000000000000000 ) ) ;
#5275 = ORIENTED_EDGE ( 'NONE', *, *, #6599, .T. ) ;
#5276 = LINE ( 'NONE', #139, #6560 ) ;
#5277 = DIRECTION ( 'NONE',  ( 8.000000000000000622E-15, -2.846725704167644827E-29, 1.000000000000000000 ) ) ;
#5278 = EDGE_CURVE ( 'NONE', #1419, #1186, #3365, .T. ) ;
#5279 = CARTESIAN_POINT ( 'NONE',  ( 40.46101733332369577, 45.82470112935361328, 37.17775236057497779 ) ) ;
#5280 = EDGE_LOOP ( 'NONE', ( #5063, #6357, #363, #5369 ) ) ;
#5281 = APPROVAL_ROLE ( '' ) ;
#5282 = VECTOR ( 'NONE', #5253, 1000.000000000000227 ) ;
#5283 = ORIENTED_EDGE ( 'NONE', *, *, #926, .F. ) ;
#5284 = CARTESIAN_POINT ( 'NONE',  ( 41.13365965955188841, 42.50259148767067785, 37.62062160604307337 ) ) ;
#5285 = CARTESIAN_POINT ( 'NONE',  ( 41.94786191099985473, 50.10259148767042348, 27.62062160604273586 ) ) ;
#5286 = DIRECTION ( 'NONE',  ( 1.000000000000000000, -1.164414226397770362E-15, -8.000000000000000622E-15 ) ) ;
#5287 = DIRECTION ( 'NONE',  ( 1.000000000000000000, -0.0000000000000000000, -5.193767809810871766E-15 ) ) ;
#5288 = EDGE_CURVE ( 'NONE', #2394, #6061, #5131, .T. ) ;
#5289 = DIRECTION ( 'NONE',  ( 0.0000000000000000000, 1.000000000000000000, 0.0000000000000000000 ) ) ;
#5290 = DIRECTION ( 'NONE',  ( 1.000000000000000000, -3.558407130209556064E-15, 0.0000000000000000000 ) ) ;
#5291 = CARTESIAN_POINT ( 'NONE',  ( 44.67286384697347046, 35.71338730024851316, 35.12062160604252625 ) ) ;
#5292 = CIRCLE ( 'NONE', #3166, 0.2107958125779213487 ) ;
#5293 = VECTOR ( 'NONE', #674, 1000.000000000000000 ) ;
#5294 = VECTOR ( 'NONE', #2482, 1000.000000000000114 ) ;
#5295 = CARTESIAN_POINT ( 'NONE',  ( 46.30657432872821744, 49.80360732423429226, 35.47062160604269820 ) ) ;
#5296 = DIRECTION ( 'NONE',  ( 1.000000000000000000, -8.000000000000000622E-15, 4.611712367288014258E-17 ) ) ;
#5297 = EDGE_CURVE ( 'NONE', #6760, #711, #1730, .T. ) ;
#5298 = ORIENTED_EDGE ( 'NONE', *, *, #5336, .T. ) ;
#5299 = CARTESIAN_POINT ( 'NONE',  ( 39.96575706578735776, 42.79568470648453626, 32.98972358476838451 ) ) ;
#5300 = DIRECTION ( 'NONE',  ( 1.000000000000000000, 0.0000000000000000000, 0.0000000000000000000 ) ) ;
#5301 = ORIENTED_EDGE ( 'NONE', *, *, #531, .F. ) ;
#5302 = VERTEX_POINT ( 'NONE', #407 ) ;
#5303 = CARTESIAN_POINT ( 'NONE',  ( 42.82415852339165951, 49.59649040585270541, 30.47062160604266623 ) ) ;
#5304 = CYLINDRICAL_SURFACE ( 'NONE', #4567, 0.2107958125779213487 ) ;
#5305 = EDGE_LOOP ( 'NONE', ( #2317, #145, #5603, #4332 ) ) ;
#5306 = CIRCLE ( 'NONE', #4097, 1.898893513391064491 ) ;
#5307 = LINE ( 'NONE', #4848, #5062 ) ;
#5308 = ORIENTED_EDGE ( 'NONE', *, *, #2352, .T. ) ;
#5309 = CARTESIAN_POINT ( 'NONE',  ( 42.37286384697354436, 43.04179567509262228, 33.82062160604282042 ) ) ;
#5310 = CIRCLE ( 'NONE', #246, 0.2107958125779213487 ) ;
#5311 = ORIENTED_EDGE ( 'NONE', *, *, #5800, .F. ) ;
#5312 = CARTESIAN_POINT ( 'NONE',  ( 46.52626439386147439, 49.33219605621806636, 35.47062160604269110 ) ) ;
#5313 = ORIENTED_EDGE ( 'NONE', *, *, #3105, .F. ) ;
#5314 = FACE_OUTER_BOUND ( 'NONE', #2828, .T. ) ;
#5315 = LINE ( 'NONE', #6749, #1898 ) ;
#5316 = CARTESIAN_POINT ( 'NONE',  ( 42.36770755987890880, 41.22639938744485733, 37.52062160604316432 ) ) ;
#5317 = ORIENTED_EDGE ( 'NONE', *, *, #5657, .F. ) ;
#5318 = ADVANCED_FACE ( 'NONE', ( #3565 ), #2223, .F. ) ;
#5319 = ORIENTED_EDGE ( 'NONE', *, *, #402, .T. ) ;
#5320 = LINE ( 'NONE', #321, #5838 ) ;
#5321 = CARTESIAN_POINT ( 'NONE',  ( 42.46605090895094037, 46.10259148767076454, 37.92765156762963130 ) ) ;
#5322 = CARTESIAN_POINT ( 'NONE',  ( 40.67286384697388257, 43.50279148767113924, 37.12062160604304495 ) ) ;
#5323 = CARTESIAN_POINT ( 'NONE',  ( 46.09432400481627212, 49.80360732423429226, 30.47062160604269820 ) ) ;
#5324 = ORIENTED_EDGE ( 'NONE', *, *, #2271, .T. ) ;
#5325 = FACE_OUTER_BOUND ( 'NONE', #5490, .T. ) ;
#5326 = ORIENTED_EDGE ( 'NONE', *, *, #4610, .T. ) ;
#5327 = EDGE_CURVE ( 'NONE', #3549, #6454, #683, .T. ) ;
#5328 = LINE ( 'NONE', #3733, #3335 ) ;
#5329 = CARTESIAN_POINT ( 'NONE',  ( 46.09432400481627212, 49.80360732423429226, 30.12062160604269678 ) ) ;
#5330 = DIRECTION ( 'NONE',  ( 8.000000000000000622E-15, 1.232595164407830946E-32, 1.000000000000000000 ) ) ;
#5331 = ORIENTED_EDGE ( 'NONE', *, *, #642, .F. ) ;
#5332 = PLANE ( 'NONE',  #5665 ) ;
#5333 = ORIENTED_EDGE ( 'NONE', *, *, #3932, .T. ) ;
#5334 = CARTESIAN_POINT ( 'NONE',  ( 42.46605090895094037, 50.40259148767076880, 37.92765156762963130 ) ) ;
#5335 = CARTESIAN_POINT ( 'NONE',  ( 42.37286384697358699, 39.80259148767056132, 42.12062160604232730 ) ) ;
#5336 = EDGE_CURVE ( 'NONE', #2369, #2445, #725, .T. ) ;
#5337 = EDGE_CURVE ( 'NONE', #4574, #6208, #4671, .T. ) ;
#5338 = ORIENTED_EDGE ( 'NONE', *, *, #88, .T. ) ;
#5339 = EDGE_CURVE ( 'NONE', #39, #1707, #5848, .T. ) ;
#5340 = DIRECTION ( 'NONE',  ( 1.000000000000000000, 0.0000000000000000000, -9.723433716208223735E-15 ) ) ;
#5341 = VERTEX_POINT ( 'NONE', #3441 ) ;
#5342 = DIRECTION ( 'NONE',  ( 1.000000000000000000, -0.0000000000000000000, -8.000544671205034319E-15 ) ) ;
#5343 = DIRECTION ( 'NONE',  ( -0.0000000000000000000, 1.000000000000000000, 0.0000000000000000000 ) ) ;
#5344 = DIRECTION ( 'NONE',  ( -1.129587379705850136E-14, -1.000000000000000000, 0.0000000000000000000 ) ) ;
#5345 = EDGE_CURVE ( 'NONE', #3567, #6823, #298, .T. ) ;
#5346 = CC_DESIGN_APPROVAL ( #5591, ( #2508 ) ) ;
#5347 = VERTEX_POINT ( 'NONE', #614 ) ;
#5348 = LINE ( 'NONE', #1129, #2976 ) ;
#5349 = CARTESIAN_POINT ( 'NONE',  ( 42.37286384697353014, 45.50239148767072805, 28.12062160604256533 ) ) ;
#5350 = CARTESIAN_POINT ( 'NONE',  ( 42.37286384697348041, 39.80259148767056132, 29.02062160604266339 ) ) ;
#5351 = VECTOR ( 'NONE', #4517, 1000.000000000000000 ) ;
#5352 = EDGE_CURVE ( 'NONE', #843, #3487, #4209, .T. ) ;
#5353 = DIRECTION ( 'NONE',  ( 5.384979558076334077E-14, 0.0000000000000000000, 1.000000000000000000 ) ) ;
#5354 = ORIENTED_EDGE ( 'NONE', *, *, #1435, .F. ) ;
#5355 = VERTEX_POINT ( 'NONE', #2430 ) ;
#5356 = VECTOR ( 'NONE', #4261, 1000.000000000000000 ) ;
#5357 = AXIS2_PLACEMENT_3D ( 'NONE', #541, #6076, #2345 ) ;
#5358 = LINE ( 'NONE', #811, #4129 ) ;
#5359 = VERTEX_POINT ( 'NONE', #353 ) ;
#5360 = DIRECTION ( 'NONE',  ( 1.000000000000000000, 2.298141435449797094E-16, -8.000000000000000622E-15 ) ) ;
#5361 = ORIENTED_EDGE ( 'NONE', *, *, #3932, .F. ) ;
#5362 = CARTESIAN_POINT ( 'NONE',  ( 39.67286384697389678, 43.50279148767114634, 38.54117583289283999 ) ) ;
#5363 = TOROIDAL_SURFACE ( 'NONE', #5710, 1.670781235886657612, 0.2107958125779215153 ) ;
#5364 = ORIENTED_EDGE ( 'NONE', *, *, #5689, .T. ) ;
#5365 = ORIENTED_EDGE ( 'NONE', *, *, #58, .F. ) ;
#5366 = VECTOR ( 'NONE', #3189, 1000.000000000000000 ) ;
#5367 = DIRECTION ( 'NONE',  ( -9.034039619130394877E-16, -1.000000000000000000, -5.676044235305161374E-29 ) ) ;
#5368 = ORIENTED_EDGE ( 'NONE', *, *, #472, .F. ) ;
#5369 = ORIENTED_EDGE ( 'NONE', *, *, #4347, .T. ) ;
#5370 = CARTESIAN_POINT ( 'NONE',  ( 42.04659917311159489, 41.96678714891210404, 37.62062160604307337 ) ) ;
#5371 = CARTESIAN_POINT ( 'NONE',  ( 44.32286377797748855, 48.80360732423427805, 30.47062160604270531 ) ) ;
#5372 = PERSON_AND_ORGANIZATION ( #5861, #2205 ) ;
#5373 = DIRECTION ( 'NONE',  ( -1.000000000000000000, 0.0000000000000000000, 3.184976339582808351E-14 ) ) ;
#5374 = ORIENTED_EDGE ( 'NONE', *, *, #3670, .T. ) ;
#5375 = DIRECTION ( 'NONE',  ( -8.899646579587765736E-15, -2.920835290019700565E-29, -1.000000000000000000 ) ) ;
#5376 = ORIENTED_EDGE ( 'NONE', *, *, #1649, .T. ) ;
#5377 = CARTESIAN_POINT ( 'NONE',  ( 44.32286377797750276, 48.80360732423427805, 35.47062160604270531 ) ) ;
#5378 = CARTESIAN_POINT ( 'NONE',  ( 45.77286384697387689, 39.00259148767057127, 30.12062160604228822 ) ) ;
#5379 = ORIENTED_EDGE ( 'NONE', *, *, #955, .T. ) ;
#5380 = ADVANCED_FACE ( 'NONE', ( #277, #2618 ), #4983, .T. ) ;
#5381 = CIRCLE ( 'NONE', #6849, 1.670781235887645932 ) ;
#5382 = DIRECTION ( 'NONE',  ( -2.298141435449797094E-16, 1.000000000000000000, 6.123233995743351792E-17 ) ) ;
#5383 = AXIS2_PLACEMENT_3D ( 'NONE', #3772, #1198, #6256 ) ;
#5384 = CARTESIAN_POINT ( 'NONE',  ( 0.0000000000000000000, 0.0000000000000000000, 37.52062160604316432 ) ) ;
#5385 = CARTESIAN_POINT ( 'NONE',  ( 42.37286384697348041, 39.80259148767056132, 28.12062160604256533 ) ) ;
#5386 = CARTESIAN_POINT ( 'NONE',  ( 39.67286384697384705, 43.50279148767114634, 32.42062160604264420 ) ) ;
#5387 = CARTESIAN_POINT ( 'NONE',  ( 44.67286384697392521, 39.80259148767053290, 35.12062160604230598 ) ) ;
#5388 = VECTOR ( 'NONE', #3277, 1000.000000000000000 ) ;
#5389 = DIRECTION ( 'NONE',  ( 1.000000000000000000, 0.0000000000000000000, 0.0000000000000000000 ) ) ;
#5390 = EDGE_CURVE ( 'NONE', #207, #4723, #4392, .T. ) ;
#5391 = VECTOR ( 'NONE', #3167, 1000.000000000000000 ) ;
#5392 = EDGE_LOOP ( 'NONE', ( #2513, #2578, #5661, #4490, #5759, #5333, #1829, #4292 ) ) ;
#5393 = DIRECTION ( 'NONE',  ( 0.0000000000000000000, -0.0000000000000000000, 1.000000000000000000 ) ) ;
#5394 = EDGE_CURVE ( 'NONE', #3421, #4318, #4085, .T. ) ;
#5395 = CARTESIAN_POINT ( 'NONE',  ( 39.67286384697385415, 43.23403038560643097, 32.82062160604259304 ) ) ;
#5396 = DIRECTION ( 'NONE',  ( 8.000000000000000622E-15, 1.000000000000000000, -6.401232595164408364E-29 ) ) ;
#5397 = VERTEX_POINT ( 'NONE', #4914 ) ;
#5398 = CARTESIAN_POINT ( 'NONE',  ( 40.09925719041554970, 42.66218458185637274, 32.91264725187746620 ) ) ;
#5399 = AXIS2_PLACEMENT_3D ( 'NONE', #4324, #537, #1363 ) ;
#5400 = PLANE ( 'NONE',  #3507 ) ;
#5401 = DIRECTION ( 'NONE',  ( 1.000000000000000000, 0.0000000000000000000, 0.0000000000000000000 ) ) ;
#5402 = PLANE ( 'NONE',  #607 ) ;
#5403 = ORIENTED_EDGE ( 'NONE', *, *, #2180, .T. ) ;
#5404 = DIRECTION ( 'NONE',  ( -1.000000000000000000, 0.0000000000000000000, 0.0000000000000000000 ) ) ;
#5405 = ADVANCED_FACE ( 'NONE', ( #3163, #3447, #1710 ), #4351, .F. ) ;
#5406 = EDGE_LOOP ( 'NONE', ( #2384, #257, #482, #4928 ) ) ;
#5407 = LINE ( 'NONE', #6528, #2032 ) ;
#5408 = ORIENTED_EDGE ( 'NONE', *, *, #44, .F. ) ;
#5409 = ADVANCED_FACE ( 'NONE', ( #1480 ), #5782, .T. ) ;
#5410 = DIRECTION ( 'NONE',  ( -8.000000000000000622E-15, -1.000000000000000000, 1.232595164407829988E-32 ) ) ;
#5411 = FACE_OUTER_BOUND ( 'NONE', #1184, .T. ) ;
#5412 = VECTOR ( 'NONE', #878, 1000.000000000000000 ) ;
#5413 = CARTESIAN_POINT ( 'NONE',  ( 42.46605090895083379, 46.10259148767076454, 38.19062160604261891 ) ) ;
#5414 = VERTEX_POINT ( 'NONE', #677 ) ;
#5415 = DIRECTION ( 'NONE',  ( -1.000000000000000000, -7.421276902574588703E-16, 7.883749266479334781E-15 ) ) ;
#5416 = VERTEX_POINT ( 'NONE', #3639 ) ;
#5417 = CARTESIAN_POINT ( 'NONE',  ( 46.87967678499713742, 50.40259148767076880, 38.19062160604258338 ) ) ;
#5418 = VECTOR ( 'NONE', #1146, 1000.000000000000000 ) ;
#5419 = DIRECTION ( 'NONE',  ( 1.000000000000000000, 2.298141435449797094E-16, -8.000000000000000622E-15 ) ) ;
#5420 = VERTEX_POINT ( 'NONE', #2812 ) ;
#5421 = ORIENTED_EDGE ( 'NONE', *, *, #6844, .T. ) ;
#5422 = DIRECTION ( 'NONE',  ( 1.110223024625180206E-14, 1.000000000000000000, 8.326672684688850758E-15 ) ) ;
#5423 = ADVANCED_FACE ( 'NONE', ( #4083 ), #279, .F. ) ;
#5424 = ORIENTED_EDGE ( 'NONE', *, *, #3582, .F. ) ;
#5425 = EDGE_CURVE ( 'NONE', #5652, #1919, #661, .T. ) ;
#5427 = DIRECTION ( 'NONE',  ( -8.326672684688784494E-15, -1.000000000000000000, 0.0000000000000000000 ) ) ;
#5426 = VECTOR ( 'NONE', #1528, 1000.000000000000000 ) ;
#5428 = DIRECTION ( 'NONE',  ( -6.415001721268519099E-15, 1.302184302438933721E-28, -1.000000000000000000 ) ) ;
#5429 = CARTESIAN_POINT ( 'NONE',  ( 41.16674917584080617, 46.10259148767043769, 24.97062160604273373 ) ) ;
#5430 = VERTEX_POINT ( 'NONE', #2387 ) ;
#5431 = VERTEX_POINT ( 'NONE', #2753 ) ;
#5432 = CARTESIAN_POINT ( 'NONE',  ( 40.67286384697381862, 43.50279148767113924, 28.12062160604256533 ) ) ;
#5433 = DIRECTION ( 'NONE',  ( 2.371197341398207874E-16, -1.000000000000000000, 1.370316553097683994E-15 ) ) ;
#5434 = ORIENTED_EDGE ( 'NONE', *, *, #1750, .F. ) ;
#5435 = ORIENTED_EDGE ( 'NONE', *, *, #2071, .T. ) ;
#5436 = VECTOR ( 'NONE', #5567, 1000.000000000000000 ) ;
#5437 = DIRECTION ( 'NONE',  ( 1.000000000000000000, 0.0000000000000000000, 0.0000000000000000000 ) ) ;
#5438 = ADVANCED_FACE ( 'NONE', ( #6478 ), #1163, .F. ) ;
#5439 = VECTOR ( 'NONE', #3897, 1000.000000000000000 ) ;
#5440 = CARTESIAN_POINT ( 'NONE',  ( 40.43985083793637614, 42.53027843754215098, 32.41081416223756406 ) ) ;
#5441 = ADVANCED_FACE ( 'NONE', ( #4546 ), #4460, .T. ) ;
#5442 = CARTESIAN_POINT ( 'NONE',  ( 42.04659917311159489, 41.96678714891210404, 37.62062160604307337 ) ) ;
#5443 = ORIENTED_EDGE ( 'NONE', *, *, #4724, .T. ) ;
#5444 = CARTESIAN_POINT ( 'NONE',  ( 39.90380395467462904, 45.10259148767045190, 32.28728827269492285 ) ) ;
#5445 = VERTEX_POINT ( 'NONE', #5200 ) ;
#5446 = ORIENTED_EDGE ( 'NONE', *, *, #1131, .F. ) ;
#5447 = ORIENTED_EDGE ( 'NONE', *, *, #3873, .F. ) ;
#5448 = DIRECTION ( 'NONE',  ( 0.0000000000000000000, -1.000000000000000000, 0.0000000000000000000 ) ) ;
#5449 = CARTESIAN_POINT ( 'NONE',  ( 40.57286384697388826, 39.00259148767057127, 36.22062160604234293 ) ) ;
#5450 = VERTEX_POINT ( 'NONE', #630 ) ;
#5451 = LINE ( 'NONE', #6813, #6438 ) ;
#5452 = EDGE_LOOP ( 'NONE', ( #5995, #5679, #213, #1424, #2365, #3002, #3073, #1822 ) ) ;
#5453 = ORIENTED_EDGE ( 'NONE', *, *, #1846, .F. ) ;
#5454 = CARTESIAN_POINT ( 'NONE',  ( 42.61586384697403673, 50.40259148767042063, 37.62062160604307337 ) ) ;
#5455 = ORIENTED_EDGE ( 'NONE', *, *, #3064, .T. ) ;
#5456 = DIRECTION ( 'NONE',  ( -6.308085367188447236E-15, 0.0000000000000000000, -1.000000000000000000 ) ) ;
#5457 = CARTESIAN_POINT ( 'NONE',  ( 43.71206803439592647, 39.71338730024835684, 37.62062160604307337 ) ) ;
#5458 = ORIENTED_EDGE ( 'NONE', *, *, #2674, .F. ) ;
#5459 = FACE_OUTER_BOUND ( 'NONE', #332, .T. ) ;
#5460 = VECTOR ( 'NONE', #3245, 1000.000000000000000 ) ;
#5461 = VECTOR ( 'NONE', #6799, 1000.000000000000000 ) ;
#5462 = CARTESIAN_POINT ( 'NONE',  ( 46.41670616383117220, 49.78196438072625085, 35.47062160604269820 ) ) ;
#5463 = CARTESIAN_POINT ( 'NONE',  ( 45.02286377797751271, 49.80360732423428516, 35.47062160604270531 ) ) ;
#5464 = CARTESIAN_POINT ( 'NONE',  ( 42.13934542958612184, 41.22639938744485733, 37.62062160604307337 ) ) ;
#5465 = LINE ( 'NONE', #6802, #1104 ) ;
#5466 = ORIENTED_EDGE ( 'NONE', *, *, #642, .T. ) ;
#5467 = DIRECTION ( 'NONE',  ( 1.000000000000000000, -0.0000000000000000000, -8.000544671205034319E-15 ) ) ;
#5468 = DIRECTION ( 'NONE',  ( -8.000000000000000622E-15, -1.000000000000000000, 6.398767404835592702E-29 ) ) ;
#5469 = VERTEX_POINT ( 'NONE', #1967 ) ;
#5470 = EDGE_LOOP ( 'NONE', ( #5225, #254, #6126, #3192 ) ) ;
#5471 = DIRECTION ( 'NONE',  ( -0.7653933626443834015, 6.123146901155067372E-15, 0.6435627400805018494 ) ) ;
#5472 = ORIENTED_EDGE ( 'NONE', *, *, #4032, .F. ) ;
#5473 = ADVANCED_FACE ( 'NONE', ( #1868 ), #3256, .T. ) ;
#5474 = DIRECTION ( 'NONE',  ( 0.0000000000000000000, -1.000000000000000000, 0.0000000000000000000 ) ) ;
#5475 = ADVANCED_FACE ( 'NONE', ( #2092 ), #2462, .F. ) ;
#5476 = LINE ( 'NONE', #1837, #4382 ) ;
#5477 = CARTESIAN_POINT ( 'NONE',  ( 40.62286384697389252, 39.80259148767056843, 29.02062160604266339 ) ) ;
#5478 = AXIS2_PLACEMENT_3D ( 'NONE', #5232, #534, #3029 ) ;
#5479 = ORIENTED_EDGE ( 'NONE', *, *, #5760, .F. ) ;
#5480 = CIRCLE ( 'NONE', #1349, 1.099999999999996758 ) ;
#5481 = DIRECTION ( 'NONE',  ( 0.0000000000000000000, 0.0000000000000000000, 1.000000000000000000 ) ) ;
#5482 = VECTOR ( 'NONE', #6187, 1000.000000000000114 ) ;
#5483 = ORIENTED_EDGE ( 'NONE', *, *, #5840, .F. ) ;
#5484 = VERTEX_POINT ( 'NONE', #3841 ) ;
#5485 = EDGE_LOOP ( 'NONE', ( #5618, #2975, #4801, #2715, #315, #4709, #2774, #2493 ) ) ;
#5486 = DIRECTION ( 'NONE',  ( 1.000000000000000000, 0.0000000000000000000, 0.0000000000000000000 ) ) ;
#5487 = VECTOR ( 'NONE', #6696, 1000.000000000000000 ) ;
#5488 = ORIENTED_EDGE ( 'NONE', *, *, #2241, .F. ) ;
#5489 = ADVANCED_FACE ( 'NONE', ( #2608 ), #4066, .T. ) ;
#5490 = EDGE_LOOP ( 'NONE', ( #6741, #5002, #4650, #6856 ) ) ;
#5491 = VECTOR ( 'NONE', #2956, 1000.000000000000000 ) ;
#5492 = PLANE ( 'NONE',  #1834 ) ;
#5493 = LINE ( 'NONE', #1506, #2422 ) ;
#5494 = PLANE ( 'NONE',  #3515 ) ;
#5495 = EDGE_CURVE ( 'NONE', #42, #2853, #2518, .T. ) ;
#5496 = LINE ( 'NONE', #6002, #3529 ) ;
#5497 = DIRECTION ( 'NONE',  ( -8.000000000000000622E-15, -1.000000000000000000, 1.232595164407829988E-32 ) ) ;
#5498 = DIRECTION ( 'NONE',  ( -1.000000000000000000, 5.438147237864084402E-14, 8.000000000000000622E-15 ) ) ;
#5499 = CARTESIAN_POINT ( 'NONE',  ( 42.59606969017170286, 41.22639938744485733, 37.62062160604307337 ) ) ;
#5500 = CARTESIAN_POINT ( 'NONE',  ( 48.67286384697394652, 48.35259148767057269, 37.30228833122829712 ) ) ;
#5501 = EDGE_LOOP ( 'NONE', ( #2018, #6228, #5216, #2940, #6716 ) ) ;
#5502 = DIRECTION ( 'NONE',  ( 1.000000000000000000, -8.000000000000000622E-15, 4.611712367288014258E-17 ) ) ;
#5503 = ORIENTED_EDGE ( 'NONE', *, *, #5773, .T. ) ;
#5504 = DIRECTION ( 'NONE',  ( 1.000000000000000000, 0.0000000000000000000, -8.000000000000000622E-15 ) ) ;
#5505 = CARTESIAN_POINT ( 'NONE',  ( 40.42286384697390389, 39.60259148767028847, 32.22062160604274084 ) ) ;
#5506 = ORIENTED_EDGE ( 'NONE', *, *, #4190, .F. ) ;
#5507 = EDGE_CURVE ( 'NONE', #5224, #6670, #1307, .T. ) ;
#5508 = ORIENTED_EDGE ( 'NONE', *, *, #6866, .F. ) ;
#5509 = DIRECTION ( 'NONE',  ( -0.6546536707079854134, -0.6546536707079719797, -0.3779644730092219795 ) ) ;
#5510 = VECTOR ( 'NONE', #5130, 1000.000000000000000 ) ;
#5511 = VECTOR ( 'NONE', #3509, 1000.000000000000000 ) ;
#5512 = CIRCLE ( 'NONE', #743, 1.895384768911781315 ) ;
#5513 = DIRECTION ( 'NONE',  ( -1.000000000000000000, 8.000000000000000622E-15, 8.000000000000000622E-15 ) ) ;
#5514 = VERTEX_POINT ( 'NONE', #2639 ) ;
#5515 = DIRECTION ( 'NONE',  ( 0.8660254037844323793, 0.5000000000000108802, -6.928203230275459439E-15 ) ) ;
#5516 =( BOUNDED_CURVE ( )  B_SPLINE_CURVE ( 3, ( #6651, #1884, #6432, #5148 ),
 .UNSPECIFIED., .F., .F. ) 
 B_SPLINE_CURVE_WITH_KNOTS ( ( 4, 4 ),
 ( 1.570796326794896780, 4.712388980384689674 ),
 .UNSPECIFIED. ) 
 CURVE ( )  GEOMETRIC_REPRESENTATION_ITEM ( )  RATIONAL_B_SPLINE_CURVE ( ( 1.000000000000000000, 0.3333333333333333703, 0.3333333333333333703, 1.000000000000000000 ) ) 
 REPRESENTATION_ITEM ( '' )  );
#5517 = CARTESIAN_POINT ( 'NONE',  ( 40.76927400848827432, 39.80259148767056132, 33.02062160604303642 ) ) ;
#5518 = ORIENTED_EDGE ( 'NONE', *, *, #2109, .T. ) ;
#5519 = CARTESIAN_POINT ( 'NONE',  ( 48.67286384697387547, 39.00259148767057127, 27.62062160604267902 ) ) ;
#5520 = LINE ( 'NONE', #4386, #5019 ) ;
#5521 = ORIENTED_EDGE ( 'NONE', *, *, #4238, .F. ) ;
#5522 = VECTOR ( 'NONE', #4201, 1000.000000000000000 ) ;
#5523 = CIRCLE ( 'NONE', #2849, 0.9511835740451946020 ) ;
#5524 = VECTOR ( 'NONE', #6694, 1000.000000000000000 ) ;
#5525 = CARTESIAN_POINT ( 'NONE',  ( 39.96575706578735776, 42.79568470648453626, 32.98972358476838451 ) ) ;
#5526 = DIRECTION ( 'NONE',  ( -1.000000000000000000, 8.000000000000000622E-15, 8.000000000000000622E-15 ) ) ;
#5527 = ADVANCED_FACE ( 'NONE', ( #6149 ), #4611, .T. ) ;
#5528 = CARTESIAN_POINT ( 'NONE',  ( 44.67286384697380441, 48.80360732420605530, 35.12062160604270389 ) ) ;
#5529 = DIRECTION ( 'NONE',  ( -1.000000000000000000, 7.308354949842002618E-15, 0.0000000000000000000 ) ) ;
#5530 = CARTESIAN_POINT ( 'NONE',  ( 41.47537763055912308, 40.03839582643703210, 37.52062160604316432 ) ) ;
#5531 = ORIENTED_EDGE ( 'NONE', *, *, #441, .T. ) ;
#5532 = AXIS2_PLACEMENT_3D ( 'NONE', #2249, #4887, #1853 ) ;
#5533 = CARTESIAN_POINT ( 'NONE',  ( 40.42286384697388968, 39.00259148767057127, 31.37062160604228822 ) ) ;
#5534 = VECTOR ( 'NONE', #1214, 1000.000000000000000 ) ;
#5535 = VECTOR ( 'NONE', #4552, 1000.000000000000000 ) ;
#5536 = EDGE_LOOP ( 'NONE', ( #3511, #3803, #2327, #653 ) ) ;
#5537 = LINE ( 'NONE', #1337, #3392 ) ;
#5538 = DIRECTION ( 'NONE',  ( -0.0000000000000000000, -0.0000000000000000000, -1.000000000000000000 ) ) ;
#5539 = DIRECTION ( 'NONE',  ( -0.0000000000000000000, -0.0000000000000000000, 1.000000000000000000 ) ) ;
#5540 = ORIENTED_EDGE ( 'NONE', *, *, #4294, .T. ) ;
#5541 = DIRECTION ( 'NONE',  ( -1.000000000000000000, 8.000000000000000622E-15, -4.611712367288014258E-17 ) ) ;
#5542 = ORIENTED_EDGE ( 'NONE', *, *, #2396, .F. ) ;
#5543 = VERTEX_POINT ( 'NONE', #320 ) ;
#5544 = CARTESIAN_POINT ( 'NONE',  ( 40.42286384697371915, 39.60259148767060822, -2.593127411569341838E-13 ) ) ;
#5545 = EDGE_CURVE ( 'NONE', #1073, #1010, #2479, .T. ) ;
#5546 = DIRECTION ( 'NONE',  ( 1.000000000000000000, 0.0000000000000000000, -9.462128050782611690E-15 ) ) ;
#5547 = ORIENTED_EDGE ( 'NONE', *, *, #6755, .F. ) ;
#5548 = CARTESIAN_POINT ( 'NONE',  ( 42.46605090895094037, 46.10259148767076454, 37.92765156762963130 ) ) ;
#5549 = ORIENTED_EDGE ( 'NONE', *, *, #1435, .T. ) ;
#5550 = CARTESIAN_POINT ( 'NONE',  ( 42.37286384697353725, 40.75259148767059258, 36.42062160604282184 ) ) ;
#5551 = CARTESIAN_POINT ( 'NONE',  ( 41.26458181798120251, 40.03839582643703210, 37.62062160604307337 ) ) ;
#5552 = VECTOR ( 'NONE', #6055, 1000.000000000000000 ) ;
#5553 = ORIENTED_EDGE ( 'NONE', *, *, #1156, .F. ) ;
#5554 = EDGE_LOOP ( 'NONE', ( #2295, #6347, #450, #4070 ) ) ;
#5555 = EDGE_CURVE ( 'NONE', #4446, #3415, #4639, .T. ) ;
#5556 = CARTESIAN_POINT ( 'NONE',  ( 39.67286384697386126, 39.29601287482820737, 38.54117583289283999 ) ) ;
#5557 = DIRECTION ( 'NONE',  ( 5.384979558076334077E-14, 0.0000000000000000000, 1.000000000000000000 ) ) ;
#5558 = LINE ( 'NONE', #2525, #5366 ) ;
#5559 = LINE ( 'NONE', #1033, #2550 ) ;
#5560 = ORIENTED_EDGE ( 'NONE', *, *, #4813, .T. ) ;
#5561 = LINE ( 'NONE', #5836, #6007 ) ;
#5562 = ORIENTED_EDGE ( 'NONE', *, *, #4317, .F. ) ;
#5563 = DIRECTION ( 'NONE',  ( -2.298141435449797094E-16, 1.000000000000000000, 6.123233995743353024E-17 ) ) ;
#5564 = VERTEX_POINT ( 'NONE', #2833 ) ;
#5565 = FACE_OUTER_BOUND ( 'NONE', #6812, .T. ) ;
#5566 = ORIENTED_EDGE ( 'NONE', *, *, #5278, .T. ) ;
#5567 = DIRECTION ( 'NONE',  ( 1.000000000000000000, -3.558407130209556064E-15, 0.0000000000000000000 ) ) ;
#5568 = CIRCLE ( 'NONE', #3850, 1.895384768912773632 ) ;
#5569 = ORIENTED_EDGE ( 'NONE', *, *, #3272, .F. ) ;
#5570 = CARTESIAN_POINT ( 'NONE',  ( 43.03915336521937718, 49.80360732423432069, 34.77062160604268826 ) ) ;
#5571 = VERTEX_POINT ( 'NONE', #4305 ) ;
#5572 = ORIENTED_EDGE ( 'NONE', *, *, #6539, .T. ) ;
#5573 = CARTESIAN_POINT ( 'NONE',  ( 44.67286384697379731, 49.59649040585271962, 35.12062160604270389 ) ) ;
#5574 = PLANE ( 'NONE',  #5777 ) ;
#5575 = AXIS2_PLACEMENT_3D ( 'NONE', #6299, #4573, #319 ) ;
#5576 = CARTESIAN_POINT ( 'NONE',  ( 43.37286384697355857, 43.04179567509260806, 36.20982579346491548 ) ) ;
#5577 = CARTESIAN_POINT ( 'NONE',  ( 42.61137864424322430, 50.40259148767042774, 36.30865435803251984 ) ) ;
#5578 = EDGE_CURVE ( 'NONE', #6259, #5005, #4425, .T. ) ;
#5579 = AXIS2_PLACEMENT_3D ( 'NONE', #201, #6601, #222 ) ;
#5580 = EDGE_CURVE ( 'NONE', #4656, #3035, #3614, .T. ) ;
#5581 = CARTESIAN_POINT ( 'NONE',  ( 40.67286384697390389, 45.10259148767044479, 37.32062160601148548 ) ) ;
#5582 = EDGE_LOOP ( 'NONE', ( #5045, #1635, #6647, #894 ) ) ;
#5583 = LINE ( 'NONE', #1051, #6117 ) ;
#5584 = DIRECTION ( 'NONE',  ( 1.000000000000000000, -8.068481283613061316E-15, -8.000000000000000622E-15 ) ) ;
#5585 = CARTESIAN_POINT ( 'NONE',  ( 44.32286396920076044, 48.80360732423427805, 28.66202636213202481 ) ) ;
#5586 = CARTESIAN_POINT ( 'NONE',  ( 45.17286384697352730, 39.80259148767052579, 35.12062160604252625 ) ) ;
#5587 = DIRECTION ( 'NONE',  ( 8.000000000000000622E-15, 0.0000000000000000000, 1.000000000000000000 ) ) ;
#5588 = EDGE_CURVE ( 'NONE', #3563, #6485, #3578, .T. ) ;
#5589 = ORIENTED_EDGE ( 'NONE', *, *, #2741, .T. ) ;
#5590 = LINE ( 'NONE', #3886, #5757 ) ;
#5591 = APPROVAL ( #4681, 'UNSPECIFIED' ) ;
#5592 = DIRECTION ( 'NONE',  ( -1.000000000000000000, 1.027220243219866057E-14, 0.0000000000000000000 ) ) ;
#5593 = DIRECTION ( 'NONE',  ( -2.298141435449797094E-16, 1.000000000000000000, 6.123233995743351792E-17 ) ) ;
#5594 = VERTEX_POINT ( 'NONE', #6510 ) ;
#5595 = ORIENTED_EDGE ( 'NONE', *, *, #4693, .F. ) ;
#5596 = ORIENTED_EDGE ( 'NONE', *, *, #6201, .F. ) ;
#5597 = ORIENTED_EDGE ( 'NONE', *, *, #3419, .T. ) ;
#5598 = ORIENTED_EDGE ( 'NONE', *, *, #6174, .F. ) ;
#5599 = VECTOR ( 'NONE', #5997, 1000.000000000000000 ) ;
#5600 = ORIENTED_EDGE ( 'NONE', *, *, #4844, .T. ) ;
#5601 = CARTESIAN_POINT ( 'NONE',  ( 42.47802013406861477, 41.66960158304296158, 37.62062160604307337 ) ) ;
#5602 = ORIENTED_EDGE ( 'NONE', *, *, #4594, .F. ) ;
#5603 = ORIENTED_EDGE ( 'NONE', *, *, #4185, .T. ) ;
#5604 = AXIS2_PLACEMENT_3D ( 'NONE', #4016, #5433, #3927 ) ;
#5605 = ORIENTED_EDGE ( 'NONE', *, *, #1248, .T. ) ;
#5606 = ADVANCED_FACE ( 'NONE', ( #4758 ), #823, .F. ) ;
#5607 = DIRECTION ( 'NONE',  ( -1.000000000000000000, 0.0000000000000000000, 7.999999999999981689E-15 ) ) ;
#5608 = CARTESIAN_POINT ( 'NONE',  ( 41.29786384697383994, 42.67599656842799760, 32.92062160604262999 ) ) ;
#5609 = ORIENTED_EDGE ( 'NONE', *, *, #6678, .T. ) ;
#5610 = FACE_OUTER_BOUND ( 'NONE', #114, .T. ) ;
#5611 = ORIENTED_EDGE ( 'NONE', *, *, #3286, .F. ) ;
#5612 = DIRECTION ( 'NONE',  ( 9.484763943262995341E-15, 0.5000000000000048850, 0.8660254037844359321 ) ) ;
#5613 = FACE_OUTER_BOUND ( 'NONE', #758, .T. ) ;
#5614 = AXIS2_PLACEMENT_3D ( 'NONE', #3426, #6090, #4786 ) ;
#5615 = ORIENTED_EDGE ( 'NONE', *, *, #6789, .F. ) ;
#5616 = AXIS2_PLACEMENT_3D ( 'NONE', #500, #3351, #1737 ) ;
#5617 = CARTESIAN_POINT ( 'NONE',  ( 40.76927400848778404, 43.75259148767043627, 37.12062160604304495 ) ) ;
#5618 = ORIENTED_EDGE ( 'NONE', *, *, #4056, .T. ) ;
#5619 = CARTESIAN_POINT ( 'NONE',  ( 42.37286384697347330, 39.80259148767057553, 28.43721316011392375 ) ) ;
#5620 = AXIS2_PLACEMENT_3D ( 'NONE', #2660, #5794, #3202 ) ;
#5621 = PLANE ( 'NONE',  #808 ) ;
#5623 = DIRECTION ( 'NONE',  ( 0.0000000000000000000, -1.000000000000000000, 0.0000000000000000000 ) ) ;
#5622 = CARTESIAN_POINT ( 'NONE',  ( 40.62286384697392094, 43.50279148767113924, 28.12062160604256533 ) ) ;
#5624 = ORIENTED_EDGE ( 'NONE', *, *, #5186, .T. ) ;
#5625 = DIRECTION ( 'NONE',  ( 0.0000000000000000000, 0.0000000000000000000, -1.000000000000000000 ) ) ;
#5626 = EDGE_CURVE ( 'NONE', #6111, #577, #1636, .T. ) ;
#5627 = CARTESIAN_POINT ( 'NONE',  ( 40.67286384697391100, 45.10259148767044479, 38.54117583289283289 ) ) ;
#5628 = CARTESIAN_POINT ( 'NONE',  ( 44.67286384697388968, 39.80259148767052579, 30.12062160604229888 ) ) ;
#5629 = DIRECTION ( 'NONE',  ( 8.000000000000000622E-15, 0.0000000000000000000, 1.000000000000000000 ) ) ;
#5630 = EDGE_CURVE ( 'NONE', #5341, #199, #5101, .T. ) ;
#5631 = DIRECTION ( 'NONE',  ( 2.371197341355120291E-16, -1.000000000000000000, 1.370316553096936154E-15 ) ) ;
#5632 = B_SPLINE_CURVE_WITH_KNOTS ( 'NONE', 3,
 ( #6035, #2273, #4080, #1046, #6739, #4652 ),
 .UNSPECIFIED., .F., .F.,
 ( 4, 2, 4 ),
 ( 1.129570089970756843E-16, 0.0001644974017406275208, 0.0003289948034811421220 ),
 .UNSPECIFIED. ) ;
#5633 = CARTESIAN_POINT ( 'NONE',  ( 42.46605090895094037, 46.10259148767076454, 37.92765156762963130 ) ) ;
#5634 = DIRECTION ( 'NONE',  ( 0.0000000000000000000, 0.0000000000000000000, 1.000000000000000000 ) ) ;
#5635 = CARTESIAN_POINT ( 'NONE',  ( 42.70021781508145153, 42.17619050882789367, 37.62062160604307337 ) ) ;
#5636 = PLANE ( 'NONE',  #2810 ) ;
#5637 = ORIENTED_EDGE ( 'NONE', *, *, #1992, .F. ) ;
#5638 = AXIS2_PLACEMENT_3D ( 'NONE', #4168, #2102, #2168 ) ;
#5639 = CARTESIAN_POINT ( 'NONE',  ( 47.66368735064305184, 50.22167448075828844, 27.64062160604228424 ) ) ;
#5640 = CARTESIAN_POINT ( 'NONE',  ( 42.47802013406879951, 40.48709549131926622, 37.62062160604307337 ) ) ;
#5641 = ORIENTED_EDGE ( 'NONE', *, *, #4635, .F. ) ;
#5642 = VECTOR ( 'NONE', #4155, 1000.000000000000000 ) ;
#5643 = CARTESIAN_POINT ( 'NONE',  ( 41.67250897246963603, 50.22167448075828844, 27.62062160604273942 ) ) ;
#5644 = DIRECTION ( 'NONE',  ( 1.000000000000000000, -8.899646579587765736E-15, -8.899646579587765736E-15 ) ) ;
#5645 = FACE_OUTER_BOUND ( 'NONE', #479, .T. ) ;
#5646 = EDGE_CURVE ( 'NONE', #6230, #5153, #3538, .T. ) ;
#5647 = VERTEX_POINT ( 'NONE', #3288 ) ;
#5648 = EDGE_CURVE ( 'NONE', #1572, #5397, #79, .T. ) ;
#5649 = VECTOR ( 'NONE', #5340, 1000.000000000000000 ) ;
#5650 = VERTEX_POINT ( 'NONE', #4837 ) ;
#5651 = LINE ( 'NONE', #5321, #4065 ) ;
#5652 = VERTEX_POINT ( 'NONE', #1925 ) ;
#5653 = DIRECTION ( 'NONE',  ( 8.000000000000000622E-15, 0.0000000000000000000, 1.000000000000000000 ) ) ;
#5654 = EDGE_CURVE ( 'NONE', #3573, #3946, #4902, .T. ) ;
#5655 = DIRECTION ( 'NONE',  ( 1.000000000000000000, 0.0000000000000000000, -6.938893903907222067E-15 ) ) ;
#5656 = ORIENTED_EDGE ( 'NONE', *, *, #4163, .T. ) ;
#5657 = EDGE_CURVE ( 'NONE', #6119, #2421, #4942, .T. ) ;
#5658 = ORIENTED_EDGE ( 'NONE', *, *, #1423, .F. ) ;
#5659 = CARTESIAN_POINT ( 'NONE',  ( 47.14155940185076332, 48.80360732423428516, 30.47062160604269110 ) ) ;
#5660 = LINE ( 'NONE', #5723, #4027 ) ;
#5661 = ORIENTED_EDGE ( 'NONE', *, *, #955, .F. ) ;
#5662 = VERTEX_POINT ( 'NONE', #2256 ) ;
#5663 = DIRECTION ( 'NONE',  ( 0.0000000000000000000, 0.0000000000000000000, 1.000000000000000000 ) ) ;
#5664 = ORIENTED_EDGE ( 'NONE', *, *, #3789, .T. ) ;
#5665 = AXIS2_PLACEMENT_3D ( 'NONE', #6313, #2371, #6391 ) ;
#5666 = CARTESIAN_POINT ( 'NONE',  ( 48.38432012885203903, 44.35259148767056558, 34.02062160604219088 ) ) ;
#5667 = DIRECTION ( 'NONE',  ( 0.8660254038118373465, 0.0000000000000000000, 0.4999999999525439609 ) ) ;
#5668 = DIRECTION ( 'NONE',  ( 1.000000000000000000, 2.298141435449797094E-16, 1.407205776457262430E-32 ) ) ;
#5669 = DIRECTION ( 'NONE',  ( -0.0000000000000000000, -0.0000000000000000000, -1.000000000000000000 ) ) ;
#5670 = AXIS2_PLACEMENT_3D ( 'NONE', #1066, #5265, #5289 ) ;
#5671 = ORIENTED_EDGE ( 'NONE', *, *, #4645, .F. ) ;
#5672 = AXIS2_PLACEMENT_3D ( 'NONE', #401, #1508, #2605 ) ;
#5673 = ORIENTED_EDGE ( 'NONE', *, *, #6383, .F. ) ;
#5674 = DIRECTION ( 'NONE',  ( 0.0000000000000000000, 0.0000000000000000000, 1.000000000000000000 ) ) ;
#5675 = DIRECTION ( 'NONE',  ( 1.000000000000000000, 0.0000000000000000000, 0.0000000000000000000 ) ) ;
#5676 = DIRECTION ( 'NONE',  ( -0.4999999999999990563, -0.8660254037844392627, 3.999999999999992422E-15 ) ) ;
#5677 = ORIENTED_EDGE ( 'NONE', *, *, #3366, .T. ) ;
#5678 = EDGE_CURVE ( 'NONE', #1498, #1391, #4519, .T. ) ;
#5679 = ORIENTED_EDGE ( 'NONE', *, *, #1414, .T. ) ;
#5680 = DIRECTION ( 'NONE',  ( 1.000000000000000000, -1.027220243219863848E-14, -8.000000000000010088E-15 ) ) ;
#5681 = CARTESIAN_POINT ( 'NONE',  ( 42.04659917311160200, 42.17758296149002462, 37.52062160604316432 ) ) ;
#5682 = DIRECTION ( 'NONE',  ( 1.000000000000000000, 0.0000000000000000000, -9.462128050782611690E-15 ) ) ;
#5683 = CARTESIAN_POINT ( 'NONE',  ( 43.37286384697349462, 43.04179567509261517, 29.03141741862073744 ) ) ;
#5684 = ORIENTED_EDGE ( 'NONE', *, *, #5094, .T. ) ;
#5685 = DIRECTION ( 'NONE',  ( 9.034039619130394877E-16, 1.000000000000000000, 5.676044235305161374E-29 ) ) ;
#5686 = VECTOR ( 'NONE', #6474, 1000.000000000000000 ) ;
#5687 = EDGE_CURVE ( 'NONE', #39, #4301, #4187, .T. ) ;
#5688 = LINE ( 'NONE', #5519, #4988 ) ;
#5689 = EDGE_CURVE ( 'NONE', #5168, #6847, #2642, .T. ) ;
#5690 = CARTESIAN_POINT ( 'NONE',  ( 44.32286396920076044, 48.80360732423427805, 28.66202636213202481 ) ) ;
#5691 = ORIENTED_EDGE ( 'NONE', *, *, #2855, .F. ) ;
#5692 = EDGE_CURVE ( 'NONE', #3721, #5543, #2930, .T. ) ;
#5693 = LINE ( 'NONE', #5371, #2708 ) ;
#5694 = VECTOR ( 'NONE', #1328, 1000.000000000000000 ) ;
#5695 = VECTOR ( 'NONE', #2905, 1000.000000000000000 ) ;
#5697 = ORIENTED_EDGE ( 'NONE', *, *, #1984, .F. ) ;
#5696 = VECTOR ( 'NONE', #2005, 1000.000000000000000 ) ;
#5698 = FACE_OUTER_BOUND ( 'NONE', #4248, .T. ) ;
#5699 = DIRECTION ( 'NONE',  ( -0.0000000000000000000, -0.0000000000000000000, -1.000000000000000000 ) ) ;
#5700 = ORIENTED_EDGE ( 'NONE', *, *, #4774, .F. ) ;
#5701 = ORIENTED_EDGE ( 'NONE', *, *, #2185, .F. ) ;
#5702 = ORIENTED_EDGE ( 'NONE', *, *, #6826, .T. ) ;
#5703 = PERSON_AND_ORGANIZATION ( #5861, #2205 ) ;
#5704 = DIRECTION ( 'NONE',  ( -1.000000000000000000, 8.000000000000000622E-15, 8.000000000000000622E-15 ) ) ;
#5705 = ADVANCED_FACE ( 'NONE', ( #756 ), #6211, .F. ) ;
#5706 = ORIENTED_EDGE ( 'NONE', *, *, #3077, .T. ) ;
#5707 = ORIENTED_EDGE ( 'NONE', *, *, #1716, .F. ) ;
#5708 = LINE ( 'NONE', #3048, #6790 ) ;
#5709 = ORIENTED_EDGE ( 'NONE', *, *, #1267, .F. ) ;
#5710 = AXIS2_PLACEMENT_3D ( 'NONE', #3161, #5222, #830 ) ;
#5711 = ORIENTED_EDGE ( 'NONE', *, *, #4098, .F. ) ;
#5712 = FACE_OUTER_BOUND ( 'NONE', #1785, .T. ) ;
#5713 = CIRCLE ( 'NONE', #180, 1.499999999999980460 ) ;
#5714 = CC_DESIGN_APPROVAL ( #1878, ( #3121 ) ) ;
#5715 = EDGE_CURVE ( 'NONE', #6254, #5049, #5651, .T. ) ;
#5716 = ORIENTED_EDGE ( 'NONE', *, *, #4635, .T. ) ;
#5717 = VECTOR ( 'NONE', #4967, 1000.000000000000000 ) ;
#5718 = LINE ( 'NONE', #6830, #5649 ) ;
#5719 = CIRCLE ( 'NONE', #4504, 1.099999999999989875 ) ;
#5720 = ORIENTED_EDGE ( 'NONE', *, *, #4340, .T. ) ;
#5721 = CARTESIAN_POINT ( 'NONE',  ( 41.01927400848762773, 42.84920164918522545, 32.22062160604244241 ) ) ;
#5722 = ORIENTED_EDGE ( 'NONE', *, *, #3763, .F. ) ;
#5723 = CARTESIAN_POINT ( 'NONE',  ( 46.72986384697404105, 46.10259148767076454, 37.74947806369628722 ) ) ;
#5724 = CARTESIAN_POINT ( 'NONE',  ( 45.02286377797747008, 48.80360732423427805, 31.57921685274973811 ) ) ;
#5725 = DIRECTION ( 'NONE',  ( -0.7745966692414789634, -0.4472135954999564844, -0.4472135954999668095 ) ) ;
#5726 = CARTESIAN_POINT ( 'NONE',  ( 42.47802013406861477, 41.96570328357044843, 37.52062160604316432 ) ) ;
#5727 = CARTESIAN_POINT ( 'NONE',  ( 42.25739498568951547, 42.17758296149001751, 37.52062160604316432 ) ) ;
#5728 = VERTEX_POINT ( 'NONE', #4777 ) ;
#5729 = DIRECTION ( 'NONE',  ( 1.000000000000000000, -1.027220243219866057E-14, 0.0000000000000000000 ) ) ;
#5730 = DIRECTION ( 'NONE',  ( -0.7071067811865312525, 5.656854249492295070E-15, 0.7071067811865638930 ) ) ;
#5731 = EDGE_CURVE ( 'NONE', #5018, #4363, #6499, .T. ) ;
#5732 = CARTESIAN_POINT ( 'NONE',  ( 46.16605090895094321, 50.40259148767076880, 38.19062160604259049 ) ) ;
#5733 = DIRECTION ( 'NONE',  ( -1.000000000000000000, 8.068481283613048695E-15, 8.000000000000000622E-15 ) ) ;
#5734 = LINE ( 'NONE', #1849, #5482 ) ;
#5735 = AXIS2_PLACEMENT_3D ( 'NONE', #344, #4285, #4127 ) ;
#5736 = CARTESIAN_POINT ( 'NONE',  ( 44.32286377797748855, 49.80360732423428516, 30.47062160604270531 ) ) ;
#5737 = CARTESIAN_POINT ( 'NONE',  ( 46.87967678499704505, 50.30259148767039079, 27.92765156762973788 ) ) ;
#5738 = CONICAL_SURFACE ( 'NONE', #4520, 0.6535898384970456609, 1.047197551251396019 ) ;
#5739 = ORIENTED_EDGE ( 'NONE', *, *, #579, .F. ) ;
#5740 = DIRECTION ( 'NONE',  ( 1.000000000000000000, -8.000000000000000622E-15, 4.611712367288014258E-17 ) ) ;
#5741 = ORIENTED_EDGE ( 'NONE', *, *, #4104, .T. ) ;
#5742 = CC_DESIGN_DATE_AND_TIME_ASSIGNMENT ( #5169, #2895, ( #5871 ) ) ;
#5743 = DIRECTION ( 'NONE',  ( 0.0000000000000000000, 0.0000000000000000000, 1.000000000000000000 ) ) ;
#5744 = LINE ( 'NONE', #387, #2353 ) ;
#5745 = CYLINDRICAL_SURFACE ( 'NONE', #389, 0.4567242605855170723 ) ;
#5746 = FACE_OUTER_BOUND ( 'NONE', #1762, .T. ) ;
#5747 = ORIENTED_EDGE ( 'NONE', *, *, #706, .T. ) ;
#5748 = CC_DESIGN_SECURITY_CLASSIFICATION ( #3121, ( #2508 ) ) ;
#5749 = CARTESIAN_POINT ( 'NONE',  ( 47.14155940185079174, 48.80360732423428516, 34.77062160604268826 ) ) ;
#5750 = CARTESIAN_POINT ( 'NONE',  ( 46.16605090895082952, 46.10259148767039505, 28.19062160604259759 ) ) ;
#5751 = DIRECTION ( 'NONE',  ( 0.0000000000000000000, 0.0000000000000000000, 1.000000000000000000 ) ) ;
#5752 = CARTESIAN_POINT ( 'NONE',  ( 40.46101733332380235, 45.99498967755207701, 32.37271442495748630 ) ) ;
#5753 = CARTESIAN_POINT ( 'NONE',  ( 43.37286384697351593, 40.96338730024851316, 34.03141741862072678 ) ) ;
#5754 = EDGE_LOOP ( 'NONE', ( #4784, #3987, #81, #6695 ) ) ;
#5755 = LINE ( 'NONE', #1090, #2815 ) ;
#5756 = ORIENTED_EDGE ( 'NONE', *, *, #4404, .F. ) ;
#5757 = VECTOR ( 'NONE', #6705, 1000.000000000000114 ) ;
#5758 = CIRCLE ( 'NONE', #3400, 1.099999999999996758 ) ;
#5759 = ORIENTED_EDGE ( 'NONE', *, *, #6122, .F. ) ;
#5760 = EDGE_CURVE ( 'NONE', #120, #2087, #6665, .T. ) ;
#5761 = CARTESIAN_POINT ( 'NONE',  ( 47.14155940185075622, 48.80360732423428516, 29.77062160604269181 ) ) ;
#5762 = AXIS2_PLACEMENT_3D ( 'NONE', #2247, #45, #3446 ) ;
#5763 = AXIS2_PLACEMENT_3D ( 'NONE', #354, #1076, #1856 ) ;
#5764 = ORIENTED_EDGE ( 'NONE', *, *, #6435, .F. ) ;
#5765 = CARTESIAN_POINT ( 'NONE',  ( 46.52156917055594931, 49.59649040585266278, 30.47062160604269110 ) ) ;
#5766 = ORIENTED_EDGE ( 'NONE', *, *, #3040, .T. ) ;
#5767 = CARTESIAN_POINT ( 'NONE',  ( 40.62286384697392094, 43.50279148767113924, 28.12062160604256533 ) ) ;
#5768 = CARTESIAN_POINT ( 'NONE',  ( 44.67286384697376178, 48.80360732420605530, 30.12062160604270389 ) ) ;
#5769 = CARTESIAN_POINT ( 'NONE',  ( 43.37286384697348041, 40.96338730024851316, 29.03141741862073388 ) ) ;
#5770 = EDGE_LOOP ( 'NONE', ( #5257, #6626, #4869, #2980 ) ) ;
#5771 = CARTESIAN_POINT ( 'NONE',  ( 40.76927400848770588, 39.80259148767058974, 31.22062160604233583 ) ) ;
#5772 = VERTEX_POINT ( 'NONE', #2928 ) ;
#5773 = EDGE_CURVE ( 'NONE', #3487, #6781, #4743, .T. ) ;
#5774 = CARTESIAN_POINT ( 'NONE',  ( 44.32286377797750276, 49.80360732423428516, 36.57921682946847142 ) ) ;
#5775 = ORIENTED_EDGE ( 'NONE', *, *, #3924, .T. ) ;
#5776 = CARTESIAN_POINT ( 'NONE',  ( 40.50323337924977807, 45.80032768387408026, 37.15738812471813191 ) ) ;
#5777 = AXIS2_PLACEMENT_3D ( 'NONE', #6013, #5612, #3615 ) ;
#5778 = CARTESIAN_POINT ( 'NONE',  ( 46.87967678499713742, 46.10259148767076454, 38.19062160604258338 ) ) ;
#5779 = PLANE ( 'NONE',  #1799 ) ;
#5780 = VERTEX_POINT ( 'NONE', #5726 ) ;
#5781 = CARTESIAN_POINT ( 'NONE',  ( 43.71206803439592647, 42.50259148767065653, 37.52062160604316432 ) ) ;
#5782 = CYLINDRICAL_SURFACE ( 'NONE', #2281, 0.2107958125779213487 ) ;
#5783 = ORIENTED_EDGE ( 'NONE', *, *, #2108, .T. ) ;
#5784 = CARTESIAN_POINT ( 'NONE',  ( 43.37286384697355857, 43.25259148767052864, 36.20982579346491548 ) ) ;
#5785 = EDGE_LOOP ( 'NONE', ( #5446, #3817, #2420, #1954, #4234, #4165, #783, #2836, #1388, #2346, #1217, #4119, #1383 ) ) ;
#5786 = DIRECTION ( 'NONE',  ( -0.0000000000000000000, -0.0000000000000000000, -1.000000000000000000 ) ) ;
#5787 = LINE ( 'NONE', #5958, #6490 ) ;
#5788 = ORIENTED_EDGE ( 'NONE', *, *, #1187, .T. ) ;
#5789 = ADVANCED_FACE ( 'NONE', ( #1927 ), #3758, .T. ) ;
#5790 = ORIENTED_EDGE ( 'NONE', *, *, #4589, .F. ) ;
#5791 = ADVANCED_FACE ( 'NONE', ( #3147 ), #3399, .F. ) ;
#5792 = ORIENTED_EDGE ( 'NONE', *, *, #4799, .T. ) ;
#5793 =( LENGTH_UNIT ( ) NAMED_UNIT ( * ) SI_UNIT ( .MILLI., .METRE. ) );
#5794 = DIRECTION ( 'NONE',  ( -0.0000000000000000000, -0.0000000000000000000, -1.000000000000000000 ) ) ;
#5795 = CARTESIAN_POINT ( 'NONE',  ( 45.81613488595724704, 39.00259148767057837, 34.26389264502552123 ) ) ;
#5796 = AXIS2_PLACEMENT_3D ( 'NONE', #2799, #4711, #5675 ) ;
#5797 = LINE ( 'NONE', #20, #406 ) ;
#5798 = ADVANCED_FACE ( 'NONE', ( #3350 ), #338, .T. ) ;
#5799 = EDGE_LOOP ( 'NONE', ( #6139, #5908, #2633, #5720 ) ) ;
#5800 = EDGE_CURVE ( 'NONE', #2625, #3194, #3263, .T. ) ;
#5801 = EDGE_CURVE ( 'NONE', #6227, #4952, #1591, .T. ) ;
#5802 = ORIENTED_EDGE ( 'NONE', *, *, #1306, .T. ) ;
#5803 = DIRECTION ( 'NONE',  ( -8.006416042969820279E-15, 2.668805347656606760E-15, -1.000000000000000000 ) ) ;
#5804 = LINE ( 'NONE', #5586, #4383 ) ;
#5805 = CYLINDRICAL_SURFACE ( 'NONE', #5254, 0.2283621302927932306 ) ;
#5806 = CIRCLE ( 'NONE', #3688, 0.2107958125779213487 ) ;
#5807 = CARTESIAN_POINT ( 'NONE',  ( 46.49635753103601843, 49.70601434352358439, 35.47062160604270531 ) ) ;
#5808 = VERTEX_POINT ( 'NONE', #1604 ) ;
#5809 = LINE ( 'NONE', #1015, #1637 ) ;
#5810 = ADVANCED_FACE ( 'NONE', ( #1392 ), #5084, .T. ) ;
#5811 = ORIENTED_EDGE ( 'NONE', *, *, #2101, .T. ) ;
#5812 = VERTEX_POINT ( 'NONE', #4764 ) ;
#5813 = LINE ( 'NONE', #5905, #3795 ) ;
#5814 = FACE_OUTER_BOUND ( 'NONE', #5582, .T. ) ;
#5815 = VECTOR ( 'NONE', #2655, 1000.000000000000000 ) ;
#5816 = ORIENTED_EDGE ( 'NONE', *, *, #4056, .F. ) ;
#5817 = EDGE_CURVE ( 'NONE', #5469, #2801, #5886, .T. ) ;
#5818 = CIRCLE ( 'NONE', #2012, 0.3000000000000085931 ) ;
#5819 = ADVANCED_FACE ( 'NONE', ( #1308 ), #2407, .F. ) ;
#5820 = EDGE_LOOP ( 'NONE', ( #2216, #4494, #5566, #5946, #769 ) ) ;
#5821 = LINE ( 'NONE', #5829, #1485 ) ;
#5822 = PLANE ( 'NONE',  #1879 ) ;
#5823 = ORIENTED_EDGE ( 'NONE', *, *, #438, .T. ) ;
#5824 = AXIS2_PLACEMENT_3D ( 'NONE', #4474, #550, #663 ) ;
#5825 = CARTESIAN_POINT ( 'NONE',  ( 44.67286384697392521, 39.00259148767057127, 35.12062160604230598 ) ) ;
#5826 = EDGE_LOOP ( 'NONE', ( #5251, #6215, #6867, #4357 ) ) ;
#5827 = ADVANCED_FACE ( 'NONE', ( #392 ), #3308, .F. ) ;
#5828 = EDGE_LOOP ( 'NONE', ( #1236, #5924, #1860, #227 ) ) ;
#5829 = CARTESIAN_POINT ( 'NONE',  ( 40.42286384697391810, 39.60259148767028847, 34.02062160604233298 ) ) ;
#5830 = LINE ( 'NONE', #1803, #6270 ) ;
#5831 = ORIENTED_EDGE ( 'NONE', *, *, #5425, .F. ) ;
#5832 = CARTESIAN_POINT ( 'NONE',  ( 40.46101733332376682, 46.07989443694170717, 27.92062160607411414 ) ) ;
#5833 = AXIS2_PLACEMENT_3D ( 'NONE', #439, #1914, #6137 ) ;
#5834 = EDGE_CURVE ( 'NONE', #676, #4091, #3816, .T. ) ;
#5835 = ORIENTED_EDGE ( 'NONE', *, *, #5911, .F. ) ;
#5836 = CARTESIAN_POINT ( 'NONE',  ( 44.32286396920081017, 48.80360732423427805, 34.77062160604268826 ) ) ;
#5837 = VERTEX_POINT ( 'NONE', #512 ) ;
#5838 = VECTOR ( 'NONE', #4224, 1000.000000000000000 ) ;
#5839 = CARTESIAN_POINT ( 'NONE',  ( 40.42286384697386126, 39.00259148767062101, 27.62062160604275007 ) ) ;
#5840 = EDGE_CURVE ( 'NONE', #3085, #4413, #6190, .T. ) ;
#5841 = DIRECTION ( 'NONE',  ( -8.000000000000000622E-15, 1.428984164737452193E-28, -1.000000000000000000 ) ) ;
#5842 = ADVANCED_FACE ( 'NONE', ( #1800 ), #1610, .T. ) ;
#5843 = DIRECTION ( 'NONE',  ( 0.0000000000000000000, 0.0000000000000000000, -1.000000000000000000 ) ) ;
#5844 = CARTESIAN_POINT ( 'NONE',  ( 47.14155940185079885, 49.80360732423428516, 34.77062160604268826 ) ) ;
#5845 = DIRECTION ( 'NONE',  ( -1.000000000000000000, 0.0000000000000000000, 0.0000000000000000000 ) ) ;
#5846 = DIRECTION ( 'NONE',  ( -0.7071067811865598962, 6.133173666733166414E-15, -0.7071067811865351382 ) ) ;
#5847 = VERTEX_POINT ( 'NONE', #2499 ) ;
#5848 = LINE ( 'NONE', #5113, #4690 ) ;
#5849 = DIRECTION ( 'NONE',  ( -1.000000000000000000, 0.0000000000000000000, 0.0000000000000000000 ) ) ;
#5850 = VECTOR ( 'NONE', #2749, 1000.000000000000000 ) ;
#5851 = DIRECTION ( 'NONE',  ( 0.0000000000000000000, 1.000000000000000000, 0.0000000000000000000 ) ) ;
#5852 = CARTESIAN_POINT ( 'NONE',  ( 46.16605090895094321, 46.10259148767076454, 37.92765156762960288 ) ) ;
#5853 = CARTESIAN_POINT ( 'NONE',  ( 40.67286384697398205, 43.75259148767043627, 37.12062160604304495 ) ) ;
#5854 = ADVANCED_FACE ( 'NONE', ( #5986 ), #503, .F. ) ;
#5855 = DIRECTION ( 'NONE',  ( -0.5000000000000113243, 4.000000000000146250E-15, 0.8660254037844321573 ) ) ;
#5856 = CARTESIAN_POINT ( 'NONE',  ( 46.31586384697403957, 46.10259148767076454, 37.74947806369629433 ) ) ;
#5857 = DIRECTION ( 'NONE',  ( -1.000000000000000000, 0.0000000000000000000, 0.0000000000000000000 ) ) ;
#5858 = EDGE_LOOP ( 'NONE', ( #5111, #2335, #6581, #397 ) ) ;
#5859 = CIRCLE ( 'NONE', #1105, 1.881544943241310275 ) ;
#5860 = CIRCLE ( 'NONE', #627, 0.2107958125779213487 ) ;
#5861 = PERSON ( 'UNSPECIFIED', 'UNSPECIFIED', 'UNSPECIFIED', ('UNSPECIFIED'), ('UNSPECIFIED'), ('UNSPECIFIED') ) ;
#5862 = AXIS2_PLACEMENT_3D ( 'NONE', #6171, #5786, #866 ) ;
#5863 = ORIENTED_EDGE ( 'NONE', *, *, #6627, .F. ) ;
#5864 = CARTESIAN_POINT ( 'NONE',  ( 46.16605090895094321, 46.10259148767076454, 38.19062160604259049 ) ) ;
#5865 = DIRECTION ( 'NONE',  ( -0.0000000000000000000, 1.000000000000000000, -0.0000000000000000000 ) ) ;
#5866 = CARTESIAN_POINT ( 'NONE',  ( 40.46101733332254469, 45.82470112935426698, 32.96349085145902080 ) ) ;
#5867 = FACE_OUTER_BOUND ( 'NONE', #3470, .T. ) ;
#5868 = ORIENTED_EDGE ( 'NONE', *, *, #709, .T. ) ;
#5869 = CARTESIAN_POINT ( 'NONE',  ( 42.36770755987890880, 41.22639938744485733, 37.62062160604307337 ) ) ;
#5870 = CARTESIAN_POINT ( 'NONE',  ( 46.72986384697395579, 50.30259148767039079, 27.74947806369628367 ) ) ;
#5871 = PRODUCT_DEFINITION ( 'UNKNOWN', '', #2508, #4829 ) ;
#5872 = ORIENTED_EDGE ( 'NONE', *, *, #451, .F. ) ;
#5873 = CARTESIAN_POINT ( 'NONE',  ( 42.36770755987890880, 41.22639938744485733, 37.62062160604307337 ) ) ;
#5874 = ORIENTED_EDGE ( 'NONE', *, *, #4035, .T. ) ;
#5875 = ORIENTED_EDGE ( 'NONE', *, *, #1049, .T. ) ;
#5876 = CIRCLE ( 'NONE', #4640, 1.895384768912773632 ) ;
#5877 = CARTESIAN_POINT ( 'NONE',  ( 43.03915336521937718, 49.80360732423429226, 35.47062160604272663 ) ) ;
#5878 = ORIENTED_EDGE ( 'NONE', *, *, #3394, .F. ) ;
#5879 = EDGE_LOOP ( 'NONE', ( #5, #2228, #6650, #1201, #3148 ) ) ;
#5880 = FACE_OUTER_BOUND ( 'NONE', #3316, .T. ) ;
#5881 = ORIENTED_EDGE ( 'NONE', *, *, #472, .T. ) ;
#5882 = CARTESIAN_POINT ( 'NONE',  ( 43.37286384697349462, 43.25259148767053574, 29.03141741862073744 ) ) ;
#5883 = DIRECTION ( 'NONE',  ( -1.000000000000000000, 0.0000000000000000000, 8.673617379884027583E-15 ) ) ;
#5884 = ORIENTED_EDGE ( 'NONE', *, *, #1407, .T. ) ;
#5885 = EDGE_CURVE ( 'NONE', #94, #2945, #1674, .T. ) ;
#5886 = LINE ( 'NONE', #1664, #2338 ) ;
#5887 = DIRECTION ( 'NONE',  ( 1.000000000000000000, 0.0000000000000000000, 0.0000000000000000000 ) ) ;
#5888 = EDGE_LOOP ( 'NONE', ( #112, #3916, #3904, #1586, #2113, #582, #2065, #5702 ) ) ;
#5889 = CARTESIAN_POINT ( 'NONE',  ( 45.02286392053758846, 48.80360732423427805, 34.77062160604268826 ) ) ;
#5890 = ORIENTED_EDGE ( 'NONE', *, *, #43, .F. ) ;
#5891 = DIRECTION ( 'NONE',  ( -8.000000000000000622E-15, 1.232595164407829988E-32, -1.000000000000000000 ) ) ;
#5892 = EDGE_CURVE ( 'NONE', #849, #5652, #4473, .T. ) ;
#5893 = DIRECTION ( 'NONE',  ( -8.000000000000000622E-15, -1.534706572270470003E-32, -1.000000000000000000 ) ) ;
#5894 = CARTESIAN_POINT ( 'NONE',  ( 39.90380395467475694, 45.10259148767045190, 32.95395493939037834 ) ) ;
#5895 = ORIENTED_EDGE ( 'NONE', *, *, #3064, .F. ) ;
#5896 = ORIENTED_EDGE ( 'NONE', *, *, #3797, .F. ) ;
#5897 = CARTESIAN_POINT ( 'NONE',  ( 45.02286377797747008, 48.80360732423427805, 31.57921685274973811 ) ) ;
#5898 = LINE ( 'NONE', #1976, #802 ) ;
#5899 = CARTESIAN_POINT ( 'NONE',  ( 48.67286384697386836, 48.35259148767057269, 27.62062160604267902 ) ) ;
#5900 = ORIENTED_EDGE ( 'NONE', *, *, #5177, .T. ) ;
#5901 = CARTESIAN_POINT ( 'NONE',  ( 47.14155940185075622, 48.80360732423428516, 29.77062160604269181 ) ) ;
#5902 = CARTESIAN_POINT ( 'NONE',  ( 48.11419409486568100, 46.55259148767054711, 36.22062160604216530 ) ) ;
#5903 = ORIENTED_EDGE ( 'NONE', *, *, #275, .F. ) ;
#5904 = EDGE_CURVE ( 'NONE', #953, #978, #3145, .T. ) ;
#5905 = CARTESIAN_POINT ( 'NONE',  ( 42.46605090895083379, 46.10259148767076454, 38.19062160604261891 ) ) ;
#5906 = AXIS2_PLACEMENT_3D ( 'NONE', #1890, #4925, #2603 ) ;
#5907 = CYLINDRICAL_SURFACE ( 'NONE', #250, 1.000000000000000888 ) ;
#5908 = ORIENTED_EDGE ( 'NONE', *, *, #231, .F. ) ;
#5909 = LINE ( 'NONE', #5889, #909 ) ;
#5910 = DIRECTION ( 'NONE',  ( -1.000000000000000000, 0.0000000000000000000, 6.938893903907222067E-15 ) ) ;
#5911 = EDGE_CURVE ( 'NONE', #4073, #4746, #3966, .T. ) ;
#5912 = ORIENTED_EDGE ( 'NONE', *, *, #892, .T. ) ;
#5913 = ORIENTED_EDGE ( 'NONE', *, *, #6442, .T. ) ;
#5914 = CARTESIAN_POINT ( 'NONE',  ( 38.22708451521037887, 39.00259148767057837, 29.02062160604235785 ) ) ;
#5915 = DIRECTION ( 'NONE',  ( 1.000000000000000000, 0.0000000000000000000, -0.0000000000000000000 ) ) ;
#5916 = EDGE_CURVE ( 'NONE', #908, #4216, #2917, .T. ) ;
#5917 = CARTESIAN_POINT ( 'NONE',  ( 41.13365965955188841, 42.50259148767067785, 37.52062160604316432 ) ) ;
#5918 = EDGE_CURVE ( 'NONE', #2923, #4702, #6523, .T. ) ;
#5919 = AXIS2_PLACEMENT_3D ( 'NONE', #3467, #1905, #6502 ) ;
#5920 = ORIENTED_EDGE ( 'NONE', *, *, #992, .F. ) ;
#5921 = CARTESIAN_POINT ( 'NONE',  ( 39.67286384697385415, 43.50279148767114634, 32.82062160604258594 ) ) ;
#5922 = CARTESIAN_POINT ( 'NONE',  ( 40.67286384685593958, 42.75279148755306124, 37.17628403881379739 ) ) ;
#5923 = ORIENTED_EDGE ( 'NONE', *, *, #3830, .T. ) ;
#5924 = ORIENTED_EDGE ( 'NONE', *, *, #4347, .F. ) ;
#5925 = EDGE_CURVE ( 'NONE', #2331, #1625, #4884, .T. ) ;
#5926 = CARTESIAN_POINT ( 'NONE',  ( 46.87967678499705926, 50.40259148767039221, 27.92765156762978762 ) ) ;
#5927 = CARTESIAN_POINT ( 'NONE',  ( 46.16605090895082952, 46.10259148767039505, 27.92765156762979473 ) ) ;
#5928 = EDGE_CURVE ( 'NONE', #5780, #1666, #419, .T. ) ;
#5929 = ORIENTED_EDGE ( 'NONE', *, *, #5654, .T. ) ;
#5930 = LINE ( 'NONE', #5349, #316 ) ;
#5931 = DIRECTION ( 'NONE',  ( 1.000000000000000000, -1.387778780781444413E-14, 0.0000000000000000000 ) ) ;
#5932 = AXIS2_PLACEMENT_3D ( 'NONE', #256, #649, #1130 ) ;
#5933 = EDGE_CURVE ( 'NONE', #4668, #5119, #4644, .T. ) ;
#5934 = VECTOR ( 'NONE', #3958, 1000.000000000000000 ) ;
#5935 = ORIENTED_EDGE ( 'NONE', *, *, #6260, .T. ) ;
#5936 = ADVANCED_FACE ( 'NONE', ( #2645 ), #4628, .F. ) ;
#5937 = CARTESIAN_POINT ( 'NONE',  ( 42.37286384697347330, 39.80259148767055422, 28.12062160604222782 ) ) ;
#5938 = EDGE_CURVE ( 'NONE', #5772, #667, #4472, .T. ) ;
#5939 = CARTESIAN_POINT ( 'NONE',  ( 44.96206803439550725, 35.50259148767061390, 30.12062160604262573 ) ) ;
#5940 = EDGE_CURVE ( 'NONE', #4318, #6652, #5496, .T. ) ;
#5941 = DIRECTION ( 'NONE',  ( -1.000000000000000000, 0.0000000000000000000, 0.0000000000000000000 ) ) ;
#5942 = LINE ( 'NONE', #6544, #6218 ) ;
#5943 = AXIS2_PLACEMENT_3D ( 'NONE', #5573, #6871, #4568 ) ;
#5944 = CARTESIAN_POINT ( 'NONE',  ( 41.13365965955188841, 39.50259148767043627, 37.62062160604307337 ) ) ;
#5945 = DIRECTION ( 'NONE',  ( -8.000000000000000622E-15, -1.000000000000000000, 1.232595164407832041E-32 ) ) ;
#5946 = ORIENTED_EDGE ( 'NONE', *, *, #6613, .F. ) ;
#5947 =( BOUNDED_CURVE ( )  B_SPLINE_CURVE ( 3, ( #644, #2322, #4444, #5386 ),
 .UNSPECIFIED., .F., .F. ) 
 B_SPLINE_CURVE_WITH_KNOTS ( ( 4, 4 ),
 ( 5.497787143782117525, 6.283185307179585344 ),
 .UNSPECIFIED. ) 
 CURVE ( )  GEOMETRIC_REPRESENTATION_ITEM ( )  RATIONAL_B_SPLINE_CURVE ( ( 1.000000000000000000, 0.9492530216741885685, 0.9492530216741885685, 1.000000000000000000 ) ) 
 REPRESENTATION_ITEM ( '' )  );
#5948 = AXIS2_PLACEMENT_3D ( 'NONE', #1945, #4088, #2530 ) ;
#5949 = LINE ( 'NONE', #4308, #2021 ) ;
#5950 = CARTESIAN_POINT ( 'NONE',  ( 42.70021781508169312, 40.27660826606181388, 37.52062160604316432 ) ) ;
#5951 = CARTESIAN_POINT ( 'NONE',  ( 44.67286384697375468, 49.59649040585271251, 30.12062160604270389 ) ) ;
#5952 = ORIENTED_EDGE ( 'NONE', *, *, #4800, .T. ) ;
#5953 = EDGE_LOOP ( 'NONE', ( #2459, #5691, #5435, #6083 ) ) ;
#5954 = EDGE_CURVE ( 'NONE', #1419, #774, #3746, .T. ) ;
#5955 = PLANE ( 'NONE',  #3528 ) ;
#5956 = DIRECTION ( 'NONE',  ( 0.0000000000000000000, 0.0000000000000000000, 1.000000000000000000 ) ) ;
#5957 = ORIENTED_EDGE ( 'NONE', *, *, #3872, .T. ) ;
#5958 = CARTESIAN_POINT ( 'NONE',  ( 40.42286384697392521, 42.53454565111925945, 32.22062160604274084 ) ) ;
#5959 = CARTESIAN_POINT ( 'NONE',  ( 45.77286384697388399, 51.43259388767070561, 30.12062160604228822 ) ) ;
#5960 = LINE ( 'NONE', #5967, #6842 ) ;
#5961 = FACE_OUTER_BOUND ( 'NONE', #4166, .T. ) ;
#5962 = EDGE_LOOP ( 'NONE', ( #4226, #5034, #5920, #3072 ) ) ;
#5963 = DIRECTION ( 'NONE',  ( 1.000000000000000000, 0.0000000000000000000, -7.321884208120444821E-15 ) ) ;
#5964 = DIRECTION ( 'NONE',  ( -8.000000000000000622E-15, 0.0000000000000000000, -1.000000000000000000 ) ) ;
#5965 = DIRECTION ( 'NONE',  ( 1.000000000000000000, -1.387778780781425323E-14, 0.0000000000000000000 ) ) ;
#5966 = CARTESIAN_POINT ( 'NONE',  ( 44.67286384697388968, 51.43259388767070561, 30.12062160604229888 ) ) ;
#5967 = CARTESIAN_POINT ( 'NONE',  ( 47.14155940185076332, 49.80360732423428516, 29.77062160604269181 ) ) ;
#5968 = ADVANCED_FACE ( 'NONE', ( #2988 ), #997, .T. ) ;
#5969 = ORIENTED_EDGE ( 'NONE', *, *, #4841, .T. ) ;
#5970 = DIRECTION ( 'NONE',  ( 1.000000000000000000, -0.0000000000000000000, -8.000544671205034319E-15 ) ) ;
#5971 = VERTEX_POINT ( 'NONE', #5736 ) ;
#5972 = ORIENTED_EDGE ( 'NONE', *, *, #5996, .F. ) ;
#5973 = ORIENTED_EDGE ( 'NONE', *, *, #5885, .F. ) ;
#5974 = EDGE_CURVE ( 'NONE', #83, #3254, #4780, .T. ) ;
#5975 = DIRECTION ( 'NONE',  ( 8.000000000000000622E-15, 1.000000000000000000, 0.0000000000000000000 ) ) ;
#5976 = VECTOR ( 'NONE', #2207, 1000.000000000000000 ) ;
#5977 = CARTESIAN_POINT ( 'NONE',  ( 42.37286384697352304, 43.25259148767053574, 31.42062160604284315 ) ) ;
#5978 = ORIENTED_EDGE ( 'NONE', *, *, #4853, .T. ) ;
#5979 = DIRECTION ( 'NONE',  ( 1.129587379705846507E-14, 1.000000000000000000, -0.0000000000000000000 ) ) ;
#5980 = EDGE_CURVE ( 'NONE', #5185, #6230, #2017, .T. ) ;
#5981 = ORIENTED_EDGE ( 'NONE', *, *, #5077, .F. ) ;
#5982 = CARTESIAN_POINT ( 'NONE',  ( 42.25739498568910335, 40.64118792820679005, 37.62062160604307337 ) ) ;
#5983 = ORIENTED_EDGE ( 'NONE', *, *, #5646, .T. ) ;
#5984 = DIRECTION ( 'NONE',  ( -0.6435627400803137776, 0.0000000000000000000, -0.7653933626445413863 ) ) ;
#5985 = CARTESIAN_POINT ( 'NONE',  ( 44.67286384697393231, 39.80259148767053290, 36.22062160604230030 ) ) ;
#5986 = FACE_OUTER_BOUND ( 'NONE', #6711, .T. ) ;
#5987 = AXIS2_PLACEMENT_3D ( 'NONE', #6382, #5375, #4153 ) ;
#5988 = LINE ( 'NONE', #1144, #855 ) ;
#5989 = FACE_OUTER_BOUND ( 'NONE', #1941, .T. ) ;
#5990 = ORIENTED_EDGE ( 'NONE', *, *, #1457, .F. ) ;
#5991 = CARTESIAN_POINT ( 'NONE',  ( 43.17967678499702799, 46.10259148767041637, 28.19062160604261891 ) ) ;
#5992 = DIRECTION ( 'NONE',  ( 1.224646799147353207E-16, -1.383345568914015295E-30, 1.000000000000000000 ) ) ;
#5993 = LINE ( 'NONE', #4874, #1725 ) ;
#5994 = CARTESIAN_POINT ( 'NONE',  ( 43.37286384697349462, 43.25259148767053574, 29.03141741862073744 ) ) ;
#5995 = ORIENTED_EDGE ( 'NONE', *, *, #241, .F. ) ;
#5996 = EDGE_CURVE ( 'NONE', #5728, #2434, #4101, .T. ) ;
#5997 = DIRECTION ( 'NONE',  ( -6.259177045924962895E-15, 0.0000000000000000000, 1.000000000000000000 ) ) ;
#5998 = ORIENTED_EDGE ( 'NONE', *, *, #5065, .F. ) ;
#5999 = AXIS2_PLACEMENT_3D ( 'NONE', #5285, #5893, #3473 ) ;
#6000 = B_SPLINE_CURVE_WITH_KNOTS ( 'NONE', 3,
 ( #6279, #4508, #1389, #4920 ),
 .UNSPECIFIED., .F., .F.,
 ( 4, 4 ),
 ( 0.0000000000000000000, 0.0001583415178194790484 ),
 .UNSPECIFIED. ) ;
#6001 = ORIENTED_EDGE ( 'NONE', *, *, #579, .T. ) ;
#6002 = CARTESIAN_POINT ( 'NONE',  ( 40.62286384697388542, 39.80259148767057553, 28.12062160604256178 ) ) ;
#6003 = ORIENTED_EDGE ( 'NONE', *, *, #2090, .F. ) ;
#6004 = VECTOR ( 'NONE', #2224, 1000.000000000000000 ) ;
#6005 = ORIENTED_EDGE ( 'NONE', *, *, #5904, .F. ) ;
#6006 = CARTESIAN_POINT ( 'NONE',  ( 40.76927400848830274, 44.70759388767083919, 33.02062160604303642 ) ) ;
#6007 = VECTOR ( 'NONE', #6846, 1000.000000000000000 ) ;
#6008 = VERTEX_POINT ( 'NONE', #87 ) ;
#6009 = ADVANCED_FACE ( 'NONE', ( #719 ), #2948, .F. ) ;
#6010 = EDGE_CURVE ( 'NONE', #2219, #4421, #2694, .T. ) ;
#6011 = ORIENTED_EDGE ( 'NONE', *, *, #5158, .T. ) ;
#6012 = DIRECTION ( 'NONE',  ( -0.7071067811865475727, 5.656854249492426020E-15, 0.7071067811865475727 ) ) ;
#6013 = CARTESIAN_POINT ( 'NONE',  ( 40.42286384697397494, 42.53454565111925945, 37.30228833122836818 ) ) ;
#6014 = CARTESIAN_POINT ( 'NONE',  ( 42.82514699698300831, 49.65213163275103625, 34.77062160604268826 ) ) ;
#6015 = VECTOR ( 'NONE', #567, 1000.000000000000000 ) ;
#6016 = DIRECTION ( 'NONE',  ( -8.000000000000000622E-15, -1.000000000000000000, 1.232595164407829988E-32 ) ) ;
#6017 = EDGE_CURVE ( 'NONE', #2625, #162, #1098, .T. ) ;
#6018 = LINE ( 'NONE', #1293, #2683 ) ;
#6019 = EDGE_CURVE ( 'NONE', #1048, #6254, #6659, .T. ) ;
#6020 = ORIENTED_EDGE ( 'NONE', *, *, #5297, .F. ) ;
#6021 = EDGE_LOOP ( 'NONE', ( #6305, #6073, #6412, #5408 ) ) ;
#6022 = VECTOR ( 'NONE', #200, 1000.000000000000000 ) ;
#6023 = EDGE_CURVE ( 'NONE', #1186, #584, #6156, .T. ) ;
#6024 = VERTEX_POINT ( 'NONE', #4090 ) ;
#6025 = ADVANCED_FACE ( 'NONE', ( #1215 ), #6723, .T. ) ;
#6026 = VERTEX_POINT ( 'NONE', #672 ) ;
#6027 = DIRECTION ( 'NONE',  ( 0.0000000000000000000, 1.000000000000000000, 0.0000000000000000000 ) ) ;
#6029 = ORIENTED_EDGE ( 'NONE', *, *, #6274, .T. ) ;
#6028 = AXIS2_PLACEMENT_3D ( 'NONE', #2846, #4028, #5437 ) ;
#6030 = EDGE_LOOP ( 'NONE', ( #6484, #826, #2762, #5313, #4599 ) ) ;
#6031 = CARTESIAN_POINT ( 'NONE',  ( 44.67286384697342783, 35.71338730024852737, 30.12062160604262573 ) ) ;
#6032 = CARTESIAN_POINT ( 'NONE',  ( 40.67286384697388257, 43.50279148767113924, 37.62062160604307337 ) ) ;
#6033 = LINE ( 'NONE', #701, #202 ) ;
#6034 = EDGE_LOOP ( 'NONE', ( #5479, #3874, #4115, #6622 ) ) ;
#6035 = CARTESIAN_POINT ( 'NONE',  ( 46.52156917055650354, 49.59649040585271962, 34.77062160604268826 ) ) ;
#6036 = DIRECTION ( 'NONE',  ( 1.000000000000000000, 8.817841970012501240E-16, -8.000000000000000622E-15 ) ) ;
#6037 = DIRECTION ( 'NONE',  ( 8.000000000000000622E-15, -6.401232595164408364E-29, 1.000000000000000000 ) ) ;
#6038 = DIRECTION ( 'NONE',  ( -8.000000000000000622E-15, -0.0000000000000000000, -1.000000000000000000 ) ) ;
#6039 = PLANE ( 'NONE',  #4330 ) ;
#6040 = DIRECTION ( 'NONE',  ( 0.0000000000000000000, 0.0000000000000000000, -1.000000000000000000 ) ) ;
#6041 = ADVANCED_FACE ( 'NONE', ( #1417 ), #1624, .T. ) ;
#6042 = EDGE_CURVE ( 'NONE', #2059, #726, #4763, .T. ) ;
#6043 = LINE ( 'NONE', #2155, #4181 ) ;
#6044 = CARTESIAN_POINT ( 'NONE',  ( 40.92286384697396784, 39.71338730024835684, 37.62062160604307337 ) ) ;
#6045 = CARTESIAN_POINT ( 'NONE',  ( 43.37286384697349462, 40.75259148767058548, 31.42062160604281473 ) ) ;
#6046 = DIRECTION ( 'NONE',  ( 8.000000000000000622E-15, 0.0000000000000000000, 1.000000000000000000 ) ) ;
#6047 = CARTESIAN_POINT ( 'NONE',  ( 44.67286382648887866, 48.80360732423427805, 35.12062162652762964 ) ) ;
#6048 = AXIS2_PLACEMENT_3D ( 'NONE', #2054, #4553, #5845 ) ;
#6049 = CYLINDRICAL_SURFACE ( 'NONE', #5247, 1.000000000000000888 ) ;
#6050 = VECTOR ( 'NONE', #6038, 1000.000000000000000 ) ;
#6051 = CARTESIAN_POINT ( 'NONE',  ( 42.37286384697353014, 40.75259148767059258, 34.03141741862073388 ) ) ;
#6052 = CARTESIAN_POINT ( 'NONE',  ( 42.98355641368193147, 49.80360732423507386, 35.47062160604272663 ) ) ;
#6053 = CARTESIAN_POINT ( 'NONE',  ( 40.46101733332380235, 45.82470112935353512, 32.27775236062585407 ) ) ;
#6054 = DIRECTION ( 'NONE',  ( 1.000000000000000000, 0.0000000000000000000, 0.0000000000000000000 ) ) ;
#6055 = DIRECTION ( 'NONE',  ( -8.673617379883486425E-15, -1.000000000000000000, 6.940126499071197463E-29 ) ) ;
#6056 = ORIENTED_EDGE ( 'NONE', *, *, #3519, .F. ) ;
#6057 = DIRECTION ( 'NONE',  ( 1.000000000000000000, -0.0000000000000000000, -8.000544671205034319E-15 ) ) ;
#6058 = DIRECTION ( 'NONE',  ( 8.068481283613061316E-15, 1.000000000000000000, 0.0000000000000000000 ) ) ;
#6059 = DIRECTION ( 'NONE',  ( 1.129587379705850136E-14, 1.000000000000000000, -0.0000000000000000000 ) ) ;
#6060 = ORIENTED_EDGE ( 'NONE', *, *, #2199, .T. ) ;
#6061 = VERTEX_POINT ( 'NONE', #3389 ) ;
#6062 = CARTESIAN_POINT ( 'NONE',  ( 42.46605090895094037, 50.40259148767076880, 37.92765156762963130 ) ) ;
#6063 = AXIS2_PLACEMENT_3D ( 'NONE', #4814, #2898, #2677 ) ;
#6064 = CYLINDRICAL_SURFACE ( 'NONE', #4603, 0.2107958125779213487 ) ;
#6065 = DIRECTION ( 'NONE',  ( 0.8660254037844358210, -6.928203230275487049E-15, -0.5000000000000049960 ) ) ;
#6066 = LINE ( 'NONE', #2831, #6321 ) ;
#6067 = CARTESIAN_POINT ( 'NONE',  ( 39.67286384697380441, 43.50279148767114634, 27.62062160604275718 ) ) ;
#6068 = ORIENTED_EDGE ( 'NONE', *, *, #6678, .F. ) ;
#6069 = DIRECTION ( 'NONE',  ( -0.0000000000000000000, -0.0000000000000000000, -1.000000000000000000 ) ) ;
#6070 = CIRCLE ( 'NONE', #4847, 0.2107958125779213487 ) ;
#6071 = DIRECTION ( 'NONE',  ( -8.000000000000000622E-15, -1.000000000000000000, 0.0000000000000000000 ) ) ;
#6072 = EDGE_CURVE ( 'NONE', #6311, #741, #5744, .T. ) ;
#6073 = ORIENTED_EDGE ( 'NONE', *, *, #481, .F. ) ;
#6074 = LINE ( 'NONE', #734, #1260 ) ;
#6075 = VERTEX_POINT ( 'NONE', #784 ) ;
#6076 = DIRECTION ( 'NONE',  ( 0.0000000000000000000, 0.0000000000000000000, -1.000000000000000000 ) ) ;
#6077 = CONICAL_SURFACE ( 'NONE', #4855, 1.898893513387879484, 0.01745329251974434698 ) ;
#6078 = CARTESIAN_POINT ( 'NONE',  ( 40.42286384697389678, 39.00279148767106108, 32.42062160604245946 ) ) ;
#6079 = ADVANCED_FACE ( 'NONE', ( #3984 ), #5400, .F. ) ;
#6080 = CIRCLE ( 'NONE', #2264, 0.4567242605855170723 ) ;
#6081 = ORIENTED_EDGE ( 'NONE', *, *, #697, .T. ) ;
#6082 = DIRECTION ( 'NONE',  ( 9.723433716209642107E-15, -0.0000000000000000000, 1.000000000000000000 ) ) ;
#6083 = ORIENTED_EDGE ( 'NONE', *, *, #715, .F. ) ;
#6084 = ADVANCED_FACE ( 'NONE', ( #2587 ), #3666, .F. ) ;
#6085 = ORIENTED_EDGE ( 'NONE', *, *, #4510, .F. ) ;
#6086 = ORIENTED_EDGE ( 'NONE', *, *, #2934, .F. ) ;
#6087 = EDGE_LOOP ( 'NONE', ( #4995, #4360, #5706, #781 ) ) ;
#6088 = CARTESIAN_POINT ( 'NONE',  ( 42.61586384697404384, 46.10259148767076454, 37.74947806369632275 ) ) ;
#6090 = DIRECTION ( 'NONE',  ( 2.371197341355120291E-16, -1.000000000000000000, 1.370316553096936154E-15 ) ) ;
#6089 = AXIS2_PLACEMENT_3D ( 'NONE', #5869, #3983, #5915 ) ;
#6091 = AXIS2_PLACEMENT_3D ( 'NONE', #3403, #6247, #1155 ) ;
#6092 = ORIENTED_EDGE ( 'NONE', *, *, #2378, .T. ) ;
#6093 = CARTESIAN_POINT ( 'NONE',  ( 45.02286377797751271, 48.80360732423427805, 36.57921685274974521 ) ) ;
#6094 = EDGE_CURVE ( 'NONE', #1227, #681, #4315, .T. ) ;
#6095 = DIRECTION ( 'NONE',  ( -2.298141435449797094E-16, 1.000000000000000000, 6.123233995743353024E-17 ) ) ;
#6096 = VECTOR ( 'NONE', #5051, 1000.000000000000000 ) ;
#6097 = ORIENTED_EDGE ( 'NONE', *, *, #6415, .F. ) ;
#6098 = CIRCLE ( 'NONE', #6767, 0.5000000000000073275 ) ;
#6099 = FACE_OUTER_BOUND ( 'NONE', #5536, .T. ) ;
#6100 = ORIENTED_EDGE ( 'NONE', *, *, #4560, .T. ) ;
#6101 = PLANE ( 'NONE',  #1325 ) ;
#6102 = ADVANCED_FACE ( 'NONE', ( #4246 ), #2321, .F. ) ;
#6103 = ORIENTED_EDGE ( 'NONE', *, *, #4575, .F. ) ;
#6104 = EDGE_CURVE ( 'NONE', #3141, #4746, #3921, .T. ) ;
#6105 = CARTESIAN_POINT ( 'NONE',  ( 48.46206803439573463, 48.14179567509265212, -3.821534319182032580E-13 ) ) ;
#6106 = CARTESIAN_POINT ( 'NONE',  ( 43.02986384697392452, 46.10259148767041637, 27.74947806369631564 ) ) ;
#6107 = ORIENTED_EDGE ( 'NONE', *, *, #2613, .F. ) ;
#6108 = DIRECTION ( 'NONE',  ( 1.129587379705850136E-14, 1.000000000000000000, -0.0000000000000000000 ) ) ;
#6109 = DIRECTION ( 'NONE',  ( -1.691914632811590462E-15, -1.000000000000000000, -5.045235698586320787E-29 ) ) ;
#6110 = ORIENTED_EDGE ( 'NONE', *, *, #4718, .F. ) ;
#6111 = VERTEX_POINT ( 'NONE', #888 ) ;
#6112 = DIRECTION ( 'NONE',  ( 0.8660254037844391517, 0.4999999999999992228, -6.928203230275513871E-15 ) ) ;
#6113 = DIRECTION ( 'NONE',  ( -8.007031968508079345E-15, -1.000000000000000000, -0.0000000000000000000 ) ) ;
#6114 = LINE ( 'NONE', #3124, #204 ) ;
#6115 = LINE ( 'NONE', #771, #1035 ) ;
#6116 = ORIENTED_EDGE ( 'NONE', *, *, #2109, .F. ) ;
#6117 = VECTOR ( 'NONE', #2904, 1000.000000000000000 ) ;
#6118 = VECTOR ( 'NONE', #675, 1000.000000000000227 ) ;
#6119 = VERTEX_POINT ( 'NONE', #956 ) ;
#6120 = CARTESIAN_POINT ( 'NONE',  ( 40.76927400848773431, 39.80259148767057553, 37.12062160604304495 ) ) ;
#6121 = PLANE ( 'NONE',  #5478 ) ;
#6122 = EDGE_CURVE ( 'NONE', #162, #1068, #2073, .T. ) ;
#6123 = CARTESIAN_POINT ( 'NONE',  ( 41.91098329929339172, 41.22639938744485733, 37.62062160604307337 ) ) ;
#6124 = EDGE_CURVE ( 'NONE', #953, #1754, #691, .T. ) ;
#6125 = VECTOR ( 'NONE', #477, 1000.000000000000000 ) ;
#6126 = ORIENTED_EDGE ( 'NONE', *, *, #1428, .F. ) ;
#6127 = CARTESIAN_POINT ( 'NONE',  ( 48.67286384697396784, 42.00259148767001705, 37.62062160604307337 ) ) ;
#6128 = EDGE_LOOP ( 'NONE', ( #159, #2093, #6278, #2797 ) ) ;
#6129 = VECTOR ( 'NONE', #3739, 1000.000000000000000 ) ;
#6130 = AXIS2_PLACEMENT_3D ( 'NONE', #2832, #4665, #6016 ) ;
#6131 = VECTOR ( 'NONE', #6757, 1000.000000000000000 ) ;
#6132 = CARTESIAN_POINT ( 'NONE',  ( 42.37286384697355857, 45.50239148767072805, 33.02062160604302221 ) ) ;
#6133 = AXIS2_PLACEMENT_3D ( 'NONE', #2267, #6012, #3075 ) ;
#6134 = ORIENTED_EDGE ( 'NONE', *, *, #3870, .F. ) ;
#6135 = DIRECTION ( 'NONE',  ( 8.000000000000000622E-15, 1.000000000000000000, -1.232595164407829988E-32 ) ) ;
#6136 = ORIENTED_EDGE ( 'NONE', *, *, #4390, .T. ) ;
#6137 = DIRECTION ( 'NONE',  ( -6.308085367188447236E-15, 0.0000000000000000000, -1.000000000000000000 ) ) ;
#6138 = EDGE_CURVE ( 'NONE', #3724, #1027, #2813, .T. ) ;
#6139 = ORIENTED_EDGE ( 'NONE', *, *, #6736, .F. ) ;
#6140 = VECTOR ( 'NONE', #300, 1000.000000000000000 ) ;
#6141 = VERTEX_POINT ( 'NONE', #2094 ) ;
#6142 = ORIENTED_EDGE ( 'NONE', *, *, #2070, .F. ) ;
#6143 = DIRECTION ( 'NONE',  ( -1.110223024625177997E-14, -1.000000000000000000, 0.0000000000000000000 ) ) ;
#6144 = CARTESIAN_POINT ( 'NONE',  ( 44.67286384697381152, 49.80360732423428516, 35.12062160604270389 ) ) ;
#6145 = DIRECTION ( 'NONE',  ( -1.000000000000000000, -2.298141435449797094E-16, 0.0000000000000000000 ) ) ;
#6146 = CARTESIAN_POINT ( 'NONE',  ( 48.51938314584525358, 44.35259148767056558, 35.12062160604217809 ) ) ;
#6147 = ORIENTED_EDGE ( 'NONE', *, *, #260, .F. ) ;
#6148 = CARTESIAN_POINT ( 'NONE',  ( 40.62286384697388542, 39.80259148767056843, 28.12062160604256533 ) ) ;
#6149 = FACE_OUTER_BOUND ( 'NONE', #958, .T. ) ;
#6150 = DIRECTION ( 'NONE',  ( 9.723433716208223735E-15, -0.0000000000000000000, 1.000000000000000000 ) ) ;
#6151 = EDGE_CURVE ( 'NONE', #2805, #3986, #1897, .T. ) ;
#6152 = CARTESIAN_POINT ( 'NONE',  ( 41.13365965955188841, 42.50259148767067785, 37.52062160604316432 ) ) ;
#6153 = LINE ( 'NONE', #393, #3373 ) ;
#6154 = CARTESIAN_POINT ( 'NONE',  ( 39.77571426799821097, 42.98572750427366884, 32.88000232430727721 ) ) ;
#6155 = VECTOR ( 'NONE', #3321, 1000.000000000000000 ) ;
#6156 = LINE ( 'NONE', #5544, #2942 ) ;
#6157 = DIRECTION ( 'NONE',  ( -0.0000000000000000000, -0.0000000000000000000, 1.000000000000000000 ) ) ;
#6158 = CARTESIAN_POINT ( 'NONE',  ( 44.67286384697347756, 39.80259148767053290, 30.12062160604262573 ) ) ;
#6159 = ORIENTED_EDGE ( 'NONE', *, *, #5834, .T. ) ;
#6160 = ORIENTED_EDGE ( 'NONE', *, *, #402, .F. ) ;
#6161 =( BOUNDED_CURVE ( )  B_SPLINE_CURVE ( 3, ( #4267, #918, #6467, #3922 ),
 .UNSPECIFIED., .F., .F. ) 
 B_SPLINE_CURVE_WITH_KNOTS ( ( 4, 4 ),
 ( 0.2264082973726202486, 0.7853981633974288501 ),
 .UNSPECIFIED. ) 
 CURVE ( )  GEOMETRIC_REPRESENTATION_ITEM ( )  RATIONAL_B_SPLINE_CURVE ( ( 1.000000000000000000, 0.9741299292271130561, 0.9741299292271130561, 1.000000000000000000 ) ) 
 REPRESENTATION_ITEM ( '' )  );
#6162 = PLANE ( 'NONE',  #4118 ) ;
#6163 = DIRECTION ( 'NONE',  ( -8.000000000000000622E-15, -1.534706572270469730E-32, -1.000000000000000000 ) ) ;
#6164 = EDGE_LOOP ( 'NONE', ( #560, #6801, #6020, #5896, #2405 ) ) ;
#6165 = CARTESIAN_POINT ( 'NONE',  ( 44.32286396920080307, 48.80360732423427805, 33.66202636213203192 ) ) ;
#6166 = EDGE_LOOP ( 'NONE', ( #90, #984, #5875, #543 ) ) ;
#6167 = CARTESIAN_POINT ( 'NONE',  ( 41.47537763055913018, 42.17758296149003172, 37.52062160604316432 ) ) ;
#6168 = CARTESIAN_POINT ( 'NONE',  ( 46.53565299828039059, 48.80360732422014536, 34.77062160604268826 ) ) ;
#6169 = VERTEX_POINT ( 'NONE', #4428 ) ;
#6170 = CARTESIAN_POINT ( 'NONE',  ( 40.01927400848835248, 45.10259148767045190, 33.02062160604304353 ) ) ;
#6171 = CARTESIAN_POINT ( 'NONE',  ( 41.13365965955188841, 39.71338730024835684, 37.62062160604307337 ) ) ;
#6172 = DIRECTION ( 'NONE',  ( -1.000000000000000000, -8.817841970012501240E-16, 8.000000000000000622E-15 ) ) ;
#6173 = ORIENTED_EDGE ( 'NONE', *, *, #3279, .F. ) ;
#6174 = EDGE_CURVE ( 'NONE', #3677, #4606, #3080, .T. ) ;
#6175 = AXIS2_PLACEMENT_3D ( 'NONE', #2119, #455, #2947 ) ;
#6176 = EDGE_CURVE ( 'NONE', #5420, #2991, #1600, .T. ) ;
#6177 = VECTOR ( 'NONE', #6234, 1000.000000000000227 ) ;
#6178 = VECTOR ( 'NONE', #3715, 1000.000000000000000 ) ;
#6179 = DIRECTION ( 'NONE',  ( 1.000000000000000000, 2.298141435449797094E-16, -8.000000000000000622E-15 ) ) ;
#6180 = LINE ( 'NONE', #2164, #4365 ) ;
#6181 = ORIENTED_EDGE ( 'NONE', *, *, #2751, .F. ) ;
#6182 = DIRECTION ( 'NONE',  ( 0.4999999999525504557, -3.999999999620403599E-15, -0.8660254038118336828 ) ) ;
#6183 = EDGE_LOOP ( 'NONE', ( #6453, #2002, #2901, #434, #4449, #5038, #1731, #1327, #1824, #5766, #6728, #5589, #3643, #2463 ) ) ;
#6184 = VECTOR ( 'NONE', #2081, 1000.000000000000000 ) ;
#6185 = ORIENTED_EDGE ( 'NONE', *, *, #2149, .F. ) ;
#6186 = LINE ( 'NONE', #829, #3852 ) ;
#6187 = DIRECTION ( 'NONE',  ( 0.01745240643708481990, -0.9998476951563947113, 1.230488595752698002E-15 ) ) ;
#6188 = VERTEX_POINT ( 'NONE', #5643 ) ;
#6189 = ORIENTED_EDGE ( 'NONE', *, *, #195, .T. ) ;
#6190 = LINE ( 'NONE', #6302, #6388 ) ;
#6191 = CARTESIAN_POINT ( 'NONE',  ( 47.14155940185075622, 48.80360732423428516, 29.77062160604269181 ) ) ;
#6192 = VERTEX_POINT ( 'NONE', #842 ) ;
#6193 = VERTEX_POINT ( 'NONE', #4964 ) ;
#6194 = CIRCLE ( 'NONE', #4993, 2.000000000000001776 ) ;
#6195 = EDGE_CURVE ( 'NONE', #3567, #5259, #3689, .T. ) ;
#6196 = CARTESIAN_POINT ( 'NONE',  ( 44.67286384697379731, 49.80360732423429226, 35.12062160604270389 ) ) ;
#6197 = PLANE ( 'NONE',  #4397 ) ;
#6198 = ORIENTED_EDGE ( 'NONE', *, *, #6712, .T. ) ;
#6199 = CYLINDRICAL_SURFACE ( 'NONE', #4534, 0.2107958125779213487 ) ;
#6200 = ORIENTED_EDGE ( 'NONE', *, *, #5158, .F. ) ;
#6201 = EDGE_CURVE ( 'NONE', #1286, #5445, #4980, .T. ) ;
#6202 = DIRECTION ( 'NONE',  ( 1.000000000000000000, 0.0000000000000000000, 0.0000000000000000000 ) ) ;
#6203 = ORIENTED_EDGE ( 'NONE', *, *, #2544, .F. ) ;
#6204 = VERTEX_POINT ( 'NONE', #1453 ) ;
#6205 = CARTESIAN_POINT ( 'NONE',  ( 39.67286384697391100, 46.10259148767044479, 37.62062160604307337 ) ) ;
#6206 = ADVANCED_FACE ( 'NONE', ( #1937 ), #5127, .F. ) ;
#6207 = DIRECTION ( 'NONE',  ( -1.000000000000000000, 1.027220243219863848E-14, 8.000000000000010088E-15 ) ) ;
#6208 = VERTEX_POINT ( 'NONE', #2285 ) ;
#6209 = CARTESIAN_POINT ( 'NONE',  ( 40.46101733332367445, 46.07989443694167875, 32.82062160599961231 ) ) ;
#6210 = LINE ( 'NONE', #3233, #5391 ) ;
#6211 = PLANE ( 'NONE',  #685 ) ;
#6212 = DIRECTION ( 'NONE',  ( 0.6435627400808355825, -5.148501920646734588E-15, -0.7653933626441027371 ) ) ;
#6213 = EDGE_CURVE ( 'NONE', #2323, #2540, #3930, .T. ) ;
#6214 = EDGE_CURVE ( 'NONE', #6662, #5450, #1680, .T. ) ;
#6215 = ORIENTED_EDGE ( 'NONE', *, *, #1223, .T. ) ;
#6216 = VECTOR ( 'NONE', #6588, 1000.000000000000000 ) ;
#6217 = PLANE ( 'NONE',  #489 ) ;
#6218 = VECTOR ( 'NONE', #4548, 1000.000000000000000 ) ;
#6219 = CARTESIAN_POINT ( 'NONE',  ( 39.67286384697377599, 39.29601287482820737, 27.92062160607411414 ) ) ;
#6220 = CARTESIAN_POINT ( 'NONE',  ( 42.61586384697395857, 50.40259148767042774, 27.62062160604273231 ) ) ;
#6221 = LINE ( 'NONE', #4400, #1022 ) ;
#6222 = EDGE_CURVE ( 'NONE', #1510, #5213, #4788, .T. ) ;
#6223 = ORIENTED_EDGE ( 'NONE', *, *, #4154, .F. ) ;
#6224 = AXIS2_PLACEMENT_3D ( 'NONE', #6440, #6405, #262 ) ;
#6225 = LINE ( 'NONE', #5899, #2360 ) ;
#6226 = ADVANCED_FACE ( 'NONE', ( #3122 ), #6721, .T. ) ;
#6227 = VERTEX_POINT ( 'NONE', #1550 ) ;
#6228 = ORIENTED_EDGE ( 'NONE', *, *, #3272, .T. ) ;
#6229 = VECTOR ( 'NONE', #6163, 1000.000000000000000 ) ;
#6230 = VERTEX_POINT ( 'NONE', #4904 ) ;
#6231 = VECTOR ( 'NONE', #2679, 1000.000000000000000 ) ;
#6232 = ORIENTED_EDGE ( 'NONE', *, *, #4378, .T. ) ;
#6233 = ORIENTED_EDGE ( 'NONE', *, *, #3634, .T. ) ;
#6234 = DIRECTION ( 'NONE',  ( 0.4472135954999567065, 0.7745966692415002797, 0.4472135954999298946 ) ) ;
#6235 = CARTESIAN_POINT ( 'NONE',  ( 41.67250897246988472, 50.22167448075865082, 37.62062160604307337 ) ) ;
#6236 = LINE ( 'NONE', #2275, #4469 ) ;
#6237 = FACE_OUTER_BOUND ( 'NONE', #1917, .T. ) ;
#6238 = ORIENTED_EDGE ( 'NONE', *, *, #5263, .T. ) ;
#6239 = AXIS2_PLACEMENT_3D ( 'NONE', #6338, #4770, #6829 ) ;
#6240 = CARTESIAN_POINT ( 'NONE',  ( 44.67286384697342783, 35.50259148767061390, 30.12062160604262573 ) ) ;
#6241 = CYLINDRICAL_SURFACE ( 'NONE', #4505, 0.2107958125779213487 ) ;
#6242 = CARTESIAN_POINT ( 'NONE',  ( 44.38365965955134840, 35.71338730024853447, 30.12062160604262573 ) ) ;
#6243 = DIRECTION ( 'NONE',  ( 1.000000000000000000, -1.027220243219864006E-14, -8.000000000000010088E-15 ) ) ;
#6244 = VECTOR ( 'NONE', #1882, 1000.000000000000114 ) ;
#6245 = DIRECTION ( 'NONE',  ( -1.000000000000000000, 0.0000000000000000000, 0.0000000000000000000 ) ) ;
#6246 = EDGE_CURVE ( 'NONE', #1644, #681, #5787, .T. ) ;
#6247 = DIRECTION ( 'NONE',  ( 1.061106096092800643E-15, 1.000000000000000000, 5.549882527961352339E-29 ) ) ;
#6248 = DIRECTION ( 'NONE',  ( 0.0000000000000000000, 0.0000000000000000000, 1.000000000000000000 ) ) ;
#6249 = ORIENTED_EDGE ( 'NONE', *, *, #5167, .F. ) ;
#6250 = DIRECTION ( 'NONE',  ( 1.000000000000000000, 2.298141435449797094E-16, 0.0000000000000000000 ) ) ;
#6251 = ORIENTED_EDGE ( 'NONE', *, *, #6138, .F. ) ;
#6252 = FACE_OUTER_BOUND ( 'NONE', #1997, .T. ) ;
#6253 = LINE ( 'NONE', #6495, #6244 ) ;
#6254 = VERTEX_POINT ( 'NONE', #5548 ) ;
#6255 = CARTESIAN_POINT ( 'NONE',  ( 42.25739498568951547, 41.96678714891210404, 37.62062160604307337 ) ) ;
#6256 = DIRECTION ( 'NONE',  ( -1.000000000000000000, 0.0000000000000000000, 8.673617379884027583E-15 ) ) ;
#6257 = VECTOR ( 'NONE', #4371, 1000.000000000000000 ) ;
#6258 = EDGE_CURVE ( 'NONE', #4421, #6760, #4452, .T. ) ;
#6259 = VERTEX_POINT ( 'NONE', #9 ) ;
#6260 = EDGE_CURVE ( 'NONE', #6858, #1408, #4003, .T. ) ;
#6261 = AXIS2_PLACEMENT_3D ( 'NONE', #240, #2362, #1519 ) ;
#6262 = CARTESIAN_POINT ( 'NONE',  ( 44.67286384697388968, 39.80259148767052579, 30.12062160604229888 ) ) ;
#6263 = DIRECTION ( 'NONE',  ( -1.000000000000000000, 1.110223024625177997E-14, 8.006416042969892854E-15 ) ) ;
#6264 = ORIENTED_EDGE ( 'NONE', *, *, #6814, .F. ) ;
#6265 = CARTESIAN_POINT ( 'NONE',  ( 40.42286384697393942, 39.00259148767057127, 36.22062160604234293 ) ) ;
#6266 = AXIS2_PLACEMENT_3D ( 'NONE', #5046, #1299, #4459 ) ;
#6267 = CARTESIAN_POINT ( 'NONE',  ( 39.84606892773074804, 44.30279148767084507, 32.32062160604264278 ) ) ;
#6268 = CARTESIAN_POINT ( 'NONE',  ( 46.16605090895086505, 50.40259148767039221, 28.19062160604259759 ) ) ;
#6269 = CARTESIAN_POINT ( 'NONE',  ( 42.25739498568910335, 40.03839582643702499, 37.52062160604316432 ) ) ;
#6270 = VECTOR ( 'NONE', #2939, 1000.000000000000000 ) ;
#6271 = DIRECTION ( 'NONE',  ( 1.000000000000000000, -1.027220243219866057E-14, 0.0000000000000000000 ) ) ;
#6272 = VECTOR ( 'NONE', #229, 1000.000000000000000 ) ;
#6273 = VERTEX_POINT ( 'NONE', #5690 ) ;
#6274 = EDGE_CURVE ( 'NONE', #6625, #3227, #1289, .T. ) ;
#6275 = CARTESIAN_POINT ( 'NONE',  ( 44.96206803439550725, 35.71338730024853447, 30.12062160604262573 ) ) ;
#6276 = CARTESIAN_POINT ( 'NONE',  ( 43.37286384697353014, 40.75259148767058548, 36.42062160604281473 ) ) ;
#6277 = AXIS2_PLACEMENT_3D ( 'NONE', #5144, #5116, #4807 ) ;
#6278 = ORIENTED_EDGE ( 'NONE', *, *, #4012, .T. ) ;
#6279 = CARTESIAN_POINT ( 'NONE',  ( 40.58904486037580739, 45.75078440214637254, 32.22062160604244241 ) ) ;
#6280 = CARTESIAN_POINT ( 'NONE',  ( 47.37286384697383568, 44.35259148767056558, 30.12062160604218519 ) ) ;
#6281 = LINE ( 'NONE', #4291, #5976 ) ;
#6282 = CARTESIAN_POINT ( 'NONE',  ( 40.42286384697361257, -3.501992719574689538E-13, 37.32062160604305490 ) ) ;
#6283 = DIRECTION ( 'NONE',  ( 1.000000000000000000, -1.027220243219863848E-14, -8.000000000000008510E-15 ) ) ;
#6284 = VERTEX_POINT ( 'NONE', #1225 ) ;
#6285 = ORIENTED_EDGE ( 'NONE', *, *, #3186, .T. ) ;
#6286 = LINE ( 'NONE', #3307, #6340 ) ;
#6287 = CARTESIAN_POINT ( 'NONE',  ( 40.44838490655959617, 42.52831254725708732, 32.40588701542067440 ) ) ;
#6288 = DIRECTION ( 'NONE',  ( -1.000000000000000000, 1.110223024625177997E-14, 8.006416042969892854E-15 ) ) ;
#6289 = CARTESIAN_POINT ( 'NONE',  ( 43.37286384697351593, 43.04179567509260806, 31.42062160604283605 ) ) ;
#6290 = DIRECTION ( 'NONE',  ( -1.000000000000000000, 8.000000000000000622E-15, 8.000000000000000622E-15 ) ) ;
#6291 = AXIS2_PLACEMENT_3D ( 'NONE', #4956, #4343, #3961 ) ;
#6292 = VECTOR ( 'NONE', #1663, 1000.000000000000000 ) ;
#6293 = ORIENTED_EDGE ( 'NONE', *, *, #3661, .F. ) ;
#6294 = DIRECTION ( 'NONE',  ( 2.928203230275510404E-15, -0.4999999999999998890, 0.8660254037844387076 ) ) ;
#6295 = PLANE ( 'NONE',  #1115 ) ;
#6296 = LINE ( 'NONE', #4683, #5491 ) ;
#6297 = FACE_OUTER_BOUND ( 'NONE', #248, .T. ) ;
#6298 = DIRECTION ( 'NONE',  ( 1.000000000000000000, 2.298141435449797094E-16, 1.407205776457262704E-32 ) ) ;
#6299 = CARTESIAN_POINT ( 'NONE',  ( 44.67286384697376889, 48.80360732423427805, 30.12062160604270389 ) ) ;
#6300 = EDGE_CURVE ( 'NONE', #5847, #6370, #1125, .T. ) ;
#6301 = ORIENTED_EDGE ( 'NONE', *, *, #3168, .F. ) ;
#6302 = CARTESIAN_POINT ( 'NONE',  ( 42.46605090895083379, 50.40259148767076880, 38.19062160604261891 ) ) ;
#6303 = CARTESIAN_POINT ( 'NONE',  ( 40.42286384697393942, 39.00259148767057127, 36.37062160604228467 ) ) ;
#6304 = ORIENTED_EDGE ( 'NONE', *, *, #4487, .F. ) ;
#6305 = ORIENTED_EDGE ( 'NONE', *, *, #904, .F. ) ;
#6306 = ADVANCED_FACE ( 'NONE', ( #3096 ), #1777, .F. ) ;
#6307 = VERTEX_POINT ( 'NONE', #5262 ) ;
#6308 = EDGE_CURVE ( 'NONE', #3194, #2357, #5016, .T. ) ;
#6309 = CARTESIAN_POINT ( 'NONE',  ( 46.31586384697395431, 50.40259148767039221, 27.62062160604270034 ) ) ;
#6310 = DIRECTION ( 'NONE',  ( 1.000000000000000000, 0.0000000000000000000, -9.723433716209642107E-15 ) ) ;
#6311 = VERTEX_POINT ( 'NONE', #3346 ) ;
#6312 = ORIENTED_EDGE ( 'NONE', *, *, #4325, .T. ) ;
#6313 = CARTESIAN_POINT ( 'NONE',  ( 2.736564291745533832E-13, -2.191013590452126446E-27, 28.19062160604304523 ) ) ;
#6314 = ORIENTED_EDGE ( 'NONE', *, *, #5297, .T. ) ;
#6315 = DIRECTION ( 'NONE',  ( -6.308085367188447236E-15, 0.0000000000000000000, -1.000000000000000000 ) ) ;
#6316 = CARTESIAN_POINT ( 'NONE',  ( 39.67286384697386126, 45.10259148767045190, 32.42062160604264420 ) ) ;
#6317 = LINE ( 'NONE', #3530, #2848 ) ;
#6318 = DIRECTION ( 'NONE',  ( -0.0000000000000000000, -0.0000000000000000000, -1.000000000000000000 ) ) ;
#6319 = ORIENTED_EDGE ( 'NONE', *, *, #6558, .F. ) ;
#6320 = VECTOR ( 'NONE', #1668, 1000.000000000000000 ) ;
#6321 = VECTOR ( 'NONE', #272, 1000.000000000000114 ) ;
#6322 = EDGE_LOOP ( 'NONE', ( #1792, #6466, #5140, #5036 ) ) ;
#6323 = LINE ( 'NONE', #6282, #5552 ) ;
#6324 = DIRECTION ( 'NONE',  ( 1.000000000000000000, -1.027220243219863848E-14, -8.000000000000010088E-15 ) ) ;
#6325 = DIRECTION ( 'NONE',  ( -0.0000000000000000000, -0.0000000000000000000, -1.000000000000000000 ) ) ;
#6326 = ORIENTED_EDGE ( 'NONE', *, *, #3645, .F. ) ;
#6327 = DIRECTION ( 'NONE',  ( 8.000000000000000622E-15, 1.000000000000000000, 1.032337111948249708E-46 ) ) ;
#6328 = ORIENTED_EDGE ( 'NONE', *, *, #946, .T. ) ;
#6329 = CARTESIAN_POINT ( 'NONE',  ( 40.67286384697382573, 46.10259148767044479, 27.62062160604274652 ) ) ;
#6330 = EDGE_CURVE ( 'NONE', #1883, #1419, #4303, .T. ) ;
#6331 = DIRECTION ( 'NONE',  ( -8.000000000000000622E-15, -1.534706572270470003E-32, -1.000000000000000000 ) ) ;
#6332 = DIRECTION ( 'NONE',  ( 1.129587379705846507E-14, 1.000000000000000000, -0.0000000000000000000 ) ) ;
#6333 = LINE ( 'NONE', #2718, #1989 ) ;
#6334 = ORIENTED_EDGE ( 'NONE', *, *, #599, .T. ) ;
#6335 = FACE_OUTER_BOUND ( 'NONE', #3370, .T. ) ;
#6336 = AXIS2_PLACEMENT_3D ( 'NONE', #5778, #3866, #4096 ) ;
#6337 = CARTESIAN_POINT ( 'NONE',  ( 42.04659917311160200, 42.17758296149002462, 37.62062160604307337 ) ) ;
#6338 = CARTESIAN_POINT ( 'NONE',  ( 47.67286384697398915, 39.80259148767056843, 42.12062160604228467 ) ) ;
#6339 = DIRECTION ( 'NONE',  ( 9.034039619130394877E-16, 1.000000000000000000, 5.676044235305161374E-29 ) ) ;
#6340 = VECTOR ( 'NONE', #3090, 1000.000000000000000 ) ;
#6341 = ORIENTED_EDGE ( 'NONE', *, *, #243, .F. ) ;
#6342 = SHAPE_DEFINITION_REPRESENTATION ( #3949, #3879 ) ;
#6343 = CARTESIAN_POINT ( 'NONE',  ( 48.67286384697369073, 3.623036768411720143E-14, -3.838152932509916671E-13 ) ) ;
#6344 = CARTESIAN_POINT ( 'NONE',  ( 42.46605090895082668, 46.10259148767042348, 28.19062160604262601 ) ) ;
#6345 = ADVANCED_FACE ( 'NONE', ( #831 ), #6504, .F. ) ;
#6346 = ADVANCED_FACE ( 'NONE', ( #5867 ), #5636, .F. ) ;
#6347 = ORIENTED_EDGE ( 'NONE', *, *, #5203, .T. ) ;
#6348 = CARTESIAN_POINT ( 'NONE',  ( 46.31586384697395431, 50.40259148767039221, 27.74947806369628722 ) ) ;
#6349 = VERTEX_POINT ( 'NONE', #5939 ) ;
#6350 = APPROVAL_DATE_TIME ( #4919, #1878 ) ;
#6351 = CARTESIAN_POINT ( 'NONE',  ( 43.03915336522035062, 49.80360732423429226, 30.47062160604272307 ) ) ;
#6352 = ORIENTED_EDGE ( 'NONE', *, *, #6712, .F. ) ;
#6353 = ORIENTED_EDGE ( 'NONE', *, *, #5288, .F. ) ;
#6354 = LINE ( 'NONE', #4156, #3809 ) ;
#6355 = ORIENTED_EDGE ( 'NONE', *, *, #4264, .F. ) ;
#6356 = CARTESIAN_POINT ( 'NONE',  ( 41.01927400848769167, 45.50239148767074226, 37.62062160604274652 ) ) ;
#6357 = ORIENTED_EDGE ( 'NONE', *, *, #4035, .F. ) ;
#6358 = DIRECTION ( 'NONE',  ( 1.000000000000000000, -1.129587379705850136E-14, 0.0000000000000000000 ) ) ;
#6359 = AXIS2_PLACEMENT_3D ( 'NONE', #6777, #2444, #5173 ) ;
#6360 = VECTOR ( 'NONE', #595, 1000.000000000000000 ) ;
#6361 = AXIS2_PLACEMENT_3D ( 'NONE', #72, #2547, #6271 ) ;
#6362 = LINE ( 'NONE', #596, #3500 ) ;
#6363 = ORIENTED_EDGE ( 'NONE', *, *, #4830, .F. ) ;
#6364 = LINE ( 'NONE', #6779, #6004 ) ;
#6365 = VERTEX_POINT ( 'NONE', #1863 ) ;
#6366 = DIRECTION ( 'NONE',  ( 1.000000000000000000, 0.0000000000000000000, -6.308085367188407793E-15 ) ) ;
#6367 = DIRECTION ( 'NONE',  ( 1.613696256722609384E-15, 1.000000000000000000, -0.0000000000000000000 ) ) ;
#6368 = DIRECTION ( 'NONE',  ( -8.000000000000000622E-15, 1.232595164407829988E-32, -1.000000000000000000 ) ) ;
#6369 = AXIS2_PLACEMENT_3D ( 'NONE', #3942, #1773, #3742 ) ;
#6370 = VERTEX_POINT ( 'NONE', #1058 ) ;
#6371 = ADVANCED_FACE ( 'NONE', ( #2666 ), #3359, .T. ) ;
#6372 = DIRECTION ( 'NONE',  ( 2.371197341355120291E-16, -1.000000000000000000, 1.370316553096936154E-15 ) ) ;
#6373 = ORIENTED_EDGE ( 'NONE', *, *, #2925, .F. ) ;
#6374 = CARTESIAN_POINT ( 'NONE',  ( 45.02286377797747008, 48.80360732423429937, 30.47062160604269110 ) ) ;
#6375 = EDGE_CURVE ( 'NONE', #4091, #1963, #4726, .T. ) ;
#6376 = AXIS2_PLACEMENT_3D ( 'NONE', #2874, #3275, #5910 ) ;
#6377 = DIRECTION ( 'NONE',  ( 8.000000000000000622E-15, 0.0000000000000000000, 1.000000000000000000 ) ) ;
#6378 = DIRECTION ( 'NONE',  ( 1.000000000000000000, 0.0000000000000000000, 0.0000000000000000000 ) ) ;
#6379 = DIRECTION ( 'NONE',  ( 8.000000000000000622E-15, 1.534706572270470003E-32, 1.000000000000000000 ) ) ;
#6380 = CARTESIAN_POINT ( 'NONE',  ( 39.96575706578735776, 42.79568470648453626, 32.98972358476838451 ) ) ;
#6381 = CARTESIAN_POINT ( 'NONE',  ( 47.14155940185077043, 50.09335221390548298, 30.47062160604269110 ) ) ;
#6382 = CARTESIAN_POINT ( 'NONE',  ( 2.826137706023055346E-13, 8.068234596944380908E-28, 32.22062160604262004 ) ) ;
#6383 = EDGE_CURVE ( 'NONE', #6208, #676, #4194, .T. ) ;
#6384 = DIRECTION ( 'NONE',  ( -1.000000000000000000, 7.308354949842002618E-15, 0.0000000000000000000 ) ) ;
#6385 = DIRECTION ( 'NONE',  ( 0.0000000000000000000, 0.0000000000000000000, -1.000000000000000000 ) ) ;
#6386 = EDGE_LOOP ( 'NONE', ( #255, #5159, #2724, #2136, #790, #6827 ) ) ;
#6387 = MECHANICAL_CONTEXT ( 'NONE', #3125, 'mechanical' ) ;
#6388 = VECTOR ( 'NONE', #1373, 1000.000000000000000 ) ;
#6389 = DIRECTION ( 'NONE',  ( 2.298141435449797094E-16, -1.000000000000000000, -6.123233995743353024E-17 ) ) ;
#6390 = DIRECTION ( 'NONE',  ( -8.000000000000000622E-15, 1.232595164407829988E-32, -1.000000000000000000 ) ) ;
#6391 = DIRECTION ( 'NONE',  ( -1.000000000000000000, 0.0000000000000000000, 9.723433716209642107E-15 ) ) ;
#6392 = ORIENTED_EDGE ( 'NONE', *, *, #5588, .T. ) ;
#6393 = FACE_OUTER_BOUND ( 'NONE', #3706, .T. ) ;
#6394 = AXIS2_PLACEMENT_3D ( 'NONE', #964, #1871, #6402 ) ;
#6395 = EDGE_LOOP ( 'NONE', ( #556, #6001, #536, #2342 ) ) ;
#6396 = DIRECTION ( 'NONE',  ( -8.000000000000002199E-15, -1.534706572270470003E-32, -1.000000000000000000 ) ) ;
#6397 =( BOUNDED_CURVE ( )  B_SPLINE_CURVE ( 3, ( #2937, #1714, #280, #4840 ),
 .UNSPECIFIED., .F., .F. ) 
 B_SPLINE_CURVE_WITH_KNOTS ( ( 4, 4 ),
 ( 4.459708725242674809, 4.546154363941290910 ),
 .UNSPECIFIED. ) 
 CURVE ( )  GEOMETRIC_REPRESENTATION_ITEM ( )  RATIONAL_B_SPLINE_CURVE ( ( 1.000000000000000000, 0.9993773595735866433, 0.9993773595735866433, 1.000000000000000000 ) ) 
 REPRESENTATION_ITEM ( '' )  );
#6398 = DIRECTION ( 'NONE',  ( 1.000000000000000000, 0.0000000000000000000, -1.156482317317838317E-14 ) ) ;
#6399 = ORIENTED_EDGE ( 'NONE', *, *, #3246, .T. ) ;
#6400 = DIRECTION ( 'NONE',  ( 1.000000000000000000, 0.0000000000000000000, -9.723433716209642107E-15 ) ) ;
#6401 = VERTEX_POINT ( 'NONE', #2653 ) ;
#6402 = DIRECTION ( 'NONE',  ( 1.000000000000000000, 2.298141435449797094E-16, 1.407205776457262704E-32 ) ) ;
#6403 = AXIS2_PLACEMENT_3D ( 'NONE', #306, #5629, #2635 ) ;
#6404 = EDGE_CURVE ( 'NONE', #741, #1498, #4924, .T. ) ;
#6405 = DIRECTION ( 'NONE',  ( 1.000000000000000000, -1.027220243219864006E-14, -8.000000000000010088E-15 ) ) ;
#6406 = AXIS2_PLACEMENT_3D ( 'NONE', #4159, #362, #4720 ) ;
#6407 = ORIENTED_EDGE ( 'NONE', *, *, #1269, .F. ) ;
#6408 = ORIENTED_EDGE ( 'NONE', *, *, #2211, .T. ) ;
#6409 = LINE ( 'NONE', #304, #2535 ) ;
#6410 = ORIENTED_EDGE ( 'NONE', *, *, #2388, .F. ) ;
#6411 = ORIENTED_EDGE ( 'NONE', *, *, #5108, .T. ) ;
#6412 = ORIENTED_EDGE ( 'NONE', *, *, #5555, .F. ) ;
#6413 = ORIENTED_EDGE ( 'NONE', *, *, #1191, .F. ) ;
#6414 = LINE ( 'NONE', #3547, #3572 ) ;
#6415 = EDGE_CURVE ( 'NONE', #2484, #6418, #5818, .T. ) ;
#6416 = EDGE_CURVE ( 'NONE', #4704, #3318, #2938, .T. ) ;
#6417 = AXIS2_PLACEMENT_3D ( 'NONE', #3596, #6726, #3647 ) ;
#6418 = VERTEX_POINT ( 'NONE', #2377 ) ;
#6419 = DIRECTION ( 'NONE',  ( 0.0000000000000000000, 1.000000000000000000, 0.0000000000000000000 ) ) ;
#6420 = ORIENTED_EDGE ( 'NONE', *, *, #985, .T. ) ;
#6421 = VECTOR ( 'NONE', #5851, 1000.000000000000000 ) ;
#6422 = CARTESIAN_POINT ( 'NONE',  ( 41.47537763055912308, 41.96678714891211115, 37.52062160604316432 ) ) ;
#6423 = ORIENTED_EDGE ( 'NONE', *, *, #4063, .T. ) ;
#6424 = ORIENTED_EDGE ( 'NONE', *, *, #1059, .F. ) ;
#6425 = DIRECTION ( 'NONE',  ( -1.000000000000000000, 0.0000000000000000000, 0.0000000000000000000 ) ) ;
#6426 = ORIENTED_EDGE ( 'NONE', *, *, #6258, .T. ) ;
#6427 = ADVANCED_FACE ( 'NONE', ( #2309 ), #6101, .F. ) ;
#6428 = AXIS2_PLACEMENT_3D ( 'NONE', #5914, #3118, #5497 ) ;
#6429 = EDGE_LOOP ( 'NONE', ( #4898, #2130, #5553, #6648 ) ) ;
#6430 = ADVANCED_FACE ( 'NONE', ( #5178 ), #128, .F. ) ;
#6431 = ORIENTED_EDGE ( 'NONE', *, *, #5692, .T. ) ;
#6432 = CARTESIAN_POINT ( 'NONE',  ( 48.11419409486563836, 46.55259148767054711, 29.02062160604219088 ) ) ;
#6433 = CARTESIAN_POINT ( 'NONE',  ( 46.16605090895094321, 46.10259148767076454, 37.92765156762960288 ) ) ;
#6434 = CARTESIAN_POINT ( 'NONE',  ( 47.38833441211294684, 50.10259148767038795, 27.62062160604269323 ) ) ;
#6435 = EDGE_CURVE ( 'NONE', #3946, #5033, #5381, .T. ) ;
#6436 = VERTEX_POINT ( 'NONE', #3290 ) ;
#6437 = CARTESIAN_POINT ( 'NONE',  ( 46.31586384697391878, 46.10259148767039505, 27.62062160604270034 ) ) ;
#6438 = VECTOR ( 'NONE', #3322, 1000.000000000000000 ) ;
#6439 = DIRECTION ( 'NONE',  ( -0.8660254038118431197, 0.0000000000000000000, 0.4999999999525340799 ) ) ;
#6440 = CARTESIAN_POINT ( 'NONE',  ( 42.37286384697353014, 40.96338730024852026, 34.03141741862073388 ) ) ;
#6441 = ORIENTED_EDGE ( 'NONE', *, *, #2522, .T. ) ;
#6442 = EDGE_CURVE ( 'NONE', #6307, #6561, #5007, .T. ) ;
#6443 = ORIENTED_EDGE ( 'NONE', *, *, #2521, .F. ) ;
#6444 = APPROVAL_ROLE ( '' ) ;
#6445 = EDGE_CURVE ( 'NONE', #4447, #3727, #2822, .T. ) ;
#6446 = EDGE_CURVE ( 'NONE', #5662, #5347, #6253, .T. ) ;
#6447 = DIRECTION ( 'NONE',  ( 1.000000000000000000, 0.0000000000000000000, 0.0000000000000000000 ) ) ;
#6448 = ORIENTED_EDGE ( 'NONE', *, *, #1423, .T. ) ;
#6449 = DIRECTION ( 'NONE',  ( -1.129587379705846507E-14, -1.000000000000000000, 0.0000000000000000000 ) ) ;
#6450 = B_SPLINE_CURVE_WITH_KNOTS ( 'NONE', 3,
 ( #6316, #2412, #5444, #718 ),
 .UNSPECIFIED., .F., .F.,
 ( 4, 4 ),
 ( 0.0000000000000000000, 1.000000000000000000 ),
 .UNSPECIFIED. ) ;
#6451 = DIRECTION ( 'NONE',  ( 1.000000000000000000, -8.068481283613048695E-15, -8.000000000000000622E-15 ) ) ;
#6452 = DIRECTION ( 'NONE',  ( -2.298141435449797094E-16, 1.000000000000000000, 6.123233995743353024E-17 ) ) ;
#6453 = ORIENTED_EDGE ( 'NONE', *, *, #6866, .T. ) ;
#6454 = VERTEX_POINT ( 'NONE', #2515 ) ;
#6455 = ADVANCED_FACE ( 'NONE', ( #235 ), #2038, .T. ) ;
#6456 = DIRECTION ( 'NONE',  ( 4.611712367288062945E-17, 6.123233995736953390E-17, -1.000000000000000000 ) ) ;
#6457 = ORIENTED_EDGE ( 'NONE', *, *, #5626, .T. ) ;
#6458 = AXIS2_PLACEMENT_3D ( 'NONE', #2436, #5593, #1490 ) ;
#6459 = ORIENTED_EDGE ( 'NONE', *, *, #2516, .F. ) ;
#6460 = FACE_OUTER_BOUND ( 'NONE', #3376, .T. ) ;
#6461 = LINE ( 'NONE', #1470, #2047 ) ;
#6462 = ORIENTED_EDGE ( 'NONE', *, *, #6861, .T. ) ;
#6463 = VERTEX_POINT ( 'NONE', #2433 ) ;
#6464 = DIRECTION ( 'NONE',  ( 1.000000000000000000, 0.0000000000000000000, -7.308354949850441852E-15 ) ) ;
#6465 = CARTESIAN_POINT ( 'NONE',  ( 44.67286384697388968, 51.43259388767070561, 30.12062160604229888 ) ) ;
#6466 = ORIENTED_EDGE ( 'NONE', *, *, #5233, .T. ) ;
#6467 = CARTESIAN_POINT ( 'NONE',  ( 40.09925719041545733, 42.66218458185642959, 32.32859596020778525 ) ) ;
#6468 = EDGE_CURVE ( 'NONE', #4746, #368, #172, .T. ) ;
#6469 = AXIS2_PLACEMENT_3D ( 'NONE', #3203, #4819, #4824 ) ;
#6470 = ORIENTED_EDGE ( 'NONE', *, *, #3302, .T. ) ;
#6471 = LINE ( 'NONE', #140, #3215 ) ;
#6472 = FACE_OUTER_BOUND ( 'NONE', #4426, .T. ) ;
#6473 = CARTESIAN_POINT ( 'NONE',  ( 39.78833390081501165, 45.10259148767045190, 32.88728827271111044 ) ) ;
#6474 = DIRECTION ( 'NONE',  ( 8.000000000000000622E-15, 1.000000000000000000, -3.294448185923983611E-93 ) ) ;
#6475 = CIRCLE ( 'NONE', #4135, 0.6535898384240137471 ) ;
#6476 = AXIS2_PLACEMENT_3D ( 'NONE', #610, #3503, #4409 ) ;
#6477 = ORIENTED_EDGE ( 'NONE', *, *, #1016, .T. ) ;
#6478 = FACE_OUTER_BOUND ( 'NONE', #3913, .T. ) ;
#6479 = CARTESIAN_POINT ( 'NONE',  ( 40.01927400848805405, 45.10259148767045190, 32.22062160604244951 ) ) ;
#6480 = ORIENTED_EDGE ( 'NONE', *, *, #2720, .T. ) ;
#6481 = CARTESIAN_POINT ( 'NONE',  ( 40.01927400847677774, 43.50279148767114634, 28.12062160604256533 ) ) ;
#6482 = EDGE_CURVE ( 'NONE', #4618, #2742, #5713, .T. ) ;
#6483 = DIRECTION ( 'NONE',  ( 1.000000000000000000, 2.298141435449797094E-16, -8.000000000000000622E-15 ) ) ;
#6484 = ORIENTED_EDGE ( 'NONE', *, *, #1403, .F. ) ;
#6485 = VERTEX_POINT ( 'NONE', #2664 ) ;
#6486 = VECTOR ( 'NONE', #4140, 1000.000000000000000 ) ;
#6487 = CARTESIAN_POINT ( 'NONE',  ( 43.02986384697403111, 46.10259148767076454, 37.62062160604272520 ) ) ;
#6488 = B_SPLINE_CURVE_WITH_KNOTS ( 'NONE', 3,
 ( #309, #4322, #1029, #1692, #1929, #1952 ),
 .UNSPECIFIED., .F., .F.,
 ( 4, 2, 4 ),
 ( 6.938893903907228378E-18, 0.0001645077324556683718, 0.0003290154649113298047 ),
 .UNSPECIFIED. ) ;
#6489 = DIRECTION ( 'NONE',  ( -1.000000000000000000, 0.0000000000000000000, 8.000544671205034319E-15 ) ) ;
#6490 = VECTOR ( 'NONE', #5964, 1000.000000000000000 ) ;
#6491 = CARTESIAN_POINT ( 'NONE',  ( 40.46101733332371708, 46.07989443694167875, 37.32062160601149259 ) ) ;
#6492 = CARTESIAN_POINT ( 'NONE',  ( 39.67286384697389678, 45.10259148767045190, 37.32062160601149259 ) ) ;
#6493 = ORIENTED_EDGE ( 'NONE', *, *, #5337, .F. ) ;
#6494 = VECTOR ( 'NONE', #4737, 1000.000000000000114 ) ;
#6495 = CARTESIAN_POINT ( 'NONE',  ( 40.62286384697389252, 39.80259148767056843, 29.02062160604233654 ) ) ;
#6496 = VERTEX_POINT ( 'NONE', #1446 ) ;
#6497 = CARTESIAN_POINT ( 'NONE',  ( 40.42286384697361257, -3.501992719574689538E-13, 37.32062160604305490 ) ) ;
#6498 = CARTESIAN_POINT ( 'NONE',  ( 48.51938314584526069, 44.35259148767056558, 36.22062160604217240 ) ) ;
#6499 = LINE ( 'NONE', #493, #2172 ) ;
#6500 = CARTESIAN_POINT ( 'NONE',  ( 40.42286384697379020, 42.53454565111927366, 27.62062160604275007 ) ) ;
#6501 = CARTESIAN_POINT ( 'NONE',  ( 43.82959280799055790, 39.00259148767057127, 27.96389264502554539 ) ) ;
#6502 = DIRECTION ( 'NONE',  ( -1.000000000000000000, 0.0000000000000000000, 0.0000000000000000000 ) ) ;
#6503 = FACE_BOUND ( 'NONE', #484, .T. ) ;
#6504 = PLANE ( 'NONE',  #4480 ) ;
#6505 = VECTOR ( 'NONE', #6682, 1000.000000000000000 ) ;
#6506 = CYLINDRICAL_SURFACE ( 'NONE', #3546, 0.2107958125779213487 ) ;
#6507 = VERTEX_POINT ( 'NONE', #3707 ) ;
#6508 = ORIENTED_EDGE ( 'NONE', *, *, #1141, .T. ) ;
#6509 = ORIENTED_EDGE ( 'NONE', *, *, #1002, .T. ) ;
#6510 = CARTESIAN_POINT ( 'NONE',  ( 42.81007469566721113, 48.80360732422017378, 35.47062160604272663 ) ) ;
#6511 = CARTESIAN_POINT ( 'NONE',  ( 40.42286384697387547, 39.80259148767056843, 28.12062160604256533 ) ) ;
#6512 = CARTESIAN_POINT ( 'NONE',  ( 44.67286384697387547, 39.00259148767052864, 29.02062160604230456 ) ) ;
#6513 = ORIENTED_EDGE ( 'NONE', *, *, #709, .F. ) ;
#6514 = CARTESIAN_POINT ( 'NONE',  ( 46.67286384697370494, 48.60259148767040216, 35.12062160604268968 ) ) ;
#6515 = DIRECTION ( 'NONE',  ( -8.000000000000000622E-15, -1.000000000000000000, 0.0000000000000000000 ) ) ;
#6516 = ORIENTED_EDGE ( 'NONE', *, *, #2911, .T. ) ;
#6517 = DIRECTION ( 'NONE',  ( 8.000000000000000622E-15, 1.000000000000000000, -6.356340258014299070E-33 ) ) ;
#6518 = EDGE_CURVE ( 'NONE', #3015, #5564, #600, .T. ) ;
#6519 = EDGE_CURVE ( 'NONE', #5347, #2125, #5307, .T. ) ;
#6520 = ORIENTED_EDGE ( 'NONE', *, *, #3280, .T. ) ;
#6521 = CARTESIAN_POINT ( 'NONE',  ( 43.37286384697349462, 43.04179567509261517, 29.03141741862073744 ) ) ;
#6522 = CYLINDRICAL_SURFACE ( 'NONE', #2425, 0.2107958125779213487 ) ;
#6523 = LINE ( 'NONE', #3692, #3041 ) ;
#6524 = ORIENTED_EDGE ( 'NONE', *, *, #2783, .F. ) ;
#6525 = LINE ( 'NONE', #5761, #1932 ) ;
#6526 = DIRECTION ( 'NONE',  ( -0.6546536707079714246, -0.3779644730092260319, 0.6546536707079835260 ) ) ;
#6527 = DIRECTION ( 'NONE',  ( -1.000000000000000000, 6.938893903907510790E-15, 0.0000000000000000000 ) ) ;
#6528 = CARTESIAN_POINT ( 'NONE',  ( 46.31586384697403247, 50.40259148767076880, 37.62062160604270389 ) ) ;
#6529 = ADVANCED_FACE ( 'NONE', ( #4881 ), #773, .F. ) ;
#6530 = EDGE_CURVE ( 'NONE', #6169, #1906, #917, .T. ) ;
#6531 = ORIENTED_EDGE ( 'NONE', *, *, #1077, .T. ) ;
#6532 = CYLINDRICAL_SURFACE ( 'NONE', #4612, 0.2107958125779213487 ) ;
#6533 = EDGE_CURVE ( 'NONE', #2945, #667, #3008, .T. ) ;
#6534 = CARTESIAN_POINT ( 'NONE',  ( 46.16605090895082952, 46.10259148767039505, 28.19062160604259759 ) ) ;
#6535 = DIRECTION ( 'NONE',  ( -1.000000000000000000, 8.326672684688784494E-15, 8.006416042969842367E-15 ) ) ;
#6536 = LINE ( 'NONE', #245, #5282 ) ;
#6537 = AXIS2_PLACEMENT_3D ( 'NONE', #2879, #6605, #2706 ) ;
#6538 = VERTEX_POINT ( 'NONE', #1760 ) ;
#6539 = EDGE_CURVE ( 'NONE', #368, #6641, #730, .T. ) ;
#6540 = CARTESIAN_POINT ( 'NONE',  ( 42.37286384697353725, 40.75259148767059258, 36.20982579346490127 ) ) ;
#6541 = ORIENTED_EDGE ( 'NONE', *, *, #2030, .F. ) ;
#6542 = FACE_BOUND ( 'NONE', #3100, .T. ) ;
#6543 = CYLINDRICAL_SURFACE ( 'NONE', #3729, 0.3000000000000016542 ) ;
#6544 = CARTESIAN_POINT ( 'NONE',  ( 43.02986384697392452, 46.10259148767041637, 27.62062160604272876 ) ) ;
#6545 = AXIS2_PLACEMENT_3D ( 'NONE', #2417, #3098, #1362 ) ;
#6546 = DIRECTION ( 'NONE',  ( -8.000000000000000622E-15, -1.000000000000000000, 6.401232595164408364E-29 ) ) ;
#6547 = ADVANCED_FACE ( 'NONE', ( #1418 ), #6049, .T. ) ;
#6548 = DIRECTION ( 'NONE',  ( -0.0000000000000000000, -0.0000000000000000000, -1.000000000000000000 ) ) ;
#6549 = CARTESIAN_POINT ( 'NONE',  ( 40.44838490655975249, 42.52831254725705179, 32.83535619666457706 ) ) ;
#6550 = LINE ( 'NONE', #3752, #5694 ) ;
#6551 = DIRECTION ( 'NONE',  ( -7.883749266479334781E-15, -1.433408957541697358E-15, -1.000000000000000000 ) ) ;
#6552 = DIRECTION ( 'NONE',  ( 0.0000000000000000000, 0.0000000000000000000, 1.000000000000000000 ) ) ;
#6553 = DIRECTION ( 'NONE',  ( 1.000000000000000000, -1.387778780781425323E-14, 0.0000000000000000000 ) ) ;
#6554 = ORIENTED_EDGE ( 'NONE', *, *, #4256, .T. ) ;
#6555 = EDGE_CURVE ( 'NONE', #5420, #1551, #4511, .T. ) ;
#6556 = LINE ( 'NONE', #4619, #1503 ) ;
#6557 = PLANE ( 'NONE',  #5107 ) ;
#6558 = EDGE_CURVE ( 'NONE', #1332, #5780, #4931, .T. ) ;
#6559 = CARTESIAN_POINT ( 'NONE',  ( 42.04659917311118278, 40.03839582643702499, 37.62062160604307337 ) ) ;
#6560 = VECTOR ( 'NONE', #395, 1000.000000000000000 ) ;
#6561 = VERTEX_POINT ( 'NONE', #5774 ) ;
#6562 = DIRECTION ( 'NONE',  ( 6.259177045925003127E-15, 0.0000000000000000000, 1.000000000000000000 ) ) ;
#6563 = AXIS2_PLACEMENT_3D ( 'NONE', #3484, #5846, #1653 ) ;
#6564 = AXIS2_PLACEMENT_3D ( 'NONE', #5457, #4699, #1017 ) ;
#6565 = ORIENTED_EDGE ( 'NONE', *, *, #700, .F. ) ;
#6566 = ORIENTED_EDGE ( 'NONE', *, *, #1312, .F. ) ;
#6567 = ORIENTED_EDGE ( 'NONE', *, *, #4774, .T. ) ;
#6568 = ORIENTED_EDGE ( 'NONE', *, *, #6042, .T. ) ;
#6569 = LINE ( 'NONE', #3116, #6118 ) ;
#6570 = VECTOR ( 'NONE', #216, 1000.000000000000000 ) ;
#6571 = FACE_OUTER_BOUND ( 'NONE', #3114, .T. ) ;
#6572 = AXIS2_PLACEMENT_3D ( 'NONE', #3605, #593, #3579 ) ;
#6573 = CYLINDRICAL_SURFACE ( 'NONE', #6458, 1.499999999999994449 ) ;
#6574 = CARTESIAN_POINT ( 'NONE',  ( 48.38432012885203903, 44.35259148767056558, 34.02062160604219088 ) ) ;
#6575 = ORIENTED_EDGE ( 'NONE', *, *, #1457, .T. ) ;
#6576 = AXIS2_PLACEMENT_3D ( 'NONE', #5442, #1614, #3170 ) ;
#6577 = AXIS2_PLACEMENT_3D ( 'NONE', #1006, #5343, #5195 ) ;
#6578 = CIRCLE ( 'NONE', #1412, 1.099999999999996758 ) ;
#6579 = ORIENTED_EDGE ( 'NONE', *, *, #2410, .F. ) ;
#6580 = CARTESIAN_POINT ( 'NONE',  ( 42.67286384697366941, 37.75238908767064316, 30.12062160604271810 ) ) ;
#6581 = ORIENTED_EDGE ( 'NONE', *, *, #613, .F. ) ;
#6582 = LINE ( 'NONE', #129, #404 ) ;
#6583 = FACE_BOUND ( 'NONE', #3212, .T. ) ;
#6584 = VERTEX_POINT ( 'NONE', #442 ) ;
#6585 = EDGE_CURVE ( 'NONE', #6075, #2232, #825, .T. ) ;
#6586 = DIRECTION ( 'NONE',  ( 1.000000000000000000, 0.0000000000000000000, -7.321884208120444821E-15 ) ) ;
#6587 = LINE ( 'NONE', #430, #6870 ) ;
#6588 = DIRECTION ( 'NONE',  ( -5.384979558076334077E-14, 0.0000000000000000000, -1.000000000000000000 ) ) ;
#6589 = ORIENTED_EDGE ( 'NONE', *, *, #1237, .F. ) ;
#6590 = FACE_OUTER_BOUND ( 'NONE', #6087, .T. ) ;
#6591 = DIRECTION ( 'NONE',  ( 0.0000000000000000000, 0.0000000000000000000, 1.000000000000000000 ) ) ;
#6592 = ORIENTED_EDGE ( 'NONE', *, *, #5918, .F. ) ;
#6593 = DIRECTION ( 'NONE',  ( -1.129587379705846507E-14, -1.000000000000000000, 0.0000000000000000000 ) ) ;
#6594 = LINE ( 'NONE', #3617, #5035 ) ;
#6595 = DIRECTION ( 'NONE',  ( -1.000000000000000000, 0.0000000000000000000, 0.0000000000000000000 ) ) ;
#6596 = CARTESIAN_POINT ( 'NONE',  ( 48.38432012885201061, 44.35259148767056558, 31.22062160604216530 ) ) ;
#6597 = CONICAL_SURFACE ( 'NONE', #4176, 1.898893513387879484, 0.01745329251974434698 ) ;
#6598 = CIRCLE ( 'NONE', #3476, 0.2892041874220790953 ) ;
#6599 = EDGE_CURVE ( 'NONE', #3986, #4073, #2022, .T. ) ;
#6600 = CARTESIAN_POINT ( 'NONE',  ( 43.02986384697403821, 50.40259148767076880, 37.74947806369631564 ) ) ;
#6601 = DIRECTION ( 'NONE',  ( -1.000000000000000000, -2.298141435449797094E-16, 0.0000000000000000000 ) ) ;
#6602 = CYLINDRICAL_SURFACE ( 'NONE', #100, 0.5000000000000073275 ) ;
#6603 = CARTESIAN_POINT ( 'NONE',  ( 42.61586384697404384, 50.40259148767076880, 37.74947806369632275 ) ) ;
#6604 = LINE ( 'NONE', #3626, #6155 ) ;
#6605 = DIRECTION ( 'NONE',  ( -1.129587379705846507E-14, -1.000000000000000000, 0.0000000000000000000 ) ) ;
#6606 = EDGE_LOOP ( 'NONE', ( #3255, #2732, #5637, #931 ) ) ;
#6607 = AXIS2_PLACEMENT_3D ( 'NONE', #3305, #3609, #5729 ) ;
#6608 = DIRECTION ( 'NONE',  ( -8.000000000000000622E-15, -1.000000000000000000, 6.401232595164408364E-29 ) ) ;
#6609 = VECTOR ( 'NONE', #3552, 1000.000000000000000 ) ;
#6610 = LINE ( 'NONE', #6603, #3695 ) ;
#6611 = ORIENTED_EDGE ( 'NONE', *, *, #2027, .F. ) ;
#6612 = DIRECTION ( 'NONE',  ( -8.051477574969375703E-15, 2.972059176586179973E-17, -1.000000000000000000 ) ) ;
#6613 = EDGE_CURVE ( 'NONE', #2323, #1186, #6323, .T. ) ;
#6614 = ORIENTED_EDGE ( 'NONE', *, *, #1455, .T. ) ;
#6615 = EDGE_CURVE ( 'NONE', #6496, #2750, #2266, .T. ) ;
#6616 = ORIENTED_EDGE ( 'NONE', *, *, #6404, .T. ) ;
#6617 = EDGE_CURVE ( 'NONE', #5146, #5450, #5758, .T. ) ;
#6618 = CYLINDRICAL_SURFACE ( 'NONE', #6048, 0.2107958125779213487 ) ;
#6619 = ORIENTED_EDGE ( 'NONE', *, *, #5545, .F. ) ;
#6620 = DIRECTION ( 'NONE',  ( 0.0000000000000000000, 0.0000000000000000000, -1.000000000000000000 ) ) ;
#6621 = DIRECTION ( 'NONE',  ( 1.000000000000000000, -8.000000000000000622E-15, 4.611712367288014258E-17 ) ) ;
#6622 = ORIENTED_EDGE ( 'NONE', *, *, #2985, .T. ) ;
#6623 = AXIS2_PLACEMENT_3D ( 'NONE', #4623, #78, #3991 ) ;
#6624 = PLANE ( 'NONE',  #6859 ) ;
#6625 = VERTEX_POINT ( 'NONE', #6044 ) ;
#6626 = ORIENTED_EDGE ( 'NONE', *, *, #462, .F. ) ;
#6627 = EDGE_CURVE ( 'NONE', #3395, #3278, #3731, .T. ) ;
#6628 = AXIS2_PLACEMENT_3D ( 'NONE', #2586, #1339, #1228 ) ;
#6629 = CARTESIAN_POINT ( 'NONE',  ( 43.17967678499713458, 50.40259148767076880, 38.19062160604261180 ) ) ;
#6630 = DIRECTION ( 'NONE',  ( 1.000000000000000000, -0.0000000000000000000, -8.000544671205034319E-15 ) ) ;
#6631 = CARTESIAN_POINT ( 'NONE',  ( 40.43935041996221003, 46.10259148767044479, 39.30162400604254458 ) ) ;
#6632 = VECTOR ( 'NONE', #2026, 1000.000000000000000 ) ;
#6633 = ORIENTED_EDGE ( 'NONE', *, *, #4873, .F. ) ;
#6634 = EDGE_CURVE ( 'NONE', #6485, #5812, #1431, .T. ) ;
#6635 = LINE ( 'NONE', #2747, #3042 ) ;
#6636 = VERTEX_POINT ( 'NONE', #5991 ) ;
#6637 = ORIENTED_EDGE ( 'NONE', *, *, #633, .T. ) ;
#6638 = LINE ( 'NONE', #753, #3880 ) ;
#6639 = PLANE ( 'NONE',  #4214 ) ;
#6640 = DIRECTION ( 'NONE',  ( -1.000000000000000000, 8.326672684688784494E-15, 8.006416042969842367E-15 ) ) ;
#6641 = VERTEX_POINT ( 'NONE', #1379 ) ;
#6642 = DIRECTION ( 'NONE',  ( -1.000000000000000000, 0.0000000000000000000, 5.384979558076334077E-14 ) ) ;
#6643 = CARTESIAN_POINT ( 'NONE',  ( 40.42286384697391810, 39.60259148767028847, 33.87062160604238414 ) ) ;
#6644 = VECTOR ( 'NONE', #3657, 1000.000000000000000 ) ;
#6645 = VECTOR ( 'NONE', #4806, 1000.000000000000000 ) ;
#6646 = VERTEX_POINT ( 'NONE', #2496 ) ;
#6647 = ORIENTED_EDGE ( 'NONE', *, *, #359, .T. ) ;
#6648 = ORIENTED_EDGE ( 'NONE', *, *, #3989, .F. ) ;
#6649 = VERTEX_POINT ( 'NONE', #2429 ) ;
#6650 = ORIENTED_EDGE ( 'NONE', *, *, #697, .F. ) ;
#6651 = CARTESIAN_POINT ( 'NONE',  ( 48.38432012885201061, 44.35259148767056558, 31.22062160604216530 ) ) ;
#6652 = VERTEX_POINT ( 'NONE', #3463 ) ;
#6653 = CYLINDRICAL_SURFACE ( 'NONE', #3055, 2.000000000000001776 ) ;
#6654 = LINE ( 'NONE', #5959, #322 ) ;
#6655 = DIRECTION ( 'NONE',  ( -1.000000000000000000, 1.110223024625177997E-14, 8.006416042969892854E-15 ) ) ;
#6656 = CARTESIAN_POINT ( 'NONE',  ( 40.43134332874677739, 42.53235625833988109, 32.41572597495831332 ) ) ;
#6657 = LINE ( 'NONE', #52, #1859 ) ;
#6658 = AXIS2_PLACEMENT_3D ( 'NONE', #4367, #456, #3459 ) ;
#6659 = LINE ( 'NONE', #4203, #6666 ) ;
#6660 = CARTESIAN_POINT ( 'NONE',  ( 44.67286384697375468, 49.59281151165637169, 30.12062160604270389 ) ) ;
#6661 = ORIENTED_EDGE ( 'NONE', *, *, #2027, .T. ) ;
#6662 = VERTEX_POINT ( 'NONE', #2590 ) ;
#6663 = DIRECTION ( 'NONE',  ( -2.298141435449797094E-16, 1.000000000000000000, 6.123233995743353024E-17 ) ) ;
#6664 = CARTESIAN_POINT ( 'NONE',  ( 45.17286384697348467, 39.80259148767052579, 30.12062160604262573 ) ) ;
#6665 = LINE ( 'NONE', #6045, #2558 ) ;
#6666 = VECTOR ( 'NONE', #1427, 1000.000000000000114 ) ;
#6667 = AXIS2_PLACEMENT_3D ( 'NONE', #4838, #3613, #934 ) ;
#6668 = VERTEX_POINT ( 'NONE', #5085 ) ;
#6669 = ORIENTED_EDGE ( 'NONE', *, *, #4089, .T. ) ;
#6670 = VERTEX_POINT ( 'NONE', #3450 ) ;
#6671 = EDGE_CURVE ( 'NONE', #1447, #759, #4200, .T. ) ;
#6672 = ORIENTED_EDGE ( 'NONE', *, *, #1011, .T. ) ;
#6673 = CARTESIAN_POINT ( 'NONE',  ( 42.37286384697350172, 40.96338730024851316, 31.42062160604282184 ) ) ;
#6674 = ORIENTED_EDGE ( 'NONE', *, *, #6176, .T. ) ;
#6675 = LINE ( 'NONE', #1413, #2159 ) ;
#6676 = CARTESIAN_POINT ( 'NONE',  ( 42.36770755987890880, 41.22639938744485733, 37.62062160604307337 ) ) ;
#6677 = DIRECTION ( 'NONE',  ( -0.6435627400803137776, 0.0000000000000000000, -0.7653933626445413863 ) ) ;
#6678 = EDGE_CURVE ( 'NONE', #2221, #5728, #2744, .T. ) ;
#6679 = VERTEX_POINT ( 'NONE', #882 ) ;
#6680 = ADVANCED_FACE ( 'NONE', ( #1673 ), #5032, .F. ) ;
#6681 = DIRECTION ( 'NONE',  ( 8.000000000000002199E-15, 1.000000000000000000, -6.445566263048029933E-29 ) ) ;
#6682 = DIRECTION ( 'NONE',  ( 1.061106096092780133E-15, 1.000000000000000000, 5.549882527961369154E-29 ) ) ;
#6683 = CIRCLE ( 'NONE', #3962, 1.099999999999989875 ) ;
#6684 = LINE ( 'NONE', #2177, #4396 ) ;
#6685 = DIRECTION ( 'NONE',  ( 1.000000000000000000, 2.298141435449797094E-16, -8.000000000000000622E-15 ) ) ;
#6686 = ORIENTED_EDGE ( 'NONE', *, *, #3686, .F. ) ;
#6687 = DIRECTION ( 'NONE',  ( 0.7071067811865351382, 6.235155852427578713E-16, -0.7071067811865598962 ) ) ;
#6688 = CARTESIAN_POINT ( 'NONE',  ( 43.03915336522035062, 49.80360732423429226, 30.47062160604272307 ) ) ;
#6689 = CC_DESIGN_PERSON_AND_ORGANIZATION_ASSIGNMENT ( #1915, #1580, ( #2508 ) ) ;
#6690 = CARTESIAN_POINT ( 'NONE',  ( 46.16605090895085084, 50.30259148767039790, 27.92765156762959933 ) ) ;
#6691 = DIRECTION ( 'NONE',  ( -1.000000000000000000, 6.938893903907510790E-15, 0.0000000000000000000 ) ) ;
#6692 = ADVANCED_FACE ( 'NONE', ( #2162 ), #4761, .T. ) ;
#6693 = EDGE_CURVE ( 'NONE', #6649, #634, #416, .T. ) ;
#6694 = DIRECTION ( 'NONE',  ( -8.006416042969820279E-15, 2.668805347656606760E-15, -1.000000000000000000 ) ) ;
#6695 = ORIENTED_EDGE ( 'NONE', *, *, #1277, .F. ) ;
#6696 = DIRECTION ( 'NONE',  ( 1.027220243219862112E-14, 1.000000000000000000, -2.814209271209191318E-29 ) ) ;
#6697 = DIRECTION ( 'NONE',  ( -8.000000000000000622E-15, 1.232595164407829988E-32, -1.000000000000000000 ) ) ;
#6698 = CARTESIAN_POINT ( 'NONE',  ( 40.92286384697396784, 42.29179567509275728, 37.62062160604307337 ) ) ;
#6699 = CC_DESIGN_DATE_AND_TIME_ASSIGNMENT ( #4820, #2557, ( #3121 ) ) ;
#6700 = CARTESIAN_POINT ( 'NONE',  ( 46.72986384697393447, 50.40259148767039221, 27.62062160604269678 ) ) ;
#6701 = DIRECTION ( 'NONE',  ( -1.000000000000000000, 8.000000000000000622E-15, 8.000000000000000622E-15 ) ) ;
#6702 = ADVANCED_FACE ( 'NONE', ( #1585 ), #5332, .T. ) ;
#6703 = ADVANCED_FACE ( 'NONE', ( #4686 ), #3559, .T. ) ;
#6704 = LINE ( 'NONE', #5639, #3725 ) ;
#6705 = DIRECTION ( 'NONE',  ( 0.6435627400803348719, -5.148501920642630933E-15, 0.7653933626445236227 ) ) ;
#6706 = DIRECTION ( 'NONE',  ( 1.000000000000000000, -8.000000000000000622E-15, 4.611712367288014258E-17 ) ) ;
#6707 = CIRCLE ( 'NONE', #5614, 1.895384768912773632 ) ;
#6708 = ORIENTED_EDGE ( 'NONE', *, *, #3344, .T. ) ;
#6709 = DIRECTION ( 'NONE',  ( 0.7653933626445413863, 0.0000000000000000000, -0.6435627400803137776 ) ) ;
#6710 = PLANE ( 'NONE',  #2326 ) ;
#6711 = EDGE_LOOP ( 'NONE', ( #2713, #6788, #5354, #1534 ) ) ;
#6712 = EDGE_CURVE ( 'NONE', #6561, #3677, #945, .T. ) ;
#6713 = AXIS2_PLACEMENT_3D ( 'NONE', #4779, #2431, #2803 ) ;
#6714 = VECTOR ( 'NONE', #791, 1000.000000000000000 ) ;
#6715 = AXIS2_PLACEMENT_3D ( 'NONE', #670, #6798, #5194 ) ;
#6716 = ORIENTED_EDGE ( 'NONE', *, *, #1750, .T. ) ;
#6717 = DIRECTION ( 'NONE',  ( 1.000000000000000000, -1.387778780781425323E-14, 0.0000000000000000000 ) ) ;
#6718 = CARTESIAN_POINT ( 'NONE',  ( 40.50739379315420763, 42.51657667268966634, 27.92062160607411414 ) ) ;
#6719 = ADVANCED_FACE ( 'NONE', ( #1816 ), #1722, .F. ) ;
#6720 = ORIENTED_EDGE ( 'NONE', *, *, #4575, .T. ) ;
#6721 = PLANE ( 'NONE',  #745 ) ;
#6722 = ORIENTED_EDGE ( 'NONE', *, *, #700, .T. ) ;
#6723 = CONICAL_SURFACE ( 'NONE', #1555, 0.6535898384970317831, 1.047197551251394243 ) ;
#6724 = LINE ( 'NONE', #2696, #6421 ) ;
#6725 = CARTESIAN_POINT ( 'NONE',  ( 39.67286384697386126, 39.29601287482820737, 38.54117583289283999 ) ) ;
#6726 = DIRECTION ( 'NONE',  ( 8.000000000000000622E-15, 1.000000000000000000, 7.889841647374520280E-29 ) ) ;
#6727 = AXIS2_PLACEMENT_3D ( 'NONE', #1070, #2254, #4240 ) ;
#6728 = ORIENTED_EDGE ( 'NONE', *, *, #2312, .T. ) ;
#6729 = EDGE_LOOP ( 'NONE', ( #3411, #5434, #1739, #3891, #4195, #5684, #5560, #5547 ) ) ;
#6730 = DIRECTION ( 'NONE',  ( 5.384979558076334077E-14, 0.0000000000000000000, 1.000000000000000000 ) ) ;
#6731 = EDGE_LOOP ( 'NONE', ( #2877, #3471 ) ) ;
#6732 = EDGE_CURVE ( 'NONE', #297, #5837, #1533, .T. ) ;
#6733 = CIRCLE ( 'NONE', #4231, 0.2107958125779213487 ) ;
#6734 = EDGE_CURVE ( 'NONE', #2563, #1120, #3955, .T. ) ;
#6735 = VERTEX_POINT ( 'NONE', #3635 ) ;
#6736 = EDGE_CURVE ( 'NONE', #6193, #3243, #3863, .T. ) ;
#6737 = ORIENTED_EDGE ( 'NONE', *, *, #1612, .F. ) ;
#6738 = FACE_OUTER_BOUND ( 'NONE', #356, .T. ) ;
#6739 = CARTESIAN_POINT ( 'NONE',  ( 46.36217128026566314, 49.80360732423507386, 34.77062160604268826 ) ) ;
#6740 = DIRECTION ( 'NONE',  ( 1.000000000000000000, 0.0000000000000000000, -7.321884208124278685E-15 ) ) ;
#6741 = ORIENTED_EDGE ( 'NONE', *, *, #3566, .F. ) ;
#6742 = DIRECTION ( 'NONE',  ( 0.0000000000000000000, 1.000000000000000000, 0.0000000000000000000 ) ) ;
#6743 = ORIENTED_EDGE ( 'NONE', *, *, #1514, .T. ) ;
#6744 = CARTESIAN_POINT ( 'NONE',  ( 42.81007469566721113, 48.80360732422017378, 35.47062160604272663 ) ) ;
#6745 = ORIENTED_EDGE ( 'NONE', *, *, #5165, .T. ) ;
#6746 = CIRCLE ( 'NONE', #283, 0.6535898384970386665 ) ;
#6747 = ORIENTED_EDGE ( 'NONE', *, *, #3686, .T. ) ;
#6748 = CARTESIAN_POINT ( 'NONE',  ( 47.38833441211302500, 50.40259148767038511, 36.30865435803248431 ) ) ;
#6749 = CARTESIAN_POINT ( 'NONE',  ( 45.02286392053759556, 48.80360732423427805, 33.66202640911340183 ) ) ;
#6750 = CARTESIAN_POINT ( 'NONE',  ( 40.42286384697386836, 39.45618132615674511, 28.12062160604256533 ) ) ;
#6751 = CARTESIAN_POINT ( 'NONE',  ( 44.32286377797748855, 48.80360732423427805, 30.47062160604270531 ) ) ;
#6752 = CYLINDRICAL_SURFACE ( 'NONE', #2370, 0.2107958125779213487 ) ;
#6753 = DIRECTION ( 'NONE',  ( 0.0000000000000000000, 0.0000000000000000000, 1.000000000000000000 ) ) ;
#6754 = ORIENTED_EDGE ( 'NONE', *, *, #5352, .F. ) ;
#6755 = EDGE_CURVE ( 'NONE', #3340, #1784, #1619, .T. ) ;
#6756 = CARTESIAN_POINT ( 'NONE',  ( 48.65444616283838286, 42.15259148767059116, 31.22062160604216174 ) ) ;
#6757 = DIRECTION ( 'NONE',  ( -0.0000000000000000000, -1.000000000000000000, -0.0000000000000000000 ) ) ;
#6758 = DIRECTION ( 'NONE',  ( -1.000000000000000000, 0.0000000000000000000, 0.0000000000000000000 ) ) ;
#6759 = DIRECTION ( 'NONE',  ( 1.000000000000000000, -1.164414226397770362E-15, -8.000000000000000622E-15 ) ) ;
#6760 = VERTEX_POINT ( 'NONE', #2485 ) ;
#6761 = CYLINDRICAL_SURFACE ( 'NONE', #5575, 1.499999999999994449 ) ;
#6762 = DIRECTION ( 'NONE',  ( 8.000000000000000622E-15, 0.0000000000000000000, 1.000000000000000000 ) ) ;
#6763 = ADVANCED_FACE ( 'NONE', ( #598 ), #1272, .T. ) ;
#6764 = EDGE_LOOP ( 'NONE', ( #1721, #4880, #5707, #5317 ) ) ;
#6765 = CIRCLE ( 'NONE', #2814, 1.881544943242302592 ) ;
#6766 = ORIENTED_EDGE ( 'NONE', *, *, #82, .T. ) ;
#6767 = AXIS2_PLACEMENT_3D ( 'NONE', #6855, #3811, #5252 ) ;
#6768 = CARTESIAN_POINT ( 'NONE',  ( 44.67286384697347046, 35.71338730024852026, 35.12062160604252625 ) ) ;
#6769 = VERTEX_POINT ( 'NONE', #5499 ) ;
#6770 = EDGE_CURVE ( 'NONE', #1963, #5341, #2454, .T. ) ;
#6771 = DIRECTION ( 'NONE',  ( 0.7653933626445413863, 0.0000000000000000000, -0.6435627400803137776 ) ) ;
#6772 = VECTOR ( 'NONE', #2471, 1000.000000000000000 ) ;
#6773 = ORIENTED_EDGE ( 'NONE', *, *, #3661, .T. ) ;
#6774 = EDGE_CURVE ( 'NONE', #2801, #1227, #3622, .T. ) ;
#6775 = DIRECTION ( 'NONE',  ( 1.000000000000000000, 0.0000000000000000000, 0.0000000000000000000 ) ) ;
#6776 = EDGE_LOOP ( 'NONE', ( #5572, #6107, #4131, #3774 ) ) ;
#6777 = CARTESIAN_POINT ( 'NONE',  ( 44.67286384697342783, 35.71338730024853447, 30.12062160604262573 ) ) ;
#6778 = CARTESIAN_POINT ( 'NONE',  ( 43.37286384697349462, 40.75259148767058548, 31.20982579346489771 ) ) ;
#6779 = CARTESIAN_POINT ( 'NONE',  ( 40.76927400848777694, 39.80259148767062527, 42.12062160604232730 ) ) ;
#6780 = FACE_OUTER_BOUND ( 'NONE', #5770, .T. ) ;
#6781 = VERTEX_POINT ( 'NONE', #3364 ) ;
#6782 = CIRCLE ( 'NONE', #6667, 0.2107958125779213487 ) ;
#6783 = CARTESIAN_POINT ( 'NONE',  ( 42.36770755987890880, 41.22639938744485733, 37.52062160604316432 ) ) ;
#6784 = CARTESIAN_POINT ( 'NONE',  ( 43.37286384697350883, 40.96338730024851316, 34.03141741862072678 ) ) ;
#6785 = CARTESIAN_POINT ( 'NONE',  ( 42.37286384697354436, 39.80259148767056132, 37.12062160604303074 ) ) ;
#6786 = CARTESIAN_POINT ( 'NONE',  ( 42.37286384697347330, 39.80259148767055422, 28.12062160604222782 ) ) ;
#6787 = DIRECTION ( 'NONE',  ( 9.034039619130394877E-16, 1.000000000000000000, 5.676044235305161374E-29 ) ) ;
#6788 = ORIENTED_EDGE ( 'NONE', *, *, #5933, .F. ) ;
#6789 = EDGE_CURVE ( 'NONE', #2743, #3586, #1472, .T. ) ;
#6790 = VECTOR ( 'NONE', #1387, 1000.000000000000000 ) ;
#6791 = ORIENTED_EDGE ( 'NONE', *, *, #5817, .F. ) ;
#6792 = VECTOR ( 'NONE', #1454, 1000.000000000000000 ) ;
#6793 = CARTESIAN_POINT ( 'NONE',  ( 44.67286384697392521, 39.80259148767053290, 35.12062160604230598 ) ) ;
#6794 = VERTEX_POINT ( 'NONE', #686 ) ;
#6795 = ADVANCED_FACE ( 'NONE', ( #6571 ), #5492, .T. ) ;
#6796 = VERTEX_POINT ( 'NONE', #370 ) ;
#6797 = ORIENTED_EDGE ( 'NONE', *, *, #819, .T. ) ;
#6798 = DIRECTION ( 'NONE',  ( -1.129587379705850136E-14, -1.000000000000000000, 0.0000000000000000000 ) ) ;
#6799 = DIRECTION ( 'NONE',  ( -1.000000000000000000, 2.096737068845737267E-14, -0.0000000000000000000 ) ) ;
#6800 = AXIS2_PLACEMENT_3D ( 'NONE', #2006, #6451, #68 ) ;
#6801 = ORIENTED_EDGE ( 'NONE', *, *, #3870, .T. ) ;
#6802 = CARTESIAN_POINT ( 'NONE',  ( 46.09432400481627212, 49.80360732423429226, 30.47062160604269820 ) ) ;
#6803 = ORIENTED_EDGE ( 'NONE', *, *, #1011, .F. ) ;
#6804 = AXIS2_PLACEMENT_3D ( 'NONE', #1622, #522, #5529 ) ;
#6805 = ORIENTED_EDGE ( 'NONE', *, *, #6072, .T. ) ;
#6806 = DIRECTION ( 'NONE',  ( 1.000000000000000000, -8.000000000000000622E-15, 4.611712367288014258E-17 ) ) ;
#6807 = VECTOR ( 'NONE', #4489, 1000.000000000000000 ) ;
#6808 = CARTESIAN_POINT ( 'NONE',  ( 42.04659917311118278, 39.82760001385910442, 37.52062160604316432 ) ) ;
#6809 = CARTESIAN_POINT ( 'NONE',  ( 46.16605090895086505, 50.40259148767039221, 28.19062160604259759 ) ) ;
#6810 = VECTOR ( 'NONE', #2788, 1000.000000000000000 ) ;
#6811 = CARTESIAN_POINT ( 'NONE',  ( 47.14155940185079885, 48.80360732423428516, 35.47062160604269110 ) ) ;
#6812 = EDGE_LOOP ( 'NONE', ( #177, #1607, #1661, #5598, #6352, #189 ) ) ;
#6813 = CARTESIAN_POINT ( 'NONE',  ( 56.01027310670626491, 48.60198641974625389, 20.78321234630949021 ) ) ;
#6814 = EDGE_CURVE ( 'NONE', #1332, #5109, #5276, .T. ) ;
#6815 = VECTOR ( 'NONE', #3331, 1000.000000000000000 ) ;
#6816 = CARTESIAN_POINT ( 'NONE',  ( 45.02286377797751271, 49.80360732423428516, 36.57921685274974521 ) ) ;
#6817 = ADVANCED_FACE ( 'NONE', ( #2332 ), #897, .F. ) ;
#6818 = DIRECTION ( 'NONE',  ( 0.0000000000000000000, 0.0000000000000000000, 1.000000000000000000 ) ) ;
#6819 = FACE_OUTER_BOUND ( 'NONE', #219, .T. ) ;
#6820 = DIRECTION ( 'NONE',  ( 8.006416042969862877E-15, -2.668805347656620959E-15, 1.000000000000000000 ) ) ;
#6821 = ORIENTED_EDGE ( 'NONE', *, *, #1724, .F. ) ;
#6822 = CARTESIAN_POINT ( 'NONE',  ( 44.67286384697376889, 48.80360732423427805, 30.12062160604270389 ) ) ;
#6823 = VERTEX_POINT ( 'NONE', #2782 ) ;
#6824 = B_SPLINE_CURVE_WITH_KNOTS ( 'NONE', 3,
 ( #122, #382, #466, #2350 ),
 .UNSPECIFIED., .F., .F.,
 ( 4, 4 ),
 ( 0.0000000000000000000, 0.0002924640927180735452 ),
 .UNSPECIFIED. ) ;
#6825 = AXIS2_PLACEMENT_3D ( 'NONE', #3349, #4484, #506 ) ;
#6826 = EDGE_CURVE ( 'NONE', #2801, #6008, #3602, .T. ) ;
#6827 = ORIENTED_EDGE ( 'NONE', *, *, #4523, .T. ) ;
#6828 = EDGE_CURVE ( 'NONE', #5971, #2563, #1335, .T. ) ;
#6829 = DIRECTION ( 'NONE',  ( -1.000000000000000000, 8.000000000000000622E-15, -8.817841970012501240E-16 ) ) ;
#6830 = CARTESIAN_POINT ( 'NONE',  ( 42.46605090895083379, 46.10259148767076454, 38.19062160604261891 ) ) ;
#6831 = ORIENTED_EDGE ( 'NONE', *, *, #3286, .T. ) ;
#6832 = FACE_OUTER_BOUND ( 'NONE', #3616, .T. ) ;
#6833 = PLANE ( 'NONE',  #4706 ) ;
#6834 = AXIS2_PLACEMENT_3D ( 'NONE', #6497, #854, #1486 ) ;
#6835 = DIRECTION ( 'NONE',  ( 1.000000000000000000, -1.027220243219864006E-14, -8.000000000000010088E-15 ) ) ;
#6836 = DIRECTION ( 'NONE',  ( 6.415001721268519099E-15, 0.0000000000000000000, 1.000000000000000000 ) ) ;
#6837 = AXIS2_PLACEMENT_3D ( 'NONE', #2008, #3289, #1062 ) ;
#6838 = VERTEX_POINT ( 'NONE', #3480 ) ;
#6839 = DIRECTION ( 'NONE',  ( 8.000000000000000622E-15, 1.000000000000000000, -6.401232595164408364E-29 ) ) ;
#6840 = DIRECTION ( 'NONE',  ( 0.0000000000000000000, 0.0000000000000000000, 1.000000000000000000 ) ) ;
#6841 = VERTEX_POINT ( 'NONE', #4600 ) ;
#6842 = VECTOR ( 'NONE', #3466, 1000.000000000000000 ) ;
#6843 = ORIENTED_EDGE ( 'NONE', *, *, #1237, .T. ) ;
#6844 = EDGE_CURVE ( 'NONE', #5837, #207, #6080, .T. ) ;
#6845 = EDGE_CURVE ( 'NONE', #417, #2062, #6354, .T. ) ;
#6846 = DIRECTION ( 'NONE',  ( -2.298141435449797094E-16, 1.000000000000000000, 6.123233995743351792E-17 ) ) ;
#6847 = VERTEX_POINT ( 'NONE', #179 ) ;
#6848 = EDGE_CURVE ( 'NONE', #1078, #443, #6578, .T. ) ;
#6849 = AXIS2_PLACEMENT_3D ( 'NONE', #3270, #6452, #6447 ) ;
#6850 = CIRCLE ( 'NONE', #6727, 1.099999999999989875 ) ;
#6852 = LINE ( 'NONE', #4463, #1964 ) ;
#6851 = AXIS2_PLACEMENT_3D ( 'NONE', #2710, #1683, #80 ) ;
#6853 = DIRECTION ( 'NONE',  ( -1.000000000000000000, 0.0000000000000000000, 6.938893903907222067E-15 ) ) ;
#6854 = LINE ( 'NONE', #2978, #4143 ) ;
#6855 = CARTESIAN_POINT ( 'NONE',  ( 44.67286384697352020, 39.80259148767053290, 35.12062160604252625 ) ) ;
#6856 = ORIENTED_EDGE ( 'NONE', *, *, #6848, .F. ) ;
#6857 = VECTOR ( 'NONE', #6663, 1000.000000000000000 ) ;
#6858 = VERTEX_POINT ( 'NONE', #29 ) ;
#6859 = AXIS2_PLACEMENT_3D ( 'NONE', #3264, #6250, #3646 ) ;
#6860 = FACE_OUTER_BOUND ( 'NONE', #4352, .T. ) ;
#6861 = EDGE_CURVE ( 'NONE', #1027, #1332, #110, .T. ) ;
#6862 = ORIENTED_EDGE ( 'NONE', *, *, #1131, .T. ) ;
#6863 = CARTESIAN_POINT ( 'NONE',  ( 40.42286384697393942, 39.00279148767105397, 37.22062160604274084 ) ) ;
#6864 = DIRECTION ( 'NONE',  ( -1.000000000000000000, 8.000000000000000622E-15, 8.000000000000000622E-15 ) ) ;
#6865 = DIRECTION ( 'NONE',  ( 0.0000000000000000000, 0.0000000000000000000, 1.000000000000000000 ) ) ;
#6866 = EDGE_CURVE ( 'NONE', #3318, #6192, #2564, .T. ) ;
#6867 = ORIENTED_EDGE ( 'NONE', *, *, #1172, .T. ) ;
#6868 = ADVANCED_FACE ( 'NONE', ( #496 ), #3710, .F. ) ;
#6869 = ADVANCED_FACE ( 'NONE', ( #1012 ), #513, .F. ) ;
#6870 = VECTOR ( 'NONE', #4344, 1000.000000000000000 ) ;
#6871 = DIRECTION ( 'NONE',  ( 2.218993185817606613E-16, -1.000000000000000000, 1.370316553096936154E-15 ) ) ;
#6872 = FACE_OUTER_BOUND ( 'NONE', #3206, .T. ) ;
ENDSEC;
END-ISO-10303-21;
