ISO-10303-21;
HEADER;
FILE_DESCRIPTION (( 'STEP AP214' ),
    '1' );
FILE_NAME ('MSS1048.STEP',
    '2010-08-11T20:12:41',
    ( '' ),
    ( '' ),
    'SwSTEP 2.0',
    'SolidWorks 2009',
    '' );
FILE_SCHEMA (( 'AUTOMOTIVE_DESIGN' ));
ENDSEC;

DATA;
#1 = ORIENTED_EDGE ( 'NONE', *, *, #346, .F. ) ;
#2 = ADVANCED_FACE ( 'NONE', ( #1078 ), #1062, .T. ) ;
#3 = ORIENTED_EDGE ( 'NONE', *, *, #87, .F. ) ;
#4 = EDGE_LOOP ( 'NONE', ( #1, #3, #50, #53 ) ) ;
#5 = ORIENTED_EDGE ( 'NONE', *, *, #23, .T. ) ;
#6 = ORIENTED_EDGE ( 'NONE', *, *, #29, .F. ) ;
#7 = ORIENTED_EDGE ( 'NONE', *, *, #39, .F. ) ;
#8 = VERTEX_POINT ( 'NONE', #1057 ) ;
#9 = VERTEX_POINT ( 'NONE', #1056 ) ;
#10 = ORIENTED_EDGE ( 'NONE', *, *, #11, .T. ) ;
#11 = EDGE_CURVE ( 'NONE', #9, #288, #1054, .T. ) ;
#12 = ADVANCED_FACE ( 'NONE', ( #1050 ), #995, .T. ) ;
#13 = EDGE_LOOP ( 'NONE', ( #21, #6, #7, #58, #59, #60, #61 ) ) ;
#14 = ORIENTED_EDGE ( 'NONE', *, *, #105, .T. ) ;
#15 = ORIENTED_EDGE ( 'NONE', *, *, #17, .T. ) ;
#16 = ORIENTED_EDGE ( 'NONE', *, *, #885, .F. ) ;
#17 = EDGE_CURVE ( 'NONE', #8, #440, #989, .T. ) ;
#18 = ADVANCED_FACE ( 'NONE', ( #985 ), #922, .T. ) ;
#19 = ADVANCED_FACE ( 'NONE', ( #920 ), #901, .T. ) ;
#20 = ADVANCED_FACE ( 'NONE', ( #899 ), #926, .F. ) ;
#21 = ORIENTED_EDGE ( 'NONE', *, *, #335, .F. ) ;
#22 = EDGE_CURVE ( 'NONE', #49, #883, #1136, .T. ) ;
#23 = EDGE_CURVE ( 'NONE', #40, #776, #1132, .T. ) ;
#24 = ADVANCED_FACE ( 'NONE', ( #1127 ), #3659, .T. ) ;
#25 = EDGE_LOOP ( 'NONE', ( #31, #42, #45, #104 ) ) ;
#26 = ORIENTED_EDGE ( 'NONE', *, *, #22, .F. ) ;
#27 = ORIENTED_EDGE ( 'NONE', *, *, #56, .T. ) ;
#28 = ORIENTED_EDGE ( 'NONE', *, *, #29, .T. ) ;
#29 = EDGE_CURVE ( 'NONE', #40, #321, #3672, .T. ) ;
#30 = ORIENTED_EDGE ( 'NONE', *, *, #395, .T. ) ;
#31 = ORIENTED_EDGE ( 'NONE', *, *, #350, .F. ) ;
#32 = EDGE_LOOP ( 'NONE', ( #33, #34, #35, #83 ) ) ;
#33 = ORIENTED_EDGE ( 'NONE', *, *, #343, .F. ) ;
#34 = ORIENTED_EDGE ( 'NONE', *, *, #11, .F. ) ;
#35 = ORIENTED_EDGE ( 'NONE', *, *, #36, .T. ) ;
#36 = EDGE_CURVE ( 'NONE', #9, #37, #3665, .T. ) ;
#37 = VERTEX_POINT ( 'NONE', #3666 ) ;
#38 = ORIENTED_EDGE ( 'NONE', *, *, #39, .T. ) ;
#39 = EDGE_CURVE ( 'NONE', #49, #40, #3607, .T. ) ;
#40 = VERTEX_POINT ( 'NONE', #3603 ) ;
#41 = EDGE_LOOP ( 'NONE', ( #48, #79, #14, #94 ) ) ;
#42 = ORIENTED_EDGE ( 'NONE', *, *, #43, .F. ) ;
#43 = EDGE_CURVE ( 'NONE', #44, #894, #3611, .T. ) ;
#44 = VERTEX_POINT ( 'NONE', #3625 ) ;
#45 = ORIENTED_EDGE ( 'NONE', *, *, #46, .T. ) ;
#46 = EDGE_CURVE ( 'NONE', #44, #47, #3626, .T. ) ;
#47 = VERTEX_POINT ( 'NONE', #3646 ) ;
#48 = ORIENTED_EDGE ( 'NONE', *, *, #442, .F. ) ;
#49 = VERTEX_POINT ( 'NONE', #3638 ) ;
#50 = ORIENTED_EDGE ( 'NONE', *, *, #51, .T. ) ;
#51 = EDGE_CURVE ( 'NONE', #47, #52, #3624, .T. ) ;
#52 = VERTEX_POINT ( 'NONE', #3627 ) ;
#53 = ORIENTED_EDGE ( 'NONE', *, *, #54, .T. ) ;
#54 = EDGE_CURVE ( 'NONE', #52, #289, #3618, .T. ) ;
#55 = ORIENTED_EDGE ( 'NONE', *, *, #23, .F. ) ;
#56 = EDGE_CURVE ( 'NONE', #330, #8, #3641, .T. ) ;
#57 = EDGE_LOOP ( 'NONE', ( #16, #26, #38, #5 ) ) ;
#58 = ORIENTED_EDGE ( 'NONE', *, *, #105, .F. ) ;
#59 = ORIENTED_EDGE ( 'NONE', *, *, #56, .F. ) ;
#60 = ORIENTED_EDGE ( 'NONE', *, *, #381, .F. ) ;
#61 = ORIENTED_EDGE ( 'NONE', *, *, #294, .F. ) ;
#62 = ORIENTED_EDGE ( 'NONE', *, *, #659, .F. ) ;
#63 = ADVANCED_FACE ( 'NONE', ( #3636 ), #3655, .T. ) ;
#64 = EDGE_CURVE ( 'NONE', #119, #95, #3686, .T. ) ;
#65 = ORIENTED_EDGE ( 'NONE', *, *, #144, .T. ) ;
#66 = EDGE_LOOP ( 'NONE', ( #67, #93, #135, #65 ) ) ;
#67 = ORIENTED_EDGE ( 'NONE', *, *, #280, .F. ) ;
#68 = EDGE_CURVE ( 'NONE', #95, #893, #3685, .T. ) ;
#69 = EDGE_LOOP ( 'NONE', ( #62, #55, #28, #30 ) ) ;
#70 = ADVANCED_FACE ( 'NONE', ( #3674 ), #3693, .T. ) ;
#71 = EDGE_LOOP ( 'NONE', ( #101, #102, #103, #98 ) ) ;
#72 = ORIENTED_EDGE ( 'NONE', *, *, #43, .T. ) ;
#73 = ORIENTED_EDGE ( 'NONE', *, *, #118, .F. ) ;
#74 = ORIENTED_EDGE ( 'NONE', *, *, #881, .F. ) ;
#75 = ORIENTED_EDGE ( 'NONE', *, *, #99, .F. ) ;
#76 = ORIENTED_EDGE ( 'NONE', *, *, #77, .T. ) ;
#77 = EDGE_CURVE ( 'NONE', #89, #78, #3713, .T. ) ;
#78 = VERTEX_POINT ( 'NONE', #3702 ) ;
#79 = ORIENTED_EDGE ( 'NONE', *, *, #17, .F. ) ;
#80 = ORIENTED_EDGE ( 'NONE', *, *, #81, .T. ) ;
#81 = EDGE_CURVE ( 'NONE', #52, #9, #3704, .T. ) ;
#82 = ADVANCED_FACE ( 'NONE', ( #3699 ), #3731, .T. ) ;
#83 = ORIENTED_EDGE ( 'NONE', *, *, #116, .T. ) ;
#84 = ORIENTED_EDGE ( 'NONE', *, *, #85, .T. ) ;
#85 = EDGE_CURVE ( 'NONE', #127, #86, #3711, .T. ) ;
#86 = VERTEX_POINT ( 'NONE', #3706 ) ;
#87 = EDGE_CURVE ( 'NONE', #47, #344, #3728, .T. ) ;
#88 = EDGE_CURVE ( 'NONE', #86, #89, #3738, .T. ) ;
#89 = VERTEX_POINT ( 'NONE', #3758 ) ;
#90 = ORIENTED_EDGE ( 'NONE', *, *, #36, .F. ) ;
#91 = ORIENTED_EDGE ( 'NONE', *, *, #144, .F. ) ;
#92 = ADVANCED_FACE ( 'NONE', ( #3748 ), #3753, .T. ) ;
#93 = ORIENTED_EDGE ( 'NONE', *, *, #116, .F. ) ;
#94 = ORIENTED_EDGE ( 'NONE', *, *, #22, .T. ) ;
#95 = VERTEX_POINT ( 'NONE', #3764 ) ;
#96 = ORIENTED_EDGE ( 'NONE', *, *, #68, .T. ) ;
#97 = EDGE_LOOP ( 'NONE', ( #145, #146, #168, #72 ) ) ;
#98 = ORIENTED_EDGE ( 'NONE', *, *, #99, .T. ) ;
#99 = EDGE_CURVE ( 'NONE', #89, #797, #3785, .T. ) ;
#100 = ORIENTED_EDGE ( 'NONE', *, *, #64, .T. ) ;
#101 = ORIENTED_EDGE ( 'NONE', *, *, #796, .F. ) ;
#102 = ORIENTED_EDGE ( 'NONE', *, *, #115, .F. ) ;
#103 = ORIENTED_EDGE ( 'NONE', *, *, #88, .T. ) ;
#104 = ORIENTED_EDGE ( 'NONE', *, *, #87, .T. ) ;
#105 = EDGE_CURVE ( 'NONE', #8, #49, #3780, .T. ) ;
#106 = EDGE_LOOP ( 'NONE', ( #107, #108, #80, #10 ) ) ;
#107 = ORIENTED_EDGE ( 'NONE', *, *, #349, .F. ) ;
#108 = ORIENTED_EDGE ( 'NONE', *, *, #54, .F. ) ;
#109 = ADVANCED_FACE ( 'NONE', ( #3776 ), #1837, .T. ) ;
#110 = EDGE_LOOP ( 'NONE', ( #132, #140, #141, #136 ) ) ;
#111 = ORIENTED_EDGE ( 'NONE', *, *, #171, .F. ) ;
#112 = ORIENTED_EDGE ( 'NONE', *, *, #64, .F. ) ;
#113 = ORIENTED_EDGE ( 'NONE', *, *, #281, .F. ) ;
#114 = ORIENTED_EDGE ( 'NONE', *, *, #115, .T. ) ;
#115 = EDGE_CURVE ( 'NONE', #86, #794, #1840, .T. ) ;
#116 = EDGE_CURVE ( 'NONE', #37, #277, #1847, .T. ) ;
#117 = ORIENTED_EDGE ( 'NONE', *, *, #173, .F. ) ;
#118 = EDGE_CURVE ( 'NONE', #37, #119, #1843, .T. ) ;
#119 = VERTEX_POINT ( 'NONE', #1851 ) ;
#120 = EDGE_LOOP ( 'NONE', ( #74, #75, #76, #128 ) ) ;
#121 = ADVANCED_FACE ( 'NONE', ( #1852 ), #1871, .T. ) ;
#122 = EDGE_LOOP ( 'NONE', ( #123, #124, #125, #167 ) ) ;
#123 = ORIENTED_EDGE ( 'NONE', *, *, #730, .F. ) ;
#124 = ORIENTED_EDGE ( 'NONE', *, *, #147, .F. ) ;
#125 = ORIENTED_EDGE ( 'NONE', *, *, #126, .T. ) ;
#126 = EDGE_CURVE ( 'NONE', #158, #127, #1922, .T. ) ;
#127 = VERTEX_POINT ( 'NONE', #1915 ) ;
#128 = ORIENTED_EDGE ( 'NONE', *, *, #130, .T. ) ;
#129 = ADVANCED_FACE ( 'NONE', ( #1883 ), #1884, .T. ) ;
#130 = EDGE_CURVE ( 'NONE', #78, #882, #1901, .T. ) ;
#131 = ADVANCED_FACE ( 'NONE', ( #1877 ), #1920, .T. ) ;
#132 = ORIENTED_EDGE ( 'NONE', *, *, #656, .F. ) ;
#133 = ADVANCED_FACE ( 'NONE', ( #3555 ), #3559, .T. ) ;
#134 = EDGE_CURVE ( 'NONE', #316, #202, #3580, .T. ) ;
#135 = ORIENTED_EDGE ( 'NONE', *, *, #118, .T. ) ;
#136 = ORIENTED_EDGE ( 'NONE', *, *, #137, .T. ) ;
#137 = EDGE_CURVE ( 'NONE', #139, #559, #3554, .T. ) ;
#138 = EDGE_CURVE ( 'NONE', #78, #139, #3599, .T. ) ;
#139 = VERTEX_POINT ( 'NONE', #3595 ) ;
#140 = ORIENTED_EDGE ( 'NONE', *, *, #130, .F. ) ;
#141 = ORIENTED_EDGE ( 'NONE', *, *, #138, .T. ) ;
#142 = EDGE_LOOP ( 'NONE', ( #143, #111, #112, #73, #90, #176, #177 ) ) ;
#143 = ORIENTED_EDGE ( 'NONE', *, *, #46, .F. ) ;
#144 = EDGE_CURVE ( 'NONE', #119, #428, #3594, .T. ) ;
#145 = ORIENTED_EDGE ( 'NONE', *, *, #892, .F. ) ;
#146 = ORIENTED_EDGE ( 'NONE', *, *, #68, .F. ) ;
#147 = EDGE_CURVE ( 'NONE', #158, #863, #3589, .T. ) ;
#148 = ORIENTED_EDGE ( 'NONE', *, *, #181, .F. ) ;
#149 = EDGE_LOOP ( 'NONE', ( #152, #148, #180, #193, #179, #225, #212 ) ) ;
#150 = EDGE_LOOP ( 'NONE', ( #154, #164, #163, #153 ) ) ;
#151 = ADVANCED_FACE ( 'NONE', ( #3573 ), #1946, .F. ) ;
#152 = ORIENTED_EDGE ( 'NONE', *, *, #157, .F. ) ;
#153 = ORIENTED_EDGE ( 'NONE', *, *, #175, .T. ) ;
#154 = ORIENTED_EDGE ( 'NONE', *, *, #558, .F. ) ;
#155 = EDGE_LOOP ( 'NONE', ( #160, #161, #156, #159 ) ) ;
#156 = ORIENTED_EDGE ( 'NONE', *, *, #157, .T. ) ;
#157 = EDGE_CURVE ( 'NONE', #162, #158, #1925, .T. ) ;
#158 = VERTEX_POINT ( 'NONE', #1926 ) ;
#159 = ORIENTED_EDGE ( 'NONE', *, *, #147, .T. ) ;
#160 = ORIENTED_EDGE ( 'NONE', *, *, #562, .F. ) ;
#161 = ORIENTED_EDGE ( 'NONE', *, *, #175, .F. ) ;
#162 = VERTEX_POINT ( 'NONE', #1941 ) ;
#163 = ORIENTED_EDGE ( 'NONE', *, *, #181, .T. ) ;
#164 = ORIENTED_EDGE ( 'NONE', *, *, #137, .F. ) ;
#165 = ADVANCED_FACE ( 'NONE', ( #1940 ), #1979, .F. ) ;
#166 = EDGE_LOOP ( 'NONE', ( #113, #91, #100, #96 ) ) ;
#167 = ORIENTED_EDGE ( 'NONE', *, *, #173, .T. ) ;
#168 = ORIENTED_EDGE ( 'NONE', *, *, #171, .T. ) ;
#169 = EDGE_LOOP ( 'NONE', ( #170, #117, #84, #114 ) ) ;
#170 = ORIENTED_EDGE ( 'NONE', *, *, #793, .F. ) ;
#171 = EDGE_CURVE ( 'NONE', #95, #44, #2006, .T. ) ;
#172 = ADVANCED_FACE ( 'NONE', ( #2055 ), #2032, .T. ) ;
#173 = EDGE_CURVE ( 'NONE', #127, #731, #1985, .T. ) ;
#174 = ADVANCED_FACE ( 'NONE', ( #1981 ), #2069, .T. ) ;
#175 = EDGE_CURVE ( 'NONE', #162, #560, #2021, .T. ) ;
#176 = ORIENTED_EDGE ( 'NONE', *, *, #81, .F. ) ;
#177 = ORIENTED_EDGE ( 'NONE', *, *, #51, .F. ) ;
#178 = ADVANCED_FACE ( 'NONE', ( #2014 ), #2045, .T. ) ;
#179 = ORIENTED_EDGE ( 'NONE', *, *, #88, .F. ) ;
#180 = ORIENTED_EDGE ( 'NONE', *, *, #138, .F. ) ;
#181 = EDGE_CURVE ( 'NONE', #139, #162, #2040, .T. ) ;
#182 = EDGE_LOOP ( 'NONE', ( #183, #184, #185, #245 ) ) ;
#183 = ORIENTED_EDGE ( 'NONE', *, *, #509, .F. ) ;
#184 = ORIENTED_EDGE ( 'NONE', *, *, #226, .F. ) ;
#185 = ORIENTED_EDGE ( 'NONE', *, *, #186, .T. ) ;
#186 = EDGE_CURVE ( 'NONE', #254, #266, #2068, .T. ) ;
#187 = ORIENTED_EDGE ( 'NONE', *, *, #207, .F. ) ;
#188 = ORIENTED_EDGE ( 'NONE', *, *, #216, .T. ) ;
#189 = ORIENTED_EDGE ( 'NONE', *, *, #190, .T. ) ;
#190 = EDGE_CURVE ( 'NONE', #211, #503, #2063, .T. ) ;
#191 = ADVANCED_FACE ( 'NONE', ( #2003 ), #2053, .T. ) ;
#192 = EDGE_LOOP ( 'NONE', ( #194, #195, #196, #364 ) ) ;
#193 = ORIENTED_EDGE ( 'NONE', *, *, #77, .F. ) ;
#194 = ORIENTED_EDGE ( 'NONE', *, *, #500, .F. ) ;
#195 = ORIENTED_EDGE ( 'NONE', *, *, #190, .F. ) ;
#196 = ORIENTED_EDGE ( 'NONE', *, *, #376, .T. ) ;
#197 = VERTEX_POINT ( 'NONE', #2124 ) ;
#198 = ORIENTED_EDGE ( 'NONE', *, *, #249, .F. ) ;
#199 = ORIENTED_EDGE ( 'NONE', *, *, #207, .T. ) ;
#200 = EDGE_LOOP ( 'NONE', ( #261, #198, #232, #228 ) ) ;
#201 = EDGE_LOOP ( 'NONE', ( #264, #203, #220, #199 ) ) ;
#202 = VERTEX_POINT ( 'NONE', #2103 ) ;
#203 = ORIENTED_EDGE ( 'NONE', *, *, #218, .F. ) ;
#204 = ADVANCED_FACE ( 'NONE', ( #2115 ), #2078, .T. ) ;
#205 = EDGE_LOOP ( 'NONE', ( #206, #187, #188, #219 ) ) ;
#206 = ORIENTED_EDGE ( 'NONE', *, *, #420, .F. ) ;
#207 = EDGE_CURVE ( 'NONE', #227, #417, #2137, .T. ) ;
#208 = ORIENTED_EDGE ( 'NONE', *, *, #246, .F. ) ;
#209 = ORIENTED_EDGE ( 'NONE', *, *, #210, .T. ) ;
#210 = EDGE_CURVE ( 'NONE', #266, #211, #2084, .T. ) ;
#211 = VERTEX_POINT ( 'NONE', #2070 ) ;
#212 = ORIENTED_EDGE ( 'NONE', *, *, #126, .F. ) ;
#213 = ADVANCED_FACE ( 'NONE', ( #2181 ), #2075, .T. ) ;
#214 = ORIENTED_EDGE ( 'NONE', *, *, #226, .T. ) ;
#215 = ORIENTED_EDGE ( 'NONE', *, *, #259, .T. ) ;
#216 = EDGE_CURVE ( 'NONE', #227, #217, #2188, .T. ) ;
#217 = VERTEX_POINT ( 'NONE', #2184 ) ;
#218 = EDGE_CURVE ( 'NONE', #233, #423, #2183, .T. ) ;
#219 = ORIENTED_EDGE ( 'NONE', *, *, #222, .T. ) ;
#220 = ORIENTED_EDGE ( 'NONE', *, *, #221, .T. ) ;
#221 = EDGE_CURVE ( 'NONE', #233, #227, #2112, .T. ) ;
#222 = EDGE_CURVE ( 'NONE', #217, #418, #2107, .T. ) ;
#223 = ADVANCED_FACE ( 'NONE', ( #2100 ), #2121, .T. ) ;
#224 = EDGE_LOOP ( 'NONE', ( #255, #256, #257, #214 ) ) ;
#225 = ORIENTED_EDGE ( 'NONE', *, *, #85, .F. ) ;
#226 = EDGE_CURVE ( 'NONE', #254, #551, #2116, .T. ) ;
#227 = VERTEX_POINT ( 'NONE', #2151 ) ;
#228 = ORIENTED_EDGE ( 'NONE', *, *, #218, .T. ) ;
#229 = ADVANCED_FACE ( 'NONE', ( #2150 ), #2134, .T. ) ;
#230 = EDGE_LOOP ( 'NONE', ( #231, #208, #209, #189 ) ) ;
#231 = ORIENTED_EDGE ( 'NONE', *, *, #507, .F. ) ;
#232 = ORIENTED_EDGE ( 'NONE', *, *, #263, .T. ) ;
#233 = VERTEX_POINT ( 'NONE', #2173 ) ;
#234 = ORIENTED_EDGE ( 'NONE', *, *, #235, .T. ) ;
#235 = EDGE_CURVE ( 'NONE', #240, #473, #2171, .T. ) ;
#236 = ADVANCED_FACE ( 'NONE', ( #2167 ), #2200, .T. ) ;
#237 = ORIENTED_EDGE ( 'NONE', *, *, #372, .F. ) ;
#238 = ORIENTED_EDGE ( 'NONE', *, *, #239, .T. ) ;
#239 = EDGE_CURVE ( 'NONE', #273, #240, #2207, .T. ) ;
#240 = VERTEX_POINT ( 'NONE', #2201 ) ;
#241 = VERTEX_POINT ( 'NONE', #2203 ) ;
#242 = ORIENTED_EDGE ( 'NONE', *, *, #293, .T. ) ;
#243 = ORIENTED_EDGE ( 'NONE', *, *, #414, .T. ) ;
#244 = ADVANCED_FACE ( 'NONE', ( #2202 ), #2232, .T. ) ;
#245 = ORIENTED_EDGE ( 'NONE', *, *, #246, .T. ) ;
#246 = EDGE_CURVE ( 'NONE', #266, #486, #2241, .T. ) ;
#247 = ORIENTED_EDGE ( 'NONE', *, *, #265, .F. ) ;
#248 = ADVANCED_FACE ( 'NONE', ( #2237 ), #2251, .T. ) ;
#249 = EDGE_CURVE ( 'NONE', #197, #284, #2265, .T. ) ;
#250 = EDGE_LOOP ( 'NONE', ( #251, #237, #238, #234 ) ) ;
#251 = ORIENTED_EDGE ( 'NONE', *, *, #470, .F. ) ;
#252 = ORIENTED_EDGE ( 'NONE', *, *, #279, .F. ) ;
#253 = EDGE_CURVE ( 'NONE', #217, #254, #2272, .T. ) ;
#254 = VERTEX_POINT ( 'NONE', #2262 ) ;
#255 = ORIENTED_EDGE ( 'NONE', *, *, #504, .F. ) ;
#256 = ORIENTED_EDGE ( 'NONE', *, *, #222, .F. ) ;
#257 = ORIENTED_EDGE ( 'NONE', *, *, #253, .T. ) ;
#258 = ADVANCED_FACE ( 'NONE', ( #2261 ), #2317, .T. ) ;
#259 = EDGE_CURVE ( 'NONE', #202, #197, #2374, .T. ) ;
#260 = ORIENTED_EDGE ( 'NONE', *, *, #249, .T. ) ;
#261 = ORIENTED_EDGE ( 'NONE', *, *, #422, .F. ) ;
#262 = EDGE_LOOP ( 'NONE', ( #252, #247, #215, #260 ) ) ;
#263 = EDGE_CURVE ( 'NONE', #197, #233, #2363, .T. ) ;
#264 = ORIENTED_EDGE ( 'NONE', *, *, #416, .F. ) ;
#265 = EDGE_CURVE ( 'NONE', #202, #287, #2373, .T. ) ;
#266 = VERTEX_POINT ( 'NONE', #2292 ) ;
#267 = ADVANCED_FACE ( 'NONE', ( #2291 ), #2336, .T. ) ;
#268 = ORIENTED_EDGE ( 'NONE', *, *, #427, .F. ) ;
#269 = ORIENTED_EDGE ( 'NONE', *, *, #366, .F. ) ;
#270 = ORIENTED_EDGE ( 'NONE', *, *, #134, .T. ) ;
#271 = EDGE_LOOP ( 'NONE', ( #268, #269, #270, #355 ) ) ;
#272 = EDGE_CURVE ( 'NONE', #437, #273, #2343, .T. ) ;
#273 = VERTEX_POINT ( 'NONE', #2299 ) ;
#274 = ORIENTED_EDGE ( 'NONE', *, *, #474, .F. ) ;
#275 = ADVANCED_FACE ( 'NONE', ( #2298 ), #2339, .T. ) ;
#276 = ORIENTED_EDGE ( 'NONE', *, *, #508, .F. ) ;
#277 = VERTEX_POINT ( 'NONE', #2362 ) ;
#278 = ORIENTED_EDGE ( 'NONE', *, *, #279, .T. ) ;
#279 = EDGE_CURVE ( 'NONE', #287, #284, #2372, .T. ) ;
#280 = EDGE_CURVE ( 'NONE', #277, #428, #2286, .T. ) ;
#281 = EDGE_CURVE ( 'NONE', #428, #893, #2282, .T. ) ;
#282 = ORIENTED_EDGE ( 'NONE', *, *, #422, .T. ) ;
#283 = ORIENTED_EDGE ( 'NONE', *, *, #416, .T. ) ;
#284 = VERTEX_POINT ( 'NONE', #2356 ) ;
#285 = ORIENTED_EDGE ( 'NONE', *, *, #280, .T. ) ;
#286 = ORIENTED_EDGE ( 'NONE', *, *, #427, .T. ) ;
#287 = VERTEX_POINT ( 'NONE', #2355 ) ;
#288 = VERTEX_POINT ( 'NONE', #2354 ) ;
#289 = VERTEX_POINT ( 'NONE', #2353 ) ;
#290 = EDGE_LOOP ( 'NONE', ( #309, #310, #27, #15 ) ) ;
#291 = VERTEX_POINT ( 'NONE', #2352 ) ;
#292 = ORIENTED_EDGE ( 'NONE', *, *, #294, .T. ) ;
#293 = EDGE_CURVE ( 'NONE', #241, #437, #2313, .T. ) ;
#294 = EDGE_CURVE ( 'NONE', #336, #295, #2309, .T. ) ;
#295 = VERTEX_POINT ( 'NONE', #2302 ) ;
#296 = ORIENTED_EDGE ( 'NONE', *, *, #476, .T. ) ;
#297 = ADVANCED_FACE ( 'NONE', ( #2305 ), #2422, .F. ) ;
#298 = EDGE_CURVE ( 'NONE', #241, #515, #2445, .T. ) ;
#299 = EDGE_LOOP ( 'NONE', ( #401, #402, #379, #411 ) ) ;
#300 = ORIENTED_EDGE ( 'NONE', *, *, #511, .T. ) ;
#301 = ORIENTED_EDGE ( 'NONE', *, *, #524, .T. ) ;
#302 = ORIENTED_EDGE ( 'NONE', *, *, #878, .F. ) ;
#303 = ORIENTED_EDGE ( 'NONE', *, *, #307, .F. ) ;
#304 = EDGE_CURVE ( 'NONE', #380, #313, #2433, .T. ) ;
#305 = ORIENTED_EDGE ( 'NONE', *, *, #400, .T. ) ;
#306 = ORIENTED_EDGE ( 'NONE', *, *, #307, .T. ) ;
#307 = EDGE_CURVE ( 'NONE', #336, #876, #2494, .T. ) ;
#308 = ADVANCED_FACE ( 'NONE', ( #2429 ), #2509, .T. ) ;
#309 = ORIENTED_EDGE ( 'NONE', *, *, #569, .F. ) ;
#310 = ORIENTED_EDGE ( 'NONE', *, *, #383, .F. ) ;
#311 = ORIENTED_EDGE ( 'NONE', *, *, #518, .T. ) ;
#312 = EDGE_LOOP ( 'NONE', ( #301, #331, #433, #409, #396, #397, #311, #296 ) ) ;
#313 = VERTEX_POINT ( 'NONE', #2510 ) ;
#314 = VERTEX_POINT ( 'NONE', #2382 ) ;
#315 = EDGE_CURVE ( 'NONE', #240, #316, #2396, .T. ) ;
#316 = VERTEX_POINT ( 'NONE', #2425 ) ;
#317 = EDGE_LOOP ( 'NONE', ( #276, #339, #439, #375 ) ) ;
#318 = EDGE_LOOP ( 'NONE', ( #324, #325, #398, #399 ) ) ;
#319 = EDGE_CURVE ( 'NONE', #332, #552, #2423, .T. ) ;
#320 = ADVANCED_FACE ( 'NONE', ( #2436 ), #2460, .F. ) ;
#321 = VERTEX_POINT ( 'NONE', #2450 ) ;
#322 = ORIENTED_EDGE ( 'NONE', *, *, #326, .F. ) ;
#323 = ORIENTED_EDGE ( 'NONE', *, *, #435, .F. ) ;
#324 = ORIENTED_EDGE ( 'NONE', *, *, #434, .T. ) ;
#325 = ORIENTED_EDGE ( 'NONE', *, *, #435, .T. ) ;
#326 = EDGE_CURVE ( 'NONE', #291, #465, #2391, .T. ) ;
#327 = ORIENTED_EDGE ( 'NONE', *, *, #566, .F. ) ;
#328 = ORIENTED_EDGE ( 'NONE', *, *, #387, .F. ) ;
#329 = ORIENTED_EDGE ( 'NONE', *, *, #381, .T. ) ;
#330 = VERTEX_POINT ( 'NONE', #2387 ) ;
#331 = ORIENTED_EDGE ( 'NONE', *, *, #319, .F. ) ;
#332 = VERTEX_POINT ( 'NONE', #2491 ) ;
#333 = EDGE_CURVE ( 'NONE', #291, #380, #2490, .T. ) ;
#334 = ORIENTED_EDGE ( 'NONE', *, *, #335, .T. ) ;
#335 = EDGE_CURVE ( 'NONE', #321, #336, #2455, .T. ) ;
#336 = VERTEX_POINT ( 'NONE', #2408 ) ;
#337 = ADVANCED_FACE ( 'NONE', ( #2407 ), #2486, .T. ) ;
#338 = EDGE_LOOP ( 'NONE', ( #274, #378, #341, #369 ) ) ;
#339 = ORIENTED_EDGE ( 'NONE', *, *, #363, .F. ) ;
#340 = ADVANCED_FACE ( 'NONE', ( #2479 ), #2542, .T. ) ;
#341 = ORIENTED_EDGE ( 'NONE', *, *, #272, .T. ) ;
#342 = ORIENTED_EDGE ( 'NONE', *, *, #343, .T. ) ;
#343 = EDGE_CURVE ( 'NONE', #288, #277, #2528, .T. ) ;
#344 = VERTEX_POINT ( 'NONE', #2543 ) ;
#345 = ORIENTED_EDGE ( 'NONE', *, *, #346, .T. ) ;
#346 = EDGE_CURVE ( 'NONE', #344, #289, #2548, .T. ) ;
#347 = ORIENTED_EDGE ( 'NONE', *, *, #350, .T. ) ;
#348 = ORIENTED_EDGE ( 'NONE', *, *, #349, .T. ) ;
#349 = EDGE_CURVE ( 'NONE', #289, #288, #2555, .T. ) ;
#350 = EDGE_CURVE ( 'NONE', #894, #344, #2546, .T. ) ;
#351 = ORIENTED_EDGE ( 'NONE', *, *, #263, .F. ) ;
#352 = ORIENTED_EDGE ( 'NONE', *, *, #216, .F. ) ;
#353 = CLOSED_SHELL ( 'NONE', ( #896, #788, #860, #544, #471, #571, #547, #492, #460, #786, #805, #678, #595, #691, #726, #661, #651, #708, #649, #618, #629, #771, #768, #766, #739, #741, #853, #840, #833, #826, #1041, #966, #968, #962, #1029, #1088, #1009, #1112, #1099, #1095, #431, #297, #320, #340, #390, #367, #388, #337, #18, #19, #63, #20, #24, #2, #109, #12, #92, #174, #82, #165, #178, #121, #172, #70, #129, #131, #133, #151, #258, #248, #213, #204, #223, #229, #267, #191, #275, #371, #308, #244, #236, #429, #357 ) ) ;
#354 = ORIENTED_EDGE ( 'NONE', *, *, #186, .F. ) ;
#355 = ORIENTED_EDGE ( 'NONE', *, *, #265, .T. ) ;
#356 = EDGE_LOOP ( 'NONE', ( #406, #358, #408, #405, #360, #361, #359, #403, #362, #354, #407, #352, #404, #351 ) ) ;
#357 = ADVANCED_FACE ( 'NONE', ( #2516 ), #2539, .T. ) ;
#358 = ORIENTED_EDGE ( 'NONE', *, *, #134, .F. ) ;
#359 = ORIENTED_EDGE ( 'NONE', *, *, #373, .F. ) ;
#360 = ORIENTED_EDGE ( 'NONE', *, *, #272, .F. ) ;
#361 = ORIENTED_EDGE ( 'NONE', *, *, #293, .F. ) ;
#362 = ORIENTED_EDGE ( 'NONE', *, *, #210, .F. ) ;
#363 = EDGE_CURVE ( 'NONE', #314, #512, #2586, .T. ) ;
#364 = ORIENTED_EDGE ( 'NONE', *, *, #363, .T. ) ;
#365 = ORIENTED_EDGE ( 'NONE', *, *, #366, .T. ) ;
#366 = EDGE_CURVE ( 'NONE', #316, #426, #2560, .T. ) ;
#367 = ADVANCED_FACE ( 'NONE', ( #2604 ), #2549, .T. ) ;
#368 = EDGE_LOOP ( 'NONE', ( #302, #303, #292, #386 ) ) ;
#369 = ORIENTED_EDGE ( 'NONE', *, *, #372, .T. ) ;
#370 = ORIENTED_EDGE ( 'NONE', *, *, #530, .F. ) ;
#371 = ADVANCED_FACE ( 'NONE', ( #2575 ), #2678, .T. ) ;
#372 = EDGE_CURVE ( 'NONE', #273, #415, #2642, .T. ) ;
#373 = EDGE_CURVE ( 'NONE', #314, #241, #2670, .T. ) ;
#374 = ORIENTED_EDGE ( 'NONE', *, *, #315, .T. ) ;
#375 = ORIENTED_EDGE ( 'NONE', *, *, #298, .T. ) ;
#376 = EDGE_CURVE ( 'NONE', #211, #314, #2710, .T. ) ;
#377 = ORIENTED_EDGE ( 'NONE', *, *, #298, .F. ) ;
#378 = ORIENTED_EDGE ( 'NONE', *, *, #414, .F. ) ;
#379 = ORIENTED_EDGE ( 'NONE', *, *, #400, .F. ) ;
#380 = VERTEX_POINT ( 'NONE', #2664 ) ;
#381 = EDGE_CURVE ( 'NONE', #295, #330, #2669, .T. ) ;
#382 = ORIENTED_EDGE ( 'NONE', *, *, #383, .T. ) ;
#383 = EDGE_CURVE ( 'NONE', #330, #567, #2663, .T. ) ;
#384 = ORIENTED_EDGE ( 'NONE', *, *, #235, .F. ) ;
#385 = ORIENTED_EDGE ( 'NONE', *, *, #333, .F. ) ;
#386 = ORIENTED_EDGE ( 'NONE', *, *, #387, .T. ) ;
#387 = EDGE_CURVE ( 'NONE', #295, #879, #2658, .T. ) ;
#388 = ADVANCED_FACE ( 'NONE', ( #2659 ), #2672, .T. ) ;
#389 = EDGE_LOOP ( 'NONE', ( #327, #328, #329, #382 ) ) ;
#390 = ADVANCED_FACE ( 'NONE', ( #2631 ), #2610, .T. ) ;
#391 = EDGE_LOOP ( 'NONE', ( #393, #394, #334, #306 ) ) ;
#392 = ORIENTED_EDGE ( 'NONE', *, *, #479, .T. ) ;
#393 = ORIENTED_EDGE ( 'NONE', *, *, #875, .F. ) ;
#394 = ORIENTED_EDGE ( 'NONE', *, *, #395, .F. ) ;
#395 = EDGE_CURVE ( 'NONE', #321, #777, #2692, .T. ) ;
#396 = ORIENTED_EDGE ( 'NONE', *, *, #1102, .F. ) ;
#397 = ORIENTED_EDGE ( 'NONE', *, *, #1034, .F. ) ;
#398 = ORIENTED_EDGE ( 'NONE', *, *, #333, .T. ) ;
#399 = ORIENTED_EDGE ( 'NONE', *, *, #304, .T. ) ;
#400 = EDGE_CURVE ( 'NONE', #1084, #380, #2688, .T. ) ;
#401 = ORIENTED_EDGE ( 'NONE', *, *, #410, .F. ) ;
#402 = ORIENTED_EDGE ( 'NONE', *, *, #304, .F. ) ;
#403 = ORIENTED_EDGE ( 'NONE', *, *, #376, .F. ) ;
#404 = ORIENTED_EDGE ( 'NONE', *, *, #221, .F. ) ;
#405 = ORIENTED_EDGE ( 'NONE', *, *, #239, .F. ) ;
#406 = ORIENTED_EDGE ( 'NONE', *, *, #259, .F. ) ;
#407 = ORIENTED_EDGE ( 'NONE', *, *, #253, .F. ) ;
#408 = ORIENTED_EDGE ( 'NONE', *, *, #315, .F. ) ;
#409 = ORIENTED_EDGE ( 'NONE', *, *, #410, .T. ) ;
#410 = EDGE_CURVE ( 'NONE', #313, #1103, #2684, .T. ) ;
#411 = ORIENTED_EDGE ( 'NONE', *, *, #1083, .F. ) ;
#412 = EDGE_LOOP ( 'NONE', ( #413, #384, #374, #365 ) ) ;
#413 = ORIENTED_EDGE ( 'NONE', *, *, #521, .F. ) ;
#414 = EDGE_CURVE ( 'NONE', #437, #517, #2680, .T. ) ;
#415 = VERTEX_POINT ( 'NONE', #2638 ) ;
#416 = EDGE_CURVE ( 'NONE', #423, #417, #2637, .T. ) ;
#417 = VERTEX_POINT ( 'NONE', #2633 ) ;
#418 = VERTEX_POINT ( 'NONE', #2632 ) ;
#419 = ORIENTED_EDGE ( 'NONE', *, *, #420, .T. ) ;
#420 = EDGE_CURVE ( 'NONE', #417, #418, #2720, .T. ) ;
#421 = ORIENTED_EDGE ( 'NONE', *, *, #670, .F. ) ;
#422 = EDGE_CURVE ( 'NONE', #284, #423, #2716, .T. ) ;
#423 = VERTEX_POINT ( 'NONE', #2711 ) ;
#424 = ORIENTED_EDGE ( 'NONE', *, *, #281, .T. ) ;
#425 = EDGE_LOOP ( 'NONE', ( #286, #278, #282, #283, #419, #516, #546, #506, #461, #553, #550, #472, #469, #545 ) ) ;
#426 = VERTEX_POINT ( 'NONE', #2712 ) ;
#427 = EDGE_CURVE ( 'NONE', #426, #287, #2736, .T. ) ;
#428 = VERTEX_POINT ( 'NONE', #2732 ) ;
#429 = ADVANCED_FACE ( 'NONE', ( #2731 ), #2704, .T. ) ;
#430 = EDGE_LOOP ( 'NONE', ( #392, #322, #323, #436 ) ) ;
#431 = ADVANCED_FACE ( 'NONE', ( #2693 ), #2777, .F. ) ;
#432 = ORIENTED_EDGE ( 'NONE', *, *, #326, .T. ) ;
#433 = ORIENTED_EDGE ( 'NONE', *, *, #434, .F. ) ;
#434 = EDGE_CURVE ( 'NONE', #313, #332, #2781, .T. ) ;
#435 = EDGE_CURVE ( 'NONE', #332, #291, #2760, .T. ) ;
#436 = ORIENTED_EDGE ( 'NONE', *, *, #319, .T. ) ;
#437 = VERTEX_POINT ( 'NONE', #2762 ) ;
#438 = EDGE_LOOP ( 'NONE', ( #370, #377, #242, #243 ) ) ;
#439 = ORIENTED_EDGE ( 'NONE', *, *, #373, .T. ) ;
#440 = VERTEX_POINT ( 'NONE', #2761 ) ;
#441 = ORIENTED_EDGE ( 'NONE', *, *, #442, .T. ) ;
#442 = EDGE_CURVE ( 'NONE', #440, #883, #2785, .T. ) ;
#443 = MANIFOLD_SOLID_BREP ( 'NONE', #353 ) ;
#444 = ORIENTED_EDGE ( 'NONE', *, *, #445, .F. ) ;
#445 = EDGE_CURVE ( 'NONE', #564, #654, #2787, .T. ) ;
#446 = EDGE_LOOP ( 'NONE', ( #789, #735, #856, #858 ) ) ;
#447 = ORIENTED_EDGE ( 'NONE', *, *, #448, .T. ) ;
#448 = EDGE_CURVE ( 'NONE', #557, #449, #2829, .T. ) ;
#449 = VERTEX_POINT ( 'NONE', #2809 ) ;
#450 = ORIENTED_EDGE ( 'NONE', *, *, #563, .T. ) ;
#451 = ORIENTED_EDGE ( 'NONE', *, *, #452, .F. ) ;
#452 = EDGE_CURVE ( 'NONE', #453, #543, #2830, .T. ) ;
#453 = VERTEX_POINT ( 'NONE', #2807 ) ;
#454 = EDGE_LOOP ( 'NONE', ( #459, #538, #494, #451, #455, #535 ) ) ;
#455 = ORIENTED_EDGE ( 'NONE', *, *, #456, .F. ) ;
#456 = EDGE_CURVE ( 'NONE', #457, #453, #2794, .T. ) ;
#457 = VERTEX_POINT ( 'NONE', #2804 ) ;
#458 = ORIENTED_EDGE ( 'NONE', *, *, #475, .T. ) ;
#459 = ORIENTED_EDGE ( 'NONE', *, *, #541, .T. ) ;
#460 = ADVANCED_FACE ( 'NONE', ( #2803 ), #2833, .F. ) ;
#461 = ORIENTED_EDGE ( 'NONE', *, *, #500, .T. ) ;
#462 = VERTEX_POINT ( 'NONE', #2841 ) ;
#463 = EDGE_CURVE ( 'NONE', #529, #526, #2840, .T. ) ;
#464 = ORIENTED_EDGE ( 'NONE', *, *, #466, .F. ) ;
#465 = VERTEX_POINT ( 'NONE', #2836 ) ;
#466 = EDGE_CURVE ( 'NONE', #519, #522, #2835, .T. ) ;
#467 = VERTEX_POINT ( 'NONE', #2819 ) ;
#468 = EDGE_CURVE ( 'NONE', #505, #529, #2818, .T. ) ;
#469 = ORIENTED_EDGE ( 'NONE', *, *, #470, .T. ) ;
#470 = EDGE_CURVE ( 'NONE', #415, #473, #2814, .T. ) ;
#471 = ADVANCED_FACE ( 'NONE', ( #2848 ), #2884, .F. ) ;
#472 = ORIENTED_EDGE ( 'NONE', *, *, #474, .T. ) ;
#473 = VERTEX_POINT ( 'NONE', #2879 ) ;
#474 = EDGE_CURVE ( 'NONE', #517, #415, #2968, .T. ) ;
#475 = EDGE_CURVE ( 'NONE', #532, #467, #2885, .T. ) ;
#476 = EDGE_CURVE ( 'NONE', #467, #490, #2889, .T. ) ;
#477 = EDGE_CURVE ( 'NONE', #519, #482, #2924, .T. ) ;
#478 = ORIENTED_EDGE ( 'NONE', *, *, #518, .F. ) ;
#479 = EDGE_CURVE ( 'NONE', #552, #465, #2955, .T. ) ;
#480 = EDGE_CURVE ( 'NONE', #514, #532, #2931, .T. ) ;
#481 = ORIENTED_EDGE ( 'NONE', *, *, #476, .F. ) ;
#482 = VERTEX_POINT ( 'NONE', #2963 ) ;
#483 = ORIENTED_EDGE ( 'NONE', *, *, #497, .F. ) ;
#484 = ORIENTED_EDGE ( 'NONE', *, *, #475, .F. ) ;
#485 = ORIENTED_EDGE ( 'NONE', *, *, #477, .F. ) ;
#486 = VERTEX_POINT ( 'NONE', #2903 ) ;
#487 = ORIENTED_EDGE ( 'NONE', *, *, #527, .F. ) ;
#488 = ORIENTED_EDGE ( 'NONE', *, *, #489, .F. ) ;
#489 = EDGE_CURVE ( 'NONE', #522, #502, #2902, .T. ) ;
#490 = VERTEX_POINT ( 'NONE', #2894 ) ;
#491 = EDGE_LOOP ( 'NONE', ( #534, #872, #869, #871, #866, #787, #778, #783 ) ) ;
#492 = ADVANCED_FACE ( 'NONE', ( #2939 ), #2926, .F. ) ;
#493 = VERTEX_POINT ( 'NONE', #2927 ) ;
#494 = ORIENTED_EDGE ( 'NONE', *, *, #542, .F. ) ;
#495 = ORIENTED_EDGE ( 'NONE', *, *, #463, .F. ) ;
#496 = ORIENTED_EDGE ( 'NONE', *, *, #468, .F. ) ;
#497 = EDGE_CURVE ( 'NONE', #482, #505, #2945, .T. ) ;
#498 = ORIENTED_EDGE ( 'NONE', *, *, #501, .T. ) ;
#499 = ORIENTED_EDGE ( 'NONE', *, *, #480, .T. ) ;
#500 = EDGE_CURVE ( 'NONE', #503, #512, #2959, .T. ) ;
#501 = EDGE_CURVE ( 'NONE', #482, #502, #2943, .T. ) ;
#502 = VERTEX_POINT ( 'NONE', #2952 ) ;
#503 = VERTEX_POINT ( 'NONE', #2951 ) ;
#504 = EDGE_CURVE ( 'NONE', #418, #551, #2950, .T. ) ;
#505 = VERTEX_POINT ( 'NONE', #2863 ) ;
#506 = ORIENTED_EDGE ( 'NONE', *, *, #507, .T. ) ;
#507 = EDGE_CURVE ( 'NONE', #486, #503, #2862, .T. ) ;
#508 = EDGE_CURVE ( 'NONE', #512, #515, #2877, .T. ) ;
#509 = EDGE_CURVE ( 'NONE', #551, #486, #2873, .T. ) ;
#510 = EDGE_LOOP ( 'NONE', ( #481, #484, #533, #520 ) ) ;
#511 = EDGE_CURVE ( 'NONE', #465, #519, #2869, .T. ) ;
#512 = VERTEX_POINT ( 'NONE', #2865 ) ;
#513 = EDGE_CURVE ( 'NONE', #514, #462, #2921, .T. ) ;
#514 = VERTEX_POINT ( 'NONE', #2917 ) ;
#515 = VERTEX_POINT ( 'NONE', #2916 ) ;
#516 = ORIENTED_EDGE ( 'NONE', *, *, #504, .T. ) ;
#517 = VERTEX_POINT ( 'NONE', #2915 ) ;
#518 = EDGE_CURVE ( 'NONE', #462, #467, #2914, .T. ) ;
#519 = VERTEX_POINT ( 'NONE', #2910 ) ;
#520 = ORIENTED_EDGE ( 'NONE', *, *, #527, .T. ) ;
#521 = EDGE_CURVE ( 'NONE', #473, #426, #3030, .T. ) ;
#522 = VERTEX_POINT ( 'NONE', #3015 ) ;
#523 = ORIENTED_EDGE ( 'NONE', *, *, #513, .F. ) ;
#524 = EDGE_CURVE ( 'NONE', #490, #552, #2979, .T. ) ;
#525 = ORIENTED_EDGE ( 'NONE', *, *, #511, .F. ) ;
#526 = VERTEX_POINT ( 'NONE', #3032 ) ;
#527 = EDGE_CURVE ( 'NONE', #526, #490, #2989, .T. ) ;
#528 = EDGE_LOOP ( 'NONE', ( #549, #570, #487, #495, #496, #483, #485, #525 ) ) ;
#529 = VERTEX_POINT ( 'NONE', #3010 ) ;
#530 = EDGE_CURVE ( 'NONE', #515, #517, #3037, .T. ) ;
#531 = EDGE_LOOP ( 'NONE', ( #464, #572, #498, #488 ) ) ;
#532 = VERTEX_POINT ( 'NONE', #3023 ) ;
#533 = ORIENTED_EDGE ( 'NONE', *, *, #573, .F. ) ;
#534 = ORIENTED_EDGE ( 'NONE', *, *, #537, .F. ) ;
#535 = ORIENTED_EDGE ( 'NONE', *, *, #536, .F. ) ;
#536 = EDGE_CURVE ( 'NONE', #493, #457, #2988, .T. ) ;
#537 = EDGE_CURVE ( 'NONE', #540, #539, #3012, .T. ) ;
#538 = ORIENTED_EDGE ( 'NONE', *, *, #489, .T. ) ;
#539 = VERTEX_POINT ( 'NONE', #3014 ) ;
#540 = VERTEX_POINT ( 'NONE', #3013 ) ;
#541 = EDGE_CURVE ( 'NONE', #493, #522, #2975, .T. ) ;
#542 = EDGE_CURVE ( 'NONE', #543, #502, #2984, .T. ) ;
#543 = VERTEX_POINT ( 'NONE', #3028 ) ;
#544 = ADVANCED_FACE ( 'NONE', ( #3027 ), #2991, .F. ) ;
#545 = ORIENTED_EDGE ( 'NONE', *, *, #521, .T. ) ;
#546 = ORIENTED_EDGE ( 'NONE', *, *, #509, .T. ) ;
#547 = ADVANCED_FACE ( 'NONE', ( #3001 ), #3057, .F. ) ;
#548 = EDGE_LOOP ( 'NONE', ( #478, #523, #499, #458 ) ) ;
#549 = ORIENTED_EDGE ( 'NONE', *, *, #479, .F. ) ;
#550 = ORIENTED_EDGE ( 'NONE', *, *, #530, .T. ) ;
#551 = VERTEX_POINT ( 'NONE', #3043 ) ;
#552 = VERTEX_POINT ( 'NONE', #3040 ) ;
#553 = ORIENTED_EDGE ( 'NONE', *, *, #508, .T. ) ;
#554 = ORIENTED_EDGE ( 'NONE', *, *, #594, .T. ) ;
#555 = VERTEX_POINT ( 'NONE', #3070 ) ;
#556 = VERTEX_POINT ( 'NONE', #3069 ) ;
#557 = VERTEX_POINT ( 'NONE', #3068 ) ;
#558 = EDGE_CURVE ( 'NONE', #559, #560, #3056, .T. ) ;
#559 = VERTEX_POINT ( 'NONE', #3052 ) ;
#560 = VERTEX_POINT ( 'NONE', #3051 ) ;
#561 = ORIENTED_EDGE ( 'NONE', *, *, #562, .T. ) ;
#562 = EDGE_CURVE ( 'NONE', #560, #863, #3049, .T. ) ;
#563 = EDGE_CURVE ( 'NONE', #564, #557, #3077, .T. ) ;
#564 = VERTEX_POINT ( 'NONE', #3073 ) ;
#565 = ORIENTED_EDGE ( 'NONE', *, *, #566, .T. ) ;
#566 = EDGE_CURVE ( 'NONE', #879, #567, #3072, .T. ) ;
#567 = VERTEX_POINT ( 'NONE', #3064 ) ;
#568 = ORIENTED_EDGE ( 'NONE', *, *, #569, .T. ) ;
#569 = EDGE_CURVE ( 'NONE', #567, #440, #3063, .T. ) ;
#570 = ORIENTED_EDGE ( 'NONE', *, *, #524, .F. ) ;
#571 = ADVANCED_FACE ( 'NONE', ( #3084 ), #3121, .F. ) ;
#572 = ORIENTED_EDGE ( 'NONE', *, *, #477, .T. ) ;
#573 = EDGE_CURVE ( 'NONE', #526, #532, #3141, .T. ) ;
#574 = EDGE_CURVE ( 'NONE', #575, #868, #3142, .T. ) ;
#575 = VERTEX_POINT ( 'NONE', #3090 ) ;
#576 = ORIENTED_EDGE ( 'NONE', *, *, #587, .T. ) ;
#577 = VERTEX_POINT ( 'NONE', #3089 ) ;
#578 = VERTEX_POINT ( 'NONE', #3132 ) ;
#579 = ORIENTED_EDGE ( 'NONE', *, *, #497, .T. ) ;
#580 = ORIENTED_EDGE ( 'NONE', *, *, #581, .F. ) ;
#581 = EDGE_CURVE ( 'NONE', #582, #505, #3097, .T. ) ;
#582 = VERTEX_POINT ( 'NONE', #3085 ) ;
#583 = ORIENTED_EDGE ( 'NONE', *, *, #584, .T. ) ;
#584 = EDGE_CURVE ( 'NONE', #582, #585, #3152, .T. ) ;
#585 = VERTEX_POINT ( 'NONE', #3134 ) ;
#586 = EDGE_LOOP ( 'NONE', ( #806, #785, #808, #677 ) ) ;
#587 = EDGE_CURVE ( 'NONE', #575, #577, #3133, .T. ) ;
#588 = ORIENTED_EDGE ( 'NONE', *, *, #589, .F. ) ;
#589 = EDGE_CURVE ( 'NONE', #590, #577, #3139, .T. ) ;
#590 = VERTEX_POINT ( 'NONE', #3101 ) ;
#591 = ORIENTED_EDGE ( 'NONE', *, *, #674, .F. ) ;
#592 = VERTEX_POINT ( 'NONE', #3100 ) ;
#593 = ORIENTED_EDGE ( 'NONE', *, *, #594, .F. ) ;
#594 = EDGE_CURVE ( 'NONE', #681, #613, #3150, .T. ) ;
#595 = ADVANCED_FACE ( 'NONE', ( #3146 ), #3174, .F. ) ;
#596 = ORIENTED_EDGE ( 'NONE', *, *, #606, .F. ) ;
#597 = VERTEX_POINT ( 'NONE', #3173 ) ;
#598 = ORIENTED_EDGE ( 'NONE', *, *, #599, .F. ) ;
#599 = EDGE_CURVE ( 'NONE', #802, #600, #3177, .T. ) ;
#600 = VERTEX_POINT ( 'NONE', #3153 ) ;
#601 = ORIENTED_EDGE ( 'NONE', *, *, #801, .T. ) ;
#602 = ORIENTED_EDGE ( 'NONE', *, *, #686, .F. ) ;
#603 = ORIENTED_EDGE ( 'NONE', *, *, #604, .T. ) ;
#604 = EDGE_CURVE ( 'NONE', #578, #868, #3171, .T. ) ;
#605 = EDGE_CURVE ( 'NONE', #804, #802, #3198, .T. ) ;
#606 = EDGE_CURVE ( 'NONE', #597, #810, #3188, .T. ) ;
#607 = ORIENTED_EDGE ( 'NONE', *, *, #608, .F. ) ;
#608 = EDGE_CURVE ( 'NONE', #609, #597, #3184, .T. ) ;
#609 = VERTEX_POINT ( 'NONE', #3180 ) ;
#610 = VERTEX_POINT ( 'NONE', #3179 ) ;
#611 = ORIENTED_EDGE ( 'NONE', *, *, #612, .F. ) ;
#612 = EDGE_CURVE ( 'NONE', #613, #804, #3178, .T. ) ;
#613 = VERTEX_POINT ( 'NONE', #3192 ) ;
#614 = EDGE_LOOP ( 'NONE', ( #596, #607, #688, #690 ) ) ;
#615 = EDGE_LOOP ( 'NONE', ( #679, #779, #800, #803, #611, #593 ) ) ;
#616 = ORIENTED_EDGE ( 'NONE', *, *, #875, .T. ) ;
#617 = ORIENTED_EDGE ( 'NONE', *, *, #637, .F. ) ;
#618 = ADVANCED_FACE ( 'NONE', ( #3191 ), #3190, .F. ) ;
#619 = ORIENTED_EDGE ( 'NONE', *, *, #620, .T. ) ;
#620 = EDGE_CURVE ( 'NONE', #697, #667, #3164, .T. ) ;
#621 = ORIENTED_EDGE ( 'NONE', *, *, #622, .F. ) ;
#622 = EDGE_CURVE ( 'NONE', #557, #564, #3216, .T. ) ;
#623 = ORIENTED_EDGE ( 'NONE', *, *, #624, .T. ) ;
#624 = EDGE_CURVE ( 'NONE', #792, #791, #3215, .T. ) ;
#625 = ORIENTED_EDGE ( 'NONE', *, *, #859, .T. ) ;
#626 = ORIENTED_EDGE ( 'NONE', *, *, #627, .F. ) ;
#627 = EDGE_CURVE ( 'NONE', #556, #555, #3206, .T. ) ;
#628 = EDGE_LOOP ( 'NONE', ( #632, #774, #625, #634 ) ) ;
#629 = ADVANCED_FACE ( 'NONE', ( #3200, #3212 ), #3233, .T. ) ;
#630 = ORIENTED_EDGE ( 'NONE', *, *, #563, .F. ) ;
#631 = EDGE_LOOP ( 'NONE', ( #623, #760 ) ) ;
#632 = ORIENTED_EDGE ( 'NONE', *, *, #694, .F. ) ;
#633 = EDGE_LOOP ( 'NONE', ( #630, #621 ) ) ;
#634 = ORIENTED_EDGE ( 'NONE', *, *, #627, .T. ) ;
#635 = EDGE_CURVE ( 'NONE', #773, #720, #3229, .T. ) ;
#636 = ORIENTED_EDGE ( 'NONE', *, *, #711, .T. ) ;
#637 = EDGE_CURVE ( 'NONE', #650, #514, #3225, .T. ) ;
#638 = EDGE_LOOP ( 'NONE', ( #626, #640 ) ) ;
#639 = ORIENTED_EDGE ( 'NONE', *, *, #635, .T. ) ;
#640 = ORIENTED_EDGE ( 'NONE', *, *, #857, .F. ) ;
#641 = EDGE_CURVE ( 'NONE', #773, #609, #3221, .T. ) ;
#642 = ORIENTED_EDGE ( 'NONE', *, *, #573, .T. ) ;
#643 = ORIENTED_EDGE ( 'NONE', *, *, #660, .T. ) ;
#644 = ORIENTED_EDGE ( 'NONE', *, *, #463, .T. ) ;
#645 = EDGE_LOOP ( 'NONE', ( #712, #673, #713, #696 ) ) ;
#646 = EDGE_CURVE ( 'NONE', #667, #582, #3268, .T. ) ;
#647 = EDGE_LOOP ( 'NONE', ( #710, #666, #663, #716, #717, #718, #721, #722, #639, #643, #619, #636, #644, #642, #775, #617 ) ) ;
#648 = EDGE_LOOP ( 'NONE', ( #665, #662, #668, #695 ) ) ;
#649 = ADVANCED_FACE ( 'NONE', ( #3265, #3269 ), #3240, .T. ) ;
#650 = VERTEX_POINT ( 'NONE', #3238 ) ;
#651 = ADVANCED_FACE ( 'NONE', ( #3254 ), #3350, .F. ) ;
#652 = ORIENTED_EDGE ( 'NONE', *, *, #574, .T. ) ;
#653 = EDGE_CURVE ( 'NONE', #728, #865, #3308, .T. ) ;
#654 = VERTEX_POINT ( 'NONE', #3276 ) ;
#655 = ORIENTED_EDGE ( 'NONE', *, *, #656, .T. ) ;
#656 = EDGE_CURVE ( 'NONE', #882, #559, #3349, .T. ) ;
#657 = EDGE_LOOP ( 'NONE', ( #658, #616, #877, #565, #568, #441, #884 ) ) ;
#658 = ORIENTED_EDGE ( 'NONE', *, *, #659, .T. ) ;
#659 = EDGE_CURVE ( 'NONE', #776, #777, #3307, .T. ) ;
#660 = EDGE_CURVE ( 'NONE', #720, #697, #3340, .T. ) ;
#661 = ADVANCED_FACE ( 'NONE', ( #3328 ), #3355, .F. ) ;
#662 = ORIENTED_EDGE ( 'NONE', *, *, #719, .T. ) ;
#663 = ORIENTED_EDGE ( 'NONE', *, *, #664, .T. ) ;
#664 = EDGE_CURVE ( 'NONE', #725, #728, #3318, .T. ) ;
#665 = ORIENTED_EDGE ( 'NONE', *, *, #670, .T. ) ;
#666 = ORIENTED_EDGE ( 'NONE', *, *, #698, .T. ) ;
#667 = VERTEX_POINT ( 'NONE', #3311 ) ;
#668 = ORIENTED_EDGE ( 'NONE', *, *, #660, .F. ) ;
#669 = VERTEX_POINT ( 'NONE', #3310 ) ;
#670 = EDGE_CURVE ( 'NONE', #669, #585, #3309, .T. ) ;
#671 = EDGE_LOOP ( 'NONE', ( #652, #706, #705, #723 ) ) ;
#672 = EDGE_CURVE ( 'NONE', #669, #720, #3280, .T. ) ;
#673 = ORIENTED_EDGE ( 'NONE', *, *, #704, .T. ) ;
#674 = EDGE_CURVE ( 'NONE', #592, #590, #3301, .T. ) ;
#675 = ORIENTED_EDGE ( 'NONE', *, *, #812, .F. ) ;
#676 = ORIENTED_EDGE ( 'NONE', *, *, #780, .T. ) ;
#677 = ORIENTED_EDGE ( 'NONE', *, *, #870, .T. ) ;
#678 = ADVANCED_FACE ( 'NONE', ( #3297 ), #3289, .F. ) ;
#679 = ORIENTED_EDGE ( 'NONE', *, *, #680, .T. ) ;
#680 = EDGE_CURVE ( 'NONE', #681, #684, #3284, .T. ) ;
#681 = VERTEX_POINT ( 'NONE', #3364 ) ;
#682 = EDGE_CURVE ( 'NONE', #610, #810, #3363, .T. ) ;
#683 = ORIENTED_EDGE ( 'NONE', *, *, #782, .F. ) ;
#684 = VERTEX_POINT ( 'NONE', #3359 ) ;
#685 = ORIENTED_EDGE ( 'NONE', *, *, #686, .T. ) ;
#686 = EDGE_CURVE ( 'NONE', #578, #807, #3377, .T. ) ;
#687 = EDGE_CURVE ( 'NONE', #684, #807, #3372, .T. ) ;
#688 = ORIENTED_EDGE ( 'NONE', *, *, #689, .T. ) ;
#689 = EDGE_CURVE ( 'NONE', #609, #610, #3384, .T. ) ;
#690 = ORIENTED_EDGE ( 'NONE', *, *, #682, .T. ) ;
#691 = ADVANCED_FACE ( 'NONE', ( #3378 ), #3383, .F. ) ;
#692 = EDGE_LOOP ( 'NONE', ( #598, #601, #602, #603, #815, #576, #588, #591, #675, #813, #814, #579, #580, #583, #421, #714 ) ) ;
#693 = VERTEX_POINT ( 'NONE', #3407 ) ;
#694 = EDGE_CURVE ( 'NONE', #791, #555, #3403, .T. ) ;
#695 = ORIENTED_EDGE ( 'NONE', *, *, #672, .F. ) ;
#696 = ORIENTED_EDGE ( 'NONE', *, *, #707, .F. ) ;
#697 = VERTEX_POINT ( 'NONE', #3404 ) ;
#698 = EDGE_CURVE ( 'NONE', #701, #725, #3437, .T. ) ;
#699 = ORIENTED_EDGE ( 'NONE', *, *, #468, .T. ) ;
#700 = EDGE_CURVE ( 'NONE', #650, #701, #3424, .T. ) ;
#701 = VERTEX_POINT ( 'NONE', #3433 ) ;
#702 = ORIENTED_EDGE ( 'NONE', *, *, #646, .T. ) ;
#703 = EDGE_CURVE ( 'NONE', #728, #575, #3432, .T. ) ;
#704 = EDGE_CURVE ( 'NONE', #577, #725, #3422, .T. ) ;
#705 = ORIENTED_EDGE ( 'NONE', *, *, #653, .F. ) ;
#706 = ORIENTED_EDGE ( 'NONE', *, *, #867, .T. ) ;
#707 = EDGE_CURVE ( 'NONE', #590, #701, #3399, .T. ) ;
#708 = ADVANCED_FACE ( 'NONE', ( #3415 ), #3474, .F. ) ;
#709 = ORIENTED_EDGE ( 'NONE', *, *, #711, .F. ) ;
#710 = ORIENTED_EDGE ( 'NONE', *, *, #700, .T. ) ;
#711 = EDGE_CURVE ( 'NONE', #667, #529, #3459, .T. ) ;
#712 = ORIENTED_EDGE ( 'NONE', *, *, #589, .T. ) ;
#713 = ORIENTED_EDGE ( 'NONE', *, *, #698, .F. ) ;
#714 = ORIENTED_EDGE ( 'NONE', *, *, #724, .F. ) ;
#715 = EDGE_LOOP ( 'NONE', ( #709, #702, #727, #699 ) ) ;
#716 = ORIENTED_EDGE ( 'NONE', *, *, #653, .T. ) ;
#717 = ORIENTED_EDGE ( 'NONE', *, *, #864, .T. ) ;
#718 = ORIENTED_EDGE ( 'NONE', *, *, #809, .T. ) ;
#719 = EDGE_CURVE ( 'NONE', #585, #697, #3518, .T. ) ;
#720 = VERTEX_POINT ( 'NONE', #3486 ) ;
#721 = ORIENTED_EDGE ( 'NONE', *, *, #689, .F. ) ;
#722 = ORIENTED_EDGE ( 'NONE', *, *, #641, .F. ) ;
#723 = ORIENTED_EDGE ( 'NONE', *, *, #703, .T. ) ;
#724 = EDGE_CURVE ( 'NONE', #600, #669, #3485, .T. ) ;
#725 = VERTEX_POINT ( 'NONE', #3512 ) ;
#726 = ADVANCED_FACE ( 'NONE', ( #3511 ), #3461, .F. ) ;
#727 = ORIENTED_EDGE ( 'NONE', *, *, #581, .T. ) ;
#728 = VERTEX_POINT ( 'NONE', #3505 ) ;
#729 = ORIENTED_EDGE ( 'NONE', *, *, #730, .T. ) ;
#730 = EDGE_CURVE ( 'NONE', #863, #731, #3492, .T. ) ;
#731 = VERTEX_POINT ( 'NONE', #3488 ) ;
#732 = ORIENTED_EDGE ( 'NONE', *, *, #793, .T. ) ;
#733 = ORIENTED_EDGE ( 'NONE', *, *, #734, .F. ) ;
#734 = EDGE_CURVE ( 'NONE', #654, #449, #3547, .T. ) ;
#735 = ORIENTED_EDGE ( 'NONE', *, *, #694, .T. ) ;
#736 = ORIENTED_EDGE ( 'NONE', *, *, #584, .F. ) ;
#737 = ORIENTED_EDGE ( 'NONE', *, *, #752, .F. ) ;
#738 = ORIENTED_EDGE ( 'NONE', *, *, #745, .F. ) ;
#739 = ADVANCED_FACE ( 'NONE', ( #3548 ), #3481, .F. ) ;
#740 = EDGE_LOOP ( 'NONE', ( #756, #737, #738, #749 ) ) ;
#741 = ADVANCED_FACE ( 'NONE', ( #3480 ), #3528, .F. ) ;
#742 = EDGE_LOOP ( 'NONE', ( #753, #754, #750, #854, #757, #746 ) ) ;
#743 = ORIENTED_EDGE ( 'NONE', *, *, #646, .F. ) ;
#744 = EDGE_LOOP ( 'NONE', ( #751, #755, #736, #743 ) ) ;
#745 = EDGE_CURVE ( 'NONE', #453, #748, #3539, .T. ) ;
#746 = ORIENTED_EDGE ( 'NONE', *, *, #747, .F. ) ;
#747 = EDGE_CURVE ( 'NONE', #748, #855, #3471, .T. ) ;
#748 = VERTEX_POINT ( 'NONE', #3467 ) ;
#749 = ORIENTED_EDGE ( 'NONE', *, *, #452, .T. ) ;
#750 = ORIENTED_EDGE ( 'NONE', *, *, #707, .T. ) ;
#751 = ORIENTED_EDGE ( 'NONE', *, *, #620, .F. ) ;
#752 = EDGE_CURVE ( 'NONE', #748, #592, #3466, .T. ) ;
#753 = ORIENTED_EDGE ( 'NONE', *, *, #752, .T. ) ;
#754 = ORIENTED_EDGE ( 'NONE', *, *, #674, .T. ) ;
#755 = ORIENTED_EDGE ( 'NONE', *, *, #719, .F. ) ;
#756 = ORIENTED_EDGE ( 'NONE', *, *, #812, .T. ) ;
#757 = ORIENTED_EDGE ( 'NONE', *, *, #758, .F. ) ;
#758 = EDGE_CURVE ( 'NONE', #855, #650, #1820, .T. ) ;
#759 = ORIENTED_EDGE ( 'NONE', *, *, #448, .F. ) ;
#760 = ORIENTED_EDGE ( 'NONE', *, *, #790, .T. ) ;
#761 = ORIENTED_EDGE ( 'NONE', *, *, #445, .T. ) ;
#762 = ORIENTED_EDGE ( 'NONE', *, *, #704, .F. ) ;
#763 = ORIENTED_EDGE ( 'NONE', *, *, #587, .F. ) ;
#764 = EDGE_LOOP ( 'NONE', ( #759, #767, #761, #770 ) ) ;
#765 = ORIENTED_EDGE ( 'NONE', *, *, #703, .F. ) ;
#766 = ADVANCED_FACE ( 'NONE', ( #1813 ), #1140, .T. ) ;
#767 = ORIENTED_EDGE ( 'NONE', *, *, #622, .T. ) ;
#768 = ADVANCED_FACE ( 'NONE', ( #1154 ), #1196, .F. ) ;
#769 = EDGE_LOOP ( 'NONE', ( #772, #762, #763, #765 ) ) ;
#770 = ORIENTED_EDGE ( 'NONE', *, *, #889, .F. ) ;
#771 = ADVANCED_FACE ( 'NONE', ( #1188 ), #1191, .T. ) ;
#772 = ORIENTED_EDGE ( 'NONE', *, *, #664, .F. ) ;
#773 = VERTEX_POINT ( 'NONE', #1184 ) ;
#774 = ORIENTED_EDGE ( 'NONE', *, *, #624, .F. ) ;
#775 = ORIENTED_EDGE ( 'NONE', *, *, #480, .F. ) ;
#776 = VERTEX_POINT ( 'NONE', #1190 ) ;
#777 = VERTEX_POINT ( 'NONE', #1208 ) ;
#778 = ORIENTED_EDGE ( 'NONE', *, *, #780, .F. ) ;
#779 = ORIENTED_EDGE ( 'NONE', *, *, #687, .T. ) ;
#780 = EDGE_CURVE ( 'NONE', #798, #578, #1199, .T. ) ;
#781 = EDGE_LOOP ( 'NONE', ( #683, #676, #685, #799 ) ) ;
#782 = EDGE_CURVE ( 'NONE', #798, #684, #1182, .T. ) ;
#783 = ORIENTED_EDGE ( 'NONE', *, *, #811, .F. ) ;
#784 = EDGE_CURVE ( 'NONE', #810, #874, #1187, .T. ) ;
#785 = ORIENTED_EDGE ( 'NONE', *, *, #682, .F. ) ;
#786 = ADVANCED_FACE ( 'NONE', ( #1173 ), #1220, .F. ) ;
#787 = ORIENTED_EDGE ( 'NONE', *, *, #604, .F. ) ;
#788 = ADVANCED_FACE ( 'NONE', ( #1172 ), #1202, .F. ) ;
#789 = ORIENTED_EDGE ( 'NONE', *, *, #790, .F. ) ;
#790 = EDGE_CURVE ( 'NONE', #791, #792, #1211, .T. ) ;
#791 = VERTEX_POINT ( 'NONE', #1235 ) ;
#792 = VERTEX_POINT ( 'NONE', #1224 ) ;
#793 = EDGE_CURVE ( 'NONE', #731, #794, #1238, .T. ) ;
#794 = VERTEX_POINT ( 'NONE', #1222 ) ;
#795 = ORIENTED_EDGE ( 'NONE', *, *, #796, .T. ) ;
#796 = EDGE_CURVE ( 'NONE', #794, #797, #1272, .T. ) ;
#797 = VERTEX_POINT ( 'NONE', #1242 ) ;
#798 = VERTEX_POINT ( 'NONE', #1261 ) ;
#799 = ORIENTED_EDGE ( 'NONE', *, *, #687, .F. ) ;
#800 = ORIENTED_EDGE ( 'NONE', *, *, #801, .F. ) ;
#801 = EDGE_CURVE ( 'NONE', #802, #807, #1226, .T. ) ;
#802 = VERTEX_POINT ( 'NONE', #1286 ) ;
#803 = ORIENTED_EDGE ( 'NONE', *, *, #605, .F. ) ;
#804 = VERTEX_POINT ( 'NONE', #1270 ) ;
#805 = ADVANCED_FACE ( 'NONE', ( #1269 ), #1281, .F. ) ;
#806 = ORIENTED_EDGE ( 'NONE', *, *, #784, .F. ) ;
#807 = VERTEX_POINT ( 'NONE', #1291 ) ;
#808 = ORIENTED_EDGE ( 'NONE', *, *, #809, .F. ) ;
#809 = EDGE_CURVE ( 'NONE', #693, #610, #1290, .T. ) ;
#810 = VERTEX_POINT ( 'NONE', #1266 ) ;
#811 = EDGE_CURVE ( 'NONE', #539, #798, #1264, .T. ) ;
#812 = EDGE_CURVE ( 'NONE', #543, #592, #1265, .T. ) ;
#813 = ORIENTED_EDGE ( 'NONE', *, *, #542, .T. ) ;
#814 = ORIENTED_EDGE ( 'NONE', *, *, #501, .F. ) ;
#815 = ORIENTED_EDGE ( 'NONE', *, *, #574, .F. ) ;
#816 = VERTEX_POINT ( 'NONE', #1228 ) ;
#817 = ORIENTED_EDGE ( 'NONE', *, *, #946, .T. ) ;
#818 = ORIENTED_EDGE ( 'NONE', *, *, #1031, .T. ) ;
#819 = ORIENTED_EDGE ( 'NONE', *, *, #820, .T. ) ;
#820 = EDGE_CURVE ( 'NONE', #973, #975, #1227, .T. ) ;
#821 = EDGE_LOOP ( 'NONE', ( #822, #841, #824, #829 ) ) ;
#822 = ORIENTED_EDGE ( 'NONE', *, *, #599, .T. ) ;
#823 = EDGE_CURVE ( 'NONE', #804, #843, #1276, .T. ) ;
#824 = ORIENTED_EDGE ( 'NONE', *, *, #823, .F. ) ;
#825 = ORIENTED_EDGE ( 'NONE', *, *, #839, .T. ) ;
#826 = ADVANCED_FACE ( 'NONE', ( #1246 ), #1300, .F. ) ;
#827 = EDGE_LOOP ( 'NONE', ( #828, #846, #848, #965 ) ) ;
#828 = ORIENTED_EDGE ( 'NONE', *, *, #830, .T. ) ;
#829 = ORIENTED_EDGE ( 'NONE', *, *, #605, .T. ) ;
#830 = EDGE_CURVE ( 'NONE', #843, #845, #1376, .T. ) ;
#831 = ORIENTED_EDGE ( 'NONE', *, *, #672, .T. ) ;
#832 = ORIENTED_EDGE ( 'NONE', *, *, #635, .F. ) ;
#833 = ADVANCED_FACE ( 'NONE', ( #1366 ), #1327, .F. ) ;
#834 = ORIENTED_EDGE ( 'NONE', *, *, #830, .F. ) ;
#835 = ORIENTED_EDGE ( 'NONE', *, *, #836, .F. ) ;
#836 = EDGE_CURVE ( 'NONE', #845, #773, #1374, .T. ) ;
#837 = EDGE_CURVE ( 'NONE', #457, #855, #1342, .T. ) ;
#838 = ORIENTED_EDGE ( 'NONE', *, *, #724, .T. ) ;
#839 = EDGE_CURVE ( 'NONE', #843, #600, #1355, .T. ) ;
#840 = ADVANCED_FACE ( 'NONE', ( #1351 ), #1308, .F. ) ;
#841 = ORIENTED_EDGE ( 'NONE', *, *, #839, .F. ) ;
#842 = ORIENTED_EDGE ( 'NONE', *, *, #837, .F. ) ;
#843 = VERTEX_POINT ( 'NONE', #1436 ) ;
#844 = EDGE_LOOP ( 'NONE', ( #825, #838, #831, #832, #835, #834 ) ) ;
#845 = VERTEX_POINT ( 'NONE', #1407 ) ;
#846 = ORIENTED_EDGE ( 'NONE', *, *, #847, .F. ) ;
#847 = EDGE_CURVE ( 'NONE', #613, #845, #1401, .T. ) ;
#848 = ORIENTED_EDGE ( 'NONE', *, *, #612, .T. ) ;
#849 = ORIENTED_EDGE ( 'NONE', *, *, #456, .T. ) ;
#850 = EDGE_LOOP ( 'NONE', ( #849, #851, #852, #842 ) ) ;
#851 = ORIENTED_EDGE ( 'NONE', *, *, #745, .T. ) ;
#852 = ORIENTED_EDGE ( 'NONE', *, *, #747, .T. ) ;
#853 = ADVANCED_FACE ( 'NONE', ( #1412 ), #1381, .F. ) ;
#854 = ORIENTED_EDGE ( 'NONE', *, *, #700, .F. ) ;
#855 = VERTEX_POINT ( 'NONE', #1411 ) ;
#856 = ORIENTED_EDGE ( 'NONE', *, *, #857, .T. ) ;
#857 = EDGE_CURVE ( 'NONE', #555, #556, #1380, .T. ) ;
#858 = ORIENTED_EDGE ( 'NONE', *, *, #859, .F. ) ;
#859 = EDGE_CURVE ( 'NONE', #792, #556, #1384, .T. ) ;
#860 = ADVANCED_FACE ( 'NONE', ( #1420, #1419, #1435, #1434, #1433 ), #1385, .T. ) ;
#861 = EDGE_LOOP ( 'NONE', ( #862, #561, #729, #732, #795, #880, #655 ) ) ;
#862 = ORIENTED_EDGE ( 'NONE', *, *, #558, .T. ) ;
#863 = VERTEX_POINT ( 'NONE', #1402 ) ;
#864 = EDGE_CURVE ( 'NONE', #865, #693, #1304, .T. ) ;
#865 = VERTEX_POINT ( 'NONE', #1506 ) ;
#866 = ORIENTED_EDGE ( 'NONE', *, *, #867, .F. ) ;
#867 = EDGE_CURVE ( 'NONE', #868, #865, #1462, .T. ) ;
#868 = VERTEX_POINT ( 'NONE', #1483 ) ;
#869 = ORIENTED_EDGE ( 'NONE', *, *, #870, .F. ) ;
#870 = EDGE_CURVE ( 'NONE', #693, #874, #1484, .T. ) ;
#871 = ORIENTED_EDGE ( 'NONE', *, *, #864, .F. ) ;
#872 = ORIENTED_EDGE ( 'NONE', *, *, #873, .F. ) ;
#873 = EDGE_CURVE ( 'NONE', #874, #540, #1456, .T. ) ;
#874 = VERTEX_POINT ( 'NONE', #1452 ) ;
#875 = EDGE_CURVE ( 'NONE', #777, #876, #1481, .T. ) ;
#876 = VERTEX_POINT ( 'NONE', #1482 ) ;
#877 = ORIENTED_EDGE ( 'NONE', *, *, #878, .T. ) ;
#878 = EDGE_CURVE ( 'NONE', #876, #879, #1447, .T. ) ;
#879 = VERTEX_POINT ( 'NONE', #1440 ) ;
#880 = ORIENTED_EDGE ( 'NONE', *, *, #881, .T. ) ;
#881 = EDGE_CURVE ( 'NONE', #797, #882, #1472, .T. ) ;
#882 = VERTEX_POINT ( 'NONE', #1508 ) ;
#883 = VERTEX_POINT ( 'NONE', #1507 ) ;
#884 = ORIENTED_EDGE ( 'NONE', *, *, #885, .T. ) ;
#885 = EDGE_CURVE ( 'NONE', #883, #776, #1487, .T. ) ;
#886 = EDGE_LOOP ( 'NONE', ( #887, #888 ) ) ;
#887 = ORIENTED_EDGE ( 'NONE', *, *, #734, .T. ) ;
#888 = ORIENTED_EDGE ( 'NONE', *, *, #889, .T. ) ;
#889 = EDGE_CURVE ( 'NONE', #449, #654, #1457, .T. ) ;
#890 = EDGE_LOOP ( 'NONE', ( #891, #347, #345, #348, #342, #285, #424 ) ) ;
#891 = ORIENTED_EDGE ( 'NONE', *, *, #892, .T. ) ;
#892 = EDGE_CURVE ( 'NONE', #893, #894, #1492, .T. ) ;
#893 = VERTEX_POINT ( 'NONE', #1497 ) ;
#894 = VERTEX_POINT ( 'NONE', #1496 ) ;
#895 = EDGE_LOOP ( 'NONE', ( #450, #447, #733, #444 ) ) ;
#896 = ADVANCED_FACE ( 'NONE', ( #1495 ), #1494, .T. ) ;
#897 = CARTESIAN_POINT ( 'NONE',  ( -2.204214050171496600, 4.990000000000000200, -0.3362166561531371200 ) ) ;
#898 = AXIS2_PLACEMENT_3D ( 'NONE', #897, #942, #941 ) ;
#899 = FACE_OUTER_BOUND ( 'NONE', #13, .T. ) ;
#900 = FILL_AREA_STYLE_COLOUR ( '', #940 ) ;
#901 = PLANE ( 'NONE',  #898 ) ;
#902 =( GEOMETRIC_REPRESENTATION_CONTEXT ( 3 ) GLOBAL_UNCERTAINTY_ASSIGNED_CONTEXT ( ( #903 ) ) GLOBAL_UNIT_ASSIGNED_CONTEXT ( ( #906, #905, #904 ) ) REPRESENTATION_CONTEXT ( 'NONE', 'WORKASPACE' ) );
#903 = UNCERTAINTY_MEASURE_WITH_UNIT (LENGTH_MEASURE( 1.000000000000000100E-005 ), #906, 'distance_accuracy_value', 'NONE');
#904 =( NAMED_UNIT ( * ) SI_UNIT ( $, .STERADIAN. ) SOLID_ANGLE_UNIT ( ) );
#905 =( NAMED_UNIT ( * ) PLANE_ANGLE_UNIT ( ) SI_UNIT ( $, .RADIAN. ) );
#906 =( LENGTH_UNIT ( ) NAMED_UNIT ( * ) SI_UNIT ( .MILLI., .METRE. ) );
#907 = MECHANICAL_DESIGN_GEOMETRIC_PRESENTATION_REPRESENTATION (  '', ( #909 ), #902 ) ;
#908 = PRESENTATION_LAYER_ASSIGNMENT (  '', '', ( #909 ) ) ;
#909 = STYLED_ITEM ( 'NONE', ( #910 ), #19 ) ;
#910 = PRESENTATION_STYLE_ASSIGNMENT (( #911 ) ) ;
#911 = SURFACE_STYLE_USAGE ( .BOTH. , #912 ) ;
#912 = SURFACE_SIDE_STYLE ('',( #913 ) ) ;
#913 = SURFACE_STYLE_FILL_AREA ( #914 ) ;
#914 = FILL_AREA_STYLE ('',( #921 ) ) ;
#915 = COLOUR_RGB ( '',1.000000000000000000, 1.000000000000000000, 1.000000000000000000 ) ;
#916 = DIRECTION ( 'NONE',  ( -0.4132170265578689100, 0.0000000000000000000, 0.9106325762691962500 ) ) ;
#917 = DIRECTION ( 'NONE',  ( -0.9106325762691962500, 0.0000000000000000000, -0.4132170265578689100 ) ) ;
#918 = CARTESIAN_POINT ( 'NONE',  ( -0.9762210924250177600, 4.990000000000000200, -3.042422642068630400 ) ) ;
#919 = AXIS2_PLACEMENT_3D ( 'NONE', #918, #917, #916 ) ;
#920 = FACE_OUTER_BOUND ( 'NONE', #57, .T. ) ;
#921 = FILL_AREA_STYLE_COLOUR ( '', #915 ) ;
#922 = PLANE ( 'NONE',  #919 ) ;
#923 =( GEOMETRIC_REPRESENTATION_CONTEXT ( 3 ) GLOBAL_UNCERTAINTY_ASSIGNED_CONTEXT ( ( #953 ) ) GLOBAL_UNIT_ASSIGNED_CONTEXT ( ( #956, #955, #954 ) ) REPRESENTATION_CONTEXT ( 'NONE', 'WORKASPACE' ) );
#924 = CARTESIAN_POINT ( 'NONE',  ( -2.723140106509525100, 4.990000000000000200, -2.955934966012292000 ) ) ;
#925 = AXIS2_PLACEMENT_3D ( 'NONE', #924, #1138, #1137 ) ;
#926 = PLANE ( 'NONE',  #925 ) ;
#927 =( GEOMETRIC_REPRESENTATION_CONTEXT ( 3 ) GLOBAL_UNCERTAINTY_ASSIGNED_CONTEXT ( ( #928 ) ) GLOBAL_UNIT_ASSIGNED_CONTEXT ( ( #931, #930, #929 ) ) REPRESENTATION_CONTEXT ( 'NONE', 'WORKASPACE' ) );
#928 = UNCERTAINTY_MEASURE_WITH_UNIT (LENGTH_MEASURE( 1.000000000000000100E-005 ), #931, 'distance_accuracy_value', 'NONE');
#929 =( NAMED_UNIT ( * ) SI_UNIT ( $, .STERADIAN. ) SOLID_ANGLE_UNIT ( ) );
#930 =( NAMED_UNIT ( * ) PLANE_ANGLE_UNIT ( ) SI_UNIT ( $, .RADIAN. ) );
#931 =( LENGTH_UNIT ( ) NAMED_UNIT ( * ) SI_UNIT ( .MILLI., .METRE. ) );
#932 = MECHANICAL_DESIGN_GEOMETRIC_PRESENTATION_REPRESENTATION (  '', ( #934 ), #927 ) ;
#933 = PRESENTATION_LAYER_ASSIGNMENT (  '', '', ( #934 ) ) ;
#934 = STYLED_ITEM ( 'NONE', ( #935 ), #20 ) ;
#935 = PRESENTATION_STYLE_ASSIGNMENT (( #936 ) ) ;
#936 = SURFACE_STYLE_USAGE ( .BOTH. , #937 ) ;
#937 = SURFACE_SIDE_STYLE ('',( #938 ) ) ;
#938 = SURFACE_STYLE_FILL_AREA ( #939 ) ;
#939 = FILL_AREA_STYLE ('',( #900 ) ) ;
#940 = COLOUR_RGB ( '',1.000000000000000000, 1.000000000000000000, 1.000000000000000000 ) ;
#941 = DIRECTION ( 'NONE',  ( -1.000000000000000000, 0.0000000000000000000, 0.0000000000000000000 ) ) ;
#942 = DIRECTION ( 'NONE',  ( -0.0000000000000000000, 0.0000000000000000000, -1.000000000000000000 ) ) ;
#943 = ORIENTED_EDGE ( 'NONE', *, *, #1031, .F. ) ;
#944 = ORIENTED_EDGE ( 'NONE', *, *, #945, .T. ) ;
#945 = EDGE_CURVE ( 'NONE', #975, #816, #1474, .T. ) ;
#946 = EDGE_CURVE ( 'NONE', #816, #947, #1449, .T. ) ;
#947 = VERTEX_POINT ( 'NONE', #1478 ) ;
#948 = ORIENTED_EDGE ( 'NONE', *, *, #949, .F. ) ;
#949 = EDGE_CURVE ( 'NONE', #950, #947, #1502, .T. ) ;
#950 = VERTEX_POINT ( 'NONE', #1498 ) ;
#951 = ORIENTED_EDGE ( 'NONE', *, *, #952, .T. ) ;
#952 = EDGE_CURVE ( 'NONE', #950, #539, #1471, .T. ) ;
#953 = UNCERTAINTY_MEASURE_WITH_UNIT (LENGTH_MEASURE( 1.000000000000000100E-005 ), #956, 'distance_accuracy_value', 'NONE');
#954 =( NAMED_UNIT ( * ) SI_UNIT ( $, .STERADIAN. ) SOLID_ANGLE_UNIT ( ) );
#955 =( NAMED_UNIT ( * ) PLANE_ANGLE_UNIT ( ) SI_UNIT ( $, .RADIAN. ) );
#956 =( LENGTH_UNIT ( ) NAMED_UNIT ( * ) SI_UNIT ( .MILLI., .METRE. ) );
#957 = ORIENTED_EDGE ( 'NONE', *, *, #958, .T. ) ;
#958 = EDGE_CURVE ( 'NONE', #973, #959, #1467, .T. ) ;
#959 = VERTEX_POINT ( 'NONE', #1515 ) ;
#960 = ORIENTED_EDGE ( 'NONE', *, *, #680, .F. ) ;
#961 = ORIENTED_EDGE ( 'NONE', *, *, #811, .T. ) ;
#962 = ADVANCED_FACE ( 'NONE', ( #1586 ), #1564, .F. ) ;
#963 = EDGE_LOOP ( 'NONE', ( #957, #1026, #1017, #1018 ) ) ;
#964 = EDGE_LOOP ( 'NONE', ( #1042, #960, #943, #944, #817, #948, #951, #961 ) ) ;
#965 = ORIENTED_EDGE ( 'NONE', *, *, #823, .T. ) ;
#966 = ADVANCED_FACE ( 'NONE', ( #1566 ), #1516, .F. ) ;
#967 = ORIENTED_EDGE ( 'NONE', *, *, #536, .T. ) ;
#968 = ADVANCED_FACE ( 'NONE', ( #1561 ), #1533, .F. ) ;
#969 = ORIENTED_EDGE ( 'NONE', *, *, #608, .T. ) ;
#970 = VERTEX_POINT ( 'NONE', #1546 ) ;
#971 = ORIENTED_EDGE ( 'NONE', *, *, #1046, .T. ) ;
#972 = VERTEX_POINT ( 'NONE', #1597 ) ;
#973 = VERTEX_POINT ( 'NONE', #1596 ) ;
#974 = ORIENTED_EDGE ( 'NONE', *, *, #836, .T. ) ;
#975 = VERTEX_POINT ( 'NONE', #1595 ) ;
#976 = MECHANICAL_DESIGN_GEOMETRIC_PRESENTATION_REPRESENTATION (  '', ( #978 ), #923 ) ;
#977 = PRESENTATION_LAYER_ASSIGNMENT (  '', '', ( #978 ) ) ;
#978 = STYLED_ITEM ( 'NONE', ( #979 ), #18 ) ;
#979 = PRESENTATION_STYLE_ASSIGNMENT (( #980 ) ) ;
#980 = SURFACE_STYLE_USAGE ( .BOTH. , #981 ) ;
#981 = SURFACE_SIDE_STYLE ('',( #982 ) ) ;
#982 = SURFACE_STYLE_FILL_AREA ( #983 ) ;
#983 = FILL_AREA_STYLE ('',( #990 ) ) ;
#984 = COLOUR_RGB ( '',1.000000000000000000, 1.000000000000000000, 1.000000000000000000 ) ;
#985 = FACE_OUTER_BOUND ( 'NONE', #41, .T. ) ;
#986 = DIRECTION ( 'NONE',  ( -0.0000000000000000000, 1.000000000000000000, -0.0000000000000000000 ) ) ;
#987 = VECTOR ( 'NONE', #986, 1000.000000000000000 ) ;
#988 = CARTESIAN_POINT ( 'NONE',  ( -0.9762210924250177600, 4.990000000000000200, -3.042422642068630400 ) ) ;
#989 = LINE ( 'NONE', #988, #987 ) ;
#990 = FILL_AREA_STYLE_COLOUR ( '', #984 ) ;
#991 = DIRECTION ( 'NONE',  ( 0.0000000000000000000, 0.0000000000000000000, 1.000000000000000000 ) ) ;
#992 = DIRECTION ( 'NONE',  ( -1.000000000000000000, 0.0000000000000000000, 0.0000000000000000000 ) ) ;
#993 = CARTESIAN_POINT ( 'NONE',  ( 0.9674408794059681200, 4.990000000000000200, -3.293963135026376500 ) ) ;
#994 = AXIS2_PLACEMENT_3D ( 'NONE', #993, #992, #991 ) ;
#995 = PLANE ( 'NONE',  #994 ) ;
#996 =( GEOMETRIC_REPRESENTATION_CONTEXT ( 3 ) GLOBAL_UNCERTAINTY_ASSIGNED_CONTEXT ( ( #997 ) ) GLOBAL_UNIT_ASSIGNED_CONTEXT ( ( #1000, #999, #998 ) ) REPRESENTATION_CONTEXT ( 'NONE', 'WORKASPACE' ) );
#997 = UNCERTAINTY_MEASURE_WITH_UNIT (LENGTH_MEASURE( 1.000000000000000100E-005 ), #1000, 'distance_accuracy_value', 'NONE');
#998 =( NAMED_UNIT ( * ) SI_UNIT ( $, .STERADIAN. ) SOLID_ANGLE_UNIT ( ) );
#999 =( NAMED_UNIT ( * ) PLANE_ANGLE_UNIT ( ) SI_UNIT ( $, .RADIAN. ) );
#1000 =( LENGTH_UNIT ( ) NAMED_UNIT ( * ) SI_UNIT ( .MILLI., .METRE. ) );
#1001 = MECHANICAL_DESIGN_GEOMETRIC_PRESENTATION_REPRESENTATION (  '', ( #1003 ), #996 ) ;
#1002 = PRESENTATION_LAYER_ASSIGNMENT (  '', '', ( #1003 ) ) ;
#1003 = STYLED_ITEM ( 'NONE', ( #1004 ), #12 ) ;
#1004 = PRESENTATION_STYLE_ASSIGNMENT (( #1005 ) ) ;
#1005 = SURFACE_STYLE_USAGE ( .BOTH. , #1006 ) ;
#1006 = SURFACE_SIDE_STYLE ('',( #1047 ) ) ;
#1007 = EDGE_LOOP ( 'NONE', ( #1035, #1037, #1038, #1039, #1033, #971, #1043, #967 ) ) ;
#1008 = EDGE_LOOP ( 'NONE', ( #1090, #1091, #1097, #1098 ) ) ;
#1009 = ADVANCED_FACE ( 'NONE', ( #1594 ), #1550, .F. ) ;
#1010 = ORIENTED_EDGE ( 'NONE', *, *, #1013, .T. ) ;
#1011 = ORIENTED_EDGE ( 'NONE', *, *, #1013, .F. ) ;
#1012 = ORIENTED_EDGE ( 'NONE', *, *, #873, .T. ) ;
#1013 = EDGE_CURVE ( 'NONE', #1015, #1025, #1625, .T. ) ;
#1014 = EDGE_CURVE ( 'NONE', #959, #816, #1661, .T. ) ;
#1015 = VERTEX_POINT ( 'NONE', #1659 ) ;
#1016 = EDGE_CURVE ( 'NONE', #1015, #959, #1614, .T. ) ;
#1017 = ORIENTED_EDGE ( 'NONE', *, *, #945, .F. ) ;
#1018 = ORIENTED_EDGE ( 'NONE', *, *, #820, .F. ) ;
#1019 = ORIENTED_EDGE ( 'NONE', *, *, #1036, .F. ) ;
#1020 = ORIENTED_EDGE ( 'NONE', *, *, #1108, .T. ) ;
#1021 = ORIENTED_EDGE ( 'NONE', *, *, #949, .T. ) ;
#1022 = ORIENTED_EDGE ( 'NONE', *, *, #537, .T. ) ;
#1023 = ORIENTED_EDGE ( 'NONE', *, *, #952, .F. ) ;
#1024 = ORIENTED_EDGE ( 'NONE', *, *, #606, .T. ) ;
#1025 = VERTEX_POINT ( 'NONE', #1610 ) ;
#1026 = ORIENTED_EDGE ( 'NONE', *, *, #1014, .T. ) ;
#1027 = ORIENTED_EDGE ( 'NONE', *, *, #958, .F. ) ;
#1028 = EDGE_LOOP ( 'NONE', ( #1012, #1087, #1011, #1109, #1027, #1019, #1024, #1105 ) ) ;
#1029 = ADVANCED_FACE ( 'NONE', ( #1627 ), #1615, .F. ) ;
#1030 = ORIENTED_EDGE ( 'NONE', *, *, #641, .T. ) ;
#1031 = EDGE_CURVE ( 'NONE', #975, #681, #1648, .T. ) ;
#1032 = ORIENTED_EDGE ( 'NONE', *, *, #1036, .T. ) ;
#1033 = ORIENTED_EDGE ( 'NONE', *, *, #1034, .T. ) ;
#1034 = EDGE_CURVE ( 'NONE', #462, #970, #1639, .T. ) ;
#1035 = ORIENTED_EDGE ( 'NONE', *, *, #837, .T. ) ;
#1036 = EDGE_CURVE ( 'NONE', #597, #973, #1634, .T. ) ;
#1037 = ORIENTED_EDGE ( 'NONE', *, *, #758, .T. ) ;
#1038 = ORIENTED_EDGE ( 'NONE', *, *, #637, .T. ) ;
#1039 = ORIENTED_EDGE ( 'NONE', *, *, #513, .T. ) ;
#1040 = EDGE_LOOP ( 'NONE', ( #1045, #974, #1030, #969, #1032, #819, #818, #554 ) ) ;
#1041 = ADVANCED_FACE ( 'NONE', ( #1605 ), #1679, .F. ) ;
#1042 = ORIENTED_EDGE ( 'NONE', *, *, #782, .T. ) ;
#1043 = ORIENTED_EDGE ( 'NONE', *, *, #1044, .T. ) ;
#1044 = EDGE_CURVE ( 'NONE', #972, #493, #1644, .T. ) ;
#1045 = ORIENTED_EDGE ( 'NONE', *, *, #847, .T. ) ;
#1046 = EDGE_CURVE ( 'NONE', #970, #972, #1657, .T. ) ;
#1047 = SURFACE_STYLE_FILL_AREA ( #1048 ) ;
#1048 = FILL_AREA_STYLE ('',( #1055 ) ) ;
#1049 = COLOUR_RGB ( '',1.000000000000000000, 1.000000000000000000, 1.000000000000000000 ) ;
#1050 = FACE_OUTER_BOUND ( 'NONE', #32, .T. ) ;
#1051 = DIRECTION ( 'NONE',  ( -0.0000000000000000000, 1.000000000000000000, -0.0000000000000000000 ) ) ;
#1052 = VECTOR ( 'NONE', #1051, 1000.000000000000000 ) ;
#1053 = CARTESIAN_POINT ( 'NONE',  ( 0.9674408794059681200, 4.990000000000000200, -3.293963135026376500 ) ) ;
#1054 = LINE ( 'NONE', #1053, #1052 ) ;
#1055 = FILL_AREA_STYLE_COLOUR ( '', #1049 ) ;
#1056 = CARTESIAN_POINT ( 'NONE',  ( 0.9674408794059681200, 4.990000000000000200, -3.293963135026376500 ) ) ;
#1057 = CARTESIAN_POINT ( 'NONE',  ( -0.9762210924250177600, 4.990000000000000200, -3.042422642068630400 ) ) ;
#1058 = DIRECTION ( 'NONE',  ( 0.0000000000000000000, 0.0000000000000000000, -1.000000000000000000 ) ) ;
#1059 = DIRECTION ( 'NONE',  ( 1.000000000000000000, 0.0000000000000000000, 0.0000000000000000000 ) ) ;
#1060 = CARTESIAN_POINT ( 'NONE',  ( -0.7794781346785389900, 4.990000000000000200, -2.955934966012292000 ) ) ;
#1061 = AXIS2_PLACEMENT_3D ( 'NONE', #1060, #1059, #1058 ) ;
#1062 = PLANE ( 'NONE',  #1061 ) ;
#1063 =( GEOMETRIC_REPRESENTATION_CONTEXT ( 3 ) GLOBAL_UNCERTAINTY_ASSIGNED_CONTEXT ( ( #1064 ) ) GLOBAL_UNIT_ASSIGNED_CONTEXT ( ( #1067, #1066, #1065 ) ) REPRESENTATION_CONTEXT ( 'NONE', 'WORKASPACE' ) );
#1064 = UNCERTAINTY_MEASURE_WITH_UNIT (LENGTH_MEASURE( 1.000000000000000100E-005 ), #1067, 'distance_accuracy_value', 'NONE');
#1065 =( NAMED_UNIT ( * ) SI_UNIT ( $, .STERADIAN. ) SOLID_ANGLE_UNIT ( ) );
#1066 =( NAMED_UNIT ( * ) PLANE_ANGLE_UNIT ( ) SI_UNIT ( $, .RADIAN. ) );
#1067 =( LENGTH_UNIT ( ) NAMED_UNIT ( * ) SI_UNIT ( .MILLI., .METRE. ) );
#1068 = MECHANICAL_DESIGN_GEOMETRIC_PRESENTATION_REPRESENTATION (  '', ( #1070 ), #1063 ) ;
#1069 = PRESENTATION_LAYER_ASSIGNMENT (  '', '', ( #1070 ) ) ;
#1070 = STYLED_ITEM ( 'NONE', ( #1071 ), #2 ) ;
#1071 = PRESENTATION_STYLE_ASSIGNMENT (( #1072 ) ) ;
#1072 = SURFACE_STYLE_USAGE ( .BOTH. , #1073 ) ;
#1073 = SURFACE_SIDE_STYLE ('',( #1074 ) ) ;
#1074 = SURFACE_STYLE_FILL_AREA ( #1075 ) ;
#1075 = FILL_AREA_STYLE ('',( #1076 ) ) ;
#1076 = FILL_AREA_STYLE_COLOUR ( '', #1077 ) ;
#1077 = COLOUR_RGB ( '',1.000000000000000000, 1.000000000000000000, 1.000000000000000000 ) ;
#1078 = FACE_OUTER_BOUND ( 'NONE', #4, .T. ) ;
#1079 = ORIENTED_EDGE ( 'NONE', *, *, #466, .T. ) ;
#1080 = ORIENTED_EDGE ( 'NONE', *, *, #541, .F. ) ;
#1081 = ORIENTED_EDGE ( 'NONE', *, *, #1044, .F. ) ;
#1082 = ORIENTED_EDGE ( 'NONE', *, *, #1086, .T. ) ;
#1083 = EDGE_CURVE ( 'NONE', #1103, #1084, #1652, .T. ) ;
#1084 = VERTEX_POINT ( 'NONE', #1753 ) ;
#1085 = ORIENTED_EDGE ( 'NONE', *, *, #1086, .F. ) ;
#1086 = EDGE_CURVE ( 'NONE', #972, #1084, #1706, .T. ) ;
#1087 = ORIENTED_EDGE ( 'NONE', *, *, #1089, .F. ) ;
#1088 = ADVANCED_FACE ( 'NONE', ( #1721 ), #1730, .F. ) ;
#1089 = EDGE_CURVE ( 'NONE', #1025, #540, #1731, .T. ) ;
#1090 = ORIENTED_EDGE ( 'NONE', *, *, #1016, .F. ) ;
#1091 = ORIENTED_EDGE ( 'NONE', *, *, #1111, .F. ) ;
#1092 = ORIENTED_EDGE ( 'NONE', *, *, #1089, .T. ) ;
#1093 = EDGE_LOOP ( 'NONE', ( #1010, #1020, #1021, #1110 ) ) ;
#1094 = ORIENTED_EDGE ( 'NONE', *, *, #1046, .F. ) ;
#1095 = ADVANCED_FACE ( 'NONE', ( #1766 ), #1723, .F. ) ;
#1096 = EDGE_LOOP ( 'NONE', ( #1079, #1080, #1081, #1082, #305, #385, #432, #300 ) ) ;
#1097 = ORIENTED_EDGE ( 'NONE', *, *, #946, .F. ) ;
#1098 = ORIENTED_EDGE ( 'NONE', *, *, #1014, .F. ) ;
#1099 = ADVANCED_FACE ( 'NONE', ( #1727 ), #1720, .F. ) ;
#1100 = EDGE_LOOP ( 'NONE', ( #1101, #1104, #1085, #1094 ) ) ;
#1101 = ORIENTED_EDGE ( 'NONE', *, *, #1102, .T. ) ;
#1102 = EDGE_CURVE ( 'NONE', #970, #1103, #1736, .T. ) ;
#1103 = VERTEX_POINT ( 'NONE', #1732 ) ;
#1104 = ORIENTED_EDGE ( 'NONE', *, *, #1083, .T. ) ;
#1105 = ORIENTED_EDGE ( 'NONE', *, *, #784, .T. ) ;
#1106 = EDGE_LOOP ( 'NONE', ( #1022, #1023, #1107, #1092 ) ) ;
#1107 = ORIENTED_EDGE ( 'NONE', *, *, #1108, .F. ) ;
#1108 = EDGE_CURVE ( 'NONE', #1025, #950, #1698, .T. ) ;
#1109 = ORIENTED_EDGE ( 'NONE', *, *, #1016, .T. ) ;
#1110 = ORIENTED_EDGE ( 'NONE', *, *, #1111, .T. ) ;
#1111 = EDGE_CURVE ( 'NONE', #947, #1015, #1752, .T. ) ;
#1112 = ADVANCED_FACE ( 'NONE', ( #1748 ), #1317, .T. ) ;
#1113 =( GEOMETRIC_REPRESENTATION_CONTEXT ( 3 ) GLOBAL_UNCERTAINTY_ASSIGNED_CONTEXT ( ( #1114 ) ) GLOBAL_UNIT_ASSIGNED_CONTEXT ( ( #1117, #1116, #1115 ) ) REPRESENTATION_CONTEXT ( 'NONE', 'WORKASPACE' ) );
#1114 = UNCERTAINTY_MEASURE_WITH_UNIT (LENGTH_MEASURE( 1.000000000000000100E-005 ), #1117, 'distance_accuracy_value', 'NONE');
#1115 =( NAMED_UNIT ( * ) SI_UNIT ( $, .STERADIAN. ) SOLID_ANGLE_UNIT ( ) );
#1116 =( NAMED_UNIT ( * ) PLANE_ANGLE_UNIT ( ) SI_UNIT ( $, .RADIAN. ) );
#1117 =( LENGTH_UNIT ( ) NAMED_UNIT ( * ) SI_UNIT ( .MILLI., .METRE. ) );
#1118 = MECHANICAL_DESIGN_GEOMETRIC_PRESENTATION_REPRESENTATION (  '', ( #1120 ), #1113 ) ;
#1119 = PRESENTATION_LAYER_ASSIGNMENT (  '', '', ( #1120 ) ) ;
#1120 = STYLED_ITEM ( 'NONE', ( #1121 ), #24 ) ;
#1121 = PRESENTATION_STYLE_ASSIGNMENT (( #1122 ) ) ;
#1122 = SURFACE_STYLE_USAGE ( .BOTH. , #1123 ) ;
#1123 = SURFACE_SIDE_STYLE ('',( #1124 ) ) ;
#1124 = SURFACE_STYLE_FILL_AREA ( #1125 ) ;
#1125 = FILL_AREA_STYLE ('',( #1131 ) ) ;
#1126 = COLOUR_RGB ( '',1.000000000000000000, 1.000000000000000000, 1.000000000000000000 ) ;
#1127 = FACE_OUTER_BOUND ( 'NONE', #25, .T. ) ;
#1128 = DIRECTION ( 'NONE',  ( -0.0000000000000000000, 1.000000000000000000, -0.0000000000000000000 ) ) ;
#1129 = VECTOR ( 'NONE', #1128, 1000.000000000000000 ) ;
#1130 = CARTESIAN_POINT ( 'NONE',  ( -2.565349613551778600, 4.990000000000000200, -0.3362166561531371200 ) ) ;
#1131 = FILL_AREA_STYLE_COLOUR ( '', #1126 ) ;
#1132 = LINE ( 'NONE', #1130, #1129 ) ;
#1133 = DIRECTION ( 'NONE',  ( -0.0000000000000000000, 1.000000000000000000, -0.0000000000000000000 ) ) ;
#1134 = VECTOR ( 'NONE', #1133, 1000.000000000000000 ) ;
#1135 = CARTESIAN_POINT ( 'NONE',  ( -2.204214050171496600, 4.990000000000000200, -0.3362166561531371200 ) ) ;
#1136 = LINE ( 'NONE', #1135, #1134 ) ;
#1137 = DIRECTION ( 'NONE',  ( 0.0000000000000000000, 0.0000000000000000000, -1.000000000000000000 ) ) ;
#1138 = DIRECTION ( 'NONE',  ( 0.0000000000000000000, -1.000000000000000000, -0.0000000000000000000 ) ) ;
#1139 = CARTESIAN_POINT ( 'NONE',  ( 3.600000000000000100, 5.000000000000000000, 3.600000000000000100 ) ) ;
#1140 = CYLINDRICAL_SURFACE ( 'NONE', #1144, 1.500000000000000000 ) ;
#1141 = DIRECTION ( 'NONE',  ( 0.0000000000000000000, -1.000000000000000000, 0.0000000000000000000 ) ) ;
#1142 = DIRECTION ( 'NONE',  ( 0.0000000000000000000, 0.0000000000000000000, 1.000000000000000000 ) ) ;
#1143 = DIRECTION ( 'NONE',  ( 0.0000000000000000000, 1.000000000000000000, 0.0000000000000000000 ) ) ;
#1144 = AXIS2_PLACEMENT_3D ( 'NONE', #1139, #1141, #1145 ) ;
#1145 = DIRECTION ( 'NONE',  ( 0.0000000000000000000, 0.0000000000000000000, -1.000000000000000000 ) ) ;
#1146 = MECHANICAL_DESIGN_GEOMETRIC_PRESENTATION_REPRESENTATION (  '', ( #1147 ), #1159 ) ;
#1147 = STYLED_ITEM ( 'NONE', ( #1156 ), #768 ) ;
#1148 =( LENGTH_UNIT ( ) NAMED_UNIT ( * ) SI_UNIT ( .MILLI., .METRE. ) );
#1149 = COLOUR_RGB ( '',0.1921568627450980200, 0.2039215686274509800, 0.2039215686274509800 ) ;
#1150 = SURFACE_SIDE_STYLE ('',( #1160 ) ) ;
#1151 =( NAMED_UNIT ( * ) PLANE_ANGLE_UNIT ( ) SI_UNIT ( $, .RADIAN. ) );
#1152 = UNCERTAINTY_MEASURE_WITH_UNIT (LENGTH_MEASURE( 1.000000000000000100E-005 ), #1148, 'distance_accuracy_value', 'NONE');
#1153 =( NAMED_UNIT ( * ) SI_UNIT ( $, .STERADIAN. ) SOLID_ANGLE_UNIT ( ) );
#1154 = FACE_OUTER_BOUND ( 'NONE', #769, .T. ) ;
#1155 = FILL_AREA_STYLE ('',( #1162 ) ) ;
#1156 = PRESENTATION_STYLE_ASSIGNMENT (( #1161 ) ) ;
#1157 = PRESENTATION_LAYER_ASSIGNMENT (  '', '', ( #1147 ) ) ;
#1158 = PRESENTATION_STYLE_ASSIGNMENT (( #1247 ) ) ;
#1159 =( GEOMETRIC_REPRESENTATION_CONTEXT ( 3 ) GLOBAL_UNCERTAINTY_ASSIGNED_CONTEXT ( ( #1152 ) ) GLOBAL_UNIT_ASSIGNED_CONTEXT ( ( #1148, #1151, #1153 ) ) REPRESENTATION_CONTEXT ( 'NONE', 'WORKASPACE' ) );
#1160 = SURFACE_STYLE_FILL_AREA ( #1155 ) ;
#1161 = SURFACE_STYLE_USAGE ( .BOTH. , #1150 ) ;
#1162 = FILL_AREA_STYLE_COLOUR ( '', #1149 ) ;
#1163 = STYLED_ITEM ( 'NONE', ( #1158 ), #826 ) ;
#1164 = PRESENTATION_LAYER_ASSIGNMENT (  '', '', ( #1163 ) ) ;
#1165 = SURFACE_STYLE_USAGE ( .BOTH. , #1166 ) ;
#1166 = SURFACE_SIDE_STYLE ('',( #1167 ) ) ;
#1167 = SURFACE_STYLE_FILL_AREA ( #1168 ) ;
#1168 = FILL_AREA_STYLE ('',( #1177 ) ) ;
#1169 = DIRECTION ( 'NONE',  ( 0.7071067811865466800, 0.0000000000000000000, 0.7071067811865483500 ) ) ;
#1170 = DIRECTION ( 'NONE',  ( 0.0000000000000000000, 0.0000000000000000000, -1.000000000000000000 ) ) ;
#1171 = AXIS2_PLACEMENT_3D ( 'NONE', #1219, #1170, #1205 ) ;
#1172 = FACE_OUTER_BOUND ( 'NONE', #446, .T. ) ;
#1173 = FACE_OUTER_BOUND ( 'NONE', #781, .T. ) ;
#1174 = VECTOR ( 'NONE', #1180, 1000.000000000000000 ) ;
#1175 = DIRECTION ( 'NONE',  ( 0.0000000000000000000, 0.0000000000000000000, 1.000000000000000000 ) ) ;
#1176 = AXIS2_PLACEMENT_3D ( 'NONE', #1200, #1197, #1175 ) ;
#1177 = FILL_AREA_STYLE_COLOUR ( '', #1178 ) ;
#1178 = COLOUR_RGB ( '',0.1921568627450980200, 0.2039215686274509800, 0.2039215686274509800 ) ;
#1179 = DIRECTION ( 'NONE',  ( -1.000000000000000000, 0.0000000000000000000, 0.0000000000000000000 ) ) ;
#1180 = DIRECTION ( 'NONE',  ( 1.000000000000000000, -0.0000000000000000000, -0.0000000000000000000 ) ) ;
#1181 = CARTESIAN_POINT ( 'NONE',  ( -1.500000000000000200, 1.399999999999999900, 5.099999999999999600 ) ) ;
#1182 = LINE ( 'NONE', #1181, #1174 ) ;
#1183 = UNCERTAINTY_MEASURE_WITH_UNIT (LENGTH_MEASURE( 1.000000000000000100E-005 ), #1189, 'distance_accuracy_value', 'NONE');
#1184 = CARTESIAN_POINT ( 'NONE',  ( 1.500000000000000000, 5.000000000000000900, 5.149999999999999500 ) ) ;
#1185 = VECTOR ( 'NONE', #1179, 1000.000000000000000 ) ;
#1186 = CARTESIAN_POINT ( 'NONE',  ( -1.500000000000000200, 2.400000000000000400, 5.099999999999999600 ) ) ;
#1187 = LINE ( 'NONE', #1186, #1185 ) ;
#1188 = FACE_OUTER_BOUND ( 'NONE', #764, .T. ) ;
#1189 =( LENGTH_UNIT ( ) NAMED_UNIT ( * ) SI_UNIT ( .MILLI., .METRE. ) );
#1190 = CARTESIAN_POINT ( 'NONE',  ( -2.565349613551778600, 5.000000000000000000, -0.3362166561531371200 ) ) ;
#1191 = CYLINDRICAL_SURFACE ( 'NONE', #1176, 4.880000000000000800 ) ;
#1192 = MECHANICAL_DESIGN_GEOMETRIC_PRESENTATION_REPRESENTATION (  '', ( #1216 ), #1221 ) ;
#1193 = AXIS2_PLACEMENT_3D ( 'NONE', #1194, #1169, #1201 ) ;
#1194 = CARTESIAN_POINT ( 'NONE',  ( -5.100000000000000500, 5.000000000000000000, -3.599999999999997900 ) ) ;
#1195 =( NAMED_UNIT ( * ) SI_UNIT ( $, .STERADIAN. ) SOLID_ANGLE_UNIT ( ) );
#1196 = PLANE ( 'NONE',  #1193 ) ;
#1197 = DIRECTION ( 'NONE',  ( -0.0000000000000000000, 1.000000000000000000, -0.0000000000000000000 ) ) ;
#1198 = CARTESIAN_POINT ( 'NONE',  ( -2.350000000000000100, 5.000000000000000000, 5.099999999999999600 ) ) ;
#1199 = LINE ( 'NONE', #1198, #1207 ) ;
#1200 = CARTESIAN_POINT ( 'NONE',  ( 0.0000000000000000000, 4.000000000000000000, 0.0000000000000000000 ) ) ;
#1201 = DIRECTION ( 'NONE',  ( 0.7071067811865483500, 0.0000000000000000000, -0.7071067811865466800 ) ) ;
#1202 = CYLINDRICAL_SURFACE ( 'NONE', #1204, 4.900000000000001200 ) ;
#1203 = CARTESIAN_POINT ( 'NONE',  ( 0.0000000000000000000, 4.000000000000000000, 0.0000000000000000000 ) ) ;
#1204 = AXIS2_PLACEMENT_3D ( 'NONE', #1203, #1214, #1213 ) ;
#1205 = DIRECTION ( 'NONE',  ( -1.000000000000000000, 0.0000000000000000000, -0.0000000000000000000 ) ) ;
#1206 = DIRECTION ( 'NONE',  ( 0.0000000000000000000, -1.000000000000000000, 0.0000000000000000000 ) ) ;
#1207 = VECTOR ( 'NONE', #1206, 1000.000000000000000 ) ;
#1208 = CARTESIAN_POINT ( 'NONE',  ( -1.374988698058820800, 5.000000000000000000, -2.955934966012292000 ) ) ;
#1209 = CARTESIAN_POINT ( 'NONE',  ( 0.0000000000000000000, 4.000000000000000000, 0.0000000000000000000 ) ) ;
#1210 = AXIS2_PLACEMENT_3D ( 'NONE', #1209, #1143, #1142 ) ;
#1211 = CIRCLE ( 'NONE', #1210, 4.900000000000001200 ) ;
#1212 = MECHANICAL_DESIGN_GEOMETRIC_PRESENTATION_REPRESENTATION (  '', ( #1163 ), #1311 ) ;
#1213 = DIRECTION ( 'NONE',  ( 0.0000000000000000000, 0.0000000000000000000, 1.000000000000000000 ) ) ;
#1214 = DIRECTION ( 'NONE',  ( -0.0000000000000000000, 1.000000000000000000, -0.0000000000000000000 ) ) ;
#1215 = PRESENTATION_LAYER_ASSIGNMENT (  '', '', ( #1216 ) ) ;
#1216 = STYLED_ITEM ( 'NONE', ( #1217 ), #786 ) ;
#1217 = PRESENTATION_STYLE_ASSIGNMENT (( #1165 ) ) ;
#1218 =( NAMED_UNIT ( * ) PLANE_ANGLE_UNIT ( ) SI_UNIT ( $, .RADIAN. ) );
#1219 = CARTESIAN_POINT ( 'NONE',  ( -5.099999999999998800, 5.000000000000000000, 5.099999999999999600 ) ) ;
#1220 = PLANE ( 'NONE',  #1171 ) ;
#1221 =( GEOMETRIC_REPRESENTATION_CONTEXT ( 3 ) GLOBAL_UNCERTAINTY_ASSIGNED_CONTEXT ( ( #1183 ) ) GLOBAL_UNIT_ASSIGNED_CONTEXT ( ( #1189, #1218, #1195 ) ) REPRESENTATION_CONTEXT ( 'NONE', 'WORKASPACE' ) );
#1222 = CARTESIAN_POINT ( 'NONE',  ( 2.911102851236953900, 5.000000000000000000, -3.293963135026376500 ) ) ;
#1223 =( LENGTH_UNIT ( ) NAMED_UNIT ( * ) SI_UNIT ( .MILLI., .METRE. ) );
#1224 = CARTESIAN_POINT ( 'NONE',  ( 0.0000000000000000000, 4.000000000000000000, 4.900000000000001200 ) ) ;
#1225 = CARTESIAN_POINT ( 'NONE',  ( -1.499999999999999600, -7.734752828410651800E-033, 4.999999999999999100 ) ) ;
#1226 = LINE ( 'NONE', #1225, #1260 ) ;
#1227 = LINE ( 'NONE', #1280, #1279 ) ;
#1228 = CARTESIAN_POINT ( 'NONE',  ( -2.349999999999996100, 1.399999999999999900, 5.149497474683057500 ) ) ;
#1229 = DIRECTION ( 'NONE',  ( -1.000000000000000000, -0.0000000000000000000, -1.445602896647339200E-016 ) ) ;
#1230 = VECTOR ( 'NONE', #1229, 1000.000000000000000 ) ;
#1231 = CARTESIAN_POINT ( 'NONE',  ( 1.164183837152446400, 5.000000000000000000, -3.293963135026376500 ) ) ;
#1232 = DIRECTION ( 'NONE',  ( 1.000000000000000000, 0.0000000000000000000, 0.0000000000000000000 ) ) ;
#1233 = VECTOR ( 'NONE', #1232, 1000.000000000000000 ) ;
#1234 = CARTESIAN_POINT ( 'NONE',  ( -5.099999999999998800, 5.000000000000000000, 5.099999999999999600 ) ) ;
#1235 = CARTESIAN_POINT ( 'NONE',  ( 6.000571133729650700E-016, 4.000000000000000000, -4.900000000000001200 ) ) ;
#1236 = DIRECTION ( 'NONE',  ( 0.0000000000000000000, 0.0000000000000000000, 1.000000000000000000 ) ) ;
#1237 = CARTESIAN_POINT ( 'NONE',  ( 2.911102851236953900, 5.000000000000000000, -3.293963135026376500 ) ) ;
#1238 = LINE ( 'NONE', #1231, #1283 ) ;
#1239 = PRESENTATION_STYLE_ASSIGNMENT (( #1240 ) ) ;
#1240 = SURFACE_STYLE_USAGE ( .BOTH. , #1273 ) ;
#1241 = MECHANICAL_DESIGN_GEOMETRIC_PRESENTATION_REPRESENTATION (  '', ( #1268 ), #1244 ) ;
#1242 = CARTESIAN_POINT ( 'NONE',  ( 2.911102851236953900, 5.000000000000000000, -3.042422642068630400 ) ) ;
#1243 =( NAMED_UNIT ( * ) PLANE_ANGLE_UNIT ( ) SI_UNIT ( $, .RADIAN. ) );
#1244 =( GEOMETRIC_REPRESENTATION_CONTEXT ( 3 ) GLOBAL_UNCERTAINTY_ASSIGNED_CONTEXT ( ( #1284 ) ) GLOBAL_UNIT_ASSIGNED_CONTEXT ( ( #1223, #1243, #1285 ) ) REPRESENTATION_CONTEXT ( 'NONE', 'WORKASPACE' ) );
#1245 = FILL_AREA_STYLE_COLOUR ( '', #1250 ) ;
#1246 = FACE_OUTER_BOUND ( 'NONE', #827, .T. ) ;
#1247 = SURFACE_STYLE_USAGE ( .BOTH. , #1248 ) ;
#1248 = SURFACE_SIDE_STYLE ('',( #1249 ) ) ;
#1249 = SURFACE_STYLE_FILL_AREA ( #1277 ) ;
#1250 = COLOUR_RGB ( '',0.8274509803921568100, 0.8392156862745098200, 0.8274509803921568100 ) ;
#1251 = DIRECTION ( 'NONE',  ( 1.000000000000000000, -0.0000000000000000000, -0.0000000000000000000 ) ) ;
#1252 = VECTOR ( 'NONE', #1251, 1000.000000000000000 ) ;
#1253 = CARTESIAN_POINT ( 'NONE',  ( 1.499999999999999600, -0.1000000000000000100, 3.799999999999999400 ) ) ;
#1254 = CARTESIAN_POINT ( 'NONE',  ( -1.499999999999999600, -0.0000000000000000000, -3.799999999999999400 ) ) ;
#1255 = VECTOR ( 'NONE', #1262, 999.9999999999998900 ) ;
#1256 = FILL_AREA_STYLE_COLOUR ( '', #1257 ) ;
#1257 = COLOUR_RGB ( '',0.1921568627450980200, 0.2039215686274509800, 0.2039215686274509800 ) ;
#1258 = VECTOR ( 'NONE', #1236, 1000.000000000000000 ) ;
#1259 = DIRECTION ( 'NONE',  ( -0.0000000000000000000, -0.0000000000000000000, 1.000000000000000000 ) ) ;
#1260 = VECTOR ( 'NONE', #1259, 1000.000000000000000 ) ;
#1261 = CARTESIAN_POINT ( 'NONE',  ( -2.349999999999996100, 1.399999999999999900, 5.099999999999999600 ) ) ;
#1262 = DIRECTION ( 'NONE',  ( 0.7071067811865463500, 0.0000000000000000000, 0.7071067811865487900 ) ) ;
#1263 = CARTESIAN_POINT ( 'NONE',  ( -3.834924240491746500, 1.399999999999999900, 3.615075759508247000 ) ) ;
#1264 = LINE ( 'NONE', #1263, #1255 ) ;
#1265 = LINE ( 'NONE', #1254, #1230 ) ;
#1266 = CARTESIAN_POINT ( 'NONE',  ( -1.500000000000000200, 2.400000000000000400, 5.099999999999999600 ) ) ;
#1267 = PRESENTATION_LAYER_ASSIGNMENT (  '', '', ( #1268 ) ) ;
#1268 = STYLED_ITEM ( 'NONE', ( #1239 ), #805 ) ;
#1269 = FACE_OUTER_BOUND ( 'NONE', #586, .T. ) ;
#1270 = CARTESIAN_POINT ( 'NONE',  ( -1.500000000000000400, -0.1000000000000000100, 3.799999999999999400 ) ) ;
#1271 = DIRECTION ( 'NONE',  ( 1.000000000000000000, 0.0000000000000000000, 0.0000000000000000000 ) ) ;
#1272 = LINE ( 'NONE', #1237, #1258 ) ;
#1273 = SURFACE_SIDE_STYLE ('',( #1274 ) ) ;
#1274 = SURFACE_STYLE_FILL_AREA ( #1275 ) ;
#1275 = FILL_AREA_STYLE ('',( #1256 ) ) ;
#1276 = LINE ( 'NONE', #1253, #1252 ) ;
#1277 = FILL_AREA_STYLE ('',( #1245 ) ) ;
#1278 = DIRECTION ( 'NONE',  ( 0.0000000000000000000, -1.000000000000000000, 0.0000000000000000000 ) ) ;
#1279 = VECTOR ( 'NONE', #1278, 1000.000000000000000 ) ;
#1280 = CARTESIAN_POINT ( 'NONE',  ( -2.349999999999996100, 2.400000000000000400, 5.149999999999999500 ) ) ;
#1281 = PLANE ( 'NONE',  #1282 ) ;
#1282 = AXIS2_PLACEMENT_3D ( 'NONE', #1289, #1288, #1287 ) ;
#1283 = VECTOR ( 'NONE', #1271, 1000.000000000000000 ) ;
#1284 = UNCERTAINTY_MEASURE_WITH_UNIT (LENGTH_MEASURE( 1.000000000000000100E-005 ), #1223, 'distance_accuracy_value', 'NONE');
#1285 =( NAMED_UNIT ( * ) SI_UNIT ( $, .STERADIAN. ) SOLID_ANGLE_UNIT ( ) );
#1286 = CARTESIAN_POINT ( 'NONE',  ( -1.500000000000000400, 0.0000000000000000000, 3.799999999999999400 ) ) ;
#1287 = DIRECTION ( 'NONE',  ( -1.000000000000000000, 0.0000000000000000000, -0.0000000000000000000 ) ) ;
#1288 = DIRECTION ( 'NONE',  ( 0.0000000000000000000, 0.0000000000000000000, -1.000000000000000000 ) ) ;
#1289 = CARTESIAN_POINT ( 'NONE',  ( -5.099999999999998800, 5.000000000000000000, 5.099999999999999600 ) ) ;
#1290 = LINE ( 'NONE', #1234, #1233 ) ;
#1291 = CARTESIAN_POINT ( 'NONE',  ( -1.500000000000000200, 0.0000000000000000000, 5.099999999999999600 ) ) ;
#1292 = AXIS2_PLACEMENT_3D ( 'NONE', #1307, #1315, #1314 ) ;
#1293 = UNCERTAINTY_MEASURE_WITH_UNIT (LENGTH_MEASURE( 1.000000000000000100E-005 ), #1316, 'distance_accuracy_value', 'NONE');
#1294 =( LENGTH_UNIT ( ) NAMED_UNIT ( * ) SI_UNIT ( .MILLI., .METRE. ) );
#1295 = CARTESIAN_POINT ( 'NONE',  ( -3.724999999999994300, 5.000000000000000000, 3.725000000000000100 ) ) ;
#1296 = DIRECTION ( 'NONE',  ( 0.7071067811865462400, -0.0000000000000000000, 0.7071067811865489100 ) ) ;
#1297 = DIRECTION ( 'NONE',  ( 0.0000000000000000000, -0.0000000000000000000, 1.000000000000000000 ) ) ;
#1298 = DIRECTION ( 'NONE',  ( -0.0000000000000000000, 1.000000000000000000, 0.0000000000000000000 ) ) ;
#1299 = CARTESIAN_POINT ( 'NONE',  ( 1.500000000000000200, -0.1000000000000000100, 4.999999999999999100 ) ) ;
#1300 = PLANE ( 'NONE',  #1301 ) ;
#1301 = AXIS2_PLACEMENT_3D ( 'NONE', #1299, #1298, #1297 ) ;
#1302 =( GEOMETRIC_REPRESENTATION_CONTEXT ( 3 ) GLOBAL_UNCERTAINTY_ASSIGNED_CONTEXT ( ( #1309 ) ) GLOBAL_UNIT_ASSIGNED_CONTEXT ( ( #1369, #1368, #1367 ) ) REPRESENTATION_CONTEXT ( 'NONE', 'WORKASPACE' ) );
#1303 =( NAMED_UNIT ( * ) SI_UNIT ( $, .STERADIAN. ) SOLID_ANGLE_UNIT ( ) );
#1304 = LINE ( 'NONE', #1295, #1306 ) ;
#1305 = VECTOR ( 'NONE', #1313, 1000.000000000000000 ) ;
#1306 = VECTOR ( 'NONE', #1296, 999.9999999999998900 ) ;
#1307 = CARTESIAN_POINT ( 'NONE',  ( 1.499999999999999600, -0.1000000000000000100, 3.799999999999999400 ) ) ;
#1308 = PLANE ( 'NONE',  #1292 ) ;
#1309 = UNCERTAINTY_MEASURE_WITH_UNIT (LENGTH_MEASURE( 1.000000000000000100E-005 ), #1369, 'distance_accuracy_value', 'NONE');
#1310 =( NAMED_UNIT ( * ) PLANE_ANGLE_UNIT ( ) SI_UNIT ( $, .RADIAN. ) );
#1311 =( GEOMETRIC_REPRESENTATION_CONTEXT ( 3 ) GLOBAL_UNCERTAINTY_ASSIGNED_CONTEXT ( ( #1293 ) ) GLOBAL_UNIT_ASSIGNED_CONTEXT ( ( #1316, #1310, #1303 ) ) REPRESENTATION_CONTEXT ( 'NONE', 'WORKASPACE' ) );
#1312 = DIRECTION ( 'NONE',  ( -0.7071067811865463500, 0.0000000000000000000, -0.7071067811865487900 ) ) ;
#1313 = DIRECTION ( 'NONE',  ( -0.0000000000000000000, -0.0000000000000000000, -1.000000000000000000 ) ) ;
#1314 = DIRECTION ( 'NONE',  ( 1.000000000000000000, 0.0000000000000000000, -0.0000000000000000000 ) ) ;
#1315 = DIRECTION ( 'NONE',  ( 0.0000000000000000000, 0.0000000000000000000, 1.000000000000000000 ) ) ;
#1316 =( LENGTH_UNIT ( ) NAMED_UNIT ( * ) SI_UNIT ( .MILLI., .METRE. ) );
#1317 = PLANE ( 'NONE',  #1318 ) ;
#1318 = AXIS2_PLACEMENT_3D ( 'NONE', #1320, #1325, #1323 ) ;
#1319 =( NAMED_UNIT ( * ) PLANE_ANGLE_UNIT ( ) SI_UNIT ( $, .RADIAN. ) );
#1320 = CARTESIAN_POINT ( 'NONE',  ( -2.349999999999996100, 2.400000000000000400, 5.149497474683057500 ) ) ;
#1321 =( NAMED_UNIT ( * ) SI_UNIT ( $, .STERADIAN. ) SOLID_ANGLE_UNIT ( ) );
#1322 = UNCERTAINTY_MEASURE_WITH_UNIT (LENGTH_MEASURE( 1.000000000000000100E-005 ), #1294, 'distance_accuracy_value', 'NONE');
#1323 = DIRECTION ( 'NONE',  ( 1.000000000000000000, 0.0000000000000000000, 1.752335333352409800E-014 ) ) ;
#1324 =( GEOMETRIC_REPRESENTATION_CONTEXT ( 3 ) GLOBAL_UNCERTAINTY_ASSIGNED_CONTEXT ( ( #1322 ) ) GLOBAL_UNIT_ASSIGNED_CONTEXT ( ( #1294, #1319, #1321 ) ) REPRESENTATION_CONTEXT ( 'NONE', 'WORKASPACE' ) );
#1325 = DIRECTION ( 'NONE',  ( -1.752335333352409800E-014, 0.0000000000000000000, 1.000000000000000000 ) ) ;
#1326 = CARTESIAN_POINT ( 'NONE',  ( 1.500000000000000200, -0.1000000000000000100, 4.999999999999999100 ) ) ;
#1327 = PLANE ( 'NONE',  #1360 ) ;
#1328 = SURFACE_SIDE_STYLE ('',( #1329 ) ) ;
#1329 = SURFACE_STYLE_FILL_AREA ( #1330 ) ;
#1330 = FILL_AREA_STYLE ('',( #1375 ) ) ;
#1331 = COLOUR_RGB ( '',0.8274509803921568100, 0.8392156862745098200, 0.8274509803921568100 ) ;
#1332 =( NAMED_UNIT ( * ) PLANE_ANGLE_UNIT ( ) SI_UNIT ( $, .RADIAN. ) );
#1333 =( LENGTH_UNIT ( ) NAMED_UNIT ( * ) SI_UNIT ( .MILLI., .METRE. ) );
#1334 = MECHANICAL_DESIGN_GEOMETRIC_PRESENTATION_REPRESENTATION (  '', ( #1336 ), #1363 ) ;
#1335 = PRESENTATION_LAYER_ASSIGNMENT (  '', '', ( #1336 ) ) ;
#1336 = STYLED_ITEM ( 'NONE', ( #1337 ), #833 ) ;
#1337 = PRESENTATION_STYLE_ASSIGNMENT (( #1338 ) ) ;
#1338 = SURFACE_STYLE_USAGE ( .BOTH. , #1328 ) ;
#1339 = DIRECTION ( 'NONE',  ( -1.000000000000000000, -0.0000000000000000000, -0.0000000000000000000 ) ) ;
#1340 = VECTOR ( 'NONE', #1339, 1000.000000000000000 ) ;
#1341 = CARTESIAN_POINT ( 'NONE',  ( -1.499999999999998400, -0.1000000000000000100, -5.149999999999999500 ) ) ;
#1342 = LINE ( 'NONE', #1341, #1340 ) ;
#1343 = PRESENTATION_LAYER_ASSIGNMENT (  '', '', ( #1344 ) ) ;
#1344 = STYLED_ITEM ( 'NONE', ( #1345 ), #840 ) ;
#1345 = PRESENTATION_STYLE_ASSIGNMENT (( #1346 ) ) ;
#1346 = SURFACE_STYLE_USAGE ( .BOTH. , #1347 ) ;
#1347 = SURFACE_SIDE_STYLE ('',( #1348 ) ) ;
#1348 = SURFACE_STYLE_FILL_AREA ( #1349 ) ;
#1349 = FILL_AREA_STYLE ('',( #1356 ) ) ;
#1350 = COLOUR_RGB ( '',0.8274509803921568100, 0.8392156862745098200, 0.8274509803921568100 ) ;
#1351 = FACE_OUTER_BOUND ( 'NONE', #821, .T. ) ;
#1352 = DIRECTION ( 'NONE',  ( -0.0000000000000000000, 1.000000000000000000, -0.0000000000000000000 ) ) ;
#1353 = VECTOR ( 'NONE', #1352, 1000.000000000000000 ) ;
#1354 = CARTESIAN_POINT ( 'NONE',  ( 1.499999999999999600, -0.1000000000000000100, 3.799999999999999400 ) ) ;
#1355 = LINE ( 'NONE', #1354, #1353 ) ;
#1356 = FILL_AREA_STYLE_COLOUR ( '', #1350 ) ;
#1357 = DIRECTION ( 'NONE',  ( 5.421010862427524100E-016, 0.0000000000000000000, 1.000000000000000000 ) ) ;
#1358 = DIRECTION ( 'NONE',  ( -1.000000000000000000, 0.0000000000000000000, 5.421010862427524100E-016 ) ) ;
#1359 = CARTESIAN_POINT ( 'NONE',  ( 1.500000000000000200, -0.1000000000000000100, 4.999999999999999100 ) ) ;
#1360 = AXIS2_PLACEMENT_3D ( 'NONE', #1359, #1358, #1357 ) ;
#1361 = DIRECTION ( 'NONE',  ( 5.421010862427524100E-016, -0.0000000000000000000, 1.000000000000000000 ) ) ;
#1362 =( NAMED_UNIT ( * ) SI_UNIT ( $, .STERADIAN. ) SOLID_ANGLE_UNIT ( ) );
#1363 =( GEOMETRIC_REPRESENTATION_CONTEXT ( 3 ) GLOBAL_UNCERTAINTY_ASSIGNED_CONTEXT ( ( #1364 ) ) GLOBAL_UNIT_ASSIGNED_CONTEXT ( ( #1333, #1332, #1362 ) ) REPRESENTATION_CONTEXT ( 'NONE', 'WORKASPACE' ) );
#1364 = UNCERTAINTY_MEASURE_WITH_UNIT (LENGTH_MEASURE( 1.000000000000000100E-005 ), #1333, 'distance_accuracy_value', 'NONE');
#1365 = VECTOR ( 'NONE', #1361, 1000.000000000000000 ) ;
#1366 = FACE_OUTER_BOUND ( 'NONE', #844, .T. ) ;
#1367 =( NAMED_UNIT ( * ) SI_UNIT ( $, .STERADIAN. ) SOLID_ANGLE_UNIT ( ) );
#1368 =( NAMED_UNIT ( * ) PLANE_ANGLE_UNIT ( ) SI_UNIT ( $, .RADIAN. ) );
#1369 =( LENGTH_UNIT ( ) NAMED_UNIT ( * ) SI_UNIT ( .MILLI., .METRE. ) );
#1370 = MECHANICAL_DESIGN_GEOMETRIC_PRESENTATION_REPRESENTATION (  '', ( #1344 ), #1302 ) ;
#1371 = DIRECTION ( 'NONE',  ( -4.251773225433349800E-017, 1.000000000000000000, 0.0000000000000000000 ) ) ;
#1372 = VECTOR ( 'NONE', #1371, 1000.000000000000000 ) ;
#1373 = CARTESIAN_POINT ( 'NONE',  ( 1.500000000000000200, -0.1000000000000000100, 5.149999999999999500 ) ) ;
#1374 = LINE ( 'NONE', #1373, #1372 ) ;
#1375 = FILL_AREA_STYLE_COLOUR ( '', #1331 ) ;
#1376 = LINE ( 'NONE', #1326, #1365 ) ;
#1377 = DIRECTION ( 'NONE',  ( 0.0000000000000000000, 0.0000000000000000000, 1.000000000000000000 ) ) ;
#1378 = DIRECTION ( 'NONE',  ( 0.0000000000000000000, 1.000000000000000000, 0.0000000000000000000 ) ) ;
#1379 = AXIS2_PLACEMENT_3D ( 'NONE', #1383, #1378, #1377 ) ;
#1380 = CIRCLE ( 'NONE', #1379, 4.900000000000001200 ) ;
#1381 = PLANE ( 'NONE',  #1437 ) ;
#1382 =( NAMED_UNIT ( * ) PLANE_ANGLE_UNIT ( ) SI_UNIT ( $, .RADIAN. ) );
#1383 = CARTESIAN_POINT ( 'NONE',  ( 0.0000000000000000000, 5.000000000000000000, 0.0000000000000000000 ) ) ;
#1384 = LINE ( 'NONE', #1423, #1422 ) ;
#1385 = PLANE ( 'NONE',  #1406 ) ;
#1386 =( GEOMETRIC_REPRESENTATION_CONTEXT ( 3 ) GLOBAL_UNCERTAINTY_ASSIGNED_CONTEXT ( ( #1394 ) ) GLOBAL_UNIT_ASSIGNED_CONTEXT ( ( #1388, #1382, #1395 ) ) REPRESENTATION_CONTEXT ( 'NONE', 'WORKASPACE' ) );
#1387 =( NAMED_UNIT ( * ) SI_UNIT ( $, .STERADIAN. ) SOLID_ANGLE_UNIT ( ) );
#1388 =( LENGTH_UNIT ( ) NAMED_UNIT ( * ) SI_UNIT ( .MILLI., .METRE. ) );
#1389 = MECHANICAL_DESIGN_GEOMETRIC_PRESENTATION_REPRESENTATION (  '', ( #1391 ), #1386 ) ;
#1390 = PRESENTATION_LAYER_ASSIGNMENT (  '', '', ( #1391 ) ) ;
#1391 = STYLED_ITEM ( 'NONE', ( #1392 ), #860 ) ;
#1392 = PRESENTATION_STYLE_ASSIGNMENT (( #1428 ) ) ;
#1393 = FILL_AREA_STYLE_COLOUR ( '', #1415 ) ;
#1394 = UNCERTAINTY_MEASURE_WITH_UNIT (LENGTH_MEASURE( 1.000000000000000100E-005 ), #1388, 'distance_accuracy_value', 'NONE');
#1395 =( NAMED_UNIT ( * ) SI_UNIT ( $, .STERADIAN. ) SOLID_ANGLE_UNIT ( ) );
#1396 = SURFACE_STYLE_USAGE ( .BOTH. , #1397 ) ;
#1397 = SURFACE_SIDE_STYLE ('',( #1398 ) ) ;
#1398 = SURFACE_STYLE_FILL_AREA ( #1414 ) ;
#1399 = DIRECTION ( 'NONE',  ( 1.000000000000000000, -0.0000000000000000000, -0.0000000000000000000 ) ) ;
#1400 = CARTESIAN_POINT ( 'NONE',  ( 1.500000000000000200, -0.1000000000000000100, 5.149999999999999500 ) ) ;
#1401 = LINE ( 'NONE', #1400, #1413 ) ;
#1402 = CARTESIAN_POINT ( 'NONE',  ( 1.164183837152446400, 5.000000000000000000, -2.955934966012292000 ) ) ;
#1403 = DIRECTION ( 'NONE',  ( 0.0000000000000000000, -0.0000000000000000000, 1.000000000000000000 ) ) ;
#1404 = DIRECTION ( 'NONE',  ( 0.0000000000000000000, 1.000000000000000000, 0.0000000000000000000 ) ) ;
#1405 = CARTESIAN_POINT ( 'NONE',  ( -5.099999999999998800, 5.000000000000000000, 5.099999999999999600 ) ) ;
#1406 = AXIS2_PLACEMENT_3D ( 'NONE', #1405, #1404, #1403 ) ;
#1407 = CARTESIAN_POINT ( 'NONE',  ( 1.500000000000000200, -0.1000000000000000100, 5.149999999999999500 ) ) ;
#1408 = DIRECTION ( 'NONE',  ( 0.0000000000000000000, 0.0000000000000000000, 1.000000000000000000 ) ) ;
#1409 = DIRECTION ( 'NONE',  ( 0.0000000000000000000, 1.000000000000000000, -0.0000000000000000000 ) ) ;
#1410 = CARTESIAN_POINT ( 'NONE',  ( 1.500000000000000400, -0.1000000000000000100, -3.799999999999998900 ) ) ;
#1411 = CARTESIAN_POINT ( 'NONE',  ( -1.499999999999998400, -0.1000000000000000100, -5.149999999999999500 ) ) ;
#1412 = FACE_OUTER_BOUND ( 'NONE', #850, .T. ) ;
#1413 = VECTOR ( 'NONE', #1399, 1000.000000000000000 ) ;
#1414 = FILL_AREA_STYLE ('',( #1393 ) ) ;
#1415 = COLOUR_RGB ( '',0.8274509803921568100, 0.8392156862745098200, 0.8274509803921568100 ) ;
#1416 = UNCERTAINTY_MEASURE_WITH_UNIT (LENGTH_MEASURE( 1.000000000000000100E-005 ), #1417, 'distance_accuracy_value', 'NONE');
#1417 =( LENGTH_UNIT ( ) NAMED_UNIT ( * ) SI_UNIT ( .MILLI., .METRE. ) );
#1418 = MECHANICAL_DESIGN_GEOMETRIC_PRESENTATION_REPRESENTATION (  '', ( #1426 ), #1438 ) ;
#1419 = FACE_BOUND ( 'NONE', #657, .T. ) ;
#1420 = FACE_BOUND ( 'NONE', #861, .T. ) ;
#1421 = DIRECTION ( 'NONE',  ( -0.0000000000000000000, 1.000000000000000000, -0.0000000000000000000 ) ) ;
#1422 = VECTOR ( 'NONE', #1421, 1000.000000000000000 ) ;
#1423 = CARTESIAN_POINT ( 'NONE',  ( 0.0000000000000000000, 4.000000000000000000, 4.900000000000001200 ) ) ;
#1424 = FILL_AREA_STYLE_COLOUR ( '', #1432 ) ;
#1425 = PRESENTATION_LAYER_ASSIGNMENT (  '', '', ( #1426 ) ) ;
#1426 = STYLED_ITEM ( 'NONE', ( #1427 ), #853 ) ;
#1427 = PRESENTATION_STYLE_ASSIGNMENT (( #1396 ) ) ;
#1428 = SURFACE_STYLE_USAGE ( .BOTH. , #1429 ) ;
#1429 = SURFACE_SIDE_STYLE ('',( #1430 ) ) ;
#1430 = SURFACE_STYLE_FILL_AREA ( #1431 ) ;
#1431 = FILL_AREA_STYLE ('',( #1424 ) ) ;
#1432 = COLOUR_RGB ( '',0.1921568627450980200, 0.2039215686274509800, 0.2039215686274509800 ) ;
#1433 = FACE_BOUND ( 'NONE', #425, .T. ) ;
#1434 = FACE_BOUND ( 'NONE', #890, .T. ) ;
#1435 = FACE_OUTER_BOUND ( 'NONE', #886, .T. ) ;
#1436 = CARTESIAN_POINT ( 'NONE',  ( 1.499999999999999600, -0.1000000000000000100, 3.799999999999999400 ) ) ;
#1437 = AXIS2_PLACEMENT_3D ( 'NONE', #1410, #1409, #1408 ) ;
#1438 =( GEOMETRIC_REPRESENTATION_CONTEXT ( 3 ) GLOBAL_UNCERTAINTY_ASSIGNED_CONTEXT ( ( #1416 ) ) GLOBAL_UNIT_ASSIGNED_CONTEXT ( ( #1417, #1439, #1387 ) ) REPRESENTATION_CONTEXT ( 'NONE', 'WORKASPACE' ) );
#1439 =( NAMED_UNIT ( * ) PLANE_ANGLE_UNIT ( ) SI_UNIT ( $, .RADIAN. ) );
#1440 = CARTESIAN_POINT ( 'NONE',  ( -2.723140106509525100, 5.000000000000000000, -3.293963135026376500 ) ) ;
#1441 = DIRECTION ( 'NONE',  ( 0.0000000000000000000, 0.0000000000000000000, -1.000000000000000000 ) ) ;
#1442 = DIRECTION ( 'NONE',  ( 0.4136819341461172000, 0.0000000000000000000, -0.9104214723748158500 ) ) ;
#1443 = VECTOR ( 'NONE', #1442, 1000.000000000000000 ) ;
#1444 = CARTESIAN_POINT ( 'NONE',  ( -0.6216876417207924900, 5.000000000000000000, -0.3362166561531371200 ) ) ;
#1445 = VECTOR ( 'NONE', #1441, 1000.000000000000000 ) ;
#1446 = CARTESIAN_POINT ( 'NONE',  ( -2.723140106509525100, 5.000000000000000000, -2.955934966012292000 ) ) ;
#1447 = LINE ( 'NONE', #1446, #1445 ) ;
#1448 = CARTESIAN_POINT ( 'NONE',  ( -1.500000000000000200, 1.399999999999999900, 5.149497474683072600 ) ) ;
#1449 = LINE ( 'NONE', #1448, #1480 ) ;
#1450 = DIRECTION ( 'NONE',  ( -0.0000000000000000000, -0.0000000000000000000, -1.000000000000000000 ) ) ;
#1451 = VECTOR ( 'NONE', #1450, 1000.000000000000000 ) ;
#1452 = CARTESIAN_POINT ( 'NONE',  ( -2.349999999999997900, 2.400000000000000400, 5.100000000000000500 ) ) ;
#1453 = DIRECTION ( 'NONE',  ( 0.0000000000000000000, -1.000000000000000000, 0.0000000000000000000 ) ) ;
#1454 = VECTOR ( 'NONE', #1505, 999.9999999999998900 ) ;
#1455 = CARTESIAN_POINT ( 'NONE',  ( -3.834924240491746500, 2.400000000000000400, 3.615075759508247000 ) ) ;
#1456 = LINE ( 'NONE', #1455, #1454 ) ;
#1457 = CIRCLE ( 'NONE', #1491, 4.880000000000000800 ) ;
#1458 = DIRECTION ( 'NONE',  ( -1.000000000000000000, 0.0000000000000000000, 0.0000000000000000000 ) ) ;
#1459 = VECTOR ( 'NONE', #1458, 1000.000000000000000 ) ;
#1460 = VECTOR ( 'NONE', #1453, 1000.000000000000000 ) ;
#1461 = CARTESIAN_POINT ( 'NONE',  ( -2.350000000000000100, 5.000000000000000000, 5.099999999999999600 ) ) ;
#1462 = LINE ( 'NONE', #1504, #1503 ) ;
#1463 = DIRECTION ( 'NONE',  ( -1.000000000000000000, 0.0000000000000000000, 0.0000000000000000000 ) ) ;
#1464 = VECTOR ( 'NONE', #1463, 1000.000000000000000 ) ;
#1465 = CARTESIAN_POINT ( 'NONE',  ( -1.374988698058820600, 5.000000000000000000, -2.955934966012292000 ) ) ;
#1466 = CARTESIAN_POINT ( 'NONE',  ( -2.349999999999996100, 2.400000000000000400, 5.149999999999999500 ) ) ;
#1467 = LINE ( 'NONE', #1466, #1305 ) ;
#1468 = DIRECTION ( 'NONE',  ( 0.7071067811865486800, -0.0000000000000000000, -0.7071067811865464600 ) ) ;
#1469 = VECTOR ( 'NONE', #1468, 999.9999999999998900 ) ;
#1470 = CARTESIAN_POINT ( 'NONE',  ( -3.870279579551074300, 1.399999999999999900, 3.650431098567574300 ) ) ;
#1471 = LINE ( 'NONE', #1470, #1469 ) ;
#1472 = LINE ( 'NONE', #1511, #1510 ) ;
#1473 = CARTESIAN_POINT ( 'NONE',  ( -2.349999999999996100, 1.399999999999999900, 5.149999999999999500 ) ) ;
#1474 = LINE ( 'NONE', #1473, #1451 ) ;
#1475 = DIRECTION ( 'NONE',  ( 0.0000000000000000000, 0.0000000000000000000, 1.000000000000000000 ) ) ;
#1476 = DIRECTION ( 'NONE',  ( -0.0000000000000000000, 1.000000000000000000, -0.0000000000000000000 ) ) ;
#1477 = AXIS2_PLACEMENT_3D ( 'NONE', #1493, #1476, #1475 ) ;
#1478 = CARTESIAN_POINT ( 'NONE',  ( -2.371213203435595500, 1.399999999999999900, 5.149497474683057500 ) ) ;
#1479 = DIRECTION ( 'NONE',  ( -1.000000000000000000, -0.0000000000000000000, -1.752335333352409800E-014 ) ) ;
#1480 = VECTOR ( 'NONE', #1479, 1000.000000000000000 ) ;
#1481 = LINE ( 'NONE', #1465, #1464 ) ;
#1482 = CARTESIAN_POINT ( 'NONE',  ( -2.723140106509525100, 5.000000000000000000, -2.955934966012292000 ) ) ;
#1483 = CARTESIAN_POINT ( 'NONE',  ( -5.099999999999999600, 0.0000000000000000000, 2.349999999999990300 ) ) ;
#1484 = LINE ( 'NONE', #1461, #1460 ) ;
#1485 = DIRECTION ( 'NONE',  ( 0.0000000000000000000, 1.000000000000000000, 0.0000000000000000000 ) ) ;
#1486 = CARTESIAN_POINT ( 'NONE',  ( -2.204214050171496600, 5.000000000000000000, -0.3362166561531371200 ) ) ;
#1487 = LINE ( 'NONE', #1486, #1459 ) ;
#1488 = DIRECTION ( 'NONE',  ( 0.0000000000000000000, 0.0000000000000000000, 1.000000000000000000 ) ) ;
#1489 = DIRECTION ( 'NONE',  ( 0.0000000000000000000, 1.000000000000000000, 0.0000000000000000000 ) ) ;
#1490 = CARTESIAN_POINT ( 'NONE',  ( 0.0000000000000000000, 5.000000000000000000, 0.0000000000000000000 ) ) ;
#1491 = AXIS2_PLACEMENT_3D ( 'NONE', #1490, #1489, #1488 ) ;
#1492 = LINE ( 'NONE', #1444, #1443 ) ;
#1493 = CARTESIAN_POINT ( 'NONE',  ( 0.0000000000000000000, 4.000000000000000000, 0.0000000000000000000 ) ) ;
#1494 = CYLINDRICAL_SURFACE ( 'NONE', #1477, 4.880000000000000800 ) ;
#1495 = FACE_OUTER_BOUND ( 'NONE', #895, .T. ) ;
#1496 = CARTESIAN_POINT ( 'NONE',  ( 0.5686732737721655900, 5.000000000000000000, -2.955934966012292000 ) ) ;
#1497 = CARTESIAN_POINT ( 'NONE',  ( -0.6216876417207924900, 5.000000000000000000, -0.3362166561531371200 ) ) ;
#1498 = CARTESIAN_POINT ( 'NONE',  ( -3.870279579551074300, 1.399999999999999900, 3.650431098567574300 ) ) ;
#1499 = DIRECTION ( 'NONE',  ( 0.7071067811865463500, 0.0000000000000000000, 0.7071067811865487900 ) ) ;
#1500 = VECTOR ( 'NONE', #1499, 999.9999999999998900 ) ;
#1501 = CARTESIAN_POINT ( 'NONE',  ( -3.870279579551074300, 1.399999999999999900, 3.650431098567574300 ) ) ;
#1502 = LINE ( 'NONE', #1501, #1500 ) ;
#1503 = VECTOR ( 'NONE', #1485, 1000.000000000000000 ) ;
#1504 = CARTESIAN_POINT ( 'NONE',  ( -5.099999999999999600, 5.000000000000000000, 2.349999999999990300 ) ) ;
#1505 = DIRECTION ( 'NONE',  ( -0.7071067811865463500, -0.0000000000000000000, -0.7071067811865487900 ) ) ;
#1506 = CARTESIAN_POINT ( 'NONE',  ( -5.099999999999999600, 5.000000000000000000, 2.349999999999990300 ) ) ;
#1507 = CARTESIAN_POINT ( 'NONE',  ( -2.204214050171496600, 5.000000000000000000, -0.3362166561531371200 ) ) ;
#1508 = CARTESIAN_POINT ( 'NONE',  ( 1.683109893490474700, 5.000000000000000000, -0.3362166561531371200 ) ) ;
#1509 = DIRECTION ( 'NONE',  ( -0.4132170265578690200, 0.0000000000000000000, 0.9106325762691962500 ) ) ;
#1510 = VECTOR ( 'NONE', #1509, 1000.000000000000000 ) ;
#1511 = CARTESIAN_POINT ( 'NONE',  ( 2.911102851236953900, 5.000000000000000000, -3.042422642068630400 ) ) ;
#1512 =( LENGTH_UNIT ( ) NAMED_UNIT ( * ) SI_UNIT ( .MILLI., .METRE. ) );
#1513 =( LENGTH_UNIT ( ) NAMED_UNIT ( * ) SI_UNIT ( .MILLI., .METRE. ) );
#1514 = MECHANICAL_DESIGN_GEOMETRIC_PRESENTATION_REPRESENTATION (  '', ( #1520 ), #1534 ) ;
#1515 = CARTESIAN_POINT ( 'NONE',  ( -2.349999999999996100, 2.400000000000000400, 5.149497474683057500 ) ) ;
#1516 = PLANE ( 'NONE',  #1557 ) ;
#1517 = DIRECTION ( 'NONE',  ( 1.000000000000000000, 0.0000000000000000000, -0.0000000000000000000 ) ) ;
#1518 = MECHANICAL_DESIGN_GEOMETRIC_PRESENTATION_REPRESENTATION (  '', ( #1529 ), #1585 ) ;
#1519 = PRESENTATION_LAYER_ASSIGNMENT (  '', '', ( #1520 ) ) ;
#1520 = STYLED_ITEM ( 'NONE', ( #1521 ), #968 ) ;
#1521 = PRESENTATION_STYLE_ASSIGNMENT (( #1522 ) ) ;
#1522 = SURFACE_STYLE_USAGE ( .BOTH. , #1523 ) ;
#1523 = SURFACE_SIDE_STYLE ('',( #1524 ) ) ;
#1524 = SURFACE_STYLE_FILL_AREA ( #1525 ) ;
#1525 = FILL_AREA_STYLE ('',( #1562 ) ) ;
#1526 = COLOUR_RGB ( '',0.8274509803921568100, 0.8392156862745098200, 0.8274509803921568100 ) ;
#1527 = UNCERTAINTY_MEASURE_WITH_UNIT (LENGTH_MEASURE( 1.000000000000000100E-005 ), #1572, 'distance_accuracy_value', 'NONE');
#1528 =( NAMED_UNIT ( * ) SI_UNIT ( $, .STERADIAN. ) SOLID_ANGLE_UNIT ( ) );
#1529 = STYLED_ITEM ( 'NONE', ( #1552 ), #962 ) ;
#1530 = MECHANICAL_DESIGN_GEOMETRIC_PRESENTATION_REPRESENTATION (  '', ( #1578 ), #1558 ) ;
#1531 = PRESENTATION_LAYER_ASSIGNMENT (  '', '', ( #1578 ) ) ;
#1532 = SURFACE_STYLE_FILL_AREA ( #1563 ) ;
#1533 = PLANE ( 'NONE',  #1545 ) ;
#1534 =( GEOMETRIC_REPRESENTATION_CONTEXT ( 3 ) GLOBAL_UNCERTAINTY_ASSIGNED_CONTEXT ( ( #1539 ) ) GLOBAL_UNIT_ASSIGNED_CONTEXT ( ( #1513, #1583, #1540 ) ) REPRESENTATION_CONTEXT ( 'NONE', 'WORKASPACE' ) );
#1535 = UNCERTAINTY_MEASURE_WITH_UNIT (LENGTH_MEASURE( 1.000000000000000100E-005 ), #1568, 'distance_accuracy_value', 'NONE');
#1536 = SURFACE_SIDE_STYLE ('',( #1537 ) ) ;
#1537 = SURFACE_STYLE_FILL_AREA ( #1538 ) ;
#1538 = FILL_AREA_STYLE ('',( #1598 ) ) ;
#1539 = UNCERTAINTY_MEASURE_WITH_UNIT (LENGTH_MEASURE( 1.000000000000000100E-005 ), #1513, 'distance_accuracy_value', 'NONE');
#1540 =( NAMED_UNIT ( * ) SI_UNIT ( $, .STERADIAN. ) SOLID_ANGLE_UNIT ( ) );
#1541 = PRESENTATION_LAYER_ASSIGNMENT (  '', '', ( #1529 ) ) ;
#1542 = DIRECTION ( 'NONE',  ( 0.0000000000000000000, 0.0000000000000000000, 1.000000000000000000 ) ) ;
#1543 = DIRECTION ( 'NONE',  ( 0.0000000000000000000, 1.000000000000000000, -0.0000000000000000000 ) ) ;
#1544 = CARTESIAN_POINT ( 'NONE',  ( -1.500000000000000200, 1.399999999999999900, 5.149999999999999500 ) ) ;
#1545 = AXIS2_PLACEMENT_3D ( 'NONE', #1544, #1543, #1542 ) ;
#1546 = CARTESIAN_POINT ( 'NONE',  ( 2.349999999999997000, 2.400000000000000400, -5.149999999999999500 ) ) ;
#1547 = DIRECTION ( 'NONE',  ( 0.7071067811865487900, 0.0000000000000000000, -0.7071067811865463500 ) ) ;
#1548 = CARTESIAN_POINT ( 'NONE',  ( -2.385355339059325200, 2.400000000000000400, 5.135355339059327800 ) ) ;
#1549 = AXIS2_PLACEMENT_3D ( 'NONE', #1548, #1547, #1312 ) ;
#1550 = PLANE ( 'NONE',  #1549 ) ;
#1551 =( GEOMETRIC_REPRESENTATION_CONTEXT ( 3 ) GLOBAL_UNCERTAINTY_ASSIGNED_CONTEXT ( ( #1527 ) ) GLOBAL_UNIT_ASSIGNED_CONTEXT ( ( #1572, #1571, #1528 ) ) REPRESENTATION_CONTEXT ( 'NONE', 'WORKASPACE' ) );
#1552 = PRESENTATION_STYLE_ASSIGNMENT (( #1567 ) ) ;
#1553 = DIRECTION ( 'NONE',  ( 1.000000000000000000, 0.0000000000000000000, -0.0000000000000000000 ) ) ;
#1554 = CARTESIAN_POINT ( 'NONE',  ( -2.349999999999996100, 2.400000000000000400, 5.149999999999999500 ) ) ;
#1555 = AXIS2_PLACEMENT_3D ( 'NONE', #1554, #1553, #1599 ) ;
#1556 =( NAMED_UNIT ( * ) PLANE_ANGLE_UNIT ( ) SI_UNIT ( $, .RADIAN. ) );
#1557 = AXIS2_PLACEMENT_3D ( 'NONE', #1560, #1559, #1517 ) ;
#1558 =( GEOMETRIC_REPRESENTATION_CONTEXT ( 3 ) GLOBAL_UNCERTAINTY_ASSIGNED_CONTEXT ( ( #1535 ) ) GLOBAL_UNIT_ASSIGNED_CONTEXT ( ( #1568, #1556, #1576 ) ) REPRESENTATION_CONTEXT ( 'NONE', 'WORKASPACE' ) );
#1559 = DIRECTION ( 'NONE',  ( 0.0000000000000000000, -0.0000000000000000000, 1.000000000000000000 ) ) ;
#1560 = CARTESIAN_POINT ( 'NONE',  ( 1.500000000000001100, -0.1000000000000000100, -5.149999999999999500 ) ) ;
#1561 = FACE_OUTER_BOUND ( 'NONE', #964, .T. ) ;
#1562 = FILL_AREA_STYLE_COLOUR ( '', #1526 ) ;
#1563 = FILL_AREA_STYLE ('',( #1577 ) ) ;
#1564 = PLANE ( 'NONE',  #1555 ) ;
#1565 = COLOUR_RGB ( '',0.8274509803921568100, 0.8392156862745098200, 0.8274509803921568100 ) ;
#1566 = FACE_OUTER_BOUND ( 'NONE', #1007, .T. ) ;
#1567 = SURFACE_STYLE_USAGE ( .BOTH. , #1584 ) ;
#1568 =( LENGTH_UNIT ( ) NAMED_UNIT ( * ) SI_UNIT ( .MILLI., .METRE. ) );
#1569 =( NAMED_UNIT ( * ) SI_UNIT ( $, .STERADIAN. ) SOLID_ANGLE_UNIT ( ) );
#1570 = UNCERTAINTY_MEASURE_WITH_UNIT (LENGTH_MEASURE( 1.000000000000000100E-005 ), #1512, 'distance_accuracy_value', 'NONE');
#1571 =( NAMED_UNIT ( * ) PLANE_ANGLE_UNIT ( ) SI_UNIT ( $, .RADIAN. ) );
#1572 =( LENGTH_UNIT ( ) NAMED_UNIT ( * ) SI_UNIT ( .MILLI., .METRE. ) );
#1573 = MECHANICAL_DESIGN_GEOMETRIC_PRESENTATION_REPRESENTATION (  '', ( #1575 ), #1551 ) ;
#1574 = PRESENTATION_LAYER_ASSIGNMENT (  '', '', ( #1575 ) ) ;
#1575 = STYLED_ITEM ( 'NONE', ( #1587 ), #1009 ) ;
#1576 =( NAMED_UNIT ( * ) SI_UNIT ( $, .STERADIAN. ) SOLID_ANGLE_UNIT ( ) );
#1577 = FILL_AREA_STYLE_COLOUR ( '', #1581 ) ;
#1578 = STYLED_ITEM ( 'NONE', ( #1579 ), #966 ) ;
#1579 = PRESENTATION_STYLE_ASSIGNMENT (( #1580 ) ) ;
#1580 = SURFACE_STYLE_USAGE ( .BOTH. , #1536 ) ;
#1581 = COLOUR_RGB ( '',0.8274509803921568100, 0.8392156862745098200, 0.8274509803921568100 ) ;
#1582 =( NAMED_UNIT ( * ) PLANE_ANGLE_UNIT ( ) SI_UNIT ( $, .RADIAN. ) );
#1583 =( NAMED_UNIT ( * ) PLANE_ANGLE_UNIT ( ) SI_UNIT ( $, .RADIAN. ) );
#1584 = SURFACE_SIDE_STYLE ('',( #1532 ) ) ;
#1585 =( GEOMETRIC_REPRESENTATION_CONTEXT ( 3 ) GLOBAL_UNCERTAINTY_ASSIGNED_CONTEXT ( ( #1570 ) ) GLOBAL_UNIT_ASSIGNED_CONTEXT ( ( #1512, #1582, #1569 ) ) REPRESENTATION_CONTEXT ( 'NONE', 'WORKASPACE' ) );
#1586 = FACE_OUTER_BOUND ( 'NONE', #963, .T. ) ;
#1587 = PRESENTATION_STYLE_ASSIGNMENT (( #1588 ) ) ;
#1588 = SURFACE_STYLE_USAGE ( .BOTH. , #1589 ) ;
#1589 = SURFACE_SIDE_STYLE ('',( #1590 ) ) ;
#1590 = SURFACE_STYLE_FILL_AREA ( #1591 ) ;
#1591 = FILL_AREA_STYLE ('',( #1592 ) ) ;
#1592 = FILL_AREA_STYLE_COLOUR ( '', #1593 ) ;
#1593 = COLOUR_RGB ( '',0.8274509803921568100, 0.8392156862745098200, 0.8274509803921568100 ) ;
#1594 = FACE_OUTER_BOUND ( 'NONE', #1093, .T. ) ;
#1595 = CARTESIAN_POINT ( 'NONE',  ( -2.349999999999996100, 1.399999999999999900, 5.149999999999999500 ) ) ;
#1596 = CARTESIAN_POINT ( 'NONE',  ( -2.349999999999996100, 2.400000000000000400, 5.149999999999999500 ) ) ;
#1597 = CARTESIAN_POINT ( 'NONE',  ( 2.349999999999997000, 1.400000000000000100, -5.149999999999999500 ) ) ;
#1598 = FILL_AREA_STYLE_COLOUR ( '', #1565 ) ;
#1599 = DIRECTION ( 'NONE',  ( -0.0000000000000000000, 0.0000000000000000000, -1.000000000000000000 ) ) ;
#1600 = FILL_AREA_STYLE ('',( #1611 ) ) ;
#1601 = VECTOR ( 'NONE', #1666, 1000.000000000000000 ) ;
#1602 = CARTESIAN_POINT ( 'NONE',  ( -3.870279579551100500, 2.400000000000000400, 5.149497474683030900 ) ) ;
#1603 = DIRECTION ( 'NONE',  ( 0.0000000000000000000, -1.000000000000000000, 0.0000000000000000000 ) ) ;
#1604 = STYLED_ITEM ( 'NONE', ( #1674 ), #1029 ) ;
#1605 = FACE_OUTER_BOUND ( 'NONE', #1040, .T. ) ;
#1606 = PRESENTATION_STYLE_ASSIGNMENT (( #1607 ) ) ;
#1607 = SURFACE_STYLE_USAGE ( .BOTH. , #1608 ) ;
#1608 = SURFACE_SIDE_STYLE ('',( #1609 ) ) ;
#1609 = SURFACE_STYLE_FILL_AREA ( #1620 ) ;
#1610 = CARTESIAN_POINT ( 'NONE',  ( -3.870279579551074300, 2.400000000000000400, 3.650431098567574300 ) ) ;
#1611 = FILL_AREA_STYLE_COLOUR ( '', #1633 ) ;
#1612 =( NAMED_UNIT ( * ) SI_UNIT ( $, .STERADIAN. ) SOLID_ANGLE_UNIT ( ) );
#1613 = SURFACE_SIDE_STYLE ('',( #1665 ) ) ;
#1614 = LINE ( 'NONE', #1602, #1601 ) ;
#1615 = PLANE ( 'NONE',  #1629 ) ;
#1616 = UNCERTAINTY_MEASURE_WITH_UNIT (LENGTH_MEASURE( 1.000000000000000100E-005 ), #1670, 'distance_accuracy_value', 'NONE');
#1617 =( NAMED_UNIT ( * ) SI_UNIT ( $, .STERADIAN. ) SOLID_ANGLE_UNIT ( ) );
#1618 = DIRECTION ( 'NONE',  ( 0.0000000000000000000, -0.0000000000000000000, -1.000000000000000000 ) ) ;
#1619 = DIRECTION ( 'NONE',  ( 0.0000000000000000000, -1.000000000000000000, 0.0000000000000000000 ) ) ;
#1620 = FILL_AREA_STYLE ('',( #1635 ) ) ;
#1621 = COLOUR_RGB ( '',0.8274509803921568100, 0.8392156862745098200, 0.8274509803921568100 ) ;
#1622 = DIRECTION ( 'NONE',  ( -1.000000000000000000, 0.0000000000000000000, 0.0000000000000000000 ) ) ;
#1623 = VECTOR ( 'NONE', #1622, 1000.000000000000000 ) ;
#1624 = CARTESIAN_POINT ( 'NONE',  ( -1.500000000000000200, 2.400000000000000400, 5.149999999999999500 ) ) ;
#1625 = LINE ( 'NONE', #1662, #1664 ) ;
#1626 = CARTESIAN_POINT ( 'NONE',  ( -3.870279579551074300, 2.400000000000000400, 3.650431098567574300 ) ) ;
#1627 = FACE_OUTER_BOUND ( 'NONE', #1028, .T. ) ;
#1628 = PRESENTATION_LAYER_ASSIGNMENT (  '', '', ( #1604 ) ) ;
#1629 = AXIS2_PLACEMENT_3D ( 'NONE', #1626, #1619, #1618 ) ;
#1630 = VECTOR ( 'NONE', #1603, 1000.000000000000000 ) ;
#1631 = DIRECTION ( 'NONE',  ( -0.7071067811865463500, -0.0000000000000000000, -0.7071067811865487900 ) ) ;
#1632 = CARTESIAN_POINT ( 'NONE',  ( -2.349999999999996100, 1.399999999999999900, 5.149497474683057500 ) ) ;
#1633 = COLOUR_RGB ( '',0.8274509803921568100, 0.8392156862745098200, 0.8274509803921568100 ) ;
#1634 = LINE ( 'NONE', #1624, #1623 ) ;
#1635 = FILL_AREA_STYLE_COLOUR ( '', #1621 ) ;
#1636 = DIRECTION ( 'NONE',  ( 1.000000000000000000, 0.0000000000000000000, 0.0000000000000000000 ) ) ;
#1637 = VECTOR ( 'NONE', #1636, 1000.000000000000000 ) ;
#1638 = CARTESIAN_POINT ( 'NONE',  ( 1.499999999999973800, 2.400000000000000400, -5.149999999999999500 ) ) ;
#1639 = LINE ( 'NONE', #1638, #1637 ) ;
#1640 = MECHANICAL_DESIGN_GEOMETRIC_PRESENTATION_REPRESENTATION (  '', ( #1604 ), #1653 ) ;
#1641 = DIRECTION ( 'NONE',  ( -1.000000000000000000, -2.551063935259973000E-016, -0.0000000000000000000 ) ) ;
#1642 = VECTOR ( 'NONE', #1641, 1000.000000000000000 ) ;
#1643 = CARTESIAN_POINT ( 'NONE',  ( 1.499999999999984700, 1.399999999999999900, -5.149999999999999500 ) ) ;
#1644 = LINE ( 'NONE', #1643, #1642 ) ;
#1645 = DIRECTION ( 'NONE',  ( -1.000000000000000000, 0.0000000000000000000, -0.0000000000000000000 ) ) ;
#1646 = VECTOR ( 'NONE', #1663, 1000.000000000000000 ) ;
#1647 = CARTESIAN_POINT ( 'NONE',  ( -1.500000000000000200, 1.399999999999999900, 5.149999999999999500 ) ) ;
#1648 = LINE ( 'NONE', #1647, #1646 ) ;
#1649 = DIRECTION ( 'NONE',  ( 0.0000000000000000000, -1.000000000000000000, 0.0000000000000000000 ) ) ;
#1650 = VECTOR ( 'NONE', #1649, 1000.000000000000000 ) ;
#1651 = CARTESIAN_POINT ( 'NONE',  ( 2.349999999999997000, 1.400000000000000100, -5.149497474683059300 ) ) ;
#1652 = LINE ( 'NONE', #1651, #1650 ) ;
#1653 =( GEOMETRIC_REPRESENTATION_CONTEXT ( 3 ) GLOBAL_UNCERTAINTY_ASSIGNED_CONTEXT ( ( #1660 ) ) GLOBAL_UNIT_ASSIGNED_CONTEXT ( ( #1669, #1667, #1612 ) ) REPRESENTATION_CONTEXT ( 'NONE', 'WORKASPACE' ) );
#1654 = DIRECTION ( 'NONE',  ( 0.0000000000000000000, -1.000000000000000000, 0.0000000000000000000 ) ) ;
#1655 = VECTOR ( 'NONE', #1654, 1000.000000000000000 ) ;
#1656 = CARTESIAN_POINT ( 'NONE',  ( 2.349999999999997000, 2.400000000000000400, -5.149999999999999500 ) ) ;
#1657 = LINE ( 'NONE', #1656, #1655 ) ;
#1658 =( GEOMETRIC_REPRESENTATION_CONTEXT ( 3 ) GLOBAL_UNCERTAINTY_ASSIGNED_CONTEXT ( ( #1616 ) ) GLOBAL_UNIT_ASSIGNED_CONTEXT ( ( #1670, #1668, #1617 ) ) REPRESENTATION_CONTEXT ( 'NONE', 'WORKASPACE' ) );
#1659 = CARTESIAN_POINT ( 'NONE',  ( -2.371213203435595500, 2.400000000000000400, 5.149497474683057500 ) ) ;
#1660 = UNCERTAINTY_MEASURE_WITH_UNIT (LENGTH_MEASURE( 1.000000000000000100E-005 ), #1669, 'distance_accuracy_value', 'NONE');
#1661 = LINE ( 'NONE', #1632, #1630 ) ;
#1662 = CARTESIAN_POINT ( 'NONE',  ( -3.870279579551074300, 2.400000000000000400, 3.650431098567574300 ) ) ;
#1663 = DIRECTION ( 'NONE',  ( 1.000000000000000000, -0.0000000000000000000, -0.0000000000000000000 ) ) ;
#1664 = VECTOR ( 'NONE', #1631, 999.9999999999998900 ) ;
#1665 = SURFACE_STYLE_FILL_AREA ( #1600 ) ;
#1666 = DIRECTION ( 'NONE',  ( 1.000000000000000000, -0.0000000000000000000, 1.752335333352409800E-014 ) ) ;
#1667 =( NAMED_UNIT ( * ) PLANE_ANGLE_UNIT ( ) SI_UNIT ( $, .RADIAN. ) );
#1668 =( NAMED_UNIT ( * ) PLANE_ANGLE_UNIT ( ) SI_UNIT ( $, .RADIAN. ) );
#1669 =( LENGTH_UNIT ( ) NAMED_UNIT ( * ) SI_UNIT ( .MILLI., .METRE. ) );
#1670 =( LENGTH_UNIT ( ) NAMED_UNIT ( * ) SI_UNIT ( .MILLI., .METRE. ) );
#1671 = MECHANICAL_DESIGN_GEOMETRIC_PRESENTATION_REPRESENTATION (  '', ( #1673 ), #1658 ) ;
#1672 = PRESENTATION_LAYER_ASSIGNMENT (  '', '', ( #1673 ) ) ;
#1673 = STYLED_ITEM ( 'NONE', ( #1606 ), #1041 ) ;
#1674 = PRESENTATION_STYLE_ASSIGNMENT (( #1675 ) ) ;
#1675 = SURFACE_STYLE_USAGE ( .BOTH. , #1613 ) ;
#1676 = DIRECTION ( 'NONE',  ( 0.0000000000000000000, 0.0000000000000000000, -1.000000000000000000 ) ) ;
#1677 = CARTESIAN_POINT ( 'NONE',  ( -1.500000000000000200, -0.1000000000000000100, 5.149999999999999500 ) ) ;
#1678 = AXIS2_PLACEMENT_3D ( 'NONE', #1677, #1676, #1645 ) ;
#1679 = PLANE ( 'NONE',  #1678 ) ;
#1680 = SURFACE_STYLE_USAGE ( .BOTH. , #1681 ) ;
#1681 = SURFACE_SIDE_STYLE ('',( #1770 ) ) ;
#1682 = MECHANICAL_DESIGN_GEOMETRIC_PRESENTATION_REPRESENTATION (  '', ( #1756 ), #1713 ) ;
#1683 = PRESENTATION_LAYER_ASSIGNMENT (  '', '', ( #1756 ) ) ;
#1684 =( NAMED_UNIT ( * ) PLANE_ANGLE_UNIT ( ) SI_UNIT ( $, .RADIAN. ) );
#1685 = UNCERTAINTY_MEASURE_WITH_UNIT (LENGTH_MEASURE( 1.000000000000000100E-005 ), #1714, 'distance_accuracy_value', 'NONE');
#1686 = CARTESIAN_POINT ( 'NONE',  ( -3.870279579551074300, 2.400000000000000400, 3.650431098567574300 ) ) ;
#1687 = UNCERTAINTY_MEASURE_WITH_UNIT (LENGTH_MEASURE( 1.000000000000000100E-005 ), #1754, 'distance_accuracy_value', 'NONE');
#1688 = STYLED_ITEM ( 'NONE', ( #1689 ), #1088 ) ;
#1689 = PRESENTATION_STYLE_ASSIGNMENT (( #1680 ) ) ;
#1690 =( GEOMETRIC_REPRESENTATION_CONTEXT ( 3 ) GLOBAL_UNCERTAINTY_ASSIGNED_CONTEXT ( ( #1701 ) ) GLOBAL_UNIT_ASSIGNED_CONTEXT ( ( #1708, #1755, #1702 ) ) REPRESENTATION_CONTEXT ( 'NONE', 'WORKASPACE' ) );
#1691 = DIRECTION ( 'NONE',  ( 0.7071067811865486800, -0.0000000000000000000, -0.7071067811865464600 ) ) ;
#1692 = CARTESIAN_POINT ( 'NONE',  ( -3.870279579551074300, 2.400000000000000400, 3.650431098567574300 ) ) ;
#1693 = FILL_AREA_STYLE_COLOUR ( '', #1775 ) ;
#1694 = FILL_AREA_STYLE_COLOUR ( '', #1747 ) ;
#1695 = DIRECTION ( 'NONE',  ( 0.0000000000000000000, -1.000000000000000000, 0.0000000000000000000 ) ) ;
#1696 = VECTOR ( 'NONE', #1695, 1000.000000000000000 ) ;
#1697 = CARTESIAN_POINT ( 'NONE',  ( -3.870279579551074300, 2.400000000000000400, 3.650431098567574300 ) ) ;
#1698 = LINE ( 'NONE', #1697, #1696 ) ;
#1699 = VECTOR ( 'NONE', #1703, 1000.000000000000000 ) ;
#1700 = FILL_AREA_STYLE_COLOUR ( '', #1705 ) ;
#1701 = UNCERTAINTY_MEASURE_WITH_UNIT (LENGTH_MEASURE( 1.000000000000000100E-005 ), #1708, 'distance_accuracy_value', 'NONE');
#1702 =( NAMED_UNIT ( * ) SI_UNIT ( $, .STERADIAN. ) SOLID_ANGLE_UNIT ( ) );
#1703 = DIRECTION ( 'NONE',  ( -0.0000000000000000000, -0.0000000000000000000, 1.000000000000000000 ) ) ;
#1704 = CARTESIAN_POINT ( 'NONE',  ( 2.349999999999997000, 1.400000000000000100, -5.149999999999999500 ) ) ;
#1705 = COLOUR_RGB ( '',0.8274509803921568100, 0.8392156862745098200, 0.8274509803921568100 ) ;
#1706 = LINE ( 'NONE', #1704, #1699 ) ;
#1707 =( NAMED_UNIT ( * ) SI_UNIT ( $, .STERADIAN. ) SOLID_ANGLE_UNIT ( ) );
#1708 =( LENGTH_UNIT ( ) NAMED_UNIT ( * ) SI_UNIT ( .MILLI., .METRE. ) );
#1709 = MECHANICAL_DESIGN_GEOMETRIC_PRESENTATION_REPRESENTATION (  '', ( #1711 ), #1690 ) ;
#1710 = PRESENTATION_LAYER_ASSIGNMENT (  '', '', ( #1711 ) ) ;
#1711 = STYLED_ITEM ( 'NONE', ( #1759 ), #1099 ) ;
#1712 =( NAMED_UNIT ( * ) PLANE_ANGLE_UNIT ( ) SI_UNIT ( $, .RADIAN. ) );
#1713 =( GEOMETRIC_REPRESENTATION_CONTEXT ( 3 ) GLOBAL_UNCERTAINTY_ASSIGNED_CONTEXT ( ( #1687 ) ) GLOBAL_UNIT_ASSIGNED_CONTEXT ( ( #1754, #1712, #1707 ) ) REPRESENTATION_CONTEXT ( 'NONE', 'WORKASPACE' ) );
#1714 =( LENGTH_UNIT ( ) NAMED_UNIT ( * ) SI_UNIT ( .MILLI., .METRE. ) );
#1715 = DIRECTION ( 'NONE',  ( 0.7071067811865486800, 0.0000000000000000000, -0.7071067811865464600 ) ) ;
#1716 = DIRECTION ( 'NONE',  ( 0.7071067811865464600, 0.0000000000000000000, 0.7071067811865486800 ) ) ;
#1717 = AXIS2_PLACEMENT_3D ( 'NONE', #1686, #1716, #1715 ) ;
#1718 = CARTESIAN_POINT ( 'NONE',  ( 2.349999999999997000, 2.400000000000000400, -5.149999999999999500 ) ) ;
#1719 = AXIS2_PLACEMENT_3D ( 'NONE', #1718, #1738, #1737 ) ;
#1720 = PLANE ( 'NONE',  #1719 ) ;
#1721 = FACE_OUTER_BOUND ( 'NONE', #1106, .T. ) ;
#1722 = AXIS2_PLACEMENT_3D ( 'NONE', #1726, #1725, #1765 ) ;
#1723 = PLANE ( 'NONE',  #1722 ) ;
#1724 =( NAMED_UNIT ( * ) SI_UNIT ( $, .STERADIAN. ) SOLID_ANGLE_UNIT ( ) );
#1725 = DIRECTION ( 'NONE',  ( -2.551063935259973000E-016, 1.000000000000000000, 0.0000000000000000000 ) ) ;
#1726 = CARTESIAN_POINT ( 'NONE',  ( 1.499999999999984700, 1.399999999999999900, -5.149999999999999500 ) ) ;
#1727 = FACE_OUTER_BOUND ( 'NONE', #1100, .T. ) ;
#1728 = FILL_AREA_STYLE_COLOUR ( '', #1764 ) ;
#1729 =( GEOMETRIC_REPRESENTATION_CONTEXT ( 3 ) GLOBAL_UNCERTAINTY_ASSIGNED_CONTEXT ( ( #1685 ) ) GLOBAL_UNIT_ASSIGNED_CONTEXT ( ( #1714, #1684, #1724 ) ) REPRESENTATION_CONTEXT ( 'NONE', 'WORKASPACE' ) );
#1730 = PLANE ( 'NONE',  #1717 ) ;
#1731 = LINE ( 'NONE', #1692, #1767 ) ;
#1732 = CARTESIAN_POINT ( 'NONE',  ( 2.349999999999997000, 2.400000000000000400, -5.149497474683059300 ) ) ;
#1733 = DIRECTION ( 'NONE',  ( -0.0000000000000000000, -0.0000000000000000000, 1.000000000000000000 ) ) ;
#1734 = VECTOR ( 'NONE', #1733, 1000.000000000000000 ) ;
#1735 = CARTESIAN_POINT ( 'NONE',  ( 2.349999999999997000, 2.400000000000000400, -5.149999999999999500 ) ) ;
#1736 = LINE ( 'NONE', #1735, #1734 ) ;
#1737 = DIRECTION ( 'NONE',  ( -0.0000000000000000000, 0.0000000000000000000, 1.000000000000000000 ) ) ;
#1738 = DIRECTION ( 'NONE',  ( -1.000000000000000000, 0.0000000000000000000, -0.0000000000000000000 ) ) ;
#1739 = MECHANICAL_DESIGN_GEOMETRIC_PRESENTATION_REPRESENTATION (  '', ( #1741 ), #1324 ) ;
#1740 = PRESENTATION_LAYER_ASSIGNMENT (  '', '', ( #1741 ) ) ;
#1741 = STYLED_ITEM ( 'NONE', ( #1742 ), #1112 ) ;
#1742 = PRESENTATION_STYLE_ASSIGNMENT (( #1743 ) ) ;
#1743 = SURFACE_STYLE_USAGE ( .BOTH. , #1744 ) ;
#1744 = SURFACE_SIDE_STYLE ('',( #1745 ) ) ;
#1745 = SURFACE_STYLE_FILL_AREA ( #1746 ) ;
#1746 = FILL_AREA_STYLE ('',( #1694 ) ) ;
#1747 = COLOUR_RGB ( '',0.8274509803921568100, 0.8392156862745098200, 0.8274509803921568100 ) ;
#1748 = FACE_OUTER_BOUND ( 'NONE', #1008, .T. ) ;
#1749 = DIRECTION ( 'NONE',  ( -0.0000000000000000000, 1.000000000000000000, -0.0000000000000000000 ) ) ;
#1750 = VECTOR ( 'NONE', #1749, 1000.000000000000000 ) ;
#1751 = CARTESIAN_POINT ( 'NONE',  ( -2.371213203435595500, 2.400000000000000400, 5.149497474683057500 ) ) ;
#1752 = LINE ( 'NONE', #1751, #1750 ) ;
#1753 = CARTESIAN_POINT ( 'NONE',  ( 2.349999999999997000, 1.400000000000000100, -5.149497474683059300 ) ) ;
#1754 =( LENGTH_UNIT ( ) NAMED_UNIT ( * ) SI_UNIT ( .MILLI., .METRE. ) );
#1755 =( NAMED_UNIT ( * ) PLANE_ANGLE_UNIT ( ) SI_UNIT ( $, .RADIAN. ) );
#1756 = STYLED_ITEM ( 'NONE', ( #1757 ), #1095 ) ;
#1757 = PRESENTATION_STYLE_ASSIGNMENT (( #1758 ) ) ;
#1758 = SURFACE_STYLE_USAGE ( .BOTH. , #1772 ) ;
#1759 = PRESENTATION_STYLE_ASSIGNMENT (( #1760 ) ) ;
#1760 = SURFACE_STYLE_USAGE ( .BOTH. , #1761 ) ;
#1761 = SURFACE_SIDE_STYLE ('',( #1762 ) ) ;
#1762 = SURFACE_STYLE_FILL_AREA ( #1763 ) ;
#1763 = FILL_AREA_STYLE ('',( #1728 ) ) ;
#1764 = COLOUR_RGB ( '',0.8274509803921568100, 0.8392156862745098200, 0.8274509803921568100 ) ;
#1765 = DIRECTION ( 'NONE',  ( -1.000000000000000000, -2.551063935259973000E-016, 0.0000000000000000000 ) ) ;
#1766 = FACE_OUTER_BOUND ( 'NONE', #1096, .T. ) ;
#1767 = VECTOR ( 'NONE', #1691, 999.9999999999998900 ) ;
#1768 = MECHANICAL_DESIGN_GEOMETRIC_PRESENTATION_REPRESENTATION (  '', ( #1688 ), #1729 ) ;
#1769 = PRESENTATION_LAYER_ASSIGNMENT (  '', '', ( #1688 ) ) ;
#1770 = SURFACE_STYLE_FILL_AREA ( #1771 ) ;
#1771 = FILL_AREA_STYLE ('',( #1700 ) ) ;
#1772 = SURFACE_SIDE_STYLE ('',( #1773 ) ) ;
#1773 = SURFACE_STYLE_FILL_AREA ( #1774 ) ;
#1774 = FILL_AREA_STYLE ('',( #1693 ) ) ;
#1775 = COLOUR_RGB ( '',0.8274509803921568100, 0.8392156862745098200, 0.8274509803921568100 ) ;
#1776 = FILL_AREA_STYLE ('',( #1777 ) ) ;
#1777 = FILL_AREA_STYLE_COLOUR ( '', #1778 ) ;
#1778 = COLOUR_RGB ( '',0.7960784313725489700, 0.8235294117647058400, 0.9372549019607843100 ) ;
#1779 = DIRECTION ( 'NONE',  ( 0.0000000000000000000, 0.0000000000000000000, 1.000000000000000000 ) ) ;
#1780 = UNCERTAINTY_MEASURE_WITH_UNIT (LENGTH_MEASURE( 1.000000000000000100E-005 ), #1808, 'distance_accuracy_value', 'NONE');
#1781 = PRODUCT ( 'MSS1048', 'MSS1048', '', ( #1782 ) ) ;
#1782 = PRODUCT_CONTEXT ( 'NONE', #1812, 'mechanical' ) ;
#1783 = APPLICATION_PROTOCOL_DEFINITION ( 'draft international standard', 'automotive_design', 1998, #1812 ) ;
#1784 =( GEOMETRIC_REPRESENTATION_CONTEXT ( 3 ) GLOBAL_UNCERTAINTY_ASSIGNED_CONTEXT ( ( #1780 ) ) GLOBAL_UNIT_ASSIGNED_CONTEXT ( ( #1808, #1805, #1794 ) ) REPRESENTATION_CONTEXT ( 'NONE', 'WORKASPACE' ) );
#1785 = PRESENTATION_STYLE_ASSIGNMENT (( #1786 ) ) ;
#1786 = SURFACE_STYLE_USAGE ( .BOTH. , #1787 ) ;
#1787 = SURFACE_SIDE_STYLE ('',( #1788 ) ) ;
#1788 = SURFACE_STYLE_FILL_AREA ( #1776 ) ;
#1789 = SHAPE_DEFINITION_REPRESENTATION ( #1790, #1795 ) ;
#1790 = PRODUCT_DEFINITION_SHAPE ( 'NONE', 'NONE',  #1800 ) ;
#1791 = DIRECTION ( 'NONE',  ( 1.000000000000000000, 0.0000000000000000000, 0.0000000000000000000 ) ) ;
#1792 = CARTESIAN_POINT ( 'NONE',  ( 0.0000000000000000000, 0.0000000000000000000, 0.0000000000000000000 ) ) ;
#1793 =( GEOMETRIC_REPRESENTATION_CONTEXT ( 3 ) GLOBAL_UNCERTAINTY_ASSIGNED_CONTEXT ( ( #1797 ) ) GLOBAL_UNIT_ASSIGNED_CONTEXT ( ( #1804, #1807, #1796 ) ) REPRESENTATION_CONTEXT ( 'NONE', 'WORKASPACE' ) );
#1794 =( NAMED_UNIT ( * ) SI_UNIT ( $, .STERADIAN. ) SOLID_ANGLE_UNIT ( ) );
#1795 = ADVANCED_BREP_SHAPE_REPRESENTATION ( 'MSS1048', ( #443, #1806 ), #1793 ) ;
#1796 =( NAMED_UNIT ( * ) SI_UNIT ( $, .STERADIAN. ) SOLID_ANGLE_UNIT ( ) );
#1797 = UNCERTAINTY_MEASURE_WITH_UNIT (LENGTH_MEASURE( 1.000000000000000100E-005 ), #1804, 'distance_accuracy_value', 'NONE');
#1798 = PRODUCT_RELATED_PRODUCT_CATEGORY ( 'part', '', ( #1781 ) ) ;
#1799 = PRODUCT_DEFINITION_FORMATION_WITH_SPECIFIED_SOURCE ( 'ANY', '', #1781, .NOT_KNOWN. ) ;
#1800 = PRODUCT_DEFINITION ( 'UNKNOWN', '', #1799, #1801 ) ;
#1801 = PRODUCT_DEFINITION_CONTEXT ( 'detailed design', #1803, 'design' ) ;
#1802 = APPLICATION_PROTOCOL_DEFINITION ( 'draft international standard', 'automotive_design', 1998, #1803 ) ;
#1803 = APPLICATION_CONTEXT ( 'automotive_design' ) ;
#1804 =( LENGTH_UNIT ( ) NAMED_UNIT ( * ) SI_UNIT ( .MILLI., .METRE. ) );
#1805 =( NAMED_UNIT ( * ) PLANE_ANGLE_UNIT ( ) SI_UNIT ( $, .RADIAN. ) );
#1806 = AXIS2_PLACEMENT_3D ( 'NONE', #1792, #1779, #1791 ) ;
#1807 =( NAMED_UNIT ( * ) PLANE_ANGLE_UNIT ( ) SI_UNIT ( $, .RADIAN. ) );
#1808 =( LENGTH_UNIT ( ) NAMED_UNIT ( * ) SI_UNIT ( .MILLI., .METRE. ) );
#1809 = MECHANICAL_DESIGN_GEOMETRIC_PRESENTATION_REPRESENTATION (  '', ( #1811 ), #1784 ) ;
#1810 = PRESENTATION_LAYER_ASSIGNMENT (  '', '', ( #1811 ) ) ;
#1811 = STYLED_ITEM ( 'NONE', ( #1785 ), #1795 ) ;
#1812 = APPLICATION_CONTEXT ( 'automotive_design' ) ;
#1813 = FACE_OUTER_BOUND ( 'NONE', #744, .T. ) ;
#1814 = FILL_AREA_STYLE_COLOUR ( '', #1821 ) ;
#1815 = CARTESIAN_POINT ( 'NONE',  ( -1.499999999999998400, -0.1000000000000000100, -5.149999999999999500 ) ) ;
#1816 = SURFACE_SIDE_STYLE ('',( #1829 ) ) ;
#1817 = MECHANICAL_DESIGN_GEOMETRIC_PRESENTATION_REPRESENTATION (  '', ( #1822 ), #1827 ) ;
#1818 = SURFACE_STYLE_USAGE ( .BOTH. , #1816 ) ;
#1819 = VECTOR ( 'NONE', #1825, 1000.000000000000000 ) ;
#1820 = LINE ( 'NONE', #1815, #1819 ) ;
#1821 = COLOUR_RGB ( '',0.1921568627450980200, 0.2039215686274509800, 0.2039215686274509800 ) ;
#1822 = STYLED_ITEM ( 'NONE', ( #1826 ), #766 ) ;
#1823 = FILL_AREA_STYLE ('',( #1814 ) ) ;
#1824 = PRESENTATION_LAYER_ASSIGNMENT (  '', '', ( #1822 ) ) ;
#1825 = DIRECTION ( 'NONE',  ( -2.380993006242675900E-014, 1.000000000000000000, 0.0000000000000000000 ) ) ;
#1826 = PRESENTATION_STYLE_ASSIGNMENT (( #1818 ) ) ;
#1827 =( GEOMETRIC_REPRESENTATION_CONTEXT ( 3 ) GLOBAL_UNCERTAINTY_ASSIGNED_CONTEXT ( ( #1828 ) ) GLOBAL_UNIT_ASSIGNED_CONTEXT ( ( #1830, #1831, #1832 ) ) REPRESENTATION_CONTEXT ( 'NONE', 'WORKASPACE' ) );
#1828 = UNCERTAINTY_MEASURE_WITH_UNIT (LENGTH_MEASURE( 1.000000000000000100E-005 ), #1830, 'distance_accuracy_value', 'NONE');
#1829 = SURFACE_STYLE_FILL_AREA ( #1823 ) ;
#1830 =( LENGTH_UNIT ( ) NAMED_UNIT ( * ) SI_UNIT ( .MILLI., .METRE. ) );
#1831 =( NAMED_UNIT ( * ) PLANE_ANGLE_UNIT ( ) SI_UNIT ( $, .RADIAN. ) );
#1832 =( NAMED_UNIT ( * ) SI_UNIT ( $, .STERADIAN. ) SOLID_ANGLE_UNIT ( ) );
#1833 = DIRECTION ( 'NONE',  ( -0.4132170265578689600, 0.0000000000000000000, 0.9106325762691961400 ) ) ;
#1834 = DIRECTION ( 'NONE',  ( 1.000000000000000000, 0.0000000000000000000, 0.0000000000000000000 ) ) ;
#1835 = DIRECTION ( 'NONE',  ( -0.0000000000000000000, 0.0000000000000000000, 1.000000000000000000 ) ) ;
#1836 = CARTESIAN_POINT ( 'NONE',  ( -0.7794781346785389900, 4.990000000000000200, -3.293963135026376500 ) ) ;
#1837 = PLANE ( 'NONE',  #1838 ) ;
#1838 = AXIS2_PLACEMENT_3D ( 'NONE', #1836, #1835, #1834 ) ;
#1839 =( GEOMETRIC_REPRESENTATION_CONTEXT ( 3 ) GLOBAL_UNCERTAINTY_ASSIGNED_CONTEXT ( ( #1863 ) ) GLOBAL_UNIT_ASSIGNED_CONTEXT ( ( #1862, #1866, #1857 ) ) REPRESENTATION_CONTEXT ( 'NONE', 'WORKASPACE' ) );
#1840 = LINE ( 'NONE', #1850, #1849 ) ;
#1841 = VECTOR ( 'NONE', #1833, 1000.000000000000200 ) ;
#1842 = CARTESIAN_POINT ( 'NONE',  ( 0.9674408794059681200, 4.990000000000000200, -3.042422642068630400 ) ) ;
#1843 = LINE ( 'NONE', #1842, #1841 ) ;
#1844 = DIRECTION ( 'NONE',  ( -0.0000000000000000000, 1.000000000000000000, -0.0000000000000000000 ) ) ;
#1845 = VECTOR ( 'NONE', #1844, 1000.000000000000000 ) ;
#1846 = CARTESIAN_POINT ( 'NONE',  ( 0.9674408794059681200, 4.990000000000000200, -3.042422642068630400 ) ) ;
#1847 = LINE ( 'NONE', #1846, #1845 ) ;
#1848 = DIRECTION ( 'NONE',  ( -0.0000000000000000000, 1.000000000000000000, -0.0000000000000000000 ) ) ;
#1849 = VECTOR ( 'NONE', #1848, 1000.000000000000000 ) ;
#1850 = CARTESIAN_POINT ( 'NONE',  ( 2.911102851236953900, 4.990000000000000200, -3.293963135026376500 ) ) ;
#1851 = CARTESIAN_POINT ( 'NONE',  ( -0.2605520783405107500, 4.990000000000000200, -0.3362166561531371200 ) ) ;
#1852 = FACE_OUTER_BOUND ( 'NONE', #122, .T. ) ;
#1853 = PRESENTATION_LAYER_ASSIGNMENT (  '', '', ( #1854 ) ) ;
#1854 = STYLED_ITEM ( 'NONE', ( #1859 ), #121 ) ;
#1855 = SURFACE_STYLE_FILL_AREA ( #1856 ) ;
#1856 = FILL_AREA_STYLE ('',( #1858 ) ) ;
#1857 =( NAMED_UNIT ( * ) SI_UNIT ( $, .STERADIAN. ) SOLID_ANGLE_UNIT ( ) );
#1858 = FILL_AREA_STYLE_COLOUR ( '', #1861 ) ;
#1859 = PRESENTATION_STYLE_ASSIGNMENT (( #1865 ) ) ;
#1860 = MECHANICAL_DESIGN_GEOMETRIC_PRESENTATION_REPRESENTATION (  '', ( #1854 ), #1839 ) ;
#1861 = COLOUR_RGB ( '',1.000000000000000000, 1.000000000000000000, 1.000000000000000000 ) ;
#1862 =( LENGTH_UNIT ( ) NAMED_UNIT ( * ) SI_UNIT ( .MILLI., .METRE. ) );
#1863 = UNCERTAINTY_MEASURE_WITH_UNIT (LENGTH_MEASURE( 1.000000000000000100E-005 ), #1862, 'distance_accuracy_value', 'NONE');
#1864 = SURFACE_SIDE_STYLE ('',( #1855 ) ) ;
#1865 = SURFACE_STYLE_USAGE ( .BOTH. , #1864 ) ;
#1866 =( NAMED_UNIT ( * ) PLANE_ANGLE_UNIT ( ) SI_UNIT ( $, .RADIAN. ) );
#1867 = DIRECTION ( 'NONE',  ( 0.0000000000000000000, 0.0000000000000000000, -1.000000000000000000 ) ) ;
#1868 = DIRECTION ( 'NONE',  ( 1.000000000000000000, 0.0000000000000000000, 0.0000000000000000000 ) ) ;
#1869 = CARTESIAN_POINT ( 'NONE',  ( 1.164183837152446400, 4.990000000000000200, -2.955934966012292000 ) ) ;
#1870 = AXIS2_PLACEMENT_3D ( 'NONE', #1869, #1868, #1867 ) ;
#1871 = PLANE ( 'NONE',  #1870 ) ;
#1872 = SURFACE_STYLE_USAGE ( .BOTH. , #1873 ) ;
#1873 = SURFACE_SIDE_STYLE ('',( #1874 ) ) ;
#1874 = SURFACE_STYLE_FILL_AREA ( #1875 ) ;
#1875 = FILL_AREA_STYLE ('',( #1902 ) ) ;
#1876 = COLOUR_RGB ( '',1.000000000000000000, 1.000000000000000000, 1.000000000000000000 ) ;
#1877 = FACE_OUTER_BOUND ( 'NONE', #110, .T. ) ;
#1878 = VECTOR ( 'NONE', #1899, 1000.000000000000000 ) ;
#1879 =( NAMED_UNIT ( * ) SI_UNIT ( $, .STERADIAN. ) SOLID_ANGLE_UNIT ( ) );
#1880 =( NAMED_UNIT ( * ) PLANE_ANGLE_UNIT ( ) SI_UNIT ( $, .RADIAN. ) );
#1881 =( NAMED_UNIT ( * ) SI_UNIT ( $, .STERADIAN. ) SOLID_ANGLE_UNIT ( ) );
#1882 = COLOUR_RGB ( '',1.000000000000000000, 1.000000000000000000, 1.000000000000000000 ) ;
#1883 = FACE_OUTER_BOUND ( 'NONE', #120, .T. ) ;
#1884 = PLANE ( 'NONE',  #1898 ) ;
#1885 =( GEOMETRIC_REPRESENTATION_CONTEXT ( 3 ) GLOBAL_UNCERTAINTY_ASSIGNED_CONTEXT ( ( #1921 ) ) GLOBAL_UNIT_ASSIGNED_CONTEXT ( ( #1886, #1911, #1881 ) ) REPRESENTATION_CONTEXT ( 'NONE', 'WORKASPACE' ) );
#1886 =( LENGTH_UNIT ( ) NAMED_UNIT ( * ) SI_UNIT ( .MILLI., .METRE. ) );
#1887 = MECHANICAL_DESIGN_GEOMETRIC_PRESENTATION_REPRESENTATION (  '', ( #1889 ), #1885 ) ;
#1888 = PRESENTATION_LAYER_ASSIGNMENT (  '', '', ( #1889 ) ) ;
#1889 = STYLED_ITEM ( 'NONE', ( #1890 ), #129 ) ;
#1890 = PRESENTATION_STYLE_ASSIGNMENT (( #1891 ) ) ;
#1891 = SURFACE_STYLE_USAGE ( .BOTH. , #1892 ) ;
#1892 = SURFACE_SIDE_STYLE ('',( #1912 ) ) ;
#1893 =( LENGTH_UNIT ( ) NAMED_UNIT ( * ) SI_UNIT ( .MILLI., .METRE. ) );
#1894 = MECHANICAL_DESIGN_GEOMETRIC_PRESENTATION_REPRESENTATION (  '', ( #1896 ), #1909 ) ;
#1895 = PRESENTATION_LAYER_ASSIGNMENT (  '', '', ( #1896 ) ) ;
#1896 = STYLED_ITEM ( 'NONE', ( #1897 ), #131 ) ;
#1897 = PRESENTATION_STYLE_ASSIGNMENT (( #1872 ) ) ;
#1898 = AXIS2_PLACEMENT_3D ( 'NONE', #1905, #1904, #1903 ) ;
#1899 = DIRECTION ( 'NONE',  ( -0.0000000000000000000, 1.000000000000000000, -0.0000000000000000000 ) ) ;
#1900 = CARTESIAN_POINT ( 'NONE',  ( 1.683109893490474700, 4.990000000000000200, -0.3362166561531371200 ) ) ;
#1901 = LINE ( 'NONE', #1900, #1878 ) ;
#1902 = FILL_AREA_STYLE_COLOUR ( '', #1876 ) ;
#1903 = DIRECTION ( 'NONE',  ( -0.4132170265578690200, 0.0000000000000000000, 0.9106325762691961400 ) ) ;
#1904 = DIRECTION ( 'NONE',  ( -0.9106325762691961400, 0.0000000000000000000, -0.4132170265578690200 ) ) ;
#1905 = CARTESIAN_POINT ( 'NONE',  ( 2.911102851236953900, 4.990000000000000200, -3.042422642068630400 ) ) ;
#1906 = DIRECTION ( 'NONE',  ( 0.0000000000000000000, 0.0000000000000000000, -1.000000000000000000 ) ) ;
#1907 = CARTESIAN_POINT ( 'NONE',  ( 1.164183837152446400, 4.990000000000000200, -2.955934966012292000 ) ) ;
#1908 = VECTOR ( 'NONE', #1906, 1000.000000000000000 ) ;
#1909 =( GEOMETRIC_REPRESENTATION_CONTEXT ( 3 ) GLOBAL_UNCERTAINTY_ASSIGNED_CONTEXT ( ( #1910 ) ) GLOBAL_UNIT_ASSIGNED_CONTEXT ( ( #1893, #1880, #1879 ) ) REPRESENTATION_CONTEXT ( 'NONE', 'WORKASPACE' ) );
#1910 = UNCERTAINTY_MEASURE_WITH_UNIT (LENGTH_MEASURE( 1.000000000000000100E-005 ), #1893, 'distance_accuracy_value', 'NONE');
#1911 =( NAMED_UNIT ( * ) PLANE_ANGLE_UNIT ( ) SI_UNIT ( $, .RADIAN. ) );
#1912 = SURFACE_STYLE_FILL_AREA ( #1913 ) ;
#1913 = FILL_AREA_STYLE ('',( #1914 ) ) ;
#1914 = FILL_AREA_STYLE_COLOUR ( '', #1882 ) ;
#1915 = CARTESIAN_POINT ( 'NONE',  ( 1.164183837152446400, 4.990000000000000200, -3.293963135026376500 ) ) ;
#1916 = DIRECTION ( 'NONE',  ( -1.000000000000000000, 0.0000000000000000000, 0.0000000000000000000 ) ) ;
#1917 = DIRECTION ( 'NONE',  ( -0.0000000000000000000, 0.0000000000000000000, -1.000000000000000000 ) ) ;
#1918 = CARTESIAN_POINT ( 'NONE',  ( 1.683109893490474700, 4.990000000000000200, -0.3362166561531371200 ) ) ;
#1919 = AXIS2_PLACEMENT_3D ( 'NONE', #1918, #1917, #1916 ) ;
#1920 = PLANE ( 'NONE',  #1919 ) ;
#1921 = UNCERTAINTY_MEASURE_WITH_UNIT (LENGTH_MEASURE( 1.000000000000000100E-005 ), #1886, 'distance_accuracy_value', 'NONE');
#1922 = LINE ( 'NONE', #1907, #1908 ) ;
#1923 = VECTOR ( 'NONE', #1942, 1000.000000000000000 ) ;
#1924 = CARTESIAN_POINT ( 'NONE',  ( 2.512335245603150900, 4.990000000000000200, -2.955934966012292000 ) ) ;
#1925 = LINE ( 'NONE', #1924, #1923 ) ;
#1926 = CARTESIAN_POINT ( 'NONE',  ( 1.164183837152446400, 4.990000000000000200, -2.955934966012292000 ) ) ;
#1927 = UNCERTAINTY_MEASURE_WITH_UNIT (LENGTH_MEASURE( 1.000000000000000100E-005 ), #3563, 'distance_accuracy_value', 'NONE');
#1928 =( NAMED_UNIT ( * ) SI_UNIT ( $, .STERADIAN. ) SOLID_ANGLE_UNIT ( ) );
#1929 = AXIS2_PLACEMENT_3D ( 'NONE', #1945, #1931, #1930 ) ;
#1930 = DIRECTION ( 'NONE',  ( 0.0000000000000000000, 0.0000000000000000000, -1.000000000000000000 ) ) ;
#1931 = DIRECTION ( 'NONE',  ( 0.0000000000000000000, -1.000000000000000000, -0.0000000000000000000 ) ) ;
#1932 =( NAMED_UNIT ( * ) SI_UNIT ( $, .STERADIAN. ) SOLID_ANGLE_UNIT ( ) );
#1933 =( NAMED_UNIT ( * ) PLANE_ANGLE_UNIT ( ) SI_UNIT ( $, .RADIAN. ) );
#1934 =( NAMED_UNIT ( * ) PLANE_ANGLE_UNIT ( ) SI_UNIT ( $, .RADIAN. ) );
#1935 = SURFACE_SIDE_STYLE ('',( #1936 ) ) ;
#1936 = SURFACE_STYLE_FILL_AREA ( #1937 ) ;
#1937 = FILL_AREA_STYLE ('',( #1938 ) ) ;
#1938 = FILL_AREA_STYLE_COLOUR ( '', #1939 ) ;
#1939 = COLOUR_RGB ( '',1.000000000000000000, 1.000000000000000000, 1.000000000000000000 ) ;
#1940 = FACE_OUTER_BOUND ( 'NONE', #142, .T. ) ;
#1941 = CARTESIAN_POINT ( 'NONE',  ( 2.512335245603150900, 4.990000000000000200, -2.955934966012292000 ) ) ;
#1942 = DIRECTION ( 'NONE',  ( -1.000000000000000000, 0.0000000000000000000, 0.0000000000000000000 ) ) ;
#1943 = SURFACE_SIDE_STYLE ('',( #2164 ) ) ;
#1944 =( GEOMETRIC_REPRESENTATION_CONTEXT ( 3 ) GLOBAL_UNCERTAINTY_ASSIGNED_CONTEXT ( ( #1952 ) ) GLOBAL_UNIT_ASSIGNED_CONTEXT ( ( #1954, #1933, #1932 ) ) REPRESENTATION_CONTEXT ( 'NONE', 'WORKASPACE' ) );
#1945 = CARTESIAN_POINT ( 'NONE',  ( 1.164183837152446400, 4.990000000000000200, -2.955934966012292000 ) ) ;
#1946 = PLANE ( 'NONE',  #1929 ) ;
#1947 = MECHANICAL_DESIGN_GEOMETRIC_PRESENTATION_REPRESENTATION (  '', ( #1949 ), #1944 ) ;
#1948 = PRESENTATION_LAYER_ASSIGNMENT (  '', '', ( #1949 ) ) ;
#1949 = STYLED_ITEM ( 'NONE', ( #1950 ), #165 ) ;
#1950 = PRESENTATION_STYLE_ASSIGNMENT (( #1951 ) ) ;
#1951 = SURFACE_STYLE_USAGE ( .BOTH. , #1935 ) ;
#1952 = UNCERTAINTY_MEASURE_WITH_UNIT (LENGTH_MEASURE( 1.000000000000000100E-005 ), #1954, 'distance_accuracy_value', 'NONE');
#1953 =( GEOMETRIC_REPRESENTATION_CONTEXT ( 3 ) GLOBAL_UNCERTAINTY_ASSIGNED_CONTEXT ( ( #1927 ) ) GLOBAL_UNIT_ASSIGNED_CONTEXT ( ( #3563, #1934, #1928 ) ) REPRESENTATION_CONTEXT ( 'NONE', 'WORKASPACE' ) );
#1954 =( LENGTH_UNIT ( ) NAMED_UNIT ( * ) SI_UNIT ( .MILLI., .METRE. ) );
#1955 = SURFACE_SIDE_STYLE ('',( #1957 ) ) ;
#1956 =( NAMED_UNIT ( * ) SI_UNIT ( $, .STERADIAN. ) SOLID_ANGLE_UNIT ( ) );
#1957 = SURFACE_STYLE_FILL_AREA ( #1986 ) ;
#1958 = PRESENTATION_STYLE_ASSIGNMENT (( #1959 ) ) ;
#1959 = SURFACE_STYLE_USAGE ( .BOTH. , #1960 ) ;
#1960 = SURFACE_SIDE_STYLE ('',( #1961 ) ) ;
#1961 = SURFACE_STYLE_FILL_AREA ( #1962 ) ;
#1962 = FILL_AREA_STYLE ('',( #1972 ) ) ;
#1963 = COLOUR_RGB ( '',1.000000000000000000, 1.000000000000000000, 1.000000000000000000 ) ;
#1964 =( LENGTH_UNIT ( ) NAMED_UNIT ( * ) SI_UNIT ( .MILLI., .METRE. ) );
#1965 = MECHANICAL_DESIGN_GEOMETRIC_PRESENTATION_REPRESENTATION (  '', ( #1967 ), #2046 ) ;
#1966 = PRESENTATION_LAYER_ASSIGNMENT (  '', '', ( #1967 ) ) ;
#1967 = STYLED_ITEM ( 'NONE', ( #1968 ), #178 ) ;
#1968 = PRESENTATION_STYLE_ASSIGNMENT (( #2009 ) ) ;
#1969 = UNCERTAINTY_MEASURE_WITH_UNIT (LENGTH_MEASURE( 1.000000000000000100E-005 ), #1964, 'distance_accuracy_value', 'NONE');
#1970 = CARTESIAN_POINT ( 'NONE',  ( -0.7794781346785389900, 4.990000000000000200, -2.955934966012292000 ) ) ;
#1971 = CARTESIAN_POINT ( 'NONE',  ( -0.6216876417207924900, 4.990000000000000200, -0.3362166561531371200 ) ) ;
#1972 = FILL_AREA_STYLE_COLOUR ( '', #1963 ) ;
#1973 = DIRECTION ( 'NONE',  ( 1.000000000000000000, 0.0000000000000000000, 0.0000000000000000000 ) ) ;
#1974 = DIRECTION ( 'NONE',  ( -0.0000000000000000000, 0.0000000000000000000, 1.000000000000000000 ) ) ;
#1975 = SURFACE_STYLE_USAGE ( .BOTH. , #1955 ) ;
#1976 = VECTOR ( 'NONE', #1992, 1000.000000000000000 ) ;
#1977 =( GEOMETRIC_REPRESENTATION_CONTEXT ( 3 ) GLOBAL_UNCERTAINTY_ASSIGNED_CONTEXT ( ( #2027 ) ) GLOBAL_UNIT_ASSIGNED_CONTEXT ( ( #2028, #1987, #1956 ) ) REPRESENTATION_CONTEXT ( 'NONE', 'WORKASPACE' ) );
#1978 = PRESENTATION_LAYER_ASSIGNMENT (  '', '', ( #2031 ) ) ;
#1979 = PLANE ( 'NONE',  #2029 ) ;
#1980 = COLOUR_RGB ( '',1.000000000000000000, 1.000000000000000000, 1.000000000000000000 ) ;
#1981 = FACE_OUTER_BOUND ( 'NONE', #166, .T. ) ;
#1982 = DIRECTION ( 'NONE',  ( -0.0000000000000000000, 1.000000000000000000, -0.0000000000000000000 ) ) ;
#1983 = VECTOR ( 'NONE', #1982, 1000.000000000000000 ) ;
#1984 = CARTESIAN_POINT ( 'NONE',  ( 1.164183837152446400, 4.990000000000000200, -3.293963135026376500 ) ) ;
#1985 = LINE ( 'NONE', #1984, #1983 ) ;
#1986 = FILL_AREA_STYLE ('',( #2019 ) ) ;
#1987 =( NAMED_UNIT ( * ) PLANE_ANGLE_UNIT ( ) SI_UNIT ( $, .RADIAN. ) );
#1988 = UNCERTAINTY_MEASURE_WITH_UNIT (LENGTH_MEASURE( 1.000000000000000100E-005 ), #2018, 'distance_accuracy_value', 'NONE');
#1989 = MECHANICAL_DESIGN_GEOMETRIC_PRESENTATION_REPRESENTATION (  '', ( #1991 ), #2034 ) ;
#1990 = PRESENTATION_LAYER_ASSIGNMENT (  '', '', ( #1991 ) ) ;
#1991 = STYLED_ITEM ( 'NONE', ( #1958 ), #174 ) ;
#1992 = DIRECTION ( 'NONE',  ( 0.4136819341461172000, 0.0000000000000000000, -0.9104214723748158500 ) ) ;
#1993 =( LENGTH_UNIT ( ) NAMED_UNIT ( * ) SI_UNIT ( .MILLI., .METRE. ) );
#1994 = MECHANICAL_DESIGN_GEOMETRIC_PRESENTATION_REPRESENTATION (  '', ( #1996 ), #2054 ) ;
#1995 = PRESENTATION_LAYER_ASSIGNMENT (  '', '', ( #1996 ) ) ;
#1996 = STYLED_ITEM ( 'NONE', ( #1997 ), #191 ) ;
#1997 = PRESENTATION_STYLE_ASSIGNMENT (( #1998 ) ) ;
#1998 = SURFACE_STYLE_USAGE ( .BOTH. , #1999 ) ;
#1999 = SURFACE_SIDE_STYLE ('',( #2000 ) ) ;
#2000 = SURFACE_STYLE_FILL_AREA ( #2001 ) ;
#2001 = FILL_AREA_STYLE ('',( #2064 ) ) ;
#2002 = COLOUR_RGB ( '',1.000000000000000000, 1.000000000000000000, 1.000000000000000000 ) ;
#2003 = FACE_OUTER_BOUND ( 'NONE', #192, .T. ) ;
#2004 = DIRECTION ( 'NONE',  ( -0.0000000000000000000, 1.000000000000000000, -0.0000000000000000000 ) ) ;
#2005 = VECTOR ( 'NONE', #2004, 1000.000000000000000 ) ;
#2006 = LINE ( 'NONE', #1971, #1976 ) ;
#2007 =( NAMED_UNIT ( * ) SI_UNIT ( $, .STERADIAN. ) SOLID_ANGLE_UNIT ( ) );
#2008 =( NAMED_UNIT ( * ) PLANE_ANGLE_UNIT ( ) SI_UNIT ( $, .RADIAN. ) );
#2009 = SURFACE_STYLE_USAGE ( .BOTH. , #2010 ) ;
#2010 = SURFACE_SIDE_STYLE ('',( #2011 ) ) ;
#2011 = SURFACE_STYLE_FILL_AREA ( #2012 ) ;
#2012 = FILL_AREA_STYLE ('',( #2022 ) ) ;
#2013 = COLOUR_RGB ( '',1.000000000000000000, 1.000000000000000000, 1.000000000000000000 ) ;
#2014 = FACE_OUTER_BOUND ( 'NONE', #155, .T. ) ;
#2015 = DIRECTION ( 'NONE',  ( -0.0000000000000000000, 1.000000000000000000, -0.0000000000000000000 ) ) ;
#2016 = VECTOR ( 'NONE', #2015, 1000.000000000000000 ) ;
#2017 = CARTESIAN_POINT ( 'NONE',  ( 2.512335245603150900, 4.990000000000000200, -2.955934966012292000 ) ) ;
#2018 =( LENGTH_UNIT ( ) NAMED_UNIT ( * ) SI_UNIT ( .MILLI., .METRE. ) );
#2019 = FILL_AREA_STYLE_COLOUR ( '', #1980 ) ;
#2020 = MECHANICAL_DESIGN_GEOMETRIC_PRESENTATION_REPRESENTATION (  '', ( #2031 ), #1977 ) ;
#2021 = LINE ( 'NONE', #2017, #2016 ) ;
#2022 = FILL_AREA_STYLE_COLOUR ( '', #2013 ) ;
#2023 = DIRECTION ( 'NONE',  ( -1.000000000000000000, 0.0000000000000000000, 0.0000000000000000000 ) ) ;
#2024 = DIRECTION ( 'NONE',  ( -0.0000000000000000000, 0.0000000000000000000, -1.000000000000000000 ) ) ;
#2025 = CARTESIAN_POINT ( 'NONE',  ( -0.2605520783405107500, 4.990000000000000200, -0.3362166561531371200 ) ) ;
#2026 = AXIS2_PLACEMENT_3D ( 'NONE', #2025, #2024, #2023 ) ;
#2027 = UNCERTAINTY_MEASURE_WITH_UNIT (LENGTH_MEASURE( 1.000000000000000100E-005 ), #2028, 'distance_accuracy_value', 'NONE');
#2028 =( LENGTH_UNIT ( ) NAMED_UNIT ( * ) SI_UNIT ( .MILLI., .METRE. ) );
#2029 = AXIS2_PLACEMENT_3D ( 'NONE', #1970, #2033, #2056 ) ;
#2030 = PRESENTATION_STYLE_ASSIGNMENT (( #1975 ) ) ;
#2031 = STYLED_ITEM ( 'NONE', ( #2030 ), #172 ) ;
#2032 = PLANE ( 'NONE',  #2036 ) ;
#2033 = DIRECTION ( 'NONE',  ( 0.0000000000000000000, -1.000000000000000000, -0.0000000000000000000 ) ) ;
#2034 =( GEOMETRIC_REPRESENTATION_CONTEXT ( 3 ) GLOBAL_UNCERTAINTY_ASSIGNED_CONTEXT ( ( #1988 ) ) GLOBAL_UNIT_ASSIGNED_CONTEXT ( ( #2018, #2008, #2007 ) ) REPRESENTATION_CONTEXT ( 'NONE', 'WORKASPACE' ) );
#2035 = CARTESIAN_POINT ( 'NONE',  ( 1.164183837152446400, 4.990000000000000200, -3.293963135026376500 ) ) ;
#2036 = AXIS2_PLACEMENT_3D ( 'NONE', #2035, #1974, #1973 ) ;
#2037 = DIRECTION ( 'NONE',  ( 0.4136819341461172000, 0.0000000000000000000, -0.9104214723748158500 ) ) ;
#2038 = VECTOR ( 'NONE', #2037, 1000.000000000000000 ) ;
#2039 = CARTESIAN_POINT ( 'NONE',  ( 1.321974330110192900, 4.990000000000000200, -0.3362166561531371200 ) ) ;
#2040 = LINE ( 'NONE', #2039, #2038 ) ;
#2041 = DIRECTION ( 'NONE',  ( -1.000000000000000000, 0.0000000000000000000, 0.0000000000000000000 ) ) ;
#2042 = DIRECTION ( 'NONE',  ( -0.0000000000000000000, 0.0000000000000000000, -1.000000000000000000 ) ) ;
#2043 = CARTESIAN_POINT ( 'NONE',  ( 2.512335245603150900, 4.990000000000000200, -2.955934966012292000 ) ) ;
#2044 = AXIS2_PLACEMENT_3D ( 'NONE', #2043, #2042, #2041 ) ;
#2045 = PLANE ( 'NONE',  #2044 ) ;
#2046 =( GEOMETRIC_REPRESENTATION_CONTEXT ( 3 ) GLOBAL_UNCERTAINTY_ASSIGNED_CONTEXT ( ( #1969 ) ) GLOBAL_UNIT_ASSIGNED_CONTEXT ( ( #1964, #2058, #2057 ) ) REPRESENTATION_CONTEXT ( 'NONE', 'WORKASPACE' ) );
#2047 = DIRECTION ( 'NONE',  ( -1.000000000000000000, 0.0000000000000000000, 0.0000000000000000000 ) ) ;
#2048 = DIRECTION ( 'NONE',  ( -0.0000000000000000000, 0.0000000000000000000, -1.000000000000000000 ) ) ;
#2049 = CARTESIAN_POINT ( 'NONE',  ( -0.04389324912074110700, 4.990000000000000200, 2.386831303498042600 ) ) ;
#2050 = AXIS2_PLACEMENT_3D ( 'NONE', #2049, #2048, #2047 ) ;
#2051 = PRESENTATION_STYLE_ASSIGNMENT (( #2052 ) ) ;
#2052 = SURFACE_STYLE_USAGE ( .BOTH. , #1943 ) ;
#2053 = PLANE ( 'NONE',  #2050 ) ;
#2054 =( GEOMETRIC_REPRESENTATION_CONTEXT ( 3 ) GLOBAL_UNCERTAINTY_ASSIGNED_CONTEXT ( ( #2059 ) ) GLOBAL_UNIT_ASSIGNED_CONTEXT ( ( #1993, #2061, #2060 ) ) REPRESENTATION_CONTEXT ( 'NONE', 'WORKASPACE' ) );
#2055 = FACE_OUTER_BOUND ( 'NONE', #169, .T. ) ;
#2056 = DIRECTION ( 'NONE',  ( 0.0000000000000000000, 0.0000000000000000000, -1.000000000000000000 ) ) ;
#2057 =( NAMED_UNIT ( * ) SI_UNIT ( $, .STERADIAN. ) SOLID_ANGLE_UNIT ( ) );
#2058 =( NAMED_UNIT ( * ) PLANE_ANGLE_UNIT ( ) SI_UNIT ( $, .RADIAN. ) );
#2059 = UNCERTAINTY_MEASURE_WITH_UNIT (LENGTH_MEASURE( 1.000000000000000100E-005 ), #1993, 'distance_accuracy_value', 'NONE');
#2060 =( NAMED_UNIT ( * ) SI_UNIT ( $, .STERADIAN. ) SOLID_ANGLE_UNIT ( ) );
#2061 =( NAMED_UNIT ( * ) PLANE_ANGLE_UNIT ( ) SI_UNIT ( $, .RADIAN. ) );
#2062 = CARTESIAN_POINT ( 'NONE',  ( -0.04389324912074110700, 4.990000000000000200, 2.386831303498042600 ) ) ;
#2063 = LINE ( 'NONE', #2062, #2005 ) ;
#2064 = FILL_AREA_STYLE_COLOUR ( '', #2002 ) ;
#2065 = DIRECTION ( 'NONE',  ( -1.000000000000000000, 0.0000000000000000000, 0.0000000000000000000 ) ) ;
#2066 = VECTOR ( 'NONE', #2065, 1000.000000000000000 ) ;
#2067 = CARTESIAN_POINT ( 'NONE',  ( 1.023998476231371600, 4.990000000000000200, 3.446470388005084700 ) ) ;
#2068 = LINE ( 'NONE', #2067, #2066 ) ;
#2069 = PLANE ( 'NONE',  #2026 ) ;
#2070 = CARTESIAN_POINT ( 'NONE',  ( -0.04389324912074110700, 4.990000000000000200, 2.386831303498042600 ) ) ;
#2071 = DIRECTION ( 'NONE',  ( -0.5662018424294001900, 0.0000000000000000000, -0.8242666277543647700 ) ) ;
#2072 = VECTOR ( 'NONE', #2071, 1000.000000000000100 ) ;
#2073 = DIRECTION ( 'NONE',  ( -0.5648689537908991900, 0.0000000000000000000, 0.8251806257075931000 ) ) ;
#2074 = DIRECTION ( 'NONE',  ( -0.8251806257075932100, 0.0000000000000000000, -0.5648689537908993000 ) ) ;
#2075 = PLANE ( 'NONE',  #2086 ) ;
#2076 =( GEOMETRIC_REPRESENTATION_CONTEXT ( 3 ) GLOBAL_UNCERTAINTY_ASSIGNED_CONTEXT ( ( #2123 ) ) GLOBAL_UNIT_ASSIGNED_CONTEXT ( ( #2088, #2176, #2192 ) ) REPRESENTATION_CONTEXT ( 'NONE', 'WORKASPACE' ) );
#2077 =( GEOMETRIC_REPRESENTATION_CONTEXT ( 3 ) GLOBAL_UNCERTAINTY_ASSIGNED_CONTEXT ( ( #2104 ) ) GLOBAL_UNIT_ASSIGNED_CONTEXT ( ( #2190, #2122, #2193 ) ) REPRESENTATION_CONTEXT ( 'NONE', 'WORKASPACE' ) );
#2078 = PLANE ( 'NONE',  #2163 ) ;
#2079 =( LENGTH_UNIT ( ) NAMED_UNIT ( * ) SI_UNIT ( .MILLI., .METRE. ) );
#2080 = MECHANICAL_DESIGN_GEOMETRIC_PRESENTATION_REPRESENTATION (  '', ( #2093 ), #2102 ) ;
#2081 = COLOUR_RGB ( '',1.000000000000000000, 1.000000000000000000, 1.000000000000000000 ) ;
#2082 = SURFACE_STYLE_FILL_AREA ( #2189 ) ;
#2083 = CARTESIAN_POINT ( 'NONE',  ( 0.6839896734144701500, 4.990000000000000200, 3.446470388005084700 ) ) ;
#2084 = LINE ( 'NONE', #2083, #2072 ) ;
#2085 = CARTESIAN_POINT ( 'NONE',  ( 0.6487784058088363900, 4.990000000000000200, 0.9464703880050846500 ) ) ;
#2086 = AXIS2_PLACEMENT_3D ( 'NONE', #2085, #2131, #2130 ) ;
#2087 = PRESENTATION_LAYER_ASSIGNMENT (  '', '', ( #2155 ) ) ;
#2088 =( LENGTH_UNIT ( ) NAMED_UNIT ( * ) SI_UNIT ( .MILLI., .METRE. ) );
#2089 = MECHANICAL_DESIGN_GEOMETRIC_PRESENTATION_REPRESENTATION (  '', ( #2158 ), #2076 ) ;
#2090 = SURFACE_STYLE_USAGE ( .BOTH. , #2156 ) ;
#2091 = MECHANICAL_DESIGN_GEOMETRIC_PRESENTATION_REPRESENTATION (  '', ( #2155 ), #2077 ) ;
#2092 = PRESENTATION_LAYER_ASSIGNMENT (  '', '', ( #2093 ) ) ;
#2093 = STYLED_ITEM ( 'NONE', ( #2094 ), #223 ) ;
#2094 = PRESENTATION_STYLE_ASSIGNMENT (( #2095 ) ) ;
#2095 = SURFACE_STYLE_USAGE ( .BOTH. , #2096 ) ;
#2096 = SURFACE_SIDE_STYLE ('',( #2097 ) ) ;
#2097 = SURFACE_STYLE_FILL_AREA ( #2098 ) ;
#2098 = FILL_AREA_STYLE ('',( #2108 ) ) ;
#2099 = COLOUR_RGB ( '',1.000000000000000000, 1.000000000000000000, 1.000000000000000000 ) ;
#2100 = FACE_OUTER_BOUND ( 'NONE', #224, .T. ) ;
#2101 = DIRECTION ( 'NONE',  ( -0.0000000000000000000, 1.000000000000000000, -0.0000000000000000000 ) ) ;
#2102 =( GEOMETRIC_REPRESENTATION_CONTEXT ( 3 ) GLOBAL_UNCERTAINTY_ASSIGNED_CONTEXT ( ( #2194 ) ) GLOBAL_UNIT_ASSIGNED_CONTEXT ( ( #2079, #2196, #2195 ) ) REPRESENTATION_CONTEXT ( 'NONE', 'WORKASPACE' ) );
#2103 = CARTESIAN_POINT ( 'NONE',  ( -0.04554377728975523400, 4.990000000000000200, 1.959344507723394600 ) ) ;
#2104 = UNCERTAINTY_MEASURE_WITH_UNIT (LENGTH_MEASURE( 1.000000000000000100E-005 ), #2190, 'distance_accuracy_value', 'NONE');
#2105 = VECTOR ( 'NONE', #2101, 1000.000000000000000 ) ;
#2106 = CARTESIAN_POINT ( 'NONE',  ( 0.1420662579215124200, 4.990000000000000200, 2.177764402089591700 ) ) ;
#2107 = LINE ( 'NONE', #2106, #2105 ) ;
#2108 = FILL_AREA_STYLE_COLOUR ( '', #2099 ) ;
#2109 = DIRECTION ( 'NONE',  ( 1.000000000000000000, 0.0000000000000000000, 0.0000000000000000000 ) ) ;
#2110 = VECTOR ( 'NONE', #2109, 1000.000000000000000 ) ;
#2111 = CARTESIAN_POINT ( 'NONE',  ( 0.6487784058088363900, 4.990000000000000200, 0.9464703880050846500 ) ) ;
#2112 = LINE ( 'NONE', #2111, #2110 ) ;
#2113 = DIRECTION ( 'NONE',  ( -0.0000000000000000000, 1.000000000000000000, -0.0000000000000000000 ) ) ;
#2114 = VECTOR ( 'NONE', #2113, 1000.000000000000000 ) ;
#2115 = FACE_OUTER_BOUND ( 'NONE', #205, .T. ) ;
#2116 = LINE ( 'NONE', #2154, #2153 ) ;
#2117 = DIRECTION ( 'NONE',  ( 0.5707827724612921600, 0.0000000000000000000, 0.8211011062356454700 ) ) ;
#2118 = DIRECTION ( 'NONE',  ( -0.8211011062356454700, 0.0000000000000000000, 0.5707827724612921600 ) ) ;
#2119 = CARTESIAN_POINT ( 'NONE',  ( 0.1420662579215124200, 4.990000000000000200, 2.177764402089591700 ) ) ;
#2120 = AXIS2_PLACEMENT_3D ( 'NONE', #2119, #2118, #2117 ) ;
#2121 = PLANE ( 'NONE',  #2120 ) ;
#2122 =( NAMED_UNIT ( * ) PLANE_ANGLE_UNIT ( ) SI_UNIT ( $, .RADIAN. ) );
#2123 = UNCERTAINTY_MEASURE_WITH_UNIT (LENGTH_MEASURE( 1.000000000000000100E-005 ), #2088, 'distance_accuracy_value', 'NONE');
#2124 = CARTESIAN_POINT ( 'NONE',  ( -0.03784131250102271800, 4.990000000000000200, 1.959344507723394600 ) ) ;
#2125 =( NAMED_UNIT ( * ) SI_UNIT ( $, .STERADIAN. ) SOLID_ANGLE_UNIT ( ) );
#2126 =( NAMED_UNIT ( * ) PLANE_ANGLE_UNIT ( ) SI_UNIT ( $, .RADIAN. ) );
#2127 =( LENGTH_UNIT ( ) NAMED_UNIT ( * ) SI_UNIT ( .MILLI., .METRE. ) );
#2128 = MECHANICAL_DESIGN_GEOMETRIC_PRESENTATION_REPRESENTATION (  '', ( #2142 ), #2135 ) ;
#2129 = PRESENTATION_LAYER_ASSIGNMENT (  '', '', ( #2142 ) ) ;
#2130 = DIRECTION ( 'NONE',  ( 1.000000000000000000, 0.0000000000000000000, 0.0000000000000000000 ) ) ;
#2131 = DIRECTION ( 'NONE',  ( -0.0000000000000000000, 0.0000000000000000000, 1.000000000000000000 ) ) ;
#2132 = CARTESIAN_POINT ( 'NONE',  ( 1.023998476231371600, 4.990000000000000200, 3.446470388005084700 ) ) ;
#2133 = AXIS2_PLACEMENT_3D ( 'NONE', #2132, #2175, #2174 ) ;
#2134 = PLANE ( 'NONE',  #2133 ) ;
#2135 =( GEOMETRIC_REPRESENTATION_CONTEXT ( 3 ) GLOBAL_UNCERTAINTY_ASSIGNED_CONTEXT ( ( #2136 ) ) GLOBAL_UNIT_ASSIGNED_CONTEXT ( ( #2127, #2126, #2125 ) ) REPRESENTATION_CONTEXT ( 'NONE', 'WORKASPACE' ) );
#2136 = UNCERTAINTY_MEASURE_WITH_UNIT (LENGTH_MEASURE( 1.000000000000000100E-005 ), #2127, 'distance_accuracy_value', 'NONE');
#2137 = LINE ( 'NONE', #2140, #2139 ) ;
#2138 = DIRECTION ( 'NONE',  ( -0.0000000000000000000, 1.000000000000000000, -0.0000000000000000000 ) ) ;
#2139 = VECTOR ( 'NONE', #2138, 1000.000000000000000 ) ;
#2140 = CARTESIAN_POINT ( 'NONE',  ( 0.9849359762313715200, 4.990000000000000200, 0.9464703880050846500 ) ) ;
#2141 = FILL_AREA_STYLE_COLOUR ( '', #2081 ) ;
#2142 = STYLED_ITEM ( 'NONE', ( #2143 ), #229 ) ;
#2143 = PRESENTATION_STYLE_ASSIGNMENT (( #2144 ) ) ;
#2144 = SURFACE_STYLE_USAGE ( .BOTH. , #2145 ) ;
#2145 = SURFACE_SIDE_STYLE ('',( #2146 ) ) ;
#2146 = SURFACE_STYLE_FILL_AREA ( #2147 ) ;
#2147 = FILL_AREA_STYLE ('',( #2148 ) ) ;
#2148 = FILL_AREA_STYLE_COLOUR ( '', #2149 ) ;
#2149 = COLOUR_RGB ( '',1.000000000000000000, 1.000000000000000000, 1.000000000000000000 ) ;
#2150 = FACE_OUTER_BOUND ( 'NONE', #182, .T. ) ;
#2151 = CARTESIAN_POINT ( 'NONE',  ( 0.9849359762313715200, 4.990000000000000200, 0.9464703880050846500 ) ) ;
#2152 = DIRECTION ( 'NONE',  ( -0.0000000000000000000, 1.000000000000000000, -0.0000000000000000000 ) ) ;
#2153 = VECTOR ( 'NONE', #2152, 1000.000000000000000 ) ;
#2154 = CARTESIAN_POINT ( 'NONE',  ( 1.023998476231371600, 4.990000000000000200, 3.446470388005084700 ) ) ;
#2155 = STYLED_ITEM ( 'NONE', ( #2191 ), #204 ) ;
#2156 = SURFACE_SIDE_STYLE ('',( #2082 ) ) ;
#2157 = PRESENTATION_LAYER_ASSIGNMENT (  '', '', ( #2158 ) ) ;
#2158 = STYLED_ITEM ( 'NONE', ( #2159 ), #213 ) ;
#2159 = PRESENTATION_STYLE_ASSIGNMENT (( #2160 ) ) ;
#2160 = SURFACE_STYLE_USAGE ( .BOTH. , #2161 ) ;
#2161 = SURFACE_SIDE_STYLE ('',( #2177 ) ) ;
#2162 = CARTESIAN_POINT ( 'NONE',  ( 0.9849359762313715200, 4.990000000000000200, 0.9464703880050846500 ) ) ;
#2163 = AXIS2_PLACEMENT_3D ( 'NONE', #2162, #2074, #2073 ) ;
#2164 = SURFACE_STYLE_FILL_AREA ( #2165 ) ;
#2165 = FILL_AREA_STYLE ('',( #2172 ) ) ;
#2166 = COLOUR_RGB ( '',1.000000000000000000, 1.000000000000000000, 1.000000000000000000 ) ;
#2167 = FACE_OUTER_BOUND ( 'NONE', #412, .T. ) ;
#2168 = DIRECTION ( 'NONE',  ( -0.0000000000000000000, 1.000000000000000000, -0.0000000000000000000 ) ) ;
#2169 = VECTOR ( 'NONE', #2168, 1000.000000000000000 ) ;
#2170 = CARTESIAN_POINT ( 'NONE',  ( -1.068871242078487600, 4.990000000000000200, 0.9464703880050846500 ) ) ;
#2171 = LINE ( 'NONE', #2170, #2169 ) ;
#2172 = FILL_AREA_STYLE_COLOUR ( '', #2166 ) ;
#2173 = CARTESIAN_POINT ( 'NONE',  ( 0.6487784058088363900, 4.990000000000000200, 0.9464703880050846500 ) ) ;
#2174 = DIRECTION ( 'NONE',  ( -1.000000000000000000, 0.0000000000000000000, 0.0000000000000000000 ) ) ;
#2175 = DIRECTION ( 'NONE',  ( -0.0000000000000000000, 0.0000000000000000000, -1.000000000000000000 ) ) ;
#2176 =( NAMED_UNIT ( * ) PLANE_ANGLE_UNIT ( ) SI_UNIT ( $, .RADIAN. ) );
#2177 = SURFACE_STYLE_FILL_AREA ( #2178 ) ;
#2178 = FILL_AREA_STYLE ('',( #2179 ) ) ;
#2179 = FILL_AREA_STYLE_COLOUR ( '', #2180 ) ;
#2180 = COLOUR_RGB ( '',1.000000000000000000, 1.000000000000000000, 1.000000000000000000 ) ;
#2181 = FACE_OUTER_BOUND ( 'NONE', #201, .T. ) ;
#2182 = CARTESIAN_POINT ( 'NONE',  ( 0.6487784058088363900, 4.990000000000000200, 0.9464703880050846500 ) ) ;
#2183 = LINE ( 'NONE', #2182, #2114 ) ;
#2184 = CARTESIAN_POINT ( 'NONE',  ( 0.1420662579215124200, 4.990000000000000200, 2.177764402089591700 ) ) ;
#2185 = DIRECTION ( 'NONE',  ( -0.5648689537908991900, 0.0000000000000000000, 0.8251806257075931000 ) ) ;
#2186 = VECTOR ( 'NONE', #2185, 1000.000000000000000 ) ;
#2187 = CARTESIAN_POINT ( 'NONE',  ( 0.9849359762313715200, 4.990000000000000200, 0.9464703880050846500 ) ) ;
#2188 = LINE ( 'NONE', #2187, #2186 ) ;
#2189 = FILL_AREA_STYLE ('',( #2141 ) ) ;
#2190 =( LENGTH_UNIT ( ) NAMED_UNIT ( * ) SI_UNIT ( .MILLI., .METRE. ) );
#2191 = PRESENTATION_STYLE_ASSIGNMENT (( #2090 ) ) ;
#2192 =( NAMED_UNIT ( * ) SI_UNIT ( $, .STERADIAN. ) SOLID_ANGLE_UNIT ( ) );
#2193 =( NAMED_UNIT ( * ) SI_UNIT ( $, .STERADIAN. ) SOLID_ANGLE_UNIT ( ) );
#2194 = UNCERTAINTY_MEASURE_WITH_UNIT (LENGTH_MEASURE( 1.000000000000000100E-005 ), #2079, 'distance_accuracy_value', 'NONE');
#2195 =( NAMED_UNIT ( * ) SI_UNIT ( $, .STERADIAN. ) SOLID_ANGLE_UNIT ( ) );
#2196 =( NAMED_UNIT ( * ) PLANE_ANGLE_UNIT ( ) SI_UNIT ( $, .RADIAN. ) );
#2197 = MECHANICAL_DESIGN_GEOMETRIC_PRESENTATION_REPRESENTATION (  '', ( #2215 ), #2216 ) ;
#2198 = CARTESIAN_POINT ( 'NONE',  ( -1.068871242078487600, 4.990000000000000200, 0.9464703880050846500 ) ) ;
#2199 = AXIS2_PLACEMENT_3D ( 'NONE', #2198, #2209, #2208 ) ;
#2200 = PLANE ( 'NONE',  #2199 ) ;
#2201 = CARTESIAN_POINT ( 'NONE',  ( -1.068871242078487600, 4.990000000000000200, 0.9464703880050846500 ) ) ;
#2202 = FACE_OUTER_BOUND ( 'NONE', #250, .T. ) ;
#2203 = CARTESIAN_POINT ( 'NONE',  ( -0.7789284603883467300, 4.990000000000000200, 3.446470388005084700 ) ) ;
#2204 = DIRECTION ( 'NONE',  ( -0.5640048758647763200, 0.0000000000000000000, -0.8257714574873354900 ) ) ;
#2205 = VECTOR ( 'NONE', #2204, 1000.000000000000000 ) ;
#2206 = CARTESIAN_POINT ( 'NONE',  ( -0.2331538125010227900, 4.990000000000000200, 2.170061937300859200 ) ) ;
#2207 = LINE ( 'NONE', #2206, #2205 ) ;
#2208 = DIRECTION ( 'NONE',  ( 1.000000000000000000, 0.0000000000000000000, 0.0000000000000000000 ) ) ;
#2209 = DIRECTION ( 'NONE',  ( -0.0000000000000000000, 0.0000000000000000000, 1.000000000000000000 ) ) ;
#2210 = UNCERTAINTY_MEASURE_WITH_UNIT (LENGTH_MEASURE( 1.000000000000000100E-005 ), #2217, 'distance_accuracy_value', 'NONE');
#2211 =( NAMED_UNIT ( * ) SI_UNIT ( $, .STERADIAN. ) SOLID_ANGLE_UNIT ( ) );
#2212 = UNCERTAINTY_MEASURE_WITH_UNIT (LENGTH_MEASURE( 1.000000000000000100E-005 ), #2218, 'distance_accuracy_value', 'NONE');
#2213 =( NAMED_UNIT ( * ) SI_UNIT ( $, .STERADIAN. ) SOLID_ANGLE_UNIT ( ) );
#2214 =( NAMED_UNIT ( * ) PLANE_ANGLE_UNIT ( ) SI_UNIT ( $, .RADIAN. ) );
#2215 = STYLED_ITEM ( 'NONE', ( #2051 ), #236 ) ;
#2216 =( GEOMETRIC_REPRESENTATION_CONTEXT ( 3 ) GLOBAL_UNCERTAINTY_ASSIGNED_CONTEXT ( ( #2210 ) ) GLOBAL_UNIT_ASSIGNED_CONTEXT ( ( #2217, #2229, #2211 ) ) REPRESENTATION_CONTEXT ( 'NONE', 'WORKASPACE' ) );
#2217 =( LENGTH_UNIT ( ) NAMED_UNIT ( * ) SI_UNIT ( .MILLI., .METRE. ) );
#2218 =( LENGTH_UNIT ( ) NAMED_UNIT ( * ) SI_UNIT ( .MILLI., .METRE. ) );
#2219 = MECHANICAL_DESIGN_GEOMETRIC_PRESENTATION_REPRESENTATION (  '', ( #2221 ), #2279 ) ;
#2220 = PRESENTATION_LAYER_ASSIGNMENT (  '', '', ( #2221 ) ) ;
#2221 = STYLED_ITEM ( 'NONE', ( #2222 ), #244 ) ;
#2222 = PRESENTATION_STYLE_ASSIGNMENT (( #2223 ) ) ;
#2223 = SURFACE_STYLE_USAGE ( .BOTH. , #2224 ) ;
#2224 = SURFACE_SIDE_STYLE ('',( #2225 ) ) ;
#2225 = SURFACE_STYLE_FILL_AREA ( #2226 ) ;
#2226 = FILL_AREA_STYLE ('',( #2227 ) ) ;
#2227 = FILL_AREA_STYLE_COLOUR ( '', #2228 ) ;
#2228 = COLOUR_RGB ( '',1.000000000000000000, 1.000000000000000000, 1.000000000000000000 ) ;
#2229 =( NAMED_UNIT ( * ) PLANE_ANGLE_UNIT ( ) SI_UNIT ( $, .RADIAN. ) );
#2230 = PRESENTATION_LAYER_ASSIGNMENT (  '', '', ( #2215 ) ) ;
#2231 = AXIS2_PLACEMENT_3D ( 'NONE', #2274, #2273, #2242 ) ;
#2232 = PLANE ( 'NONE',  #2231 ) ;
#2233 = VECTOR ( 'NONE', #2238, 1000.000000000000000 ) ;
#2234 = CARTESIAN_POINT ( 'NONE',  ( 0.6839896734144701500, 4.990000000000000200, 3.446470388005084700 ) ) ;
#2235 = FILL_AREA_STYLE_COLOUR ( '', #2236 ) ;
#2236 = COLOUR_RGB ( '',1.000000000000000000, 1.000000000000000000, 1.000000000000000000 ) ;
#2237 = FACE_OUTER_BOUND ( 'NONE', #200, .T. ) ;
#2238 = DIRECTION ( 'NONE',  ( -0.0000000000000000000, 1.000000000000000000, -0.0000000000000000000 ) ) ;
#2239 =( GEOMETRIC_REPRESENTATION_CONTEXT ( 3 ) GLOBAL_UNCERTAINTY_ASSIGNED_CONTEXT ( ( #2252 ) ) GLOBAL_UNIT_ASSIGNED_CONTEXT ( ( #2263, #2240, #2275 ) ) REPRESENTATION_CONTEXT ( 'NONE', 'WORKASPACE' ) );
#2240 =( NAMED_UNIT ( * ) PLANE_ANGLE_UNIT ( ) SI_UNIT ( $, .RADIAN. ) );
#2241 = LINE ( 'NONE', #2234, #2233 ) ;
#2242 = DIRECTION ( 'NONE',  ( -0.5640048758647763200, 0.0000000000000000000, -0.8257714574873354900 ) ) ;
#2243 = DIRECTION ( 'NONE',  ( -0.0000000000000000000, 1.000000000000000000, -0.0000000000000000000 ) ) ;
#2244 = VECTOR ( 'NONE', #2243, 1000.000000000000000 ) ;
#2245 = CARTESIAN_POINT ( 'NONE',  ( -0.03784131250102271800, 4.990000000000000200, 1.959344507723394600 ) ) ;
#2246 = SURFACE_STYLE_USAGE ( .BOTH. , #2247 ) ;
#2247 = SURFACE_SIDE_STYLE ('',( #2248 ) ) ;
#2248 = SURFACE_STYLE_FILL_AREA ( #2249 ) ;
#2249 = FILL_AREA_STYLE ('',( #2235 ) ) ;
#2250 = AXIS2_PLACEMENT_3D ( 'NONE', #2268, #2267, #2266 ) ;
#2251 = PLANE ( 'NONE',  #2250 ) ;
#2252 = UNCERTAINTY_MEASURE_WITH_UNIT (LENGTH_MEASURE( 1.000000000000000100E-005 ), #2263, 'distance_accuracy_value', 'NONE');
#2253 = STYLED_ITEM ( 'NONE', ( #2254 ), #258 ) ;
#2254 = PRESENTATION_STYLE_ASSIGNMENT (( #2255 ) ) ;
#2255 = SURFACE_STYLE_USAGE ( .BOTH. , #2256 ) ;
#2256 = SURFACE_SIDE_STYLE ('',( #2257 ) ) ;
#2257 = SURFACE_STYLE_FILL_AREA ( #2258 ) ;
#2258 = FILL_AREA_STYLE ('',( #2259 ) ) ;
#2259 = FILL_AREA_STYLE_COLOUR ( '', #2260 ) ;
#2260 = COLOUR_RGB ( '',1.000000000000000000, 1.000000000000000000, 1.000000000000000000 ) ;
#2261 = FACE_OUTER_BOUND ( 'NONE', #262, .T. ) ;
#2262 = CARTESIAN_POINT ( 'NONE',  ( 1.023998476231371600, 4.990000000000000200, 3.446470388005084700 ) ) ;
#2263 =( LENGTH_UNIT ( ) NAMED_UNIT ( * ) SI_UNIT ( .MILLI., .METRE. ) );
#2264 = MECHANICAL_DESIGN_GEOMETRIC_PRESENTATION_REPRESENTATION (  '', ( #2277 ), #2239 ) ;
#2265 = LINE ( 'NONE', #2245, #2244 ) ;
#2266 = DIRECTION ( 'NONE',  ( 0.5611165363451808800, 0.0000000000000000000, -0.8277368136309918300 ) ) ;
#2267 = DIRECTION ( 'NONE',  ( 0.8277368136309918300, 0.0000000000000000000, 0.5611165363451808800 ) ) ;
#2268 = CARTESIAN_POINT ( 'NONE',  ( -0.03784131250102271800, 4.990000000000000200, 1.959344507723394600 ) ) ;
#2269 = DIRECTION ( 'NONE',  ( 0.5707827724612920500, 0.0000000000000000000, 0.8211011062356455800 ) ) ;
#2270 = VECTOR ( 'NONE', #2269, 1000.000000000000200 ) ;
#2271 = CARTESIAN_POINT ( 'NONE',  ( 0.1420662579215124200, 4.990000000000000200, 2.177764402089591700 ) ) ;
#2272 = LINE ( 'NONE', #2271, #2270 ) ;
#2273 = DIRECTION ( 'NONE',  ( 0.8257714574873354900, 0.0000000000000000000, -0.5640048758647763200 ) ) ;
#2274 = CARTESIAN_POINT ( 'NONE',  ( -0.2331538125010227900, 4.990000000000000200, 2.170061937300859200 ) ) ;
#2275 =( NAMED_UNIT ( * ) SI_UNIT ( $, .STERADIAN. ) SOLID_ANGLE_UNIT ( ) );
#2276 = PRESENTATION_LAYER_ASSIGNMENT (  '', '', ( #2277 ) ) ;
#2277 = STYLED_ITEM ( 'NONE', ( #2278 ), #248 ) ;
#2278 = PRESENTATION_STYLE_ASSIGNMENT (( #2246 ) ) ;
#2279 =( GEOMETRIC_REPRESENTATION_CONTEXT ( 3 ) GLOBAL_UNCERTAINTY_ASSIGNED_CONTEXT ( ( #2212 ) ) GLOBAL_UNIT_ASSIGNED_CONTEXT ( ( #2218, #2214, #2213 ) ) REPRESENTATION_CONTEXT ( 'NONE', 'WORKASPACE' ) );
#2280 =( LENGTH_UNIT ( ) NAMED_UNIT ( * ) SI_UNIT ( .MILLI., .METRE. ) );
#2281 = CARTESIAN_POINT ( 'NONE',  ( -0.2605520783405107500, 5.000000000000000000, -0.3362166561531371200 ) ) ;
#2282 = LINE ( 'NONE', #2281, #2358 ) ;
#2283 = DIRECTION ( 'NONE',  ( -0.4132170265578689600, 0.0000000000000000000, 0.9106325762691961400 ) ) ;
#2284 = VECTOR ( 'NONE', #2283, 1000.000000000000200 ) ;
#2285 = CARTESIAN_POINT ( 'NONE',  ( 0.9674408794059681200, 5.000000000000000000, -3.042422642068630400 ) ) ;
#2286 = LINE ( 'NONE', #2285, #2284 ) ;
#2287 = UNCERTAINTY_MEASURE_WITH_UNIT (LENGTH_MEASURE( 1.000000000000000100E-005 ), #2350, 'distance_accuracy_value', 'NONE');
#2288 = UNCERTAINTY_MEASURE_WITH_UNIT (LENGTH_MEASURE( 1.000000000000000100E-005 ), #2366, 'distance_accuracy_value', 'NONE');
#2289 =( NAMED_UNIT ( * ) SI_UNIT ( $, .STERADIAN. ) SOLID_ANGLE_UNIT ( ) );
#2290 = FILL_AREA_STYLE_COLOUR ( '', #2381 ) ;
#2291 = FACE_OUTER_BOUND ( 'NONE', #230, .T. ) ;
#2292 = CARTESIAN_POINT ( 'NONE',  ( 0.6839896734144701500, 4.990000000000000200, 3.446470388005084700 ) ) ;
#2293 = SURFACE_SIDE_STYLE ('',( #2294 ) ) ;
#2294 = SURFACE_STYLE_FILL_AREA ( #2295 ) ;
#2295 = FILL_AREA_STYLE ('',( #2297 ) ) ;
#2296 = COLOUR_RGB ( '',1.000000000000000000, 1.000000000000000000, 1.000000000000000000 ) ;
#2297 = FILL_AREA_STYLE_COLOUR ( '', #2296 ) ;
#2298 = FACE_OUTER_BOUND ( 'NONE', #317, .T. ) ;
#2299 = CARTESIAN_POINT ( 'NONE',  ( -0.2331538125010227900, 4.990000000000000200, 2.170061937300859200 ) ) ;
#2300 =( GEOMETRIC_REPRESENTATION_CONTEXT ( 3 ) GLOBAL_UNCERTAINTY_ASSIGNED_CONTEXT ( ( #2288 ) ) GLOBAL_UNIT_ASSIGNED_CONTEXT ( ( #2366, #2365, #2289 ) ) REPRESENTATION_CONTEXT ( 'NONE', 'WORKASPACE' ) );
#2301 =( GEOMETRIC_REPRESENTATION_CONTEXT ( 3 ) GLOBAL_UNCERTAINTY_ASSIGNED_CONTEXT ( ( #2325 ) ) GLOBAL_UNIT_ASSIGNED_CONTEXT ( ( #2280, #2364, #2314 ) ) REPRESENTATION_CONTEXT ( 'NONE', 'WORKASPACE' ) );
#2302 = CARTESIAN_POINT ( 'NONE',  ( -2.723140106509525100, 4.990000000000000200, -3.293963135026376500 ) ) ;
#2303 = FILL_AREA_STYLE_COLOUR ( '', #2304 ) ;
#2304 = COLOUR_RGB ( '',0.8274509803921568100, 0.8392156862745098200, 0.8274509803921568100 ) ;
#2305 = FACE_OUTER_BOUND ( 'NONE', #430, .T. ) ;
#2306 = DIRECTION ( 'NONE',  ( 0.0000000000000000000, 0.0000000000000000000, -1.000000000000000000 ) ) ;
#2307 = VECTOR ( 'NONE', #2306, 1000.000000000000000 ) ;
#2308 = CARTESIAN_POINT ( 'NONE',  ( -2.723140106509525100, 4.990000000000000200, -2.955934966012292000 ) ) ;
#2309 = LINE ( 'NONE', #2308, #2307 ) ;
#2310 = DIRECTION ( 'NONE',  ( -1.000000000000000000, 0.0000000000000000000, 0.0000000000000000000 ) ) ;
#2311 = VECTOR ( 'NONE', #2310, 1000.000000000000000 ) ;
#2312 = CARTESIAN_POINT ( 'NONE',  ( -0.7789284603883467300, 4.990000000000000200, 3.446470388005084700 ) ) ;
#2313 = LINE ( 'NONE', #2312, #2311 ) ;
#2314 =( NAMED_UNIT ( * ) SI_UNIT ( $, .STERADIAN. ) SOLID_ANGLE_UNIT ( ) );
#2315 = CARTESIAN_POINT ( 'NONE',  ( -0.04554377728975523400, 4.990000000000000200, 1.959344507723394600 ) ) ;
#2316 = AXIS2_PLACEMENT_3D ( 'NONE', #2315, #2376, #2375 ) ;
#2317 = PLANE ( 'NONE',  #2316 ) ;
#2318 =( GEOMETRIC_REPRESENTATION_CONTEXT ( 3 ) GLOBAL_UNCERTAINTY_ASSIGNED_CONTEXT ( ( #2287 ) ) GLOBAL_UNIT_ASSIGNED_CONTEXT ( ( #2350, #2337, #2332 ) ) REPRESENTATION_CONTEXT ( 'NONE', 'WORKASPACE' ) );
#2319 = DIRECTION ( 'NONE',  ( 0.5611165363451807700, 0.0000000000000000000, -0.8277368136309918300 ) ) ;
#2320 = VECTOR ( 'NONE', #2319, 1000.000000000000100 ) ;
#2321 = CARTESIAN_POINT ( 'NONE',  ( -0.03784131250102271800, 4.990000000000000200, 1.959344507723394600 ) ) ;
#2322 = DIRECTION ( 'NONE',  ( -0.0000000000000000000, 1.000000000000000000, -0.0000000000000000000 ) ) ;
#2323 = VECTOR ( 'NONE', #2322, 1000.000000000000000 ) ;
#2324 = CARTESIAN_POINT ( 'NONE',  ( -0.04554377728975523400, 4.990000000000000200, 1.959344507723394600 ) ) ;
#2325 = UNCERTAINTY_MEASURE_WITH_UNIT (LENGTH_MEASURE( 1.000000000000000100E-005 ), #2280, 'distance_accuracy_value', 'NONE');
#2326 = MECHANICAL_DESIGN_GEOMETRIC_PRESENTATION_REPRESENTATION (  '', ( #2328 ), #2300 ) ;
#2327 = PRESENTATION_LAYER_ASSIGNMENT (  '', '', ( #2328 ) ) ;
#2328 = STYLED_ITEM ( 'NONE', ( #2329 ), #275 ) ;
#2329 = PRESENTATION_STYLE_ASSIGNMENT (( #2330 ) ) ;
#2330 = SURFACE_STYLE_USAGE ( .BOTH. , #2293 ) ;
#2331 = PRESENTATION_LAYER_ASSIGNMENT (  '', '', ( #2253 ) ) ;
#2332 =( NAMED_UNIT ( * ) SI_UNIT ( $, .STERADIAN. ) SOLID_ANGLE_UNIT ( ) );
#2333 = DIRECTION ( 'NONE',  ( 0.8242666277543648800, 0.0000000000000000000, -0.5662018424294003000 ) ) ;
#2334 = CARTESIAN_POINT ( 'NONE',  ( 0.6839896734144701500, 4.990000000000000200, 3.446470388005084700 ) ) ;
#2335 = AXIS2_PLACEMENT_3D ( 'NONE', #2334, #2333, #2344 ) ;
#2336 = PLANE ( 'NONE',  #2335 ) ;
#2337 =( NAMED_UNIT ( * ) PLANE_ANGLE_UNIT ( ) SI_UNIT ( $, .RADIAN. ) );
#2338 = AXIS2_PLACEMENT_3D ( 'NONE', #2361, #2360, #2359 ) ;
#2339 = PLANE ( 'NONE',  #2338 ) ;
#2340 = DIRECTION ( 'NONE',  ( 0.5715618010866456700, 0.0000000000000000000, -0.8205590213620160800 ) ) ;
#2341 = VECTOR ( 'NONE', #2340, 1000.000000000000200 ) ;
#2342 = CARTESIAN_POINT ( 'NONE',  ( -1.122238319543276400, 4.990000000000000200, 3.446470388005084700 ) ) ;
#2343 = LINE ( 'NONE', #2342, #2341 ) ;
#2344 = DIRECTION ( 'NONE',  ( -0.5662018424294001900, 0.0000000000000000000, -0.8242666277543647700 ) ) ;
#2345 = MECHANICAL_DESIGN_GEOMETRIC_PRESENTATION_REPRESENTATION (  '', ( #2347 ), #2301 ) ;
#2346 = PRESENTATION_LAYER_ASSIGNMENT (  '', '', ( #2347 ) ) ;
#2347 = STYLED_ITEM ( 'NONE', ( #2348 ), #267 ) ;
#2348 = PRESENTATION_STYLE_ASSIGNMENT (( #2377 ) ) ;
#2349 = MECHANICAL_DESIGN_GEOMETRIC_PRESENTATION_REPRESENTATION (  '', ( #2253 ), #2318 ) ;
#2350 =( LENGTH_UNIT ( ) NAMED_UNIT ( * ) SI_UNIT ( .MILLI., .METRE. ) );
#2351 = CARTESIAN_POINT ( 'NONE',  ( -0.04554377728975523400, 4.990000000000000200, 1.959344507723394600 ) ) ;
#2352 = CARTESIAN_POINT ( 'NONE',  ( 3.870279579551075200, 1.399999999999999900, -3.650431098567576100 ) ) ;
#2353 = CARTESIAN_POINT ( 'NONE',  ( -0.7794781346785389900, 5.000000000000000000, -3.293963135026376500 ) ) ;
#2354 = CARTESIAN_POINT ( 'NONE',  ( 0.9674408794059681200, 5.000000000000000000, -3.293963135026376500 ) ) ;
#2355 = CARTESIAN_POINT ( 'NONE',  ( -0.04554377728975544200, 5.000000000000000000, 1.959344507723394600 ) ) ;
#2356 = CARTESIAN_POINT ( 'NONE',  ( -0.03784131250102271800, 5.000000000000000000, 1.959344507723394600 ) ) ;
#2357 = DIRECTION ( 'NONE',  ( -1.000000000000000000, 0.0000000000000000000, 0.0000000000000000000 ) ) ;
#2358 = VECTOR ( 'NONE', #2357, 1000.000000000000000 ) ;
#2359 = DIRECTION ( 'NONE',  ( -0.5662018424294001900, 0.0000000000000000000, 0.8242666277543647700 ) ) ;
#2360 = DIRECTION ( 'NONE',  ( -0.8242666277543648800, 0.0000000000000000000, -0.5662018424294003000 ) ) ;
#2361 = CARTESIAN_POINT ( 'NONE',  ( -0.05104553785313550900, 4.990000000000000200, 2.386831303498042600 ) ) ;
#2362 = CARTESIAN_POINT ( 'NONE',  ( 0.9674408794059681200, 5.000000000000000000, -3.042422642068630400 ) ) ;
#2363 = LINE ( 'NONE', #2321, #2320 ) ;
#2364 =( NAMED_UNIT ( * ) PLANE_ANGLE_UNIT ( ) SI_UNIT ( $, .RADIAN. ) );
#2365 =( NAMED_UNIT ( * ) PLANE_ANGLE_UNIT ( ) SI_UNIT ( $, .RADIAN. ) );
#2366 =( LENGTH_UNIT ( ) NAMED_UNIT ( * ) SI_UNIT ( .MILLI., .METRE. ) );
#2367 = DIRECTION ( 'NONE',  ( 1.000000000000000000, 0.0000000000000000000, 0.0000000000000000000 ) ) ;
#2368 = VECTOR ( 'NONE', #2367, 1000.000000000000000 ) ;
#2369 = DIRECTION ( 'NONE',  ( 1.000000000000000000, 0.0000000000000000000, 0.0000000000000000000 ) ) ;
#2370 = VECTOR ( 'NONE', #2369, 1000.000000000000000 ) ;
#2371 = CARTESIAN_POINT ( 'NONE',  ( -0.04554377728975523400, 5.000000000000000000, 1.959344507723394600 ) ) ;
#2372 = LINE ( 'NONE', #2371, #2370 ) ;
#2373 = LINE ( 'NONE', #2324, #2323 ) ;
#2374 = LINE ( 'NONE', #2351, #2368 ) ;
#2375 = DIRECTION ( 'NONE',  ( 1.000000000000000000, 0.0000000000000000000, 0.0000000000000000000 ) ) ;
#2376 = DIRECTION ( 'NONE',  ( -0.0000000000000000000, 0.0000000000000000000, 1.000000000000000000 ) ) ;
#2377 = SURFACE_STYLE_USAGE ( .BOTH. , #2378 ) ;
#2378 = SURFACE_SIDE_STYLE ('',( #2379 ) ) ;
#2379 = SURFACE_STYLE_FILL_AREA ( #2380 ) ;
#2380 = FILL_AREA_STYLE ('',( #2290 ) ) ;
#2381 = COLOUR_RGB ( '',1.000000000000000000, 1.000000000000000000, 1.000000000000000000 ) ;
#2382 = CARTESIAN_POINT ( 'NONE',  ( -0.05104553785313550900, 4.990000000000000200, 2.386831303498042600 ) ) ;
#2383 =( NAMED_UNIT ( * ) SI_UNIT ( $, .STERADIAN. ) SOLID_ANGLE_UNIT ( ) );
#2384 = STYLED_ITEM ( 'NONE', ( #2412 ), #297 ) ;
#2385 = DIRECTION ( 'NONE',  ( -0.7071067811865487900, 0.0000000000000000000, 0.7071067811865463500 ) ) ;
#2386 = DIRECTION ( 'NONE',  ( -0.7071067811865463500, 0.0000000000000000000, -0.7071067811865487900 ) ) ;
#2387 = CARTESIAN_POINT ( 'NONE',  ( -0.9762210924250177600, 4.990000000000000200, -3.293963135026376500 ) ) ;
#2388 = DIRECTION ( 'NONE',  ( -0.7071067811865487900, -0.0000000000000000000, 0.7071067811865463500 ) ) ;
#2389 = VECTOR ( 'NONE', #2388, 999.9999999999998900 ) ;
#2390 = CARTESIAN_POINT ( 'NONE',  ( 3.870279579551075200, 1.399999999999999900, -3.650431098567576100 ) ) ;
#2391 = LINE ( 'NONE', #2390, #2389 ) ;
#2392 = UNCERTAINTY_MEASURE_WITH_UNIT (LENGTH_MEASURE( 1.000000000000000100E-005 ), #2507, 'distance_accuracy_value', 'NONE');
#2393 = DIRECTION ( 'NONE',  ( 1.000000000000000000, 0.0000000000000000000, 0.0000000000000000000 ) ) ;
#2394 = VECTOR ( 'NONE', #2393, 1000.000000000000000 ) ;
#2395 = CARTESIAN_POINT ( 'NONE',  ( -1.068871242078487600, 4.990000000000000200, 0.9464703880050846500 ) ) ;
#2396 = LINE ( 'NONE', #2395, #2394 ) ;
#2397 = MECHANICAL_DESIGN_GEOMETRIC_PRESENTATION_REPRESENTATION (  '', ( #2399 ), #2426 ) ;
#2398 = PRESENTATION_LAYER_ASSIGNMENT (  '', '', ( #2399 ) ) ;
#2399 = STYLED_ITEM ( 'NONE', ( #2400 ), #337 ) ;
#2400 = PRESENTATION_STYLE_ASSIGNMENT (( #2401 ) ) ;
#2401 = SURFACE_STYLE_USAGE ( .BOTH. , #2402 ) ;
#2402 = SURFACE_SIDE_STYLE ('',( #2403 ) ) ;
#2403 = SURFACE_STYLE_FILL_AREA ( #2404 ) ;
#2404 = FILL_AREA_STYLE ('',( #2405 ) ) ;
#2405 = FILL_AREA_STYLE_COLOUR ( '', #2406 ) ;
#2406 = COLOUR_RGB ( '',1.000000000000000000, 1.000000000000000000, 1.000000000000000000 ) ;
#2407 = FACE_OUTER_BOUND ( 'NONE', #290, .T. ) ;
#2408 = CARTESIAN_POINT ( 'NONE',  ( -2.723140106509525100, 4.990000000000000200, -2.955934966012292000 ) ) ;
#2409 =( NAMED_UNIT ( * ) PLANE_ANGLE_UNIT ( ) SI_UNIT ( $, .RADIAN. ) );
#2410 =( NAMED_UNIT ( * ) PLANE_ANGLE_UNIT ( ) SI_UNIT ( $, .RADIAN. ) );
#2411 =( LENGTH_UNIT ( ) NAMED_UNIT ( * ) SI_UNIT ( .MILLI., .METRE. ) );
#2412 = PRESENTATION_STYLE_ASSIGNMENT (( #2496 ) ) ;
#2413 = UNCERTAINTY_MEASURE_WITH_UNIT (LENGTH_MEASURE( 1.000000000000000100E-005 ), #2512, 'distance_accuracy_value', 'NONE');
#2414 = MECHANICAL_DESIGN_GEOMETRIC_PRESENTATION_REPRESENTATION (  '', ( #2416 ), #2461 ) ;
#2415 = PRESENTATION_LAYER_ASSIGNMENT (  '', '', ( #2416 ) ) ;
#2416 = STYLED_ITEM ( 'NONE', ( #2417 ), #320 ) ;
#2417 = PRESENTATION_STYLE_ASSIGNMENT (( #2418 ) ) ;
#2418 = SURFACE_STYLE_USAGE ( .BOTH. , #2419 ) ;
#2419 = SURFACE_SIDE_STYLE ('',( #2420 ) ) ;
#2420 = SURFACE_STYLE_FILL_AREA ( #2434 ) ;
#2421 = MECHANICAL_DESIGN_GEOMETRIC_PRESENTATION_REPRESENTATION (  '', ( #2384 ), #2451 ) ;
#2422 = PLANE ( 'NONE',  #2511 ) ;
#2423 = LINE ( 'NONE', #2439, #2438 ) ;
#2424 = FILL_AREA_STYLE_COLOUR ( '', #2435 ) ;
#2425 = CARTESIAN_POINT ( 'NONE',  ( -0.7360147279939804900, 4.990000000000000200, 0.9464703880050846500 ) ) ;
#2426 =( GEOMETRIC_REPRESENTATION_CONTEXT ( 3 ) GLOBAL_UNCERTAINTY_ASSIGNED_CONTEXT ( ( #2427 ) ) GLOBAL_UNIT_ASSIGNED_CONTEXT ( ( #2411, #2410, #2428 ) ) REPRESENTATION_CONTEXT ( 'NONE', 'WORKASPACE' ) );
#2427 = UNCERTAINTY_MEASURE_WITH_UNIT (LENGTH_MEASURE( 1.000000000000000100E-005 ), #2411, 'distance_accuracy_value', 'NONE');
#2428 =( NAMED_UNIT ( * ) SI_UNIT ( $, .STERADIAN. ) SOLID_ANGLE_UNIT ( ) );
#2429 = FACE_OUTER_BOUND ( 'NONE', #338, .T. ) ;
#2430 = DIRECTION ( 'NONE',  ( -0.0000000000000000000, 1.000000000000000000, -0.0000000000000000000 ) ) ;
#2431 = VECTOR ( 'NONE', #2430, 1000.000000000000000 ) ;
#2432 = CARTESIAN_POINT ( 'NONE',  ( 2.371213203435596400, 2.399999999999999500, -5.149497474683059300 ) ) ;
#2433 = LINE ( 'NONE', #2432, #2442 ) ;
#2434 = FILL_AREA_STYLE ('',( #2424 ) ) ;
#2435 = COLOUR_RGB ( '',0.8274509803921568100, 0.8392156862745098200, 0.8274509803921568100 ) ;
#2436 = FACE_OUTER_BOUND ( 'NONE', #318, .T. ) ;
#2437 = DIRECTION ( 'NONE',  ( -0.7071067811865487900, -0.0000000000000000000, 0.7071067811865463500 ) ) ;
#2438 = VECTOR ( 'NONE', #2437, 999.9999999999998900 ) ;
#2439 = CARTESIAN_POINT ( 'NONE',  ( 3.870279579551075200, 2.399999999999999500, -3.650431098567576100 ) ) ;
#2440 =( NAMED_UNIT ( * ) PLANE_ANGLE_UNIT ( ) SI_UNIT ( $, .RADIAN. ) );
#2441 = DIRECTION ( 'NONE',  ( -0.0000000000000000000, 1.000000000000000000, -0.0000000000000000000 ) ) ;
#2442 = VECTOR ( 'NONE', #2441, 1000.000000000000000 ) ;
#2443 = VECTOR ( 'NONE', #2466, 1000.000000000000000 ) ;
#2444 = CARTESIAN_POINT ( 'NONE',  ( -0.7789284603883467300, 4.990000000000000200, 3.446470388005084700 ) ) ;
#2445 = LINE ( 'NONE', #2444, #2443 ) ;
#2446 = DIRECTION ( 'NONE',  ( 0.7071067811865463500, 0.0000000000000000000, 0.7071067811865487900 ) ) ;
#2447 = DIRECTION ( 'NONE',  ( -0.7071067811865487900, 0.0000000000000000000, 0.7071067811865463500 ) ) ;
#2448 = CARTESIAN_POINT ( 'NONE',  ( 3.870279579551075200, 2.399999999999999500, -3.650431098567576100 ) ) ;
#2449 = AXIS2_PLACEMENT_3D ( 'NONE', #2448, #2447, #2446 ) ;
#2450 = CARTESIAN_POINT ( 'NONE',  ( -1.374988698058820600, 4.990000000000000200, -2.955934966012292000 ) ) ;
#2451 =( GEOMETRIC_REPRESENTATION_CONTEXT ( 3 ) GLOBAL_UNCERTAINTY_ASSIGNED_CONTEXT ( ( #2392 ) ) GLOBAL_UNIT_ASSIGNED_CONTEXT ( ( #2507, #2409, #2383 ) ) REPRESENTATION_CONTEXT ( 'NONE', 'WORKASPACE' ) );
#2452 = DIRECTION ( 'NONE',  ( -1.000000000000000000, 0.0000000000000000000, 0.0000000000000000000 ) ) ;
#2453 = VECTOR ( 'NONE', #2452, 1000.000000000000000 ) ;
#2454 = CARTESIAN_POINT ( 'NONE',  ( -1.374988698058820600, 4.990000000000000200, -2.955934966012292000 ) ) ;
#2455 = LINE ( 'NONE', #2454, #2453 ) ;
#2456 = DIRECTION ( 'NONE',  ( -0.7071067811865463500, 1.032573497605241500E-016, -0.7071067811865487900 ) ) ;
#2457 = CARTESIAN_POINT ( 'NONE',  ( 3.870279579551075200, 1.399999999999999900, -3.650431098567576100 ) ) ;
#2458 =( NAMED_UNIT ( * ) SI_UNIT ( $, .STERADIAN. ) SOLID_ANGLE_UNIT ( ) );
#2459 =( NAMED_UNIT ( * ) PLANE_ANGLE_UNIT ( ) SI_UNIT ( $, .RADIAN. ) );
#2460 = PLANE ( 'NONE',  #2449 ) ;
#2461 =( GEOMETRIC_REPRESENTATION_CONTEXT ( 3 ) GLOBAL_UNCERTAINTY_ASSIGNED_CONTEXT ( ( #2465 ) ) GLOBAL_UNIT_ASSIGNED_CONTEXT ( ( #2501, #2459, #2458 ) ) REPRESENTATION_CONTEXT ( 'NONE', 'WORKASPACE' ) );
#2462 = DIRECTION ( 'NONE',  ( 0.5715618010866456700, 0.0000000000000000000, -0.8205590213620161900 ) ) ;
#2463 = DIRECTION ( 'NONE',  ( 0.8205590213620161900, 0.0000000000000000000, 0.5715618010866456700 ) ) ;
#2464 = AXIS2_PLACEMENT_3D ( 'NONE', #2508, #2463, #2462 ) ;
#2465 = UNCERTAINTY_MEASURE_WITH_UNIT (LENGTH_MEASURE( 1.000000000000000100E-005 ), #2501, 'distance_accuracy_value', 'NONE');
#2466 = DIRECTION ( 'NONE',  ( -0.0000000000000000000, 1.000000000000000000, -0.0000000000000000000 ) ) ;
#2467 = PRESENTATION_LAYER_ASSIGNMENT (  '', '', ( #2384 ) ) ;
#2468 = FILL_AREA_STYLE ('',( #2303 ) ) ;
#2469 =( NAMED_UNIT ( * ) PLANE_ANGLE_UNIT ( ) SI_UNIT ( $, .RADIAN. ) );
#2470 =( LENGTH_UNIT ( ) NAMED_UNIT ( * ) SI_UNIT ( .MILLI., .METRE. ) );
#2471 = MECHANICAL_DESIGN_GEOMETRIC_PRESENTATION_REPRESENTATION (  '', ( #2473 ), #2577 ) ;
#2472 = PRESENTATION_LAYER_ASSIGNMENT (  '', '', ( #2473 ) ) ;
#2473 = STYLED_ITEM ( 'NONE', ( #2474 ), #340 ) ;
#2474 = PRESENTATION_STYLE_ASSIGNMENT (( #2475 ) ) ;
#2475 = SURFACE_STYLE_USAGE ( .BOTH. , #2476 ) ;
#2476 = SURFACE_SIDE_STYLE ('',( #2477 ) ) ;
#2477 = SURFACE_STYLE_FILL_AREA ( #2478 ) ;
#2478 = FILL_AREA_STYLE ('',( #2484 ) ) ;
#2479 = FACE_OUTER_BOUND ( 'NONE', #299, .T. ) ;
#2480 = DIRECTION ( 'NONE',  ( 0.0000000000000000000, 0.0000000000000000000, 1.000000000000000000 ) ) ;
#2481 = DIRECTION ( 'NONE',  ( -1.000000000000000000, 0.0000000000000000000, 0.0000000000000000000 ) ) ;
#2482 = CARTESIAN_POINT ( 'NONE',  ( -0.9762210924250177600, 4.990000000000000200, -3.293963135026376500 ) ) ;
#2483 = AXIS2_PLACEMENT_3D ( 'NONE', #2482, #2481, #2480 ) ;
#2484 = FILL_AREA_STYLE_COLOUR ( '', #2485 ) ;
#2485 = COLOUR_RGB ( '',0.8274509803921568100, 0.8392156862745098200, 0.8274509803921568100 ) ;
#2486 = PLANE ( 'NONE',  #2483 ) ;
#2487 =( GEOMETRIC_REPRESENTATION_CONTEXT ( 3 ) GLOBAL_UNCERTAINTY_ASSIGNED_CONTEXT ( ( #2413 ) ) GLOBAL_UNIT_ASSIGNED_CONTEXT ( ( #2512, #2440, #2514 ) ) REPRESENTATION_CONTEXT ( 'NONE', 'WORKASPACE' ) );
#2488 = VECTOR ( 'NONE', #2456, 999.9999999999998900 ) ;
#2489 = CARTESIAN_POINT ( 'NONE',  ( 2.385355339059326100, 1.400000000000000100, -5.135355339059329600 ) ) ;
#2490 = LINE ( 'NONE', #2489, #2488 ) ;
#2491 = CARTESIAN_POINT ( 'NONE',  ( 3.870279579551075200, 2.399999999999999500, -3.650431098567576100 ) ) ;
#2492 = SURFACE_SIDE_STYLE ('',( #2497 ) ) ;
#2493 = CARTESIAN_POINT ( 'NONE',  ( -2.723140106509525100, 4.990000000000000200, -2.955934966012292000 ) ) ;
#2494 = LINE ( 'NONE', #2493, #2431 ) ;
#2495 = FILL_AREA_STYLE_COLOUR ( '', #2506 ) ;
#2496 = SURFACE_STYLE_USAGE ( .BOTH. , #2492 ) ;
#2497 = SURFACE_STYLE_FILL_AREA ( #2468 ) ;
#2498 = PRESENTATION_LAYER_ASSIGNMENT (  '', '', ( #2499 ) ) ;
#2499 = STYLED_ITEM ( 'NONE', ( #2500 ), #308 ) ;
#2500 = PRESENTATION_STYLE_ASSIGNMENT (( #2502 ) ) ;
#2501 =( LENGTH_UNIT ( ) NAMED_UNIT ( * ) SI_UNIT ( .MILLI., .METRE. ) );
#2502 = SURFACE_STYLE_USAGE ( .BOTH. , #2503 ) ;
#2503 = SURFACE_SIDE_STYLE ('',( #2504 ) ) ;
#2504 = SURFACE_STYLE_FILL_AREA ( #2505 ) ;
#2505 = FILL_AREA_STYLE ('',( #2495 ) ) ;
#2506 = COLOUR_RGB ( '',1.000000000000000000, 1.000000000000000000, 1.000000000000000000 ) ;
#2507 =( LENGTH_UNIT ( ) NAMED_UNIT ( * ) SI_UNIT ( .MILLI., .METRE. ) );
#2508 = CARTESIAN_POINT ( 'NONE',  ( -1.122238319543276400, 4.990000000000000200, 3.446470388005084700 ) ) ;
#2509 = PLANE ( 'NONE',  #2464 ) ;
#2510 = CARTESIAN_POINT ( 'NONE',  ( 2.371213203435596400, 2.400000000000000400, -5.149497474683059300 ) ) ;
#2511 = AXIS2_PLACEMENT_3D ( 'NONE', #2457, #2386, #2385 ) ;
#2512 =( LENGTH_UNIT ( ) NAMED_UNIT ( * ) SI_UNIT ( .MILLI., .METRE. ) );
#2513 = MECHANICAL_DESIGN_GEOMETRIC_PRESENTATION_REPRESENTATION (  '', ( #2499 ), #2487 ) ;
#2514 =( NAMED_UNIT ( * ) SI_UNIT ( $, .STERADIAN. ) SOLID_ANGLE_UNIT ( ) );
#2515 = COLOUR_RGB ( '',1.000000000000000000, 1.000000000000000000, 1.000000000000000000 ) ;
#2516 = FACE_OUTER_BOUND ( 'NONE', #356, .T. ) ;
#2517 = DIRECTION ( 'NONE',  ( 0.0000000000000000000, 0.0000000000000000000, 1.000000000000000000 ) ) ;
#2518 = VECTOR ( 'NONE', #2517, 1000.000000000000000 ) ;
#2519 = CARTESIAN_POINT ( 'NONE',  ( 2.349999999999997000, 2.400000000000000400, -5.149497474683059300 ) ) ;
#2520 =( NAMED_UNIT ( * ) PLANE_ANGLE_UNIT ( ) SI_UNIT ( $, .RADIAN. ) );
#2521 =( NAMED_UNIT ( * ) SI_UNIT ( $, .STERADIAN. ) SOLID_ANGLE_UNIT ( ) );
#2522 =( NAMED_UNIT ( * ) PLANE_ANGLE_UNIT ( ) SI_UNIT ( $, .RADIAN. ) );
#2523 =( LENGTH_UNIT ( ) NAMED_UNIT ( * ) SI_UNIT ( .MILLI., .METRE. ) );
#2524 = MECHANICAL_DESIGN_GEOMETRIC_PRESENTATION_REPRESENTATION (  '', ( #2526 ), #2533 ) ;
#2525 = PRESENTATION_LAYER_ASSIGNMENT (  '', '', ( #2526 ) ) ;
#2526 = STYLED_ITEM ( 'NONE', ( #2566 ), #371 ) ;
#2527 = CARTESIAN_POINT ( 'NONE',  ( 0.9674408794059681200, 5.000000000000000000, -3.293963135026376500 ) ) ;
#2528 = LINE ( 'NONE', #2527, #2518 ) ;
#2529 =( LENGTH_UNIT ( ) NAMED_UNIT ( * ) SI_UNIT ( .MILLI., .METRE. ) );
#2530 = MECHANICAL_DESIGN_GEOMETRIC_PRESENTATION_REPRESENTATION (  '', ( #2597 ), #2551 ) ;
#2531 = PRESENTATION_LAYER_ASSIGNMENT (  '', '', ( #2597 ) ) ;
#2532 = DIRECTION ( 'NONE',  ( -1.000000000000000000, 0.0000000000000000000, -1.752335333352409800E-014 ) ) ;
#2533 =( GEOMETRIC_REPRESENTATION_CONTEXT ( 3 ) GLOBAL_UNCERTAINTY_ASSIGNED_CONTEXT ( ( #2534 ) ) GLOBAL_UNIT_ASSIGNED_CONTEXT ( ( #2523, #2522, #2535 ) ) REPRESENTATION_CONTEXT ( 'NONE', 'WORKASPACE' ) );
#2534 = UNCERTAINTY_MEASURE_WITH_UNIT (LENGTH_MEASURE( 1.000000000000000100E-005 ), #2523, 'distance_accuracy_value', 'NONE');
#2535 =( NAMED_UNIT ( * ) SI_UNIT ( $, .STERADIAN. ) SOLID_ANGLE_UNIT ( ) );
#2536 = DIRECTION ( 'NONE',  ( -0.0000000000000000000, 1.000000000000000000, 0.0000000000000000000 ) ) ;
#2537 = CARTESIAN_POINT ( 'NONE',  ( -0.03784131250102271800, 4.990000000000000200, 1.959344507723394600 ) ) ;
#2538 = AXIS2_PLACEMENT_3D ( 'NONE', #2537, #2536, #2587 ) ;
#2539 = PLANE ( 'NONE',  #2538 ) ;
#2540 = UNCERTAINTY_MEASURE_WITH_UNIT (LENGTH_MEASURE( 1.000000000000000100E-005 ), #2564, 'distance_accuracy_value', 'NONE');
#2541 =( NAMED_UNIT ( * ) SI_UNIT ( $, .STERADIAN. ) SOLID_ANGLE_UNIT ( ) );
#2542 = PLANE ( 'NONE',  #2556 ) ;
#2543 = CARTESIAN_POINT ( 'NONE',  ( -0.7794781346785389900, 5.000000000000000000, -2.955934966012292000 ) ) ;
#2544 = DIRECTION ( 'NONE',  ( 1.752335333352409800E-014, 0.0000000000000000000, -1.000000000000000000 ) ) ;
#2545 = CARTESIAN_POINT ( 'NONE',  ( 0.5686732737721653700, 5.000000000000000000, -2.955934966012292000 ) ) ;
#2546 = LINE ( 'NONE', #2545, #2590 ) ;
#2547 = CARTESIAN_POINT ( 'NONE',  ( -0.7794781346785389900, 5.000000000000000000, -2.955934966012292000 ) ) ;
#2548 = LINE ( 'NONE', #2547, #2553 ) ;
#2549 = PLANE ( 'NONE',  #2550 ) ;
#2550 = AXIS2_PLACEMENT_3D ( 'NONE', #2574, #2573, #2572 ) ;
#2551 =( GEOMETRIC_REPRESENTATION_CONTEXT ( 3 ) GLOBAL_UNCERTAINTY_ASSIGNED_CONTEXT ( ( #2582 ) ) GLOBAL_UNIT_ASSIGNED_CONTEXT ( ( #2529, #2596, #2595 ) ) REPRESENTATION_CONTEXT ( 'NONE', 'WORKASPACE' ) );
#2552 = DIRECTION ( 'NONE',  ( 0.0000000000000000000, 0.0000000000000000000, -1.000000000000000000 ) ) ;
#2553 = VECTOR ( 'NONE', #2552, 1000.000000000000000 ) ;
#2554 = CARTESIAN_POINT ( 'NONE',  ( -0.7794781346785389900, 5.000000000000000000, -3.293963135026376500 ) ) ;
#2555 = LINE ( 'NONE', #2554, #2563 ) ;
#2556 = AXIS2_PLACEMENT_3D ( 'NONE', #2519, #2544, #2532 ) ;
#2557 = VECTOR ( 'NONE', #2605, 1000.000000000000000 ) ;
#2558 = CARTESIAN_POINT ( 'NONE',  ( -0.7360147279939804900, 4.990000000000000200, 0.9464703880050846500 ) ) ;
#2559 = FILL_AREA_STYLE_COLOUR ( '', #2603 ) ;
#2560 = LINE ( 'NONE', #2558, #2557 ) ;
#2561 = DIRECTION ( 'NONE',  ( -0.0000000000000000000, 1.000000000000000000, -0.0000000000000000000 ) ) ;
#2562 = DIRECTION ( 'NONE',  ( 1.000000000000000000, 0.0000000000000000000, 0.0000000000000000000 ) ) ;
#2563 = VECTOR ( 'NONE', #2562, 1000.000000000000000 ) ;
#2564 =( LENGTH_UNIT ( ) NAMED_UNIT ( * ) SI_UNIT ( .MILLI., .METRE. ) );
#2565 = MECHANICAL_DESIGN_GEOMETRIC_PRESENTATION_REPRESENTATION (  '', ( #2592 ), #2588 ) ;
#2566 = PRESENTATION_STYLE_ASSIGNMENT (( #2567 ) ) ;
#2567 = SURFACE_STYLE_USAGE ( .BOTH. , #2568 ) ;
#2568 = SURFACE_SIDE_STYLE ('',( #2569 ) ) ;
#2569 = SURFACE_STYLE_FILL_AREA ( #2570 ) ;
#2570 = FILL_AREA_STYLE ('',( #2576 ) ) ;
#2571 = COLOUR_RGB ( '',1.000000000000000000, 1.000000000000000000, 1.000000000000000000 ) ;
#2572 = DIRECTION ( 'NONE',  ( 0.0000000000000000000, 0.0000000000000000000, -1.000000000000000000 ) ) ;
#2573 = DIRECTION ( 'NONE',  ( 1.000000000000000000, 0.0000000000000000000, 0.0000000000000000000 ) ) ;
#2574 = CARTESIAN_POINT ( 'NONE',  ( -2.723140106509525100, 4.990000000000000200, -2.955934966012292000 ) ) ;
#2575 = FACE_OUTER_BOUND ( 'NONE', #438, .T. ) ;
#2576 = FILL_AREA_STYLE_COLOUR ( '', #2571 ) ;
#2577 =( GEOMETRIC_REPRESENTATION_CONTEXT ( 3 ) GLOBAL_UNCERTAINTY_ASSIGNED_CONTEXT ( ( #2583 ) ) GLOBAL_UNIT_ASSIGNED_CONTEXT ( ( #2470, #2469, #2521 ) ) REPRESENTATION_CONTEXT ( 'NONE', 'WORKASPACE' ) );
#2578 = SURFACE_SIDE_STYLE ('',( #2579 ) ) ;
#2579 = SURFACE_STYLE_FILL_AREA ( #2580 ) ;
#2580 = FILL_AREA_STYLE ('',( #2581 ) ) ;
#2581 = FILL_AREA_STYLE_COLOUR ( '', #2515 ) ;
#2582 = UNCERTAINTY_MEASURE_WITH_UNIT (LENGTH_MEASURE( 1.000000000000000100E-005 ), #2529, 'distance_accuracy_value', 'NONE');
#2583 = UNCERTAINTY_MEASURE_WITH_UNIT (LENGTH_MEASURE( 1.000000000000000100E-005 ), #2470, 'distance_accuracy_value', 'NONE');
#2584 = VECTOR ( 'NONE', #2561, 1000.000000000000000 ) ;
#2585 = CARTESIAN_POINT ( 'NONE',  ( -0.05104553785313550900, 4.990000000000000200, 2.386831303498042600 ) ) ;
#2586 = LINE ( 'NONE', #2585, #2584 ) ;
#2587 = DIRECTION ( 'NONE',  ( 0.0000000000000000000, -0.0000000000000000000, 1.000000000000000000 ) ) ;
#2588 =( GEOMETRIC_REPRESENTATION_CONTEXT ( 3 ) GLOBAL_UNCERTAINTY_ASSIGNED_CONTEXT ( ( #2540 ) ) GLOBAL_UNIT_ASSIGNED_CONTEXT ( ( #2564, #2520, #2541 ) ) REPRESENTATION_CONTEXT ( 'NONE', 'WORKASPACE' ) );
#2589 = DIRECTION ( 'NONE',  ( -1.000000000000000000, 0.0000000000000000000, 0.0000000000000000000 ) ) ;
#2590 = VECTOR ( 'NONE', #2589, 1000.000000000000000 ) ;
#2591 = PRESENTATION_LAYER_ASSIGNMENT (  '', '', ( #2592 ) ) ;
#2592 = STYLED_ITEM ( 'NONE', ( #2593 ), #357 ) ;
#2593 = PRESENTATION_STYLE_ASSIGNMENT (( #2594 ) ) ;
#2594 = SURFACE_STYLE_USAGE ( .BOTH. , #2578 ) ;
#2595 =( NAMED_UNIT ( * ) SI_UNIT ( $, .STERADIAN. ) SOLID_ANGLE_UNIT ( ) );
#2596 =( NAMED_UNIT ( * ) PLANE_ANGLE_UNIT ( ) SI_UNIT ( $, .RADIAN. ) );
#2597 = STYLED_ITEM ( 'NONE', ( #2598 ), #367 ) ;
#2598 = PRESENTATION_STYLE_ASSIGNMENT (( #2599 ) ) ;
#2599 = SURFACE_STYLE_USAGE ( .BOTH. , #2600 ) ;
#2600 = SURFACE_SIDE_STYLE ('',( #2601 ) ) ;
#2601 = SURFACE_STYLE_FILL_AREA ( #2602 ) ;
#2602 = FILL_AREA_STYLE ('',( #2559 ) ) ;
#2603 = COLOUR_RGB ( '',1.000000000000000000, 1.000000000000000000, 1.000000000000000000 ) ;
#2604 = FACE_OUTER_BOUND ( 'NONE', #368, .T. ) ;
#2605 = DIRECTION ( 'NONE',  ( -0.0000000000000000000, 1.000000000000000000, -0.0000000000000000000 ) ) ;
#2606 = DIRECTION ( 'NONE',  ( -1.000000000000000000, 0.0000000000000000000, 0.0000000000000000000 ) ) ;
#2607 = DIRECTION ( 'NONE',  ( -0.0000000000000000000, 0.0000000000000000000, -1.000000000000000000 ) ) ;
#2608 = CARTESIAN_POINT ( 'NONE',  ( -1.374988698058820600, 4.990000000000000200, -2.955934966012292000 ) ) ;
#2609 = AXIS2_PLACEMENT_3D ( 'NONE', #2608, #2607, #2606 ) ;
#2610 = PLANE ( 'NONE',  #2609 ) ;
#2611 =( GEOMETRIC_REPRESENTATION_CONTEXT ( 3 ) GLOBAL_UNCERTAINTY_ASSIGNED_CONTEXT ( ( #2612 ) ) GLOBAL_UNIT_ASSIGNED_CONTEXT ( ( #2616, #2614, #2613 ) ) REPRESENTATION_CONTEXT ( 'NONE', 'WORKASPACE' ) );
#2612 = UNCERTAINTY_MEASURE_WITH_UNIT (LENGTH_MEASURE( 1.000000000000000100E-005 ), #2616, 'distance_accuracy_value', 'NONE');
#2613 =( NAMED_UNIT ( * ) SI_UNIT ( $, .STERADIAN. ) SOLID_ANGLE_UNIT ( ) );
#2614 =( NAMED_UNIT ( * ) PLANE_ANGLE_UNIT ( ) SI_UNIT ( $, .RADIAN. ) );
#2615 = CARTESIAN_POINT ( 'NONE',  ( -0.05104553785313550900, 4.990000000000000200, 2.386831303498042600 ) ) ;
#2616 =( LENGTH_UNIT ( ) NAMED_UNIT ( * ) SI_UNIT ( .MILLI., .METRE. ) );
#2617 = MECHANICAL_DESIGN_GEOMETRIC_PRESENTATION_REPRESENTATION (  '', ( #2619 ), #2611 ) ;
#2618 = PRESENTATION_LAYER_ASSIGNMENT (  '', '', ( #2619 ) ) ;
#2619 = STYLED_ITEM ( 'NONE', ( #2620 ), #390 ) ;
#2620 = PRESENTATION_STYLE_ASSIGNMENT (( #2621 ) ) ;
#2621 = SURFACE_STYLE_USAGE ( .BOTH. , #2622 ) ;
#2622 = SURFACE_SIDE_STYLE ('',( #2623 ) ) ;
#2623 = SURFACE_STYLE_FILL_AREA ( #2624 ) ;
#2624 = FILL_AREA_STYLE ('',( #2625 ) ) ;
#2625 = FILL_AREA_STYLE_COLOUR ( '', #2630 ) ;
#2626 = DIRECTION ( 'NONE',  ( 1.000000000000000000, 0.0000000000000000000, 0.0000000000000000000 ) ) ;
#2627 = DIRECTION ( 'NONE',  ( -0.0000000000000000000, 0.0000000000000000000, 1.000000000000000000 ) ) ;
#2628 = CARTESIAN_POINT ( 'NONE',  ( -2.723140106509525100, 4.990000000000000200, -3.293963135026376500 ) ) ;
#2629 = AXIS2_PLACEMENT_3D ( 'NONE', #2628, #2627, #2626 ) ;
#2630 = COLOUR_RGB ( '',1.000000000000000000, 1.000000000000000000, 1.000000000000000000 ) ;
#2631 = FACE_OUTER_BOUND ( 'NONE', #391, .T. ) ;
#2632 = CARTESIAN_POINT ( 'NONE',  ( 0.1420662579215124200, 5.000000000000000000, 2.177764402089591700 ) ) ;
#2633 = CARTESIAN_POINT ( 'NONE',  ( 0.9849359762313715200, 5.000000000000000000, 0.9464703880050846500 ) ) ;
#2634 = DIRECTION ( 'NONE',  ( 1.000000000000000000, 0.0000000000000000000, 0.0000000000000000000 ) ) ;
#2635 = VECTOR ( 'NONE', #2634, 1000.000000000000000 ) ;
#2636 = CARTESIAN_POINT ( 'NONE',  ( 0.6487784058088363900, 5.000000000000000000, 0.9464703880050846500 ) ) ;
#2637 = LINE ( 'NONE', #2636, #2635 ) ;
#2638 = CARTESIAN_POINT ( 'NONE',  ( -0.2331538125010227900, 5.000000000000000000, 2.170061937300859200 ) ) ;
#2639 = DIRECTION ( 'NONE',  ( -0.0000000000000000000, 1.000000000000000000, -0.0000000000000000000 ) ) ;
#2640 = VECTOR ( 'NONE', #2639, 1000.000000000000000 ) ;
#2641 = CARTESIAN_POINT ( 'NONE',  ( -1.122238319543276400, 4.990000000000000200, 3.446470388005084700 ) ) ;
#2642 = LINE ( 'NONE', #2679, #2674 ) ;
#2643 =( LENGTH_UNIT ( ) NAMED_UNIT ( * ) SI_UNIT ( .MILLI., .METRE. ) );
#2644 = MECHANICAL_DESIGN_GEOMETRIC_PRESENTATION_REPRESENTATION (  '', ( #2646 ), #2673 ) ;
#2645 = PRESENTATION_LAYER_ASSIGNMENT (  '', '', ( #2646 ) ) ;
#2646 = STYLED_ITEM ( 'NONE', ( #2647 ), #388 ) ;
#2647 = PRESENTATION_STYLE_ASSIGNMENT (( #2648 ) ) ;
#2648 = SURFACE_STYLE_USAGE ( .BOTH. , #2650 ) ;
#2649 =( NAMED_UNIT ( * ) PLANE_ANGLE_UNIT ( ) SI_UNIT ( $, .RADIAN. ) );
#2650 = SURFACE_SIDE_STYLE ('',( #2651 ) ) ;
#2651 = SURFACE_STYLE_FILL_AREA ( #2652 ) ;
#2652 = FILL_AREA_STYLE ('',( #2653 ) ) ;
#2653 = FILL_AREA_STYLE_COLOUR ( '', #2654 ) ;
#2654 = COLOUR_RGB ( '',1.000000000000000000, 1.000000000000000000, 1.000000000000000000 ) ;
#2655 = DIRECTION ( 'NONE',  ( -0.0000000000000000000, 1.000000000000000000, -0.0000000000000000000 ) ) ;
#2656 = VECTOR ( 'NONE', #2655, 1000.000000000000000 ) ;
#2657 = CARTESIAN_POINT ( 'NONE',  ( -2.723140106509525100, 4.990000000000000200, -3.293963135026376500 ) ) ;
#2658 = LINE ( 'NONE', #2657, #2656 ) ;
#2659 = FACE_OUTER_BOUND ( 'NONE', #389, .T. ) ;
#2660 = DIRECTION ( 'NONE',  ( -0.0000000000000000000, 1.000000000000000000, -0.0000000000000000000 ) ) ;
#2661 = VECTOR ( 'NONE', #2660, 1000.000000000000000 ) ;
#2662 = CARTESIAN_POINT ( 'NONE',  ( -0.9762210924250177600, 4.990000000000000200, -3.293963135026376500 ) ) ;
#2663 = LINE ( 'NONE', #2662, #2661 ) ;
#2664 = CARTESIAN_POINT ( 'NONE',  ( 2.371213203435596400, 1.400000000000000100, -5.149497474683059300 ) ) ;
#2665 = DIRECTION ( 'NONE',  ( -1.000000000000000000, 0.0000000000000000000, 0.0000000000000000000 ) ) ;
#2666 = DIRECTION ( 'NONE',  ( 1.000000000000000000, 0.0000000000000000000, 0.0000000000000000000 ) ) ;
#2667 = VECTOR ( 'NONE', #2666, 1000.000000000000000 ) ;
#2668 = CARTESIAN_POINT ( 'NONE',  ( -2.723140106509525100, 4.990000000000000200, -3.293963135026376500 ) ) ;
#2669 = LINE ( 'NONE', #2668, #2667 ) ;
#2670 = LINE ( 'NONE', #2615, #2708 ) ;
#2671 = AXIS2_PLACEMENT_3D ( 'NONE', #2675, #2707, #2706 ) ;
#2672 = PLANE ( 'NONE',  #2629 ) ;
#2673 =( GEOMETRIC_REPRESENTATION_CONTEXT ( 3 ) GLOBAL_UNCERTAINTY_ASSIGNED_CONTEXT ( ( #2738 ) ) GLOBAL_UNIT_ASSIGNED_CONTEXT ( ( #2643, #2649, #2739 ) ) REPRESENTATION_CONTEXT ( 'NONE', 'WORKASPACE' ) );
#2674 = VECTOR ( 'NONE', #2677, 1000.000000000000000 ) ;
#2675 = CARTESIAN_POINT ( 'NONE',  ( -0.7789284603883467300, 4.990000000000000200, 3.446470388005084700 ) ) ;
#2676 = VECTOR ( 'NONE', #2665, 1000.000000000000000 ) ;
#2677 = DIRECTION ( 'NONE',  ( -0.0000000000000000000, 1.000000000000000000, -0.0000000000000000000 ) ) ;
#2678 = PLANE ( 'NONE',  #2671 ) ;
#2679 = CARTESIAN_POINT ( 'NONE',  ( -0.2331538125010227900, 4.990000000000000200, 2.170061937300859200 ) ) ;
#2680 = LINE ( 'NONE', #2641, #2640 ) ;
#2681 = DIRECTION ( 'NONE',  ( -1.000000000000000000, 2.920558888920756300E-016, -1.752335333352409800E-014 ) ) ;
#2682 = VECTOR ( 'NONE', #2681, 1000.000000000000000 ) ;
#2683 = CARTESIAN_POINT ( 'NONE',  ( 2.385355339059326500, 2.400000000000000400, -5.149497474683058400 ) ) ;
#2684 = LINE ( 'NONE', #2683, #2682 ) ;
#2685 = DIRECTION ( 'NONE',  ( 1.000000000000000000, 2.551063935259973000E-016, 1.752335333352409800E-014 ) ) ;
#2686 = VECTOR ( 'NONE', #2685, 1000.000000000000000 ) ;
#2687 = CARTESIAN_POINT ( 'NONE',  ( 1.499999999999984700, 1.399999999999999900, -5.149497474683074400 ) ) ;
#2688 = LINE ( 'NONE', #2687, #2686 ) ;
#2689 = DIRECTION ( 'NONE',  ( -0.0000000000000000000, 1.000000000000000000, -0.0000000000000000000 ) ) ;
#2690 = VECTOR ( 'NONE', #2689, 1000.000000000000000 ) ;
#2691 = CARTESIAN_POINT ( 'NONE',  ( -1.374988698058820600, 4.990000000000000200, -2.955934966012292000 ) ) ;
#2692 = LINE ( 'NONE', #2691, #2690 ) ;
#2693 = FACE_OUTER_BOUND ( 'NONE', #312, .T. ) ;
#2694 = SURFACE_STYLE_USAGE ( .BOTH. , #2695 ) ;
#2695 = SURFACE_SIDE_STYLE ('',( #2696 ) ) ;
#2696 = SURFACE_STYLE_FILL_AREA ( #2697 ) ;
#2697 = FILL_AREA_STYLE ('',( #2702 ) ) ;
#2698 = DIRECTION ( 'NONE',  ( 0.5632671893086502700, 0.0000000000000000000, 0.8262748171451996800 ) ) ;
#2699 = DIRECTION ( 'NONE',  ( -0.8262748171451996800, 0.0000000000000000000, 0.5632671893086502700 ) ) ;
#2700 = CARTESIAN_POINT ( 'NONE',  ( -0.7360147279939804900, 4.990000000000000200, 0.9464703880050846500 ) ) ;
#2701 = AXIS2_PLACEMENT_3D ( 'NONE', #2700, #2699, #2698 ) ;
#2702 = FILL_AREA_STYLE_COLOUR ( '', #2703 ) ;
#2703 = COLOUR_RGB ( '',0.8274509803921568100, 0.8392156862745098200, 0.8274509803921568100 ) ;
#2704 = PLANE ( 'NONE',  #2701 ) ;
#2705 =( GEOMETRIC_REPRESENTATION_CONTEXT ( 3 ) GLOBAL_UNCERTAINTY_ASSIGNED_CONTEXT ( ( #2740 ) ) GLOBAL_UNIT_ASSIGNED_CONTEXT ( ( #2743, #2742, #2741 ) ) REPRESENTATION_CONTEXT ( 'NONE', 'WORKASPACE' ) );
#2706 = DIRECTION ( 'NONE',  ( -1.000000000000000000, 0.0000000000000000000, 0.0000000000000000000 ) ) ;
#2707 = DIRECTION ( 'NONE',  ( -0.0000000000000000000, 0.0000000000000000000, -1.000000000000000000 ) ) ;
#2708 = VECTOR ( 'NONE', #2737, 1000.000000000000100 ) ;
#2709 = CARTESIAN_POINT ( 'NONE',  ( -0.04389324912074110700, 4.990000000000000200, 2.386831303498042600 ) ) ;
#2710 = LINE ( 'NONE', #2709, #2676 ) ;
#2711 = CARTESIAN_POINT ( 'NONE',  ( 0.6487784058088363900, 5.000000000000000000, 0.9464703880050846500 ) ) ;
#2712 = CARTESIAN_POINT ( 'NONE',  ( -0.7360147279939804900, 5.000000000000000000, 0.9464703880050846500 ) ) ;
#2713 = DIRECTION ( 'NONE',  ( 0.5611165363451807700, 0.0000000000000000000, -0.8277368136309918300 ) ) ;
#2714 = VECTOR ( 'NONE', #2713, 1000.000000000000100 ) ;
#2715 = CARTESIAN_POINT ( 'NONE',  ( -0.03784131250102271800, 5.000000000000000000, 1.959344507723394600 ) ) ;
#2716 = LINE ( 'NONE', #2715, #2714 ) ;
#2717 = DIRECTION ( 'NONE',  ( -0.5648689537908991900, 0.0000000000000000000, 0.8251806257075931000 ) ) ;
#2718 = VECTOR ( 'NONE', #2717, 1000.000000000000000 ) ;
#2719 = CARTESIAN_POINT ( 'NONE',  ( 0.9849359762313715200, 5.000000000000000000, 0.9464703880050846500 ) ) ;
#2720 = LINE ( 'NONE', #2719, #2718 ) ;
#2721 = MECHANICAL_DESIGN_GEOMETRIC_PRESENTATION_REPRESENTATION (  '', ( #2723 ), #2705 ) ;
#2722 = PRESENTATION_LAYER_ASSIGNMENT (  '', '', ( #2723 ) ) ;
#2723 = STYLED_ITEM ( 'NONE', ( #2724 ), #429 ) ;
#2724 = PRESENTATION_STYLE_ASSIGNMENT (( #2725 ) ) ;
#2725 = SURFACE_STYLE_USAGE ( .BOTH. , #2726 ) ;
#2726 = SURFACE_SIDE_STYLE ('',( #2727 ) ) ;
#2727 = SURFACE_STYLE_FILL_AREA ( #2728 ) ;
#2728 = FILL_AREA_STYLE ('',( #2729 ) ) ;
#2729 = FILL_AREA_STYLE_COLOUR ( '', #2730 ) ;
#2730 = COLOUR_RGB ( '',1.000000000000000000, 1.000000000000000000, 1.000000000000000000 ) ;
#2731 = FACE_OUTER_BOUND ( 'NONE', #271, .T. ) ;
#2732 = CARTESIAN_POINT ( 'NONE',  ( -0.2605520783405107500, 5.000000000000000000, -0.3362166561531371200 ) ) ;
#2733 = DIRECTION ( 'NONE',  ( 0.5632671893086503800, 0.0000000000000000000, 0.8262748171451995700 ) ) ;
#2734 = VECTOR ( 'NONE', #2733, 1000.000000000000000 ) ;
#2735 = CARTESIAN_POINT ( 'NONE',  ( -0.7360147279939804900, 5.000000000000000000, 0.9464703880050846500 ) ) ;
#2736 = LINE ( 'NONE', #2735, #2734 ) ;
#2737 = DIRECTION ( 'NONE',  ( -0.5662018424294001900, 0.0000000000000000000, 0.8242666277543647700 ) ) ;
#2738 = UNCERTAINTY_MEASURE_WITH_UNIT (LENGTH_MEASURE( 1.000000000000000100E-005 ), #2643, 'distance_accuracy_value', 'NONE');
#2739 =( NAMED_UNIT ( * ) SI_UNIT ( $, .STERADIAN. ) SOLID_ANGLE_UNIT ( ) );
#2740 = UNCERTAINTY_MEASURE_WITH_UNIT (LENGTH_MEASURE( 1.000000000000000100E-005 ), #2743, 'distance_accuracy_value', 'NONE');
#2741 =( NAMED_UNIT ( * ) SI_UNIT ( $, .STERADIAN. ) SOLID_ANGLE_UNIT ( ) );
#2742 =( NAMED_UNIT ( * ) PLANE_ANGLE_UNIT ( ) SI_UNIT ( $, .RADIAN. ) );
#2743 =( LENGTH_UNIT ( ) NAMED_UNIT ( * ) SI_UNIT ( .MILLI., .METRE. ) );
#2744 = MECHANICAL_DESIGN_GEOMETRIC_PRESENTATION_REPRESENTATION (  '', ( #2746 ), #2758 ) ;
#2745 = PRESENTATION_LAYER_ASSIGNMENT (  '', '', ( #2746 ) ) ;
#2746 = STYLED_ITEM ( 'NONE', ( #2747 ), #431 ) ;
#2747 = PRESENTATION_STYLE_ASSIGNMENT (( #2694 ) ) ;
#2748 =( NAMED_UNIT ( * ) PLANE_ANGLE_UNIT ( ) SI_UNIT ( $, .RADIAN. ) );
#2749 =( LENGTH_UNIT ( ) NAMED_UNIT ( * ) SI_UNIT ( .MILLI., .METRE. ) );
#2750 = DIRECTION ( 'NONE',  ( 0.7071067811865463500, -4.130293990420965900E-016, 0.7071067811865487900 ) ) ;
#2751 = PRESENTATION_STYLE_ASSIGNMENT (( #2752 ) ) ;
#2752 = SURFACE_STYLE_USAGE ( .BOTH. , #2753 ) ;
#2753 = SURFACE_SIDE_STYLE ('',( #2754 ) ) ;
#2754 = SURFACE_STYLE_FILL_AREA ( #2755 ) ;
#2755 = FILL_AREA_STYLE ('',( #2756 ) ) ;
#2756 = FILL_AREA_STYLE_COLOUR ( '', #2757 ) ;
#2757 = COLOUR_RGB ( '',0.7960784313725489700, 0.8235294117647058400, 0.9372549019607843100 ) ;
#2758 =( GEOMETRIC_REPRESENTATION_CONTEXT ( 3 ) GLOBAL_UNCERTAINTY_ASSIGNED_CONTEXT ( ( #2765 ) ) GLOBAL_UNIT_ASSIGNED_CONTEXT ( ( #2749, #2748, #2788 ) ) REPRESENTATION_CONTEXT ( 'NONE', 'WORKASPACE' ) );
#2759 = CARTESIAN_POINT ( 'NONE',  ( 3.870279579551075200, 1.399999999999999900, -3.650431098567576100 ) ) ;
#2760 = LINE ( 'NONE', #2759, #2771 ) ;
#2761 = CARTESIAN_POINT ( 'NONE',  ( -0.9762210924250177600, 5.000000000000000000, -3.042422642068630400 ) ) ;
#2762 = CARTESIAN_POINT ( 'NONE',  ( -1.122238319543276400, 4.990000000000000200, 3.446470388005084700 ) ) ;
#2763 = DIRECTION ( 'NONE',  ( 0.0000000000000000000, 2.920558888920714400E-016, -1.000000000000000000 ) ) ;
#2764 = DIRECTION ( 'NONE',  ( -2.920558888920705000E-016, -1.000000000000000000, -2.920558888920714400E-016 ) ) ;
#2765 = UNCERTAINTY_MEASURE_WITH_UNIT (LENGTH_MEASURE( 1.000000000000000100E-005 ), #2749, 'distance_accuracy_value', 'NONE');
#2766 = UNCERTAINTY_MEASURE_WITH_UNIT (LENGTH_MEASURE( 1.000000000000000100E-005 ), #2778, 'distance_accuracy_value', 'NONE');
#2767 =( NAMED_UNIT ( * ) SI_UNIT ( $, .STERADIAN. ) SOLID_ANGLE_UNIT ( ) );
#2768 =( NAMED_UNIT ( * ) PLANE_ANGLE_UNIT ( ) SI_UNIT ( $, .RADIAN. ) );
#2769 =( GEOMETRIC_REPRESENTATION_CONTEXT ( 3 ) GLOBAL_UNCERTAINTY_ASSIGNED_CONTEXT ( ( #2766 ) ) GLOBAL_UNIT_ASSIGNED_CONTEXT ( ( #2778, #2768, #2767 ) ) REPRESENTATION_CONTEXT ( 'NONE', 'WORKASPACE' ) );
#2770 = DIRECTION ( 'NONE',  ( -0.0000000000000000000, -1.000000000000000000, -0.0000000000000000000 ) ) ;
#2771 = VECTOR ( 'NONE', #2770, 1000.000000000000000 ) ;
#2772 = MECHANICAL_DESIGN_GEOMETRIC_PRESENTATION_REPRESENTATION (  '', ( #2774 ), #2769 ) ;
#2773 = PRESENTATION_LAYER_ASSIGNMENT (  '', '', ( #2774 ) ) ;
#2774 = STYLED_ITEM ( 'NONE', ( #2751 ), #443 ) ;
#2775 = CARTESIAN_POINT ( 'NONE',  ( 2.385355339059326100, 2.400000000000000400, -5.135355339059329600 ) ) ;
#2776 = AXIS2_PLACEMENT_3D ( 'NONE', #2775, #2764, #2763 ) ;
#2777 = PLANE ( 'NONE',  #2776 ) ;
#2778 =( LENGTH_UNIT ( ) NAMED_UNIT ( * ) SI_UNIT ( .MILLI., .METRE. ) );
#2779 = VECTOR ( 'NONE', #2750, 999.9999999999998900 ) ;
#2780 = CARTESIAN_POINT ( 'NONE',  ( 2.385355339059326100, 2.400000000000000400, -5.135355339059329600 ) ) ;
#2781 = LINE ( 'NONE', #2780, #2779 ) ;
#2782 = DIRECTION ( 'NONE',  ( -0.4132170265578689600, 0.0000000000000000000, 0.9106325762691961400 ) ) ;
#2783 = VECTOR ( 'NONE', #2782, 1000.000000000000200 ) ;
#2784 = CARTESIAN_POINT ( 'NONE',  ( -0.9762210924250177600, 5.000000000000000000, -3.042422642068630400 ) ) ;
#2785 = LINE ( 'NONE', #2784, #2783 ) ;
#2786 = CARTESIAN_POINT ( 'NONE',  ( 0.0000000000000000000, 4.000000000000000000, 4.880000000000000800 ) ) ;
#2787 = LINE ( 'NONE', #2786, #2808 ) ;
#2788 =( NAMED_UNIT ( * ) SI_UNIT ( $, .STERADIAN. ) SOLID_ANGLE_UNIT ( ) );
#2789 = DIRECTION ( 'NONE',  ( -0.0000000000000000000, 1.000000000000000000, -0.0000000000000000000 ) ) ;
#2790 = DIRECTION ( 'NONE',  ( -0.0000000000000000000, 1.000000000000000000, -0.0000000000000000000 ) ) ;
#2791 = VECTOR ( 'NONE', #2790, 1000.000000000000000 ) ;
#2792 = CARTESIAN_POINT ( 'NONE',  ( 1.500000000000000400, -0.1000000000000000100, -3.799999999999998900 ) ) ;
#2793 = CARTESIAN_POINT ( 'NONE',  ( 1.500000000000001100, -0.1000000000000000100, -4.999999999999999100 ) ) ;
#2794 = LINE ( 'NONE', #2793, #2806 ) ;
#2795 = STYLED_ITEM ( 'NONE', ( #2796 ), #460 ) ;
#2796 = PRESENTATION_STYLE_ASSIGNMENT (( #2797 ) ) ;
#2797 = SURFACE_STYLE_USAGE ( .BOTH. , #2798 ) ;
#2798 = SURFACE_SIDE_STYLE ('',( #2799 ) ) ;
#2799 = SURFACE_STYLE_FILL_AREA ( #2800 ) ;
#2800 = FILL_AREA_STYLE ('',( #2801 ) ) ;
#2801 = FILL_AREA_STYLE_COLOUR ( '', #2802 ) ;
#2802 = COLOUR_RGB ( '',0.1921568627450980200, 0.2039215686274509800, 0.2039215686274509800 ) ;
#2803 = FACE_OUTER_BOUND ( 'NONE', #491, .T. ) ;
#2804 = CARTESIAN_POINT ( 'NONE',  ( 1.500000000000001100, -0.1000000000000000100, -5.149999999999999500 ) ) ;
#2805 = DIRECTION ( 'NONE',  ( -5.421010862427522200E-016, 0.0000000000000000000, 1.000000000000000000 ) ) ;
#2806 = VECTOR ( 'NONE', #2805, 1000.000000000000000 ) ;
#2807 = CARTESIAN_POINT ( 'NONE',  ( 1.500000000000000400, -0.1000000000000000100, -3.799999999999998900 ) ) ;
#2808 = VECTOR ( 'NONE', #2789, 1000.000000000000000 ) ;
#2809 = CARTESIAN_POINT ( 'NONE',  ( 5.976079006653202000E-016, 5.000000000000000000, -4.880000000000000800 ) ) ;
#2810 = DIRECTION ( 'NONE',  ( -0.0000000000000000000, 1.000000000000000000, -0.0000000000000000000 ) ) ;
#2811 = DIRECTION ( 'NONE',  ( -0.5640048758647763200, 0.0000000000000000000, -0.8257714574873354900 ) ) ;
#2812 = VECTOR ( 'NONE', #2811, 1000.000000000000000 ) ;
#2813 = CARTESIAN_POINT ( 'NONE',  ( -0.2331538125010227900, 5.000000000000000000, 2.170061937300859200 ) ) ;
#2814 = LINE ( 'NONE', #2813, #2812 ) ;
#2815 = DIRECTION ( 'NONE',  ( 0.0000000000000000000, 1.000000000000000000, 0.0000000000000000000 ) ) ;
#2816 = VECTOR ( 'NONE', #2815, 1000.000000000000000 ) ;
#2817 = CARTESIAN_POINT ( 'NONE',  ( 5.099999999999999600, 5.000000000000000000, -2.349999999999990800 ) ) ;
#2818 = LINE ( 'NONE', #2817, #2816 ) ;
#2819 = CARTESIAN_POINT ( 'NONE',  ( 1.499999999999973800, 2.400000000000000400, -5.099999999999999600 ) ) ;
#2820 = DIRECTION ( 'NONE',  ( -1.000000000000000000, -2.551063935259973000E-016, -0.0000000000000000000 ) ) ;
#2821 = VECTOR ( 'NONE', #2820, 1000.000000000000000 ) ;
#2822 = CARTESIAN_POINT ( 'NONE',  ( 1.499999999999984700, 1.399999999999999900, -5.099999999999999600 ) ) ;
#2823 =( LENGTH_UNIT ( ) NAMED_UNIT ( * ) SI_UNIT ( .MILLI., .METRE. ) );
#2824 = MECHANICAL_DESIGN_GEOMETRIC_PRESENTATION_REPRESENTATION (  '', ( #2795 ), #2834 ) ;
#2825 = PRESENTATION_LAYER_ASSIGNMENT (  '', '', ( #2795 ) ) ;
#2826 = UNCERTAINTY_MEASURE_WITH_UNIT (LENGTH_MEASURE( 1.000000000000000100E-005 ), #2823, 'distance_accuracy_value', 'NONE');
#2827 = VECTOR ( 'NONE', #2810, 1000.000000000000000 ) ;
#2828 = CARTESIAN_POINT ( 'NONE',  ( 5.976079006653202000E-016, 4.000000000000000000, -4.880000000000000800 ) ) ;
#2829 = LINE ( 'NONE', #2828, #2827 ) ;
#2830 = LINE ( 'NONE', #2792, #2791 ) ;
#2831 =( NAMED_UNIT ( * ) SI_UNIT ( $, .STERADIAN. ) SOLID_ANGLE_UNIT ( ) );
#2832 =( NAMED_UNIT ( * ) PLANE_ANGLE_UNIT ( ) SI_UNIT ( $, .RADIAN. ) );
#2833 = PLANE ( 'NONE',  #2845 ) ;
#2834 =( GEOMETRIC_REPRESENTATION_CONTEXT ( 3 ) GLOBAL_UNCERTAINTY_ASSIGNED_CONTEXT ( ( #2826 ) ) GLOBAL_UNIT_ASSIGNED_CONTEXT ( ( #2823, #2832, #2831 ) ) REPRESENTATION_CONTEXT ( 'NONE', 'WORKASPACE' ) );
#2835 = LINE ( 'NONE', #2822, #2821 ) ;
#2836 = CARTESIAN_POINT ( 'NONE',  ( 3.834924240491747400, 1.399999999999999900, -3.615075759508248300 ) ) ;
#2837 = DIRECTION ( 'NONE',  ( -0.7071067811865463500, 0.0000000000000000000, -0.7071067811865487900 ) ) ;
#2838 = VECTOR ( 'NONE', #2837, 1000.000000000000000 ) ;
#2839 = CARTESIAN_POINT ( 'NONE',  ( 3.725000000000014700, 5.000000000000000000, -3.724999999999982800 ) ) ;
#2840 = LINE ( 'NONE', #2839, #2838 ) ;
#2841 = CARTESIAN_POINT ( 'NONE',  ( 1.499999999999973800, 2.400000000000000400, -5.149999999999999500 ) ) ;
#2842 = DIRECTION ( 'NONE',  ( -0.7071067811865462400, 0.0000000000000000000, -0.7071067811865489100 ) ) ;
#2843 = DIRECTION ( 'NONE',  ( 0.7071067811865489100, 0.0000000000000000000, -0.7071067811865462400 ) ) ;
#2844 = CARTESIAN_POINT ( 'NONE',  ( -2.350000000000000100, 5.000000000000000000, 5.099999999999999600 ) ) ;
#2845 = AXIS2_PLACEMENT_3D ( 'NONE', #2844, #2843, #2842 ) ;
#2846 = FILL_AREA_STYLE_COLOUR ( '', #2847 ) ;
#2847 = COLOUR_RGB ( '',0.1921568627450980200, 0.2039215686274509800, 0.2039215686274509800 ) ;
#2848 = FACE_OUTER_BOUND ( 'NONE', #510, .T. ) ;
#2849 = SURFACE_SIDE_STYLE ('',( #2850 ) ) ;
#2850 = SURFACE_STYLE_FILL_AREA ( #2851 ) ;
#2851 = FILL_AREA_STYLE ('',( #2846 ) ) ;
#2852 = MECHANICAL_DESIGN_GEOMETRIC_PRESENTATION_REPRESENTATION (  '', ( #2854 ), #2956 ) ;
#2853 = PRESENTATION_LAYER_ASSIGNMENT (  '', '', ( #2854 ) ) ;
#2854 = STYLED_ITEM ( 'NONE', ( #2855 ), #471 ) ;
#2855 = PRESENTATION_STYLE_ASSIGNMENT (( #2856 ) ) ;
#2856 = SURFACE_STYLE_USAGE ( .BOTH. , #2849 ) ;
#2857 =( NAMED_UNIT ( * ) PLANE_ANGLE_UNIT ( ) SI_UNIT ( $, .RADIAN. ) );
#2858 =( LENGTH_UNIT ( ) NAMED_UNIT ( * ) SI_UNIT ( .MILLI., .METRE. ) );
#2859 = DIRECTION ( 'NONE',  ( -0.5662018424294001900, 0.0000000000000000000, -0.8242666277543647700 ) ) ;
#2860 = VECTOR ( 'NONE', #2859, 1000.000000000000100 ) ;
#2861 = CARTESIAN_POINT ( 'NONE',  ( 0.6839896734144701500, 5.000000000000000000, 3.446470388005084700 ) ) ;
#2862 = LINE ( 'NONE', #2861, #2860 ) ;
#2863 = CARTESIAN_POINT ( 'NONE',  ( 5.099999999999999600, 0.0000000000000000000, -2.349999999999990800 ) ) ;
#2864 = VECTOR ( 'NONE', #2948, 1000.000000000000200 ) ;
#2865 = CARTESIAN_POINT ( 'NONE',  ( -0.05104553785313550900, 5.000000000000000000, 2.386831303498042600 ) ) ;
#2866 = DIRECTION ( 'NONE',  ( -0.7071067811865463500, 1.032573497605241500E-016, -0.7071067811865487900 ) ) ;
#2867 = VECTOR ( 'NONE', #2866, 999.9999999999998900 ) ;
#2868 = CARTESIAN_POINT ( 'NONE',  ( 2.349999999999998800, 1.400000000000000100, -5.100000000000002300 ) ) ;
#2869 = LINE ( 'NONE', #2868, #2867 ) ;
#2870 = DIRECTION ( 'NONE',  ( -1.000000000000000000, 0.0000000000000000000, 0.0000000000000000000 ) ) ;
#2871 = VECTOR ( 'NONE', #2870, 1000.000000000000000 ) ;
#2872 = CARTESIAN_POINT ( 'NONE',  ( 1.023998476231371600, 5.000000000000000000, 3.446470388005084700 ) ) ;
#2873 = LINE ( 'NONE', #2872, #2871 ) ;
#2874 = DIRECTION ( 'NONE',  ( -0.5662018424294001900, 0.0000000000000000000, 0.8242666277543647700 ) ) ;
#2875 = VECTOR ( 'NONE', #2874, 1000.000000000000100 ) ;
#2876 = CARTESIAN_POINT ( 'NONE',  ( -0.05104553785313550900, 5.000000000000000000, 2.386831303498042600 ) ) ;
#2877 = LINE ( 'NONE', #2876, #2875 ) ;
#2878 =( NAMED_UNIT ( * ) PLANE_ANGLE_UNIT ( ) SI_UNIT ( $, .RADIAN. ) );
#2879 = CARTESIAN_POINT ( 'NONE',  ( -1.068871242078487600, 5.000000000000000000, 0.9464703880050846500 ) ) ;
#2880 = DIRECTION ( 'NONE',  ( 1.000000000000000000, 0.0000000000000000000, -0.0000000000000000000 ) ) ;
#2881 = DIRECTION ( 'NONE',  ( 0.0000000000000000000, 0.0000000000000000000, 1.000000000000000000 ) ) ;
#2882 = DIRECTION ( 'NONE',  ( -0.0000000000000000000, -1.000000000000000000, -0.0000000000000000000 ) ) ;
#2883 = VECTOR ( 'NONE', #2882, 1000.000000000000000 ) ;
#2884 = PLANE ( 'NONE',  #2899 ) ;
#2885 = LINE ( 'NONE', #2893, #2892 ) ;
#2886 = DIRECTION ( 'NONE',  ( 1.000000000000000000, 0.0000000000000000000, 0.0000000000000000000 ) ) ;
#2887 = VECTOR ( 'NONE', #2886, 1000.000000000000000 ) ;
#2888 = CARTESIAN_POINT ( 'NONE',  ( 1.499999999999973800, 2.400000000000000400, -5.099999999999999600 ) ) ;
#2889 = LINE ( 'NONE', #2888, #2887 ) ;
#2890 = UNCERTAINTY_MEASURE_WITH_UNIT (LENGTH_MEASURE( 1.000000000000000100E-005 ), #2858, 'distance_accuracy_value', 'NONE');
#2891 = DIRECTION ( 'NONE',  ( -8.673617379884034200E-017, -1.000000000000000000, 0.0000000000000000000 ) ) ;
#2892 = VECTOR ( 'NONE', #2891, 1000.000000000000000 ) ;
#2893 = CARTESIAN_POINT ( 'NONE',  ( 1.500000000000000000, 5.000000000000000900, -5.099999999999999600 ) ) ;
#2894 = CARTESIAN_POINT ( 'NONE',  ( 2.349999999999998800, 2.400000000000000400, -5.100000000000002300 ) ) ;
#2895 = DIRECTION ( 'NONE',  ( -8.673617379884034200E-017, -1.000000000000000000, 0.0000000000000000000 ) ) ;
#2896 = VECTOR ( 'NONE', #2895, 1000.000000000000000 ) ;
#2897 = CARTESIAN_POINT ( 'NONE',  ( 1.500000000000000000, 5.000000000000000900, -5.099999999999999600 ) ) ;
#2898 =( GEOMETRIC_REPRESENTATION_CONTEXT ( 3 ) GLOBAL_UNCERTAINTY_ASSIGNED_CONTEXT ( ( #2900 ) ) GLOBAL_UNIT_ASSIGNED_CONTEXT ( ( #2904, #2878, #2901 ) ) REPRESENTATION_CONTEXT ( 'NONE', 'WORKASPACE' ) );
#2899 = AXIS2_PLACEMENT_3D ( 'NONE', #2922, #2881, #2880 ) ;
#2900 = UNCERTAINTY_MEASURE_WITH_UNIT (LENGTH_MEASURE( 1.000000000000000100E-005 ), #2904, 'distance_accuracy_value', 'NONE');
#2901 =( NAMED_UNIT ( * ) SI_UNIT ( $, .STERADIAN. ) SOLID_ANGLE_UNIT ( ) );
#2902 = LINE ( 'NONE', #2897, #2896 ) ;
#2903 = CARTESIAN_POINT ( 'NONE',  ( 0.6839896734144701500, 5.000000000000000000, 3.446470388005084700 ) ) ;
#2904 =( LENGTH_UNIT ( ) NAMED_UNIT ( * ) SI_UNIT ( .MILLI., .METRE. ) );
#2905 = MECHANICAL_DESIGN_GEOMETRIC_PRESENTATION_REPRESENTATION (  '', ( #2907 ), #2898 ) ;
#2906 = PRESENTATION_LAYER_ASSIGNMENT (  '', '', ( #2907 ) ) ;
#2907 = STYLED_ITEM ( 'NONE', ( #2932 ), #492 ) ;
#2908 = DIRECTION ( 'NONE',  ( 0.0000000000000000000, -1.000000000000000000, 0.0000000000000000000 ) ) ;
#2909 = VECTOR ( 'NONE', #2908, 1000.000000000000000 ) ;
#2910 = CARTESIAN_POINT ( 'NONE',  ( 2.349999999999997000, 1.400000000000000100, -5.099999999999999600 ) ) ;
#2911 = DIRECTION ( 'NONE',  ( -0.0000000000000000000, -0.0000000000000000000, 1.000000000000000000 ) ) ;
#2912 = VECTOR ( 'NONE', #2911, 1000.000000000000000 ) ;
#2913 = CARTESIAN_POINT ( 'NONE',  ( 1.499999999999973800, 2.400000000000000400, -5.149999999999999500 ) ) ;
#2914 = LINE ( 'NONE', #2913, #2912 ) ;
#2915 = CARTESIAN_POINT ( 'NONE',  ( -1.122238319543276400, 5.000000000000000000, 3.446470388005084700 ) ) ;
#2916 = CARTESIAN_POINT ( 'NONE',  ( -0.7789284603883467300, 5.000000000000000000, 3.446470388005084700 ) ) ;
#2917 = CARTESIAN_POINT ( 'NONE',  ( 1.499999999999945600, 5.000000000000000900, -5.149999999999999500 ) ) ;
#2918 = DIRECTION ( 'NONE',  ( 1.088453945710937500E-014, -1.000000000000000000, -0.0000000000000000000 ) ) ;
#2919 = VECTOR ( 'NONE', #2918, 1000.000000000000000 ) ;
#2920 = CARTESIAN_POINT ( 'NONE',  ( 1.500000000000001100, -0.1000000000000000100, -5.149999999999999500 ) ) ;
#2921 = LINE ( 'NONE', #2920, #2919 ) ;
#2922 = CARTESIAN_POINT ( 'NONE',  ( -5.100000000000000500, 5.000000000000000000, -5.099999999999999600 ) ) ;
#2923 = CARTESIAN_POINT ( 'NONE',  ( 2.349999999999999600, 5.000000000000000000, -5.099999999999999600 ) ) ;
#2924 = LINE ( 'NONE', #2923, #2909 ) ;
#2925 = DIRECTION ( 'NONE',  ( 0.5715618010866456700, 0.0000000000000000000, -0.8205590213620160800 ) ) ;
#2926 = PLANE ( 'NONE',  #2929 ) ;
#2927 = CARTESIAN_POINT ( 'NONE',  ( 1.499999999999984900, 1.399999999999999900, -5.149999999999999500 ) ) ;
#2928 = CARTESIAN_POINT ( 'NONE',  ( 1.500000000000001100, -0.1000000000000000100, -4.999999999999999100 ) ) ;
#2929 = AXIS2_PLACEMENT_3D ( 'NONE', #2928, #2947, #2946 ) ;
#2930 = CARTESIAN_POINT ( 'NONE',  ( 1.499999999999945600, 5.000000000000000900, -5.149999999999999500 ) ) ;
#2931 = LINE ( 'NONE', #2930, #2965 ) ;
#2932 = PRESENTATION_STYLE_ASSIGNMENT (( #2933 ) ) ;
#2933 = SURFACE_STYLE_USAGE ( .BOTH. , #2934 ) ;
#2934 = SURFACE_SIDE_STYLE ('',( #2935 ) ) ;
#2935 = SURFACE_STYLE_FILL_AREA ( #2936 ) ;
#2936 = FILL_AREA_STYLE ('',( #2937 ) ) ;
#2937 = FILL_AREA_STYLE_COLOUR ( '', #2938 ) ;
#2938 = COLOUR_RGB ( '',0.8274509803921568100, 0.8392156862745098200, 0.8274509803921568100 ) ;
#2939 = FACE_OUTER_BOUND ( 'NONE', #454, .T. ) ;
#2940 = DIRECTION ( 'NONE',  ( -1.000000000000000000, -0.0000000000000000000, -0.0000000000000000000 ) ) ;
#2941 = VECTOR ( 'NONE', #2940, 1000.000000000000000 ) ;
#2942 = CARTESIAN_POINT ( 'NONE',  ( -5.100000000000000500, 0.0000000000000000000, -5.099999999999999600 ) ) ;
#2943 = LINE ( 'NONE', #2942, #2941 ) ;
#2944 = VECTOR ( 'NONE', #2957, 1000.000000000000000 ) ;
#2945 = LINE ( 'NONE', #2962, #2961 ) ;
#2946 = DIRECTION ( 'NONE',  ( -5.421010862427522200E-016, 0.0000000000000000000, 1.000000000000000000 ) ) ;
#2947 = DIRECTION ( 'NONE',  ( -1.000000000000000000, 0.0000000000000000000, -5.421010862427522200E-016 ) ) ;
#2948 = DIRECTION ( 'NONE',  ( 0.5707827724612920500, 0.0000000000000000000, 0.8211011062356455800 ) ) ;
#2949 = CARTESIAN_POINT ( 'NONE',  ( 0.1420662579215124200, 5.000000000000000000, 2.177764402089591700 ) ) ;
#2950 = LINE ( 'NONE', #2949, #2864 ) ;
#2951 = CARTESIAN_POINT ( 'NONE',  ( -0.04389324912074110700, 5.000000000000000000, 2.386831303498042600 ) ) ;
#2952 = CARTESIAN_POINT ( 'NONE',  ( 1.500000000000000000, 0.0000000000000000000, -5.099999999999999600 ) ) ;
#2953 =( NAMED_UNIT ( * ) SI_UNIT ( $, .STERADIAN. ) SOLID_ANGLE_UNIT ( ) );
#2954 = CARTESIAN_POINT ( 'NONE',  ( 3.834924240491747400, 1.399999999999999900, -3.615075759508248300 ) ) ;
#2955 = LINE ( 'NONE', #2954, #2883 ) ;
#2956 =( GEOMETRIC_REPRESENTATION_CONTEXT ( 3 ) GLOBAL_UNCERTAINTY_ASSIGNED_CONTEXT ( ( #2890 ) ) GLOBAL_UNIT_ASSIGNED_CONTEXT ( ( #2858, #2857, #2953 ) ) REPRESENTATION_CONTEXT ( 'NONE', 'WORKASPACE' ) );
#2957 = DIRECTION ( 'NONE',  ( -1.000000000000000000, 0.0000000000000000000, 0.0000000000000000000 ) ) ;
#2958 = CARTESIAN_POINT ( 'NONE',  ( -0.04389324912074110700, 5.000000000000000000, 2.386831303498042600 ) ) ;
#2959 = LINE ( 'NONE', #2958, #2944 ) ;
#2960 = DIRECTION ( 'NONE',  ( 0.7071067811865463500, -0.0000000000000000000, 0.7071067811865487900 ) ) ;
#2961 = VECTOR ( 'NONE', #2960, 1000.000000000000000 ) ;
#2962 = CARTESIAN_POINT ( 'NONE',  ( 2.349999999999999600, 0.0000000000000000000, -5.099999999999999600 ) ) ;
#2963 = CARTESIAN_POINT ( 'NONE',  ( 2.349999999999997900, 0.0000000000000000000, -5.100000000000000500 ) ) ;
#2964 = DIRECTION ( 'NONE',  ( -0.0000000000000000000, -0.0000000000000000000, 1.000000000000000000 ) ) ;
#2965 = VECTOR ( 'NONE', #2964, 1000.000000000000000 ) ;
#2966 = VECTOR ( 'NONE', #2925, 1000.000000000000200 ) ;
#2967 = CARTESIAN_POINT ( 'NONE',  ( -1.122238319543276400, 5.000000000000000000, 3.446470388005084700 ) ) ;
#2968 = LINE ( 'NONE', #2967, #2966 ) ;
#2969 =( LENGTH_UNIT ( ) NAMED_UNIT ( * ) SI_UNIT ( .MILLI., .METRE. ) );
#2970 = MECHANICAL_DESIGN_GEOMETRIC_PRESENTATION_REPRESENTATION (  '', ( #2972 ), #2992 ) ;
#2971 = PRESENTATION_LAYER_ASSIGNMENT (  '', '', ( #2972 ) ) ;
#2972 = STYLED_ITEM ( 'NONE', ( #3016 ), #544 ) ;
#2973 = VECTOR ( 'NONE', #3031, 1000.000000000000000 ) ;
#2974 = CARTESIAN_POINT ( 'NONE',  ( 1.499999999999984700, 1.399999999999999900, -5.149999999999999500 ) ) ;
#2975 = LINE ( 'NONE', #2974, #2973 ) ;
#2976 = UNCERTAINTY_MEASURE_WITH_UNIT (LENGTH_MEASURE( 1.000000000000000100E-005 ), #2969, 'distance_accuracy_value', 'NONE');
#2977 =( NAMED_UNIT ( * ) SI_UNIT ( $, .STERADIAN. ) SOLID_ANGLE_UNIT ( ) );
#2978 = VECTOR ( 'NONE', #3034, 1000.000000000000000 ) ;
#2979 = LINE ( 'NONE', #3039, #3038 ) ;
#2980 = DIRECTION ( 'NONE',  ( 1.088453945710937500E-014, -1.000000000000000000, -0.0000000000000000000 ) ) ;
#2981 = DIRECTION ( 'NONE',  ( -0.0000000000000000000, -0.0000000000000000000, -1.000000000000000000 ) ) ;
#2982 = VECTOR ( 'NONE', #2981, 1000.000000000000000 ) ;
#2983 = CARTESIAN_POINT ( 'NONE',  ( 1.499999999999999600, 3.705158193791850200E-032, -4.999999999999999100 ) ) ;
#2984 = LINE ( 'NONE', #2983, #2982 ) ;
#2985 =( NAMED_UNIT ( * ) PLANE_ANGLE_UNIT ( ) SI_UNIT ( $, .RADIAN. ) );
#2986 = VECTOR ( 'NONE', #2980, 1000.000000000000000 ) ;
#2987 = CARTESIAN_POINT ( 'NONE',  ( 1.500000000000001100, -0.1000000000000000100, -5.149999999999999500 ) ) ;
#2988 = LINE ( 'NONE', #2987, #2986 ) ;
#2989 = LINE ( 'NONE', #3025, #3024 ) ;
#2990 = AXIS2_PLACEMENT_3D ( 'NONE', #3004, #3003, #3002 ) ;
#2991 = PLANE ( 'NONE',  #2990 ) ;
#2992 =( GEOMETRIC_REPRESENTATION_CONTEXT ( 3 ) GLOBAL_UNCERTAINTY_ASSIGNED_CONTEXT ( ( #2976 ) ) GLOBAL_UNIT_ASSIGNED_CONTEXT ( ( #2969, #2985, #2977 ) ) REPRESENTATION_CONTEXT ( 'NONE', 'WORKASPACE' ) );
#2993 = MECHANICAL_DESIGN_GEOMETRIC_PRESENTATION_REPRESENTATION (  '', ( #2995 ), #3071 ) ;
#2994 = PRESENTATION_LAYER_ASSIGNMENT (  '', '', ( #2995 ) ) ;
#2995 = STYLED_ITEM ( 'NONE', ( #2996 ), #547 ) ;
#2996 = PRESENTATION_STYLE_ASSIGNMENT (( #2997 ) ) ;
#2997 = SURFACE_STYLE_USAGE ( .BOTH. , #2998 ) ;
#2998 = SURFACE_SIDE_STYLE ('',( #2999 ) ) ;
#2999 = SURFACE_STYLE_FILL_AREA ( #3005 ) ;
#3000 = COLOUR_RGB ( '',0.8274509803921568100, 0.8392156862745098200, 0.8274509803921568100 ) ;
#3001 = FACE_OUTER_BOUND ( 'NONE', #548, .T. ) ;
#3002 = DIRECTION ( 'NONE',  ( 0.7071067811865463500, 0.0000000000000000000, 0.7071067811865487900 ) ) ;
#3003 = DIRECTION ( 'NONE',  ( -0.7071067811865487900, 0.0000000000000000000, 0.7071067811865463500 ) ) ;
#3004 = CARTESIAN_POINT ( 'NONE',  ( 2.349999999999999600, 5.000000000000000000, -5.099999999999999600 ) ) ;
#3005 = FILL_AREA_STYLE ('',( #3006 ) ) ;
#3006 = FILL_AREA_STYLE_COLOUR ( '', #3000 ) ;
#3007 = DIRECTION ( 'NONE',  ( 0.0000000000000000000, -1.000000000000000000, 0.0000000000000000000 ) ) ;
#3008 = VECTOR ( 'NONE', #3007, 1000.000000000000000 ) ;
#3009 = CARTESIAN_POINT ( 'NONE',  ( -3.834924240491746500, 2.400000000000000400, 3.615075759508247000 ) ) ;
#3010 = CARTESIAN_POINT ( 'NONE',  ( 5.099999999999999600, 5.000000000000000000, -2.349999999999993400 ) ) ;
#3011 = DIRECTION ( 'NONE',  ( 0.0000000000000000000, -1.000000000000000000, 0.0000000000000000000 ) ) ;
#3012 = LINE ( 'NONE', #3009, #3008 ) ;
#3013 = CARTESIAN_POINT ( 'NONE',  ( -3.834924240491746500, 2.400000000000000400, 3.615075759508247000 ) ) ;
#3014 = CARTESIAN_POINT ( 'NONE',  ( -3.834924240491746500, 1.399999999999999900, 3.615075759508247000 ) ) ;
#3015 = CARTESIAN_POINT ( 'NONE',  ( 1.499999999999984700, 1.399999999999999900, -5.099999999999999600 ) ) ;
#3016 = PRESENTATION_STYLE_ASSIGNMENT (( #3017 ) ) ;
#3017 = SURFACE_STYLE_USAGE ( .BOTH. , #3018 ) ;
#3018 = SURFACE_SIDE_STYLE ('',( #3019 ) ) ;
#3019 = SURFACE_STYLE_FILL_AREA ( #3020 ) ;
#3020 = FILL_AREA_STYLE ('',( #3021 ) ) ;
#3021 = FILL_AREA_STYLE_COLOUR ( '', #3026 ) ;
#3022 = CARTESIAN_POINT ( 'NONE',  ( -1.068871242078487600, 5.000000000000000000, 0.9464703880050846500 ) ) ;
#3023 = CARTESIAN_POINT ( 'NONE',  ( 1.499999999999945600, 5.000000000000000900, -5.099999999999999600 ) ) ;
#3024 = VECTOR ( 'NONE', #3011, 1000.000000000000000 ) ;
#3025 = CARTESIAN_POINT ( 'NONE',  ( 2.349999999999999600, 5.000000000000000000, -5.099999999999999600 ) ) ;
#3026 = COLOUR_RGB ( '',0.1921568627450980200, 0.2039215686274509800, 0.2039215686274509800 ) ;
#3027 = FACE_OUTER_BOUND ( 'NONE', #528, .T. ) ;
#3028 = CARTESIAN_POINT ( 'NONE',  ( 1.500000000000000400, 0.0000000000000000000, -3.799999999999998900 ) ) ;
#3029 = VECTOR ( 'NONE', #3035, 1000.000000000000000 ) ;
#3030 = LINE ( 'NONE', #3022, #2978 ) ;
#3031 = DIRECTION ( 'NONE',  ( -0.0000000000000000000, -0.0000000000000000000, 1.000000000000000000 ) ) ;
#3032 = CARTESIAN_POINT ( 'NONE',  ( 2.350000000000001000, 5.000000000000000000, -5.100000000000000500 ) ) ;
#3033 = DIRECTION ( 'NONE',  ( 0.7071067811865463500, -4.130293990420965900E-016, 0.7071067811865487900 ) ) ;
#3034 = DIRECTION ( 'NONE',  ( 1.000000000000000000, 0.0000000000000000000, 0.0000000000000000000 ) ) ;
#3035 = DIRECTION ( 'NONE',  ( -1.000000000000000000, 0.0000000000000000000, 0.0000000000000000000 ) ) ;
#3036 = CARTESIAN_POINT ( 'NONE',  ( -0.7789284603883467300, 5.000000000000000000, 3.446470388005084700 ) ) ;
#3037 = LINE ( 'NONE', #3036, #3029 ) ;
#3038 = VECTOR ( 'NONE', #3033, 999.9999999999998900 ) ;
#3039 = CARTESIAN_POINT ( 'NONE',  ( 2.349999999999998800, 2.400000000000000400, -5.100000000000002300 ) ) ;
#3040 = CARTESIAN_POINT ( 'NONE',  ( 3.834924240491747400, 2.399999999999999500, -3.615075759508248300 ) ) ;
#3041 = DIRECTION ( 'NONE',  ( -5.421010862427522200E-016, 0.0000000000000000000, 1.000000000000000000 ) ) ;
#3042 = DIRECTION ( 'NONE',  ( -1.000000000000000000, 0.0000000000000000000, -5.421010862427522200E-016 ) ) ;
#3043 = CARTESIAN_POINT ( 'NONE',  ( 1.023998476231371600, 5.000000000000000000, 3.446470388005084700 ) ) ;
#3044 =( LENGTH_UNIT ( ) NAMED_UNIT ( * ) SI_UNIT ( .MILLI., .METRE. ) );
#3045 = CARTESIAN_POINT ( 'NONE',  ( 0.0000000000000000000, 4.000000000000000000, 0.0000000000000000000 ) ) ;
#3046 = DIRECTION ( 'NONE',  ( -1.000000000000000000, 0.0000000000000000000, 0.0000000000000000000 ) ) ;
#3047 = VECTOR ( 'NONE', #3046, 1000.000000000000000 ) ;
#3048 = CARTESIAN_POINT ( 'NONE',  ( 2.512335245603150900, 5.000000000000000000, -2.955934966012292000 ) ) ;
#3049 = LINE ( 'NONE', #3048, #3047 ) ;
#3050 =( NAMED_UNIT ( * ) SI_UNIT ( $, .STERADIAN. ) SOLID_ANGLE_UNIT ( ) );
#3051 = CARTESIAN_POINT ( 'NONE',  ( 2.512335245603151400, 5.000000000000000000, -2.955934966012292000 ) ) ;
#3052 = CARTESIAN_POINT ( 'NONE',  ( 1.321974330110192900, 5.000000000000000000, -0.3362166561531371200 ) ) ;
#3053 = DIRECTION ( 'NONE',  ( 0.4136819341461172000, 0.0000000000000000000, -0.9104214723748158500 ) ) ;
#3054 = VECTOR ( 'NONE', #3053, 1000.000000000000000 ) ;
#3055 = CARTESIAN_POINT ( 'NONE',  ( 1.321974330110192900, 5.000000000000000000, -0.3362166561531371200 ) ) ;
#3056 = LINE ( 'NONE', #3055, #3054 ) ;
#3057 = PLANE ( 'NONE',  #3080 ) ;
#3058 =( NAMED_UNIT ( * ) PLANE_ANGLE_UNIT ( ) SI_UNIT ( $, .RADIAN. ) );
#3059 =( GEOMETRIC_REPRESENTATION_CONTEXT ( 3 ) GLOBAL_UNCERTAINTY_ASSIGNED_CONTEXT ( ( #3266 ) ) GLOBAL_UNIT_ASSIGNED_CONTEXT ( ( #3241, #3273, #3272 ) ) REPRESENTATION_CONTEXT ( 'NONE', 'WORKASPACE' ) );
#3060 = DIRECTION ( 'NONE',  ( 0.0000000000000000000, 0.0000000000000000000, 1.000000000000000000 ) ) ;
#3061 = VECTOR ( 'NONE', #3060, 1000.000000000000000 ) ;
#3062 = CARTESIAN_POINT ( 'NONE',  ( -0.9762210924250177600, 5.000000000000000000, -3.293963135026376500 ) ) ;
#3063 = LINE ( 'NONE', #3062, #3061 ) ;
#3064 = CARTESIAN_POINT ( 'NONE',  ( -0.9762210924250177600, 5.000000000000000000, -3.293963135026376500 ) ) ;
#3065 = DIRECTION ( 'NONE',  ( 1.000000000000000000, 0.0000000000000000000, 0.0000000000000000000 ) ) ;
#3066 = VECTOR ( 'NONE', #3065, 1000.000000000000000 ) ;
#3067 = CARTESIAN_POINT ( 'NONE',  ( -2.723140106509525100, 5.000000000000000000, -3.293963135026376500 ) ) ;
#3068 = CARTESIAN_POINT ( 'NONE',  ( 5.976079006653202000E-016, 4.000000000000000000, -4.880000000000000800 ) ) ;
#3069 = CARTESIAN_POINT ( 'NONE',  ( 0.0000000000000000000, 5.000000000000000000, 4.900000000000001200 ) ) ;
#3070 = CARTESIAN_POINT ( 'NONE',  ( 6.000571133729650700E-016, 5.000000000000000000, -4.900000000000001200 ) ) ;
#3071 =( GEOMETRIC_REPRESENTATION_CONTEXT ( 3 ) GLOBAL_UNCERTAINTY_ASSIGNED_CONTEXT ( ( #3078 ) ) GLOBAL_UNIT_ASSIGNED_CONTEXT ( ( #3044, #3058, #3050 ) ) REPRESENTATION_CONTEXT ( 'NONE', 'WORKASPACE' ) );
#3072 = LINE ( 'NONE', #3067, #3066 ) ;
#3073 = CARTESIAN_POINT ( 'NONE',  ( 0.0000000000000000000, 4.000000000000000000, 4.880000000000000800 ) ) ;
#3074 = DIRECTION ( 'NONE',  ( 0.0000000000000000000, 0.0000000000000000000, 1.000000000000000000 ) ) ;
#3075 = DIRECTION ( 'NONE',  ( 0.0000000000000000000, 1.000000000000000000, 0.0000000000000000000 ) ) ;
#3076 = AXIS2_PLACEMENT_3D ( 'NONE', #3045, #3075, #3074 ) ;
#3077 = CIRCLE ( 'NONE', #3076, 4.880000000000000800 ) ;
#3078 = UNCERTAINTY_MEASURE_WITH_UNIT (LENGTH_MEASURE( 1.000000000000000100E-005 ), #3044, 'distance_accuracy_value', 'NONE');
#3079 = CARTESIAN_POINT ( 'NONE',  ( 1.500000000000001100, -0.1000000000000000100, -4.999999999999999100 ) ) ;
#3080 = AXIS2_PLACEMENT_3D ( 'NONE', #3079, #3042, #3041 ) ;
#3081 = DIRECTION ( 'NONE',  ( 0.7071067811865483500, -0.0000000000000000000, -0.7071067811865466800 ) ) ;
#3082 = VECTOR ( 'NONE', #3081, 1000.000000000000000 ) ;
#3083 = CARTESIAN_POINT ( 'NONE',  ( -5.100000000000000500, 0.0000000000000000000, -3.599999999999997900 ) ) ;
#3084 = FACE_OUTER_BOUND ( 'NONE', #531, .T. ) ;
#3085 = CARTESIAN_POINT ( 'NONE',  ( 5.100000000000000500, 0.0000000000000000000, 3.600000000000000100 ) ) ;
#3086 = DIRECTION ( 'NONE',  ( -1.700709290173340400E-016, -0.0000000000000000000, -1.000000000000000000 ) ) ;
#3087 = VECTOR ( 'NONE', #3086, 1000.000000000000000 ) ;
#3088 = CARTESIAN_POINT ( 'NONE',  ( 5.099999999999998800, 0.0000000000000000000, -5.099999999999999600 ) ) ;
#3089 = CARTESIAN_POINT ( 'NONE',  ( -3.599999999999995200, 0.0000000000000000000, -5.099999999999999600 ) ) ;
#3090 = CARTESIAN_POINT ( 'NONE',  ( -5.100000000000000500, 0.0000000000000000000, -3.599999999999997900 ) ) ;
#3091 =( LENGTH_UNIT ( ) NAMED_UNIT ( * ) SI_UNIT ( .MILLI., .METRE. ) );
#3092 = DIRECTION ( 'NONE',  ( 8.673617379884032500E-016, 0.0000000000000000000, 1.000000000000000000 ) ) ;
#3093 = DIRECTION ( 'NONE',  ( -0.0000000000000000000, -1.000000000000000000, -0.0000000000000000000 ) ) ;
#3094 = AXIS2_PLACEMENT_3D ( 'NONE', #3135, #3093, #3092 ) ;
#3095 = UNCERTAINTY_MEASURE_WITH_UNIT (LENGTH_MEASURE( 1.000000000000000100E-005 ), #3112, 'distance_accuracy_value', 'NONE');
#3096 =( NAMED_UNIT ( * ) SI_UNIT ( $, .STERADIAN. ) SOLID_ANGLE_UNIT ( ) );
#3097 = LINE ( 'NONE', #3088, #3087 ) ;
#3098 = SURFACE_STYLE_USAGE ( .BOTH. , #3099 ) ;
#3099 = SURFACE_SIDE_STYLE ('',( #3113 ) ) ;
#3100 = CARTESIAN_POINT ( 'NONE',  ( -1.499999999999999600, -0.0000000000000000000, -3.799999999999999400 ) ) ;
#3101 = CARTESIAN_POINT ( 'NONE',  ( -1.500000000000000900, 0.0000000000000000000, -5.099999999999999600 ) ) ;
#3102 = DIRECTION ( 'NONE',  ( -1.000000000000000000, -0.0000000000000000000, -0.0000000000000000000 ) ) ;
#3103 =( NAMED_UNIT ( * ) PLANE_ANGLE_UNIT ( ) SI_UNIT ( $, .RADIAN. ) );
#3104 = MECHANICAL_DESIGN_GEOMETRIC_PRESENTATION_REPRESENTATION (  '', ( #3118 ), #3129 ) ;
#3105 = PRESENTATION_LAYER_ASSIGNMENT (  '', '', ( #3118 ) ) ;
#3106 = FILL_AREA_STYLE_COLOUR ( '', #3110 ) ;
#3107 = DIRECTION ( 'NONE',  ( -1.000000000000000000, -0.0000000000000000000, -0.0000000000000000000 ) ) ;
#3108 = VECTOR ( 'NONE', #3107, 1000.000000000000000 ) ;
#3109 = CARTESIAN_POINT ( 'NONE',  ( -5.100000000000000500, 5.000000000000000000, -5.099999999999999600 ) ) ;
#3110 = COLOUR_RGB ( '',0.1921568627450980200, 0.2039215686274509800, 0.2039215686274509800 ) ;
#3111 =( NAMED_UNIT ( * ) PLANE_ANGLE_UNIT ( ) SI_UNIT ( $, .RADIAN. ) );
#3112 =( LENGTH_UNIT ( ) NAMED_UNIT ( * ) SI_UNIT ( .MILLI., .METRE. ) );
#3113 = SURFACE_STYLE_FILL_AREA ( #3114 ) ;
#3114 = FILL_AREA_STYLE ('',( #3106 ) ) ;
#3115 = DIRECTION ( 'NONE',  ( 0.0000000000000000000, 0.0000000000000000000, 1.000000000000000000 ) ) ;
#3116 = CARTESIAN_POINT ( 'NONE',  ( -5.100000000000000500, 5.000000000000000000, -5.099999999999999600 ) ) ;
#3117 = AXIS2_PLACEMENT_3D ( 'NONE', #3116, #3115, #3120 ) ;
#3118 = STYLED_ITEM ( 'NONE', ( #3119 ), #571 ) ;
#3119 = PRESENTATION_STYLE_ASSIGNMENT (( #3098 ) ) ;
#3120 = DIRECTION ( 'NONE',  ( 1.000000000000000000, 0.0000000000000000000, -0.0000000000000000000 ) ) ;
#3121 = PLANE ( 'NONE',  #3117 ) ;
#3122 = MECHANICAL_DESIGN_GEOMETRIC_PRESENTATION_REPRESENTATION (  '', ( #3124 ), #3196 ) ;
#3123 = PRESENTATION_LAYER_ASSIGNMENT (  '', '', ( #3124 ) ) ;
#3124 = STYLED_ITEM ( 'NONE', ( #3125 ), #595 ) ;
#3125 = PRESENTATION_STYLE_ASSIGNMENT (( #3126 ) ) ;
#3126 = SURFACE_STYLE_USAGE ( .BOTH. , #3127 ) ;
#3127 = SURFACE_SIDE_STYLE ('',( #3143 ) ) ;
#3128 =( NAMED_UNIT ( * ) SI_UNIT ( $, .STERADIAN. ) SOLID_ANGLE_UNIT ( ) );
#3129 =( GEOMETRIC_REPRESENTATION_CONTEXT ( 3 ) GLOBAL_UNCERTAINTY_ASSIGNED_CONTEXT ( ( #3140 ) ) GLOBAL_UNIT_ASSIGNED_CONTEXT ( ( #3091, #3103, #3128 ) ) REPRESENTATION_CONTEXT ( 'NONE', 'WORKASPACE' ) );
#3130 = DIRECTION ( 'NONE',  ( 1.700709290173340400E-016, 0.0000000000000000000, 1.000000000000000000 ) ) ;
#3131 = VECTOR ( 'NONE', #3130, 1000.000000000000000 ) ;
#3132 = CARTESIAN_POINT ( 'NONE',  ( -2.350000000000000100, 0.0000000000000000000, 5.099999999999999600 ) ) ;
#3133 = LINE ( 'NONE', #3083, #3082 ) ;
#3134 = CARTESIAN_POINT ( 'NONE',  ( 3.600000000000001000, 0.0000000000000000000, 5.099999999999999600 ) ) ;
#3135 = CARTESIAN_POINT ( 'NONE',  ( 3.600000000000000100, 0.0000000000000000000, 3.600000000000000100 ) ) ;
#3136 = CARTESIAN_POINT ( 'NONE',  ( -5.100000000000000500, 0.0000000000000000000, -5.099999999999999600 ) ) ;
#3137 = VECTOR ( 'NONE', #3102, 1000.000000000000000 ) ;
#3138 = CARTESIAN_POINT ( 'NONE',  ( -5.100000000000000500, 0.0000000000000000000, -5.099999999999999600 ) ) ;
#3139 = LINE ( 'NONE', #3138, #3137 ) ;
#3140 = UNCERTAINTY_MEASURE_WITH_UNIT (LENGTH_MEASURE( 1.000000000000000100E-005 ), #3091, 'distance_accuracy_value', 'NONE');
#3141 = LINE ( 'NONE', #3109, #3108 ) ;
#3142 = LINE ( 'NONE', #3136, #3131 ) ;
#3143 = SURFACE_STYLE_FILL_AREA ( #3144 ) ;
#3144 = FILL_AREA_STYLE ('',( #3151 ) ) ;
#3145 = COLOUR_RGB ( '',0.8274509803921568100, 0.8392156862745098200, 0.8274509803921568100 ) ;
#3146 = FACE_OUTER_BOUND ( 'NONE', #614, .T. ) ;
#3147 = DIRECTION ( 'NONE',  ( -4.251773225433349800E-017, -1.000000000000000000, -0.0000000000000000000 ) ) ;
#3148 = VECTOR ( 'NONE', #3147, 1000.000000000000000 ) ;
#3149 = CARTESIAN_POINT ( 'NONE',  ( -1.500000000000000200, -0.1000000000000000100, 5.149999999999999500 ) ) ;
#3150 = LINE ( 'NONE', #3149, #3148 ) ;
#3151 = FILL_AREA_STYLE_COLOUR ( '', #3145 ) ;
#3152 = CIRCLE ( 'NONE', #3094, 1.500000000000000400 ) ;
#3153 = CARTESIAN_POINT ( 'NONE',  ( 1.499999999999999600, 0.0000000000000000000, 3.799999999999999400 ) ) ;
#3154 = DIRECTION ( 'NONE',  ( 1.000000000000000000, -0.0000000000000000000, -0.0000000000000000000 ) ) ;
#3155 = VECTOR ( 'NONE', #3154, 1000.000000000000000 ) ;
#3156 = DIRECTION ( 'NONE',  ( 0.0000000000000000000, 0.0000000000000000000, 1.000000000000000000 ) ) ;
#3157 = DIRECTION ( 'NONE',  ( -0.0000000000000000000, 1.000000000000000000, -0.0000000000000000000 ) ) ;
#3158 = CARTESIAN_POINT ( 'NONE',  ( 0.0000000000000000000, 4.000000000000000000, 0.0000000000000000000 ) ) ;
#3159 = AXIS2_PLACEMENT_3D ( 'NONE', #3158, #3157, #3156 ) ;
#3160 = DIRECTION ( 'NONE',  ( 0.0000000000000000000, 0.0000000000000000000, 1.000000000000000000 ) ) ;
#3161 = DIRECTION ( 'NONE',  ( 0.0000000000000000000, 1.000000000000000000, 0.0000000000000000000 ) ) ;
#3162 = CARTESIAN_POINT ( 'NONE',  ( 3.600000000000000100, 5.000000000000000000, 3.600000000000000100 ) ) ;
#3163 = AXIS2_PLACEMENT_3D ( 'NONE', #3162, #3161, #3160 ) ;
#3164 = CIRCLE ( 'NONE', #3163, 1.500000000000000400 ) ;
#3165 = STYLED_ITEM ( 'NONE', ( #3409 ), #708 ) ;
#3166 = DIRECTION ( 'NONE',  ( -0.0000000000000000000, 1.000000000000000000, -0.0000000000000000000 ) ) ;
#3167 = VECTOR ( 'NONE', #3166, 1000.000000000000000 ) ;
#3168 = DIRECTION ( 'NONE',  ( -0.7071067811865462400, 0.0000000000000000000, -0.7071067811865489100 ) ) ;
#3169 = VECTOR ( 'NONE', #3168, 999.9999999999998900 ) ;
#3170 = CARTESIAN_POINT ( 'NONE',  ( -2.350000000000000100, 0.0000000000000000000, 5.099999999999999600 ) ) ;
#3171 = LINE ( 'NONE', #3170, #3169 ) ;
#3172 = AXIS2_PLACEMENT_3D ( 'NONE', #3199, #3189, #3175 ) ;
#3173 = CARTESIAN_POINT ( 'NONE',  ( -1.500000000000000200, 2.400000000000000400, 5.149999999999999500 ) ) ;
#3174 = PLANE ( 'NONE',  #3172 ) ;
#3175 = DIRECTION ( 'NONE',  ( -1.807003620809174900E-016, 0.0000000000000000000, -1.000000000000000000 ) ) ;
#3176 = CARTESIAN_POINT ( 'NONE',  ( 1.499999999999999600, 0.0000000000000000000, 3.799999999999999400 ) ) ;
#3177 = LINE ( 'NONE', #3176, #3155 ) ;
#3178 = LINE ( 'NONE', #3195, #3194 ) ;
#3179 = CARTESIAN_POINT ( 'NONE',  ( -1.500000000000000000, 5.000000000000000900, 5.099999999999999600 ) ) ;
#3180 = CARTESIAN_POINT ( 'NONE',  ( -1.500000000000000000, 5.000000000000000900, 5.149999999999999500 ) ) ;
#3181 = DIRECTION ( 'NONE',  ( -4.251773225433349800E-017, -1.000000000000000000, -0.0000000000000000000 ) ) ;
#3182 = VECTOR ( 'NONE', #3181, 1000.000000000000000 ) ;
#3183 = CARTESIAN_POINT ( 'NONE',  ( -1.500000000000000200, -0.1000000000000000100, 5.149999999999999500 ) ) ;
#3184 = LINE ( 'NONE', #3183, #3182 ) ;
#3185 = DIRECTION ( 'NONE',  ( -0.0000000000000000000, -0.0000000000000000000, -1.000000000000000000 ) ) ;
#3186 = VECTOR ( 'NONE', #3185, 1000.000000000000000 ) ;
#3187 = CARTESIAN_POINT ( 'NONE',  ( -1.500000000000000200, 2.400000000000000400, 5.149999999999999500 ) ) ;
#3188 = LINE ( 'NONE', #3187, #3186 ) ;
#3189 = DIRECTION ( 'NONE',  ( 1.000000000000000000, 0.0000000000000000000, -1.807003620809174900E-016 ) ) ;
#3190 = CYLINDRICAL_SURFACE ( 'NONE', #3159, 4.900000000000001200 ) ;
#3191 = FACE_OUTER_BOUND ( 'NONE', #628, .T. ) ;
#3192 = CARTESIAN_POINT ( 'NONE',  ( -1.500000000000000200, -0.1000000000000000100, 5.149999999999999500 ) ) ;
#3193 = DIRECTION ( 'NONE',  ( -1.807003620809174600E-016, 0.0000000000000000000, -1.000000000000000000 ) ) ;
#3194 = VECTOR ( 'NONE', #3193, 1000.000000000000000 ) ;
#3195 = CARTESIAN_POINT ( 'NONE',  ( -1.500000000000000200, -0.1000000000000000100, 4.999999999999999100 ) ) ;
#3196 =( GEOMETRIC_REPRESENTATION_CONTEXT ( 3 ) GLOBAL_UNCERTAINTY_ASSIGNED_CONTEXT ( ( #3095 ) ) GLOBAL_UNIT_ASSIGNED_CONTEXT ( ( #3112, #3111, #3096 ) ) REPRESENTATION_CONTEXT ( 'NONE', 'WORKASPACE' ) );
#3197 = CARTESIAN_POINT ( 'NONE',  ( -1.500000000000000400, -0.1000000000000000100, 3.799999999999999400 ) ) ;
#3198 = LINE ( 'NONE', #3197, #3167 ) ;
#3199 = CARTESIAN_POINT ( 'NONE',  ( -1.500000000000000200, -0.1000000000000000100, 4.999999999999999100 ) ) ;
#3200 = FACE_BOUND ( 'NONE', #633, .T. ) ;
#3201 = DIRECTION ( 'NONE',  ( 0.0000000000000000000, 0.0000000000000000000, 1.000000000000000000 ) ) ;
#3202 = AXIS2_PLACEMENT_3D ( 'NONE', #3203, #3209, #3231 ) ;
#3203 = CARTESIAN_POINT ( 'NONE',  ( 0.0000000000000000000, 4.000000000000000000, 0.0000000000000000000 ) ) ;
#3204 = CARTESIAN_POINT ( 'NONE',  ( 0.0000000000000000000, 5.000000000000000000, 0.0000000000000000000 ) ) ;
#3205 = AXIS2_PLACEMENT_3D ( 'NONE', #3204, #3214, #3213 ) ;
#3206 = CIRCLE ( 'NONE', #3205, 4.900000000000001200 ) ;
#3207 = AXIS2_PLACEMENT_3D ( 'NONE', #3211, #3210, #3230 ) ;
#3208 = DIRECTION ( 'NONE',  ( 0.0000000000000000000, 1.000000000000000000, 0.0000000000000000000 ) ) ;
#3209 = DIRECTION ( 'NONE',  ( 0.0000000000000000000, 1.000000000000000000, 0.0000000000000000000 ) ) ;
#3210 = DIRECTION ( 'NONE',  ( 0.0000000000000000000, 1.000000000000000000, 0.0000000000000000000 ) ) ;
#3211 = CARTESIAN_POINT ( 'NONE',  ( 0.0000000000000000000, 4.000000000000000000, 0.0000000000000000000 ) ) ;
#3212 = FACE_OUTER_BOUND ( 'NONE', #631, .T. ) ;
#3213 = DIRECTION ( 'NONE',  ( 0.0000000000000000000, 0.0000000000000000000, 1.000000000000000000 ) ) ;
#3214 = DIRECTION ( 'NONE',  ( 0.0000000000000000000, 1.000000000000000000, 0.0000000000000000000 ) ) ;
#3215 = CIRCLE ( 'NONE', #3232, 4.900000000000001200 ) ;
#3216 = CIRCLE ( 'NONE', #3202, 4.880000000000000800 ) ;
#3217 = CARTESIAN_POINT ( 'NONE',  ( 0.0000000000000000000, 4.000000000000000000, 0.0000000000000000000 ) ) ;
#3218 = DIRECTION ( 'NONE',  ( -1.000000000000000000, 0.0000000000000000000, 0.0000000000000000000 ) ) ;
#3219 = VECTOR ( 'NONE', #3218, 1000.000000000000000 ) ;
#3220 = CARTESIAN_POINT ( 'NONE',  ( 1.500000000000000000, 5.000000000000000900, 5.149999999999999500 ) ) ;
#3221 = LINE ( 'NONE', #3220, #3219 ) ;
#3222 = DIRECTION ( 'NONE',  ( 1.000000000000000000, 0.0000000000000000000, 0.0000000000000000000 ) ) ;
#3223 = VECTOR ( 'NONE', #3222, 1000.000000000000000 ) ;
#3224 = CARTESIAN_POINT ( 'NONE',  ( -1.500000000000119900, 5.000000000000000900, -5.149999999999999500 ) ) ;
#3225 = LINE ( 'NONE', #3224, #3223 ) ;
#3226 = DIRECTION ( 'NONE',  ( -0.0000000000000000000, -0.0000000000000000000, -1.000000000000000000 ) ) ;
#3227 = VECTOR ( 'NONE', #3226, 1000.000000000000000 ) ;
#3228 = CARTESIAN_POINT ( 'NONE',  ( 1.500000000000000000, 5.000000000000000900, 5.149999999999999500 ) ) ;
#3229 = LINE ( 'NONE', #3228, #3227 ) ;
#3230 = DIRECTION ( 'NONE',  ( 0.0000000000000000000, -0.0000000000000000000, 1.000000000000000000 ) ) ;
#3231 = DIRECTION ( 'NONE',  ( 0.0000000000000000000, 0.0000000000000000000, 1.000000000000000000 ) ) ;
#3232 = AXIS2_PLACEMENT_3D ( 'NONE', #3217, #3208, #3201 ) ;
#3233 = PLANE ( 'NONE',  #3207 ) ;
#3234 = DIRECTION ( 'NONE',  ( 0.0000000000000000000, -0.0000000000000000000, 1.000000000000000000 ) ) ;
#3235 = DIRECTION ( 'NONE',  ( 0.0000000000000000000, 1.000000000000000000, 0.0000000000000000000 ) ) ;
#3236 = CARTESIAN_POINT ( 'NONE',  ( -5.099999999999998800, 5.000000000000000000, 5.099999999999999600 ) ) ;
#3237 = AXIS2_PLACEMENT_3D ( 'NONE', #3236, #3235, #3234 ) ;
#3238 = CARTESIAN_POINT ( 'NONE',  ( -1.500000000000119900, 5.000000000000000900, -5.149999999999999500 ) ) ;
#3239 = CARTESIAN_POINT ( 'NONE',  ( 5.100000000000000500, 5.000000000000000000, 3.600000000000000100 ) ) ;
#3240 = PLANE ( 'NONE',  #3237 ) ;
#3241 =( LENGTH_UNIT ( ) NAMED_UNIT ( * ) SI_UNIT ( .MILLI., .METRE. ) );
#3242 = MECHANICAL_DESIGN_GEOMETRIC_PRESENTATION_REPRESENTATION (  '', ( #3244 ), #3059 ) ;
#3243 = PRESENTATION_LAYER_ASSIGNMENT (  '', '', ( #3244 ) ) ;
#3244 = STYLED_ITEM ( 'NONE', ( #3247 ), #651 ) ;
#3245 =( GEOMETRIC_REPRESENTATION_CONTEXT ( 3 ) GLOBAL_UNCERTAINTY_ASSIGNED_CONTEXT ( ( #3264 ) ) GLOBAL_UNIT_ASSIGNED_CONTEXT ( ( #3274, #3275, #3267 ) ) REPRESENTATION_CONTEXT ( 'NONE', 'WORKASPACE' ) );
#3246 = COLOUR_RGB ( '',0.1921568627450980200, 0.2039215686274509800, 0.2039215686274509800 ) ;
#3247 = PRESENTATION_STYLE_ASSIGNMENT (( #3248 ) ) ;
#3248 = SURFACE_STYLE_USAGE ( .BOTH. , #3249 ) ;
#3249 = SURFACE_SIDE_STYLE ('',( #3250 ) ) ;
#3250 = SURFACE_STYLE_FILL_AREA ( #3251 ) ;
#3251 = FILL_AREA_STYLE ('',( #3252 ) ) ;
#3252 = FILL_AREA_STYLE_COLOUR ( '', #3253 ) ;
#3253 = COLOUR_RGB ( '',0.1921568627450980200, 0.2039215686274509800, 0.2039215686274509800 ) ;
#3254 = FACE_OUTER_BOUND ( 'NONE', #671, .T. ) ;
#3255 = VECTOR ( 'NONE', #3260, 1000.000000000000000 ) ;
#3256 = MECHANICAL_DESIGN_GEOMETRIC_PRESENTATION_REPRESENTATION (  '', ( #3271 ), #3245 ) ;
#3257 = SURFACE_STYLE_FILL_AREA ( #3258 ) ;
#3258 = FILL_AREA_STYLE ('',( #3259 ) ) ;
#3259 = FILL_AREA_STYLE_COLOUR ( '', #3246 ) ;
#3260 = DIRECTION ( 'NONE',  ( 0.0000000000000000000, -1.000000000000000000, 0.0000000000000000000 ) ) ;
#3261 = PRESENTATION_STYLE_ASSIGNMENT (( #3262 ) ) ;
#3262 = SURFACE_STYLE_USAGE ( .BOTH. , #3263 ) ;
#3263 = SURFACE_SIDE_STYLE ('',( #3257 ) ) ;
#3264 = UNCERTAINTY_MEASURE_WITH_UNIT (LENGTH_MEASURE( 1.000000000000000100E-005 ), #3274, 'distance_accuracy_value', 'NONE');
#3265 = FACE_OUTER_BOUND ( 'NONE', #647, .T. ) ;
#3266 = UNCERTAINTY_MEASURE_WITH_UNIT (LENGTH_MEASURE( 1.000000000000000100E-005 ), #3241, 'distance_accuracy_value', 'NONE');
#3267 =( NAMED_UNIT ( * ) SI_UNIT ( $, .STERADIAN. ) SOLID_ANGLE_UNIT ( ) );
#3268 = LINE ( 'NONE', #3239, #3255 ) ;
#3269 = FACE_BOUND ( 'NONE', #638, .T. ) ;
#3270 = PRESENTATION_LAYER_ASSIGNMENT (  '', '', ( #3271 ) ) ;
#3271 = STYLED_ITEM ( 'NONE', ( #3261 ), #649 ) ;
#3272 =( NAMED_UNIT ( * ) SI_UNIT ( $, .STERADIAN. ) SOLID_ANGLE_UNIT ( ) );
#3273 =( NAMED_UNIT ( * ) PLANE_ANGLE_UNIT ( ) SI_UNIT ( $, .RADIAN. ) );
#3274 =( LENGTH_UNIT ( ) NAMED_UNIT ( * ) SI_UNIT ( .MILLI., .METRE. ) );
#3275 =( NAMED_UNIT ( * ) PLANE_ANGLE_UNIT ( ) SI_UNIT ( $, .RADIAN. ) );
#3276 = CARTESIAN_POINT ( 'NONE',  ( 0.0000000000000000000, 5.000000000000000000, 4.880000000000000800 ) ) ;
#3277 = DIRECTION ( 'NONE',  ( -1.734723475976806800E-016, 1.000000000000000000, -0.0000000000000000000 ) ) ;
#3278 = VECTOR ( 'NONE', #3277, 1000.000000000000000 ) ;
#3279 = CARTESIAN_POINT ( 'NONE',  ( 1.500000000000000000, 5.000000000000000900, 5.099999999999999600 ) ) ;
#3280 = LINE ( 'NONE', #3279, #3278 ) ;
#3281 = DIRECTION ( 'NONE',  ( 1.000000000000000000, 0.0000000000000000000, 0.0000000000000000000 ) ) ;
#3282 = VECTOR ( 'NONE', #3281, 1000.000000000000000 ) ;
#3283 = CARTESIAN_POINT ( 'NONE',  ( -5.099999999999998800, 0.0000000000000000000, 5.099999999999999600 ) ) ;
#3284 = LINE ( 'NONE', #3367, #3366 ) ;
#3285 = DIRECTION ( 'NONE',  ( -1.807003620809174900E-016, 0.0000000000000000000, -1.000000000000000000 ) ) ;
#3286 = DIRECTION ( 'NONE',  ( 1.000000000000000000, 0.0000000000000000000, -1.807003620809174900E-016 ) ) ;
#3287 = CARTESIAN_POINT ( 'NONE',  ( -1.500000000000000200, -0.1000000000000000100, 4.999999999999999100 ) ) ;
#3288 = AXIS2_PLACEMENT_3D ( 'NONE', #3287, #3286, #3285 ) ;
#3289 = PLANE ( 'NONE',  #3288 ) ;
#3290 =( GEOMETRIC_REPRESENTATION_CONTEXT ( 3 ) GLOBAL_UNCERTAINTY_ASSIGNED_CONTEXT ( ( #3292 ) ) GLOBAL_UNIT_ASSIGNED_CONTEXT ( ( #3329, #3294, #3293 ) ) REPRESENTATION_CONTEXT ( 'NONE', 'WORKASPACE' ) );
#3291 = VECTOR ( 'NONE', #3342, 1000.000000000000000 ) ;
#3292 = UNCERTAINTY_MEASURE_WITH_UNIT (LENGTH_MEASURE( 1.000000000000000100E-005 ), #3329, 'distance_accuracy_value', 'NONE');
#3293 =( NAMED_UNIT ( * ) SI_UNIT ( $, .STERADIAN. ) SOLID_ANGLE_UNIT ( ) );
#3294 =( NAMED_UNIT ( * ) PLANE_ANGLE_UNIT ( ) SI_UNIT ( $, .RADIAN. ) );
#3295 = FILL_AREA_STYLE_COLOUR ( '', #3296 ) ;
#3296 = COLOUR_RGB ( '',0.8274509803921568100, 0.8392156862745098200, 0.8274509803921568100 ) ;
#3297 = FACE_OUTER_BOUND ( 'NONE', #615, .T. ) ;
#3298 = DIRECTION ( 'NONE',  ( -0.0000000000000000000, -0.0000000000000000000, -1.000000000000000000 ) ) ;
#3299 = VECTOR ( 'NONE', #3298, 1000.000000000000000 ) ;
#3300 = CARTESIAN_POINT ( 'NONE',  ( -1.500000000000000900, 3.673940397442060400E-016, -4.999999999999999100 ) ) ;
#3301 = LINE ( 'NONE', #3300, #3299 ) ;
#3302 = FILL_AREA_STYLE ('',( #3295 ) ) ;
#3303 = DIRECTION ( 'NONE',  ( -1.700709290173340400E-016, 0.0000000000000000000, -1.000000000000000000 ) ) ;
#3304 = DIRECTION ( 'NONE',  ( 0.4136819341461172600, 0.0000000000000000000, -0.9104214723748158500 ) ) ;
#3305 = VECTOR ( 'NONE', #3304, 1000.000000000000000 ) ;
#3306 = CARTESIAN_POINT ( 'NONE',  ( -2.565349613551778600, 5.000000000000000000, -0.3362166561531371200 ) ) ;
#3307 = LINE ( 'NONE', #3306, #3305 ) ;
#3308 = LINE ( 'NONE', #3345, #3291 ) ;
#3309 = LINE ( 'NONE', #3283, #3282 ) ;
#3310 = CARTESIAN_POINT ( 'NONE',  ( 1.500000000000000200, 0.0000000000000000000, 5.099999999999999600 ) ) ;
#3311 = CARTESIAN_POINT ( 'NONE',  ( 5.100000000000000500, 5.000000000000000000, 3.600000000000000100 ) ) ;
#3312 =( LENGTH_UNIT ( ) NAMED_UNIT ( * ) SI_UNIT ( .MILLI., .METRE. ) );
#3313 = MECHANICAL_DESIGN_GEOMETRIC_PRESENTATION_REPRESENTATION (  '', ( #3321 ), #3352 ) ;
#3314 = PRESENTATION_LAYER_ASSIGNMENT (  '', '', ( #3321 ) ) ;
#3315 = DIRECTION ( 'NONE',  ( -0.7071067811865483500, -0.0000000000000000000, 0.7071067811865466800 ) ) ;
#3316 = VECTOR ( 'NONE', #3315, 1000.000000000000000 ) ;
#3317 = CARTESIAN_POINT ( 'NONE',  ( -9.449999999999997500, 5.000000000000000000, 0.7499999999999893400 ) ) ;
#3318 = LINE ( 'NONE', #3317, #3316 ) ;
#3319 = DIRECTION ( 'NONE',  ( -1.000000000000000000, 0.0000000000000000000, -0.0000000000000000000 ) ) ;
#3320 = DIRECTION ( 'NONE',  ( 0.0000000000000000000, 0.0000000000000000000, -1.000000000000000000 ) ) ;
#3321 = STYLED_ITEM ( 'NONE', ( #3322 ), #661 ) ;
#3322 = PRESENTATION_STYLE_ASSIGNMENT (( #3323 ) ) ;
#3323 = SURFACE_STYLE_USAGE ( .BOTH. , #3324 ) ;
#3324 = SURFACE_SIDE_STYLE ('',( #3325 ) ) ;
#3325 = SURFACE_STYLE_FILL_AREA ( #3326 ) ;
#3326 = FILL_AREA_STYLE ('',( #3341 ) ) ;
#3327 = COLOUR_RGB ( '',0.1921568627450980200, 0.2039215686274509800, 0.2039215686274509800 ) ;
#3328 = FACE_OUTER_BOUND ( 'NONE', #648, .T. ) ;
#3329 =( LENGTH_UNIT ( ) NAMED_UNIT ( * ) SI_UNIT ( .MILLI., .METRE. ) );
#3330 = MECHANICAL_DESIGN_GEOMETRIC_PRESENTATION_REPRESENTATION (  '', ( #3332 ), #3290 ) ;
#3331 = PRESENTATION_LAYER_ASSIGNMENT (  '', '', ( #3332 ) ) ;
#3332 = STYLED_ITEM ( 'NONE', ( #3333 ), #678 ) ;
#3333 = PRESENTATION_STYLE_ASSIGNMENT (( #3334 ) ) ;
#3334 = SURFACE_STYLE_USAGE ( .BOTH. , #3335 ) ;
#3335 = SURFACE_SIDE_STYLE ('',( #3336 ) ) ;
#3336 = SURFACE_STYLE_FILL_AREA ( #3302 ) ;
#3337 = DIRECTION ( 'NONE',  ( 1.000000000000000000, 0.0000000000000000000, 0.0000000000000000000 ) ) ;
#3338 = VECTOR ( 'NONE', #3337, 1000.000000000000000 ) ;
#3339 = CARTESIAN_POINT ( 'NONE',  ( -5.099999999999998800, 5.000000000000000000, 5.099999999999999600 ) ) ;
#3340 = LINE ( 'NONE', #3339, #3338 ) ;
#3341 = FILL_AREA_STYLE_COLOUR ( '', #3327 ) ;
#3342 = DIRECTION ( 'NONE',  ( 1.700709290173340400E-016, 0.0000000000000000000, 1.000000000000000000 ) ) ;
#3343 = CARTESIAN_POINT ( 'NONE',  ( -5.100000000000000500, 5.000000000000000000, -5.099999999999999600 ) ) ;
#3344 = AXIS2_PLACEMENT_3D ( 'NONE', #3343, #3351, #3303 ) ;
#3345 = CARTESIAN_POINT ( 'NONE',  ( -5.100000000000000500, 5.000000000000000000, -5.099999999999999600 ) ) ;
#3346 = DIRECTION ( 'NONE',  ( -1.000000000000000000, 0.0000000000000000000, 0.0000000000000000000 ) ) ;
#3347 = VECTOR ( 'NONE', #3346, 1000.000000000000000 ) ;
#3348 = CARTESIAN_POINT ( 'NONE',  ( 1.683109893490474700, 5.000000000000000000, -0.3362166561531371200 ) ) ;
#3349 = LINE ( 'NONE', #3348, #3347 ) ;
#3350 = PLANE ( 'NONE',  #3344 ) ;
#3351 = DIRECTION ( 'NONE',  ( 1.000000000000000000, 0.0000000000000000000, -1.700709290173340400E-016 ) ) ;
#3352 =( GEOMETRIC_REPRESENTATION_CONTEXT ( 3 ) GLOBAL_UNCERTAINTY_ASSIGNED_CONTEXT ( ( #3356 ) ) GLOBAL_UNIT_ASSIGNED_CONTEXT ( ( #3312, #3358, #3357 ) ) REPRESENTATION_CONTEXT ( 'NONE', 'WORKASPACE' ) );
#3353 = CARTESIAN_POINT ( 'NONE',  ( -5.099999999999998800, 5.000000000000000000, 5.099999999999999600 ) ) ;
#3354 = AXIS2_PLACEMENT_3D ( 'NONE', #3353, #3320, #3319 ) ;
#3355 = PLANE ( 'NONE',  #3354 ) ;
#3356 = UNCERTAINTY_MEASURE_WITH_UNIT (LENGTH_MEASURE( 1.000000000000000100E-005 ), #3312, 'distance_accuracy_value', 'NONE');
#3357 =( NAMED_UNIT ( * ) SI_UNIT ( $, .STERADIAN. ) SOLID_ANGLE_UNIT ( ) );
#3358 =( NAMED_UNIT ( * ) PLANE_ANGLE_UNIT ( ) SI_UNIT ( $, .RADIAN. ) );
#3359 = CARTESIAN_POINT ( 'NONE',  ( -1.500000000000000200, 1.399999999999999900, 5.099999999999999600 ) ) ;
#3360 = DIRECTION ( 'NONE',  ( 8.673617379884034200E-017, -1.000000000000000000, 0.0000000000000000000 ) ) ;
#3361 = VECTOR ( 'NONE', #3360, 1000.000000000000000 ) ;
#3362 = CARTESIAN_POINT ( 'NONE',  ( -1.500000000000000000, 5.000000000000000900, 5.099999999999999600 ) ) ;
#3363 = LINE ( 'NONE', #3362, #3361 ) ;
#3364 = CARTESIAN_POINT ( 'NONE',  ( -1.500000000000000200, 1.399999999999999900, 5.149999999999999500 ) ) ;
#3365 = DIRECTION ( 'NONE',  ( -0.0000000000000000000, -0.0000000000000000000, -1.000000000000000000 ) ) ;
#3366 = VECTOR ( 'NONE', #3365, 1000.000000000000000 ) ;
#3367 = CARTESIAN_POINT ( 'NONE',  ( -1.500000000000000200, 1.399999999999999900, 5.149999999999999500 ) ) ;
#3368 = MECHANICAL_DESIGN_GEOMETRIC_PRESENTATION_REPRESENTATION (  '', ( #3165 ), #3438 ) ;
#3369 = DIRECTION ( 'NONE',  ( 8.673617379884034200E-017, -1.000000000000000000, 0.0000000000000000000 ) ) ;
#3370 = VECTOR ( 'NONE', #3369, 1000.000000000000000 ) ;
#3371 = CARTESIAN_POINT ( 'NONE',  ( -1.500000000000000000, 5.000000000000000900, 5.099999999999999600 ) ) ;
#3372 = LINE ( 'NONE', #3371, #3370 ) ;
#3373 = PRESENTATION_LAYER_ASSIGNMENT (  '', '', ( #3165 ) ) ;
#3374 = DIRECTION ( 'NONE',  ( 1.000000000000000000, 0.0000000000000000000, 0.0000000000000000000 ) ) ;
#3375 = VECTOR ( 'NONE', #3374, 1000.000000000000000 ) ;
#3376 = CARTESIAN_POINT ( 'NONE',  ( -5.099999999999998800, 0.0000000000000000000, 5.099999999999999600 ) ) ;
#3377 = LINE ( 'NONE', #3376, #3375 ) ;
#3378 = FACE_OUTER_BOUND ( 'NONE', #692, .T. ) ;
#3379 = FILL_AREA_STYLE_COLOUR ( '', #3388 ) ;
#3380 =( NAMED_UNIT ( * ) PLANE_ANGLE_UNIT ( ) SI_UNIT ( $, .RADIAN. ) );
#3381 =( GEOMETRIC_REPRESENTATION_CONTEXT ( 3 ) GLOBAL_UNCERTAINTY_ASSIGNED_CONTEXT ( ( #3434 ) ) GLOBAL_UNIT_ASSIGNED_CONTEXT ( ( #3393, #3380, #3406 ) ) REPRESENTATION_CONTEXT ( 'NONE', 'WORKASPACE' ) );
#3382 = AXIS2_PLACEMENT_3D ( 'NONE', #3387, #3386, #3385 ) ;
#3383 = PLANE ( 'NONE',  #3382 ) ;
#3384 = LINE ( 'NONE', #3401, #3405 ) ;
#3385 = DIRECTION ( 'NONE',  ( 0.0000000000000000000, -0.0000000000000000000, 1.000000000000000000 ) ) ;
#3386 = DIRECTION ( 'NONE',  ( 0.0000000000000000000, 1.000000000000000000, 0.0000000000000000000 ) ) ;
#3387 = CARTESIAN_POINT ( 'NONE',  ( -5.099999999999998800, 0.0000000000000000000, 5.099999999999999600 ) ) ;
#3388 = COLOUR_RGB ( '',0.1921568627450980200, 0.2039215686274509800, 0.2039215686274509800 ) ;
#3389 = DIRECTION ( 'NONE',  ( -0.0000000000000000000, 1.000000000000000000, 0.0000000000000000000 ) ) ;
#3390 = VECTOR ( 'NONE', #3389, 1000.000000000000000 ) ;
#3391 = CARTESIAN_POINT ( 'NONE',  ( -3.599999999999995200, 5.000000000000000000, -5.099999999999999600 ) ) ;
#3392 = SURFACE_STYLE_FILL_AREA ( #3416 ) ;
#3393 =( LENGTH_UNIT ( ) NAMED_UNIT ( * ) SI_UNIT ( .MILLI., .METRE. ) );
#3394 = DIRECTION ( 'NONE',  ( -0.0000000000000000000, 1.000000000000000000, -0.0000000000000000000 ) ) ;
#3395 = VECTOR ( 'NONE', #3394, 1000.000000000000000 ) ;
#3396 = DIRECTION ( 'NONE',  ( 1.734723475976806800E-016, 1.000000000000000000, -0.0000000000000000000 ) ) ;
#3397 = VECTOR ( 'NONE', #3396, 1000.000000000000000 ) ;
#3398 = CARTESIAN_POINT ( 'NONE',  ( -1.500000000000000000, 5.000000000000000900, -5.099999999999999600 ) ) ;
#3399 = LINE ( 'NONE', #3398, #3397 ) ;
#3400 = FILL_AREA_STYLE_COLOUR ( '', #3414 ) ;
#3401 = CARTESIAN_POINT ( 'NONE',  ( -1.500000000000000000, 5.000000000000000900, 5.149999999999999500 ) ) ;
#3402 = CARTESIAN_POINT ( 'NONE',  ( 6.000571133729650700E-016, 4.000000000000000000, -4.900000000000001200 ) ) ;
#3403 = LINE ( 'NONE', #3402, #3395 ) ;
#3404 = CARTESIAN_POINT ( 'NONE',  ( 3.600000000000001000, 5.000000000000000000, 5.099999999999999600 ) ) ;
#3405 = VECTOR ( 'NONE', #3408, 1000.000000000000000 ) ;
#3406 =( NAMED_UNIT ( * ) SI_UNIT ( $, .STERADIAN. ) SOLID_ANGLE_UNIT ( ) );
#3407 = CARTESIAN_POINT ( 'NONE',  ( -2.349999999999999600, 5.000000000000000000, 5.099999999999999600 ) ) ;
#3408 = DIRECTION ( 'NONE',  ( -0.0000000000000000000, -0.0000000000000000000, -1.000000000000000000 ) ) ;
#3409 = PRESENTATION_STYLE_ASSIGNMENT (( #3410 ) ) ;
#3410 = SURFACE_STYLE_USAGE ( .BOTH. , #3411 ) ;
#3411 = SURFACE_SIDE_STYLE ('',( #3412 ) ) ;
#3412 = SURFACE_STYLE_FILL_AREA ( #3413 ) ;
#3413 = FILL_AREA_STYLE ('',( #3400 ) ) ;
#3414 = COLOUR_RGB ( '',0.1921568627450980200, 0.2039215686274509800, 0.2039215686274509800 ) ;
#3415 = FACE_OUTER_BOUND ( 'NONE', #715, .T. ) ;
#3416 = FILL_AREA_STYLE ('',( #3379 ) ) ;
#3417 = SURFACE_STYLE_USAGE ( .BOTH. , #3425 ) ;
#3418 = PRESENTATION_STYLE_ASSIGNMENT (( #3417 ) ) ;
#3419 = VECTOR ( 'NONE', #3435, 1000.000000000000000 ) ;
#3420 = MECHANICAL_DESIGN_GEOMETRIC_PRESENTATION_REPRESENTATION (  '', ( #3421 ), #3381 ) ;
#3421 = STYLED_ITEM ( 'NONE', ( #3418 ), #691 ) ;
#3422 = LINE ( 'NONE', #3391, #3390 ) ;
#3423 = CARTESIAN_POINT ( 'NONE',  ( -1.500000000000119900, 5.000000000000000900, -5.149999999999999500 ) ) ;
#3424 = LINE ( 'NONE', #3423, #3427 ) ;
#3425 = SURFACE_SIDE_STYLE ('',( #3392 ) ) ;
#3426 = DIRECTION ( 'NONE',  ( -0.0000000000000000000, -0.0000000000000000000, 1.000000000000000000 ) ) ;
#3427 = VECTOR ( 'NONE', #3426, 1000.000000000000000 ) ;
#3428 = DIRECTION ( 'NONE',  ( 0.0000000000000000000, -1.000000000000000000, 0.0000000000000000000 ) ) ;
#3429 = VECTOR ( 'NONE', #3428, 1000.000000000000000 ) ;
#3430 = CARTESIAN_POINT ( 'NONE',  ( -5.100000000000000500, 5.000000000000000000, -3.599999999999998300 ) ) ;
#3431 = PRESENTATION_LAYER_ASSIGNMENT (  '', '', ( #3421 ) ) ;
#3432 = LINE ( 'NONE', #3430, #3429 ) ;
#3433 = CARTESIAN_POINT ( 'NONE',  ( -1.500000000000119900, 5.000000000000000900, -5.099999999999999600 ) ) ;
#3434 = UNCERTAINTY_MEASURE_WITH_UNIT (LENGTH_MEASURE( 1.000000000000000100E-005 ), #3393, 'distance_accuracy_value', 'NONE');
#3435 = DIRECTION ( 'NONE',  ( -1.000000000000000000, -0.0000000000000000000, -0.0000000000000000000 ) ) ;
#3436 = CARTESIAN_POINT ( 'NONE',  ( -5.100000000000000500, 5.000000000000000000, -5.099999999999999600 ) ) ;
#3437 = LINE ( 'NONE', #3436, #3419 ) ;
#3438 =( GEOMETRIC_REPRESENTATION_CONTEXT ( 3 ) GLOBAL_UNCERTAINTY_ASSIGNED_CONTEXT ( ( #3462 ) ) GLOBAL_UNIT_ASSIGNED_CONTEXT ( ( #3515, #3514, #3453 ) ) REPRESENTATION_CONTEXT ( 'NONE', 'WORKASPACE' ) );
#3439 =( NAMED_UNIT ( * ) PLANE_ANGLE_UNIT ( ) SI_UNIT ( $, .RADIAN. ) );
#3440 =( LENGTH_UNIT ( ) NAMED_UNIT ( * ) SI_UNIT ( .MILLI., .METRE. ) );
#3441 =( GEOMETRIC_REPRESENTATION_CONTEXT ( 3 ) GLOBAL_UNCERTAINTY_ASSIGNED_CONTEXT ( ( #3519 ) ) GLOBAL_UNIT_ASSIGNED_CONTEXT ( ( #3440, #3439, #3520 ) ) REPRESENTATION_CONTEXT ( 'NONE', 'WORKASPACE' ) );
#3442 =( NAMED_UNIT ( * ) PLANE_ANGLE_UNIT ( ) SI_UNIT ( $, .RADIAN. ) );
#3443 =( LENGTH_UNIT ( ) NAMED_UNIT ( * ) SI_UNIT ( .MILLI., .METRE. ) );
#3444 = MECHANICAL_DESIGN_GEOMETRIC_PRESENTATION_REPRESENTATION (  '', ( #3446 ), #3529 ) ;
#3445 = PRESENTATION_LAYER_ASSIGNMENT (  '', '', ( #3446 ) ) ;
#3446 = STYLED_ITEM ( 'NONE', ( #3447 ), #741 ) ;
#3447 = PRESENTATION_STYLE_ASSIGNMENT (( #3448 ) ) ;
#3448 = SURFACE_STYLE_USAGE ( .BOTH. , #3449 ) ;
#3449 = SURFACE_SIDE_STYLE ('',( #3450 ) ) ;
#3450 = SURFACE_STYLE_FILL_AREA ( #3451 ) ;
#3451 = FILL_AREA_STYLE ('',( #3452 ) ) ;
#3452 = FILL_AREA_STYLE_COLOUR ( '', #3479 ) ;
#3453 =( NAMED_UNIT ( * ) SI_UNIT ( $, .STERADIAN. ) SOLID_ANGLE_UNIT ( ) );
#3454 = DIRECTION ( 'NONE',  ( 1.700709290173340400E-016, 0.0000000000000000000, 1.000000000000000000 ) ) ;
#3455 = DIRECTION ( 'NONE',  ( -1.000000000000000000, 0.0000000000000000000, 1.700709290173340400E-016 ) ) ;
#3456 = DIRECTION ( 'NONE',  ( -1.700709290173340400E-016, -0.0000000000000000000, -1.000000000000000000 ) ) ;
#3457 = VECTOR ( 'NONE', #3456, 1000.000000000000000 ) ;
#3458 = CARTESIAN_POINT ( 'NONE',  ( 5.099999999999998800, 5.000000000000000000, -5.099999999999999600 ) ) ;
#3459 = LINE ( 'NONE', #3458, #3457 ) ;
#3460 = AXIS2_PLACEMENT_3D ( 'NONE', #3504, #3503, #3502 ) ;
#3461 = PLANE ( 'NONE',  #3460 ) ;
#3462 = UNCERTAINTY_MEASURE_WITH_UNIT (LENGTH_MEASURE( 1.000000000000000100E-005 ), #3515, 'distance_accuracy_value', 'NONE');
#3463 = DIRECTION ( 'NONE',  ( -0.0000000000000000000, 1.000000000000000000, -0.0000000000000000000 ) ) ;
#3464 = VECTOR ( 'NONE', #3463, 1000.000000000000000 ) ;
#3465 = CARTESIAN_POINT ( 'NONE',  ( -1.499999999999999600, -0.1000000000000000100, -3.799999999999999400 ) ) ;
#3466 = LINE ( 'NONE', #3465, #3464 ) ;
#3467 = CARTESIAN_POINT ( 'NONE',  ( -1.499999999999999600, -0.1000000000000000100, -3.799999999999999400 ) ) ;
#3468 = DIRECTION ( 'NONE',  ( 9.035018104045872900E-016, -0.0000000000000000000, -1.000000000000000000 ) ) ;
#3469 = VECTOR ( 'NONE', #3468, 1000.000000000000000 ) ;
#3470 = CARTESIAN_POINT ( 'NONE',  ( -1.499999999999998400, -0.1000000000000000100, -4.999999999999999100 ) ) ;
#3471 = LINE ( 'NONE', #3470, #3469 ) ;
#3472 = UNCERTAINTY_MEASURE_WITH_UNIT (LENGTH_MEASURE( 1.000000000000000100E-005 ), #3484, 'distance_accuracy_value', 'NONE');
#3473 =( NAMED_UNIT ( * ) SI_UNIT ( $, .STERADIAN. ) SOLID_ANGLE_UNIT ( ) );
#3474 = PLANE ( 'NONE',  #3507 ) ;
#3475 = DIRECTION ( 'NONE',  ( -1.000000000000000000, 0.0000000000000000000, -1.445602896647339200E-016 ) ) ;
#3476 = DIRECTION ( 'NONE',  ( 1.445602896647339200E-016, 0.0000000000000000000, -1.000000000000000000 ) ) ;
#3477 = CARTESIAN_POINT ( 'NONE',  ( -1.499999999999999600, -0.1000000000000000100, -3.799999999999999400 ) ) ;
#3478 = AXIS2_PLACEMENT_3D ( 'NONE', #3477, #3476, #3475 ) ;
#3479 = COLOUR_RGB ( '',0.8274509803921568100, 0.8392156862745098200, 0.8274509803921568100 ) ;
#3480 = FACE_OUTER_BOUND ( 'NONE', #742, .T. ) ;
#3481 = PLANE ( 'NONE',  #3478 ) ;
#3482 =( GEOMETRIC_REPRESENTATION_CONTEXT ( 3 ) GLOBAL_UNCERTAINTY_ASSIGNED_CONTEXT ( ( #3472 ) ) GLOBAL_UNIT_ASSIGNED_CONTEXT ( ( #3484, #3483, #3473 ) ) REPRESENTATION_CONTEXT ( 'NONE', 'WORKASPACE' ) );
#3483 =( NAMED_UNIT ( * ) PLANE_ANGLE_UNIT ( ) SI_UNIT ( $, .RADIAN. ) );
#3484 =( LENGTH_UNIT ( ) NAMED_UNIT ( * ) SI_UNIT ( .MILLI., .METRE. ) );
#3485 = LINE ( 'NONE', #3541, #3540 ) ;
#3486 = CARTESIAN_POINT ( 'NONE',  ( 1.500000000000000000, 5.000000000000000900, 5.099999999999999600 ) ) ;
#3487 = DIRECTION ( 'NONE',  ( -0.0000000000000000000, 1.000000000000000000, -0.0000000000000000000 ) ) ;
#3488 = CARTESIAN_POINT ( 'NONE',  ( 1.164183837152446400, 5.000000000000000000, -3.293963135026376500 ) ) ;
#3489 = DIRECTION ( 'NONE',  ( 0.0000000000000000000, 0.0000000000000000000, -1.000000000000000000 ) ) ;
#3490 = VECTOR ( 'NONE', #3489, 1000.000000000000000 ) ;
#3491 = CARTESIAN_POINT ( 'NONE',  ( 1.164183837152446400, 5.000000000000000000, -2.955934966012292000 ) ) ;
#3492 = LINE ( 'NONE', #3491, #3490 ) ;
#3493 = MECHANICAL_DESIGN_GEOMETRIC_PRESENTATION_REPRESENTATION (  '', ( #3495 ), #3482 ) ;
#3494 = PRESENTATION_LAYER_ASSIGNMENT (  '', '', ( #3495 ) ) ;
#3495 = STYLED_ITEM ( 'NONE', ( #3496 ), #739 ) ;
#3496 = PRESENTATION_STYLE_ASSIGNMENT (( #3497 ) ) ;
#3497 = SURFACE_STYLE_USAGE ( .BOTH. , #3498 ) ;
#3498 = SURFACE_SIDE_STYLE ('',( #3499 ) ) ;
#3499 = SURFACE_STYLE_FILL_AREA ( #3500 ) ;
#3500 = FILL_AREA_STYLE ('',( #3501 ) ) ;
#3501 = FILL_AREA_STYLE_COLOUR ( '', #3542 ) ;
#3502 = DIRECTION ( 'NONE',  ( 1.000000000000000000, 0.0000000000000000000, -0.0000000000000000000 ) ) ;
#3503 = DIRECTION ( 'NONE',  ( 0.0000000000000000000, 0.0000000000000000000, 1.000000000000000000 ) ) ;
#3504 = CARTESIAN_POINT ( 'NONE',  ( -5.100000000000000500, 5.000000000000000000, -5.099999999999999600 ) ) ;
#3505 = CARTESIAN_POINT ( 'NONE',  ( -5.100000000000000500, 5.000000000000000000, -3.599999999999998300 ) ) ;
#3506 = CARTESIAN_POINT ( 'NONE',  ( 5.099999999999998800, 5.000000000000000000, -5.099999999999999600 ) ) ;
#3507 = AXIS2_PLACEMENT_3D ( 'NONE', #3506, #3455, #3454 ) ;
#3508 = FILL_AREA_STYLE ('',( #3509 ) ) ;
#3509 = FILL_AREA_STYLE_COLOUR ( '', #3510 ) ;
#3510 = COLOUR_RGB ( '',0.1921568627450980200, 0.2039215686274509800, 0.2039215686274509800 ) ;
#3511 = FACE_OUTER_BOUND ( 'NONE', #645, .T. ) ;
#3512 = CARTESIAN_POINT ( 'NONE',  ( -3.599999999999997400, 5.000000000000000000, -5.099999999999998800 ) ) ;
#3513 = DIRECTION ( 'NONE',  ( -0.0000000000000000000, -0.0000000000000000000, 1.000000000000000000 ) ) ;
#3514 =( NAMED_UNIT ( * ) PLANE_ANGLE_UNIT ( ) SI_UNIT ( $, .RADIAN. ) );
#3515 =( LENGTH_UNIT ( ) NAMED_UNIT ( * ) SI_UNIT ( .MILLI., .METRE. ) );
#3516 = VECTOR ( 'NONE', #3487, 1000.000000000000000 ) ;
#3517 = CARTESIAN_POINT ( 'NONE',  ( 3.600000000000001000, 5.000000000000000000, 5.099999999999999600 ) ) ;
#3518 = LINE ( 'NONE', #3517, #3516 ) ;
#3519 = UNCERTAINTY_MEASURE_WITH_UNIT (LENGTH_MEASURE( 1.000000000000000100E-005 ), #3440, 'distance_accuracy_value', 'NONE');
#3520 =( NAMED_UNIT ( * ) SI_UNIT ( $, .STERADIAN. ) SOLID_ANGLE_UNIT ( ) );
#3521 = MECHANICAL_DESIGN_GEOMETRIC_PRESENTATION_REPRESENTATION (  '', ( #3523 ), #3441 ) ;
#3522 = PRESENTATION_LAYER_ASSIGNMENT (  '', '', ( #3523 ) ) ;
#3523 = STYLED_ITEM ( 'NONE', ( #3524 ), #726 ) ;
#3524 = PRESENTATION_STYLE_ASSIGNMENT (( #3525 ) ) ;
#3525 = SURFACE_STYLE_USAGE ( .BOTH. , #3526 ) ;
#3526 = SURFACE_SIDE_STYLE ('',( #3527 ) ) ;
#3527 = SURFACE_STYLE_FILL_AREA ( #3508 ) ;
#3528 = PLANE ( 'NONE',  #3538 ) ;
#3529 =( GEOMETRIC_REPRESENTATION_CONTEXT ( 3 ) GLOBAL_UNCERTAINTY_ASSIGNED_CONTEXT ( ( #3530 ) ) GLOBAL_UNIT_ASSIGNED_CONTEXT ( ( #3443, #3442, #3531 ) ) REPRESENTATION_CONTEXT ( 'NONE', 'WORKASPACE' ) );
#3530 = UNCERTAINTY_MEASURE_WITH_UNIT (LENGTH_MEASURE( 1.000000000000000100E-005 ), #3443, 'distance_accuracy_value', 'NONE');
#3531 =( NAMED_UNIT ( * ) SI_UNIT ( $, .STERADIAN. ) SOLID_ANGLE_UNIT ( ) );
#3532 = DIRECTION ( 'NONE',  ( -1.000000000000000000, -0.0000000000000000000, -1.445602896647339200E-016 ) ) ;
#3533 = VECTOR ( 'NONE', #3532, 1000.000000000000000 ) ;
#3534 = CARTESIAN_POINT ( 'NONE',  ( -1.499999999999999600, -0.1000000000000000100, -3.799999999999999400 ) ) ;
#3535 = DIRECTION ( 'NONE',  ( 9.035018104045872900E-016, 0.0000000000000000000, -1.000000000000000000 ) ) ;
#3536 = DIRECTION ( 'NONE',  ( 1.000000000000000000, 0.0000000000000000000, 9.035018104045872900E-016 ) ) ;
#3537 = CARTESIAN_POINT ( 'NONE',  ( -1.499999999999998400, -0.1000000000000000100, -4.999999999999999100 ) ) ;
#3538 = AXIS2_PLACEMENT_3D ( 'NONE', #3537, #3536, #3535 ) ;
#3539 = LINE ( 'NONE', #3534, #3533 ) ;
#3540 = VECTOR ( 'NONE', #3513, 1000.000000000000000 ) ;
#3541 = CARTESIAN_POINT ( 'NONE',  ( 1.500000000000000900, 3.673940397442060400E-016, 4.999999999999999100 ) ) ;
#3542 = COLOUR_RGB ( '',0.8274509803921568100, 0.8392156862745098200, 0.8274509803921568100 ) ;
#3543 = DIRECTION ( 'NONE',  ( 0.0000000000000000000, 0.0000000000000000000, 1.000000000000000000 ) ) ;
#3544 = DIRECTION ( 'NONE',  ( 0.0000000000000000000, 1.000000000000000000, 0.0000000000000000000 ) ) ;
#3545 = CARTESIAN_POINT ( 'NONE',  ( 0.0000000000000000000, 5.000000000000000000, 0.0000000000000000000 ) ) ;
#3546 = AXIS2_PLACEMENT_3D ( 'NONE', #3545, #3544, #3543 ) ;
#3547 = CIRCLE ( 'NONE', #3546, 4.880000000000000800 ) ;
#3548 = FACE_OUTER_BOUND ( 'NONE', #740, .T. ) ;
#3549 = COLOUR_RGB ( '',1.000000000000000000, 1.000000000000000000, 1.000000000000000000 ) ;
#3550 = UNCERTAINTY_MEASURE_WITH_UNIT (LENGTH_MEASURE( 1.000000000000000100E-005 ), #3587, 'distance_accuracy_value', 'NONE');
#3551 = DIRECTION ( 'NONE',  ( -0.0000000000000000000, 1.000000000000000000, -0.0000000000000000000 ) ) ;
#3552 = VECTOR ( 'NONE', #3551, 1000.000000000000000 ) ;
#3553 = CARTESIAN_POINT ( 'NONE',  ( 1.321974330110192900, 4.990000000000000200, -0.3362166561531371200 ) ) ;
#3554 = LINE ( 'NONE', #3553, #3552 ) ;
#3555 = FACE_OUTER_BOUND ( 'NONE', #150, .T. ) ;
#3556 = DIRECTION ( 'NONE',  ( 0.9104214723748158500, 0.0000000000000000000, 0.4136819341461173100 ) ) ;
#3557 = CARTESIAN_POINT ( 'NONE',  ( 1.321974330110192900, 4.990000000000000200, -0.3362166561531371200 ) ) ;
#3558 = AXIS2_PLACEMENT_3D ( 'NONE', #3557, #3556, #3581 ) ;
#3559 = PLANE ( 'NONE',  #3558 ) ;
#3560 =( NAMED_UNIT ( * ) PLANE_ANGLE_UNIT ( ) SI_UNIT ( $, .RADIAN. ) );
#3561 = SURFACE_SIDE_STYLE ('',( #3602 ) ) ;
#3562 = FILL_AREA_STYLE ('',( #3583 ) ) ;
#3563 =( LENGTH_UNIT ( ) NAMED_UNIT ( * ) SI_UNIT ( .MILLI., .METRE. ) );
#3564 = MECHANICAL_DESIGN_GEOMETRIC_PRESENTATION_REPRESENTATION (  '', ( #3566 ), #1953 ) ;
#3565 = PRESENTATION_LAYER_ASSIGNMENT (  '', '', ( #3566 ) ) ;
#3566 = STYLED_ITEM ( 'NONE', ( #3567 ), #151 ) ;
#3567 = PRESENTATION_STYLE_ASSIGNMENT (( #3568 ) ) ;
#3568 = SURFACE_STYLE_USAGE ( .BOTH. , #3569 ) ;
#3569 = SURFACE_SIDE_STYLE ('',( #3570 ) ) ;
#3570 = SURFACE_STYLE_FILL_AREA ( #3571 ) ;
#3571 = FILL_AREA_STYLE ('',( #3590 ) ) ;
#3572 = COLOUR_RGB ( '',1.000000000000000000, 1.000000000000000000, 1.000000000000000000 ) ;
#3573 = FACE_OUTER_BOUND ( 'NONE', #149, .T. ) ;
#3574 = DIRECTION ( 'NONE',  ( -0.0000000000000000000, 1.000000000000000000, -0.0000000000000000000 ) ) ;
#3575 = VECTOR ( 'NONE', #3574, 1000.000000000000000 ) ;
#3576 = CARTESIAN_POINT ( 'NONE',  ( 1.164183837152446400, 4.990000000000000200, -2.955934966012292000 ) ) ;
#3577 = DIRECTION ( 'NONE',  ( 0.5632671893086503800, 0.0000000000000000000, 0.8262748171451995700 ) ) ;
#3578 = VECTOR ( 'NONE', #3577, 1000.000000000000000 ) ;
#3579 = CARTESIAN_POINT ( 'NONE',  ( -0.7360147279939804900, 4.990000000000000200, 0.9464703880050846500 ) ) ;
#3580 = LINE ( 'NONE', #3579, #3578 ) ;
#3581 = DIRECTION ( 'NONE',  ( 0.4136819341461172600, 0.0000000000000000000, -0.9104214723748157400 ) ) ;
#3582 = STYLED_ITEM ( 'NONE', ( #3585 ), #133 ) ;
#3583 = FILL_AREA_STYLE_COLOUR ( '', #3549 ) ;
#3584 =( GEOMETRIC_REPRESENTATION_CONTEXT ( 3 ) GLOBAL_UNCERTAINTY_ASSIGNED_CONTEXT ( ( #3550 ) ) GLOBAL_UNIT_ASSIGNED_CONTEXT ( ( #3587, #3560, #3586 ) ) REPRESENTATION_CONTEXT ( 'NONE', 'WORKASPACE' ) );
#3585 = PRESENTATION_STYLE_ASSIGNMENT (( #3600 ) ) ;
#3586 =( NAMED_UNIT ( * ) SI_UNIT ( $, .STERADIAN. ) SOLID_ANGLE_UNIT ( ) );
#3587 =( LENGTH_UNIT ( ) NAMED_UNIT ( * ) SI_UNIT ( .MILLI., .METRE. ) );
#3588 = MECHANICAL_DESIGN_GEOMETRIC_PRESENTATION_REPRESENTATION (  '', ( #3582 ), #3584 ) ;
#3589 = LINE ( 'NONE', #3576, #3575 ) ;
#3590 = FILL_AREA_STYLE_COLOUR ( '', #3572 ) ;
#3591 = DIRECTION ( 'NONE',  ( -0.0000000000000000000, 1.000000000000000000, -0.0000000000000000000 ) ) ;
#3592 = VECTOR ( 'NONE', #3591, 1000.000000000000000 ) ;
#3593 = CARTESIAN_POINT ( 'NONE',  ( -0.2605520783405107500, 4.990000000000000200, -0.3362166561531371200 ) ) ;
#3594 = LINE ( 'NONE', #3593, #3592 ) ;
#3595 = CARTESIAN_POINT ( 'NONE',  ( 1.321974330110192900, 4.990000000000000200, -0.3362166561531371200 ) ) ;
#3596 = DIRECTION ( 'NONE',  ( -1.000000000000000000, 0.0000000000000000000, 0.0000000000000000000 ) ) ;
#3597 = VECTOR ( 'NONE', #3596, 1000.000000000000000 ) ;
#3598 = CARTESIAN_POINT ( 'NONE',  ( 1.683109893490474700, 4.990000000000000200, -0.3362166561531371200 ) ) ;
#3599 = LINE ( 'NONE', #3598, #3597 ) ;
#3600 = SURFACE_STYLE_USAGE ( .BOTH. , #3561 ) ;
#3601 = PRESENTATION_LAYER_ASSIGNMENT (  '', '', ( #3582 ) ) ;
#3602 = SURFACE_STYLE_FILL_AREA ( #3562 ) ;
#3603 = CARTESIAN_POINT ( 'NONE',  ( -2.565349613551778600, 4.990000000000000200, -0.3362166561531371200 ) ) ;
#3604 = DIRECTION ( 'NONE',  ( -1.000000000000000000, 0.0000000000000000000, 0.0000000000000000000 ) ) ;
#3605 = VECTOR ( 'NONE', #3604, 1000.000000000000000 ) ;
#3606 = CARTESIAN_POINT ( 'NONE',  ( -2.204214050171496600, 4.990000000000000200, -0.3362166561531371200 ) ) ;
#3607 = LINE ( 'NONE', #3606, #3605 ) ;
#3608 = DIRECTION ( 'NONE',  ( -0.0000000000000000000, 1.000000000000000000, -0.0000000000000000000 ) ) ;
#3609 = VECTOR ( 'NONE', #3608, 1000.000000000000000 ) ;
#3610 = CARTESIAN_POINT ( 'NONE',  ( 0.5686732737721653700, 4.990000000000000200, -2.955934966012292000 ) ) ;
#3611 = LINE ( 'NONE', #3610, #3609 ) ;
#3612 =( GEOMETRIC_REPRESENTATION_CONTEXT ( 3 ) GLOBAL_UNCERTAINTY_ASSIGNED_CONTEXT ( ( #3628 ) ) GLOBAL_UNIT_ASSIGNED_CONTEXT ( ( #3613, #3623, #3622 ) ) REPRESENTATION_CONTEXT ( 'NONE', 'WORKASPACE' ) );
#3613 =( LENGTH_UNIT ( ) NAMED_UNIT ( * ) SI_UNIT ( .MILLI., .METRE. ) );
#3614 = MECHANICAL_DESIGN_GEOMETRIC_PRESENTATION_REPRESENTATION (  '', ( #3629 ), #3612 ) ;
#3615 = PRESENTATION_LAYER_ASSIGNMENT (  '', '', ( #3629 ) ) ;
#3616 = DIRECTION ( 'NONE',  ( -0.0000000000000000000, 1.000000000000000000, -0.0000000000000000000 ) ) ;
#3617 = CARTESIAN_POINT ( 'NONE',  ( -0.7794781346785389900, 4.990000000000000200, -3.293963135026376500 ) ) ;
#3618 = LINE ( 'NONE', #3617, #3643 ) ;
#3619 = DIRECTION ( 'NONE',  ( 0.0000000000000000000, 0.0000000000000000000, -1.000000000000000000 ) ) ;
#3620 = VECTOR ( 'NONE', #3619, 1000.000000000000000 ) ;
#3621 = CARTESIAN_POINT ( 'NONE',  ( -0.7794781346785389900, 4.990000000000000200, -2.955934966012292000 ) ) ;
#3622 =( NAMED_UNIT ( * ) SI_UNIT ( $, .STERADIAN. ) SOLID_ANGLE_UNIT ( ) );
#3623 =( NAMED_UNIT ( * ) PLANE_ANGLE_UNIT ( ) SI_UNIT ( $, .RADIAN. ) );
#3624 = LINE ( 'NONE', #3621, #3620 ) ;
#3625 = CARTESIAN_POINT ( 'NONE',  ( 0.5686732737721653700, 4.990000000000000200, -2.955934966012292000 ) ) ;
#3626 = LINE ( 'NONE', #3645, #3644 ) ;
#3627 = CARTESIAN_POINT ( 'NONE',  ( -0.7794781346785389900, 4.990000000000000200, -3.293963135026376500 ) ) ;
#3628 = UNCERTAINTY_MEASURE_WITH_UNIT (LENGTH_MEASURE( 1.000000000000000100E-005 ), #3613, 'distance_accuracy_value', 'NONE');
#3629 = STYLED_ITEM ( 'NONE', ( #3630 ), #63 ) ;
#3630 = PRESENTATION_STYLE_ASSIGNMENT (( #3631 ) ) ;
#3631 = SURFACE_STYLE_USAGE ( .BOTH. , #3632 ) ;
#3632 = SURFACE_SIDE_STYLE ('',( #3633 ) ) ;
#3633 = SURFACE_STYLE_FILL_AREA ( #3634 ) ;
#3634 = FILL_AREA_STYLE ('',( #3642 ) ) ;
#3635 = COLOUR_RGB ( '',1.000000000000000000, 1.000000000000000000, 1.000000000000000000 ) ;
#3636 = FACE_OUTER_BOUND ( 'NONE', #69, .T. ) ;
#3637 = VECTOR ( 'NONE', #3639, 1000.000000000000000 ) ;
#3638 = CARTESIAN_POINT ( 'NONE',  ( -2.204214050171496600, 4.990000000000000200, -0.3362166561531371200 ) ) ;
#3639 = DIRECTION ( 'NONE',  ( 0.0000000000000000000, 0.0000000000000000000, 1.000000000000000000 ) ) ;
#3640 = CARTESIAN_POINT ( 'NONE',  ( -0.9762210924250177600, 4.990000000000000200, -3.293963135026376500 ) ) ;
#3641 = LINE ( 'NONE', #3640, #3637 ) ;
#3642 = FILL_AREA_STYLE_COLOUR ( '', #3635 ) ;
#3643 = VECTOR ( 'NONE', #3616, 1000.000000000000000 ) ;
#3644 = VECTOR ( 'NONE', #3647, 1000.000000000000000 ) ;
#3645 = CARTESIAN_POINT ( 'NONE',  ( 0.5686732737721653700, 4.990000000000000200, -2.955934966012292000 ) ) ;
#3646 = CARTESIAN_POINT ( 'NONE',  ( -0.7794781346785389900, 4.990000000000000200, -2.955934966012292000 ) ) ;
#3647 = DIRECTION ( 'NONE',  ( -1.000000000000000000, 0.0000000000000000000, 0.0000000000000000000 ) ) ;
#3648 =( LENGTH_UNIT ( ) NAMED_UNIT ( * ) SI_UNIT ( .MILLI., .METRE. ) );
#3649 = MECHANICAL_DESIGN_GEOMETRIC_PRESENTATION_REPRESENTATION (  '', ( #3651 ), #3692 ) ;
#3650 = PRESENTATION_LAYER_ASSIGNMENT (  '', '', ( #3651 ) ) ;
#3651 = STYLED_ITEM ( 'NONE', ( #3675 ), #70 ) ;
#3652 = DIRECTION ( 'NONE',  ( 0.4136819341461172600, 0.0000000000000000000, -0.9104214723748157400 ) ) ;
#3653 = AXIS2_PLACEMENT_3D ( 'NONE', #3654, #3657, #3652 ) ;
#3654 = CARTESIAN_POINT ( 'NONE',  ( -2.565349613551778600, 4.990000000000000200, -0.3362166561531371200 ) ) ;
#3655 = PLANE ( 'NONE',  #3653 ) ;
#3656 =( NAMED_UNIT ( * ) SI_UNIT ( $, .STERADIAN. ) SOLID_ANGLE_UNIT ( ) );
#3657 = DIRECTION ( 'NONE',  ( 0.9104214723748158500, 0.0000000000000000000, 0.4136819341461173100 ) ) ;
#3658 =( NAMED_UNIT ( * ) PLANE_ANGLE_UNIT ( ) SI_UNIT ( $, .RADIAN. ) );
#3659 = PLANE ( 'NONE',  #3663 ) ;
#3660 = DIRECTION ( 'NONE',  ( -1.000000000000000000, 0.0000000000000000000, 0.0000000000000000000 ) ) ;
#3661 = DIRECTION ( 'NONE',  ( -0.0000000000000000000, 0.0000000000000000000, -1.000000000000000000 ) ) ;
#3662 = CARTESIAN_POINT ( 'NONE',  ( 0.5686732737721653700, 4.990000000000000200, -2.955934966012292000 ) ) ;
#3663 = AXIS2_PLACEMENT_3D ( 'NONE', #3662, #3661, #3660 ) ;
#3664 = VECTOR ( 'NONE', #3670, 1000.000000000000000 ) ;
#3665 = LINE ( 'NONE', #3669, #3668 ) ;
#3666 = CARTESIAN_POINT ( 'NONE',  ( 0.9674408794059681200, 4.990000000000000200, -3.042422642068630400 ) ) ;
#3667 = DIRECTION ( 'NONE',  ( 0.0000000000000000000, 0.0000000000000000000, 1.000000000000000000 ) ) ;
#3668 = VECTOR ( 'NONE', #3667, 1000.000000000000000 ) ;
#3669 = CARTESIAN_POINT ( 'NONE',  ( 0.9674408794059681200, 4.990000000000000200, -3.293963135026376500 ) ) ;
#3670 = DIRECTION ( 'NONE',  ( 0.4136819341461172600, 0.0000000000000000000, -0.9104214723748158500 ) ) ;
#3671 = CARTESIAN_POINT ( 'NONE',  ( -2.565349613551778600, 4.990000000000000200, -0.3362166561531371200 ) ) ;
#3672 = LINE ( 'NONE', #3671, #3664 ) ;
#3673 = VECTOR ( 'NONE', #3688, 1000.000000000000000 ) ;
#3674 = FACE_OUTER_BOUND ( 'NONE', #71, .T. ) ;
#3675 = PRESENTATION_STYLE_ASSIGNMENT (( #3676 ) ) ;
#3676 = SURFACE_STYLE_USAGE ( .BOTH. , #3677 ) ;
#3677 = SURFACE_SIDE_STYLE ('',( #3678 ) ) ;
#3678 = SURFACE_STYLE_FILL_AREA ( #3679 ) ;
#3679 = FILL_AREA_STYLE ('',( #3680 ) ) ;
#3680 = FILL_AREA_STYLE_COLOUR ( '', #3681 ) ;
#3681 = COLOUR_RGB ( '',1.000000000000000000, 1.000000000000000000, 1.000000000000000000 ) ;
#3682 = DIRECTION ( 'NONE',  ( -0.0000000000000000000, 1.000000000000000000, -0.0000000000000000000 ) ) ;
#3683 = VECTOR ( 'NONE', #3682, 1000.000000000000000 ) ;
#3684 = CARTESIAN_POINT ( 'NONE',  ( -0.6216876417207924900, 4.990000000000000200, -0.3362166561531371200 ) ) ;
#3685 = LINE ( 'NONE', #3684, #3683 ) ;
#3686 = LINE ( 'NONE', #3687, #3673 ) ;
#3687 = CARTESIAN_POINT ( 'NONE',  ( -0.2605520783405107500, 4.990000000000000200, -0.3362166561531371200 ) ) ;
#3688 = DIRECTION ( 'NONE',  ( -1.000000000000000000, 0.0000000000000000000, 0.0000000000000000000 ) ) ;
#3689 = UNCERTAINTY_MEASURE_WITH_UNIT (LENGTH_MEASURE( 1.000000000000000100E-005 ), #3648, 'distance_accuracy_value', 'NONE');
#3690 = DIRECTION ( 'NONE',  ( -1.000000000000000000, 0.0000000000000000000, 0.0000000000000000000 ) ) ;
#3691 = AXIS2_PLACEMENT_3D ( 'NONE', #3695, #3690, #3694 ) ;
#3692 =( GEOMETRIC_REPRESENTATION_CONTEXT ( 3 ) GLOBAL_UNCERTAINTY_ASSIGNED_CONTEXT ( ( #3689 ) ) GLOBAL_UNIT_ASSIGNED_CONTEXT ( ( #3648, #3658, #3656 ) ) REPRESENTATION_CONTEXT ( 'NONE', 'WORKASPACE' ) );
#3693 = PLANE ( 'NONE',  #3691 ) ;
#3694 = DIRECTION ( 'NONE',  ( 0.0000000000000000000, 0.0000000000000000000, 1.000000000000000000 ) ) ;
#3695 = CARTESIAN_POINT ( 'NONE',  ( 2.911102851236953900, 4.990000000000000200, -3.293963135026376500 ) ) ;
#3696 = FILL_AREA_STYLE ('',( #3700 ) ) ;
#3697 =( NAMED_UNIT ( * ) PLANE_ANGLE_UNIT ( ) SI_UNIT ( $, .RADIAN. ) );
#3698 = COLOUR_RGB ( '',1.000000000000000000, 1.000000000000000000, 1.000000000000000000 ) ;
#3699 = FACE_OUTER_BOUND ( 'NONE', #97, .T. ) ;
#3700 = FILL_AREA_STYLE_COLOUR ( '', #3698 ) ;
#3701 = DIRECTION ( 'NONE',  ( 1.000000000000000000, 0.0000000000000000000, 0.0000000000000000000 ) ) ;
#3702 = CARTESIAN_POINT ( 'NONE',  ( 1.683109893490474700, 4.990000000000000200, -0.3362166561531371200 ) ) ;
#3703 = CARTESIAN_POINT ( 'NONE',  ( -0.7794781346785389900, 4.990000000000000200, -3.293963135026376500 ) ) ;
#3704 = LINE ( 'NONE', #3703, #3715 ) ;
#3705 = SURFACE_SIDE_STYLE ('',( #3734 ) ) ;
#3706 = CARTESIAN_POINT ( 'NONE',  ( 2.911102851236953900, 4.990000000000000200, -3.293963135026376500 ) ) ;
#3707 = DIRECTION ( 'NONE',  ( 1.000000000000000000, 0.0000000000000000000, 0.0000000000000000000 ) ) ;
#3708 =( NAMED_UNIT ( * ) SI_UNIT ( $, .STERADIAN. ) SOLID_ANGLE_UNIT ( ) );
#3709 = VECTOR ( 'NONE', #3707, 1000.000000000000000 ) ;
#3710 = CARTESIAN_POINT ( 'NONE',  ( 1.164183837152446400, 4.990000000000000200, -3.293963135026376500 ) ) ;
#3711 = LINE ( 'NONE', #3710, #3709 ) ;
#3712 = STYLED_ITEM ( 'NONE', ( #3717 ), #82 ) ;
#3713 = LINE ( 'NONE', #3722, #3724 ) ;
#3714 = PRESENTATION_LAYER_ASSIGNMENT (  '', '', ( #3712 ) ) ;
#3715 = VECTOR ( 'NONE', #3701, 1000.000000000000000 ) ;
#3716 =( GEOMETRIC_REPRESENTATION_CONTEXT ( 3 ) GLOBAL_UNCERTAINTY_ASSIGNED_CONTEXT ( ( #3733 ) ) GLOBAL_UNIT_ASSIGNED_CONTEXT ( ( #3725, #3697, #3708 ) ) REPRESENTATION_CONTEXT ( 'NONE', 'WORKASPACE' ) );
#3717 = PRESENTATION_STYLE_ASSIGNMENT (( #3718 ) ) ;
#3718 = SURFACE_STYLE_USAGE ( .BOTH. , #3705 ) ;
#3719 = DIRECTION ( 'NONE',  ( -0.4132170265578690200, 0.0000000000000000000, 0.9106325762691962500 ) ) ;
#3720 = DIRECTION ( 'NONE',  ( 0.4136819341461172600, 0.0000000000000000000, -0.9104214723748157400 ) ) ;
#3721 = DIRECTION ( 'NONE',  ( 0.9104214723748158500, 0.0000000000000000000, 0.4136819341461173100 ) ) ;
#3722 = CARTESIAN_POINT ( 'NONE',  ( 2.911102851236953900, 4.990000000000000200, -3.042422642068630400 ) ) ;
#3723 = DIRECTION ( 'NONE',  ( -0.0000000000000000000, 1.000000000000000000, -0.0000000000000000000 ) ) ;
#3724 = VECTOR ( 'NONE', #3719, 1000.000000000000000 ) ;
#3725 =( LENGTH_UNIT ( ) NAMED_UNIT ( * ) SI_UNIT ( .MILLI., .METRE. ) );
#3726 = VECTOR ( 'NONE', #3723, 1000.000000000000000 ) ;
#3727 = CARTESIAN_POINT ( 'NONE',  ( -0.7794781346785389900, 4.990000000000000200, -2.955934966012292000 ) ) ;
#3728 = LINE ( 'NONE', #3727, #3726 ) ;
#3729 = CARTESIAN_POINT ( 'NONE',  ( -0.6216876417207924900, 4.990000000000000200, -0.3362166561531371200 ) ) ;
#3730 = AXIS2_PLACEMENT_3D ( 'NONE', #3729, #3721, #3720 ) ;
#3731 = PLANE ( 'NONE',  #3730 ) ;
#3732 = MECHANICAL_DESIGN_GEOMETRIC_PRESENTATION_REPRESENTATION (  '', ( #3712 ), #3716 ) ;
#3733 = UNCERTAINTY_MEASURE_WITH_UNIT (LENGTH_MEASURE( 1.000000000000000100E-005 ), #3725, 'distance_accuracy_value', 'NONE');
#3734 = SURFACE_STYLE_FILL_AREA ( #3696 ) ;
#3735 = DIRECTION ( 'NONE',  ( 0.0000000000000000000, 0.0000000000000000000, 1.000000000000000000 ) ) ;
#3736 = VECTOR ( 'NONE', #3735, 1000.000000000000000 ) ;
#3737 = CARTESIAN_POINT ( 'NONE',  ( 2.911102851236953900, 4.990000000000000200, -3.293963135026376500 ) ) ;
#3738 = LINE ( 'NONE', #3737, #3736 ) ;
#3739 = UNCERTAINTY_MEASURE_WITH_UNIT (LENGTH_MEASURE( 1.000000000000000100E-005 ), #3742, 'distance_accuracy_value', 'NONE');
#3740 =( NAMED_UNIT ( * ) SI_UNIT ( $, .STERADIAN. ) SOLID_ANGLE_UNIT ( ) );
#3741 =( NAMED_UNIT ( * ) PLANE_ANGLE_UNIT ( ) SI_UNIT ( $, .RADIAN. ) );
#3742 =( LENGTH_UNIT ( ) NAMED_UNIT ( * ) SI_UNIT ( .MILLI., .METRE. ) );
#3743 = FILL_AREA_STYLE_COLOUR ( '', #3744 ) ;
#3744 = COLOUR_RGB ( '',1.000000000000000000, 1.000000000000000000, 1.000000000000000000 ) ;
#3745 = STYLED_ITEM ( 'NONE', ( #3746 ), #92 ) ;
#3746 = PRESENTATION_STYLE_ASSIGNMENT (( #3747 ) ) ;
#3747 = SURFACE_STYLE_USAGE ( .BOTH. , #3755 ) ;
#3748 = FACE_OUTER_BOUND ( 'NONE', #66, .T. ) ;
#3749 = DIRECTION ( 'NONE',  ( -0.4132170265578689100, 0.0000000000000000000, 0.9106325762691962500 ) ) ;
#3750 = DIRECTION ( 'NONE',  ( -0.9106325762691962500, 0.0000000000000000000, -0.4132170265578689100 ) ) ;
#3751 = CARTESIAN_POINT ( 'NONE',  ( 0.9674408794059681200, 4.990000000000000200, -3.042422642068630400 ) ) ;
#3752 = AXIS2_PLACEMENT_3D ( 'NONE', #3751, #3750, #3749 ) ;
#3753 = PLANE ( 'NONE',  #3752 ) ;
#3754 =( GEOMETRIC_REPRESENTATION_CONTEXT ( 3 ) GLOBAL_UNCERTAINTY_ASSIGNED_CONTEXT ( ( #3739 ) ) GLOBAL_UNIT_ASSIGNED_CONTEXT ( ( #3742, #3741, #3740 ) ) REPRESENTATION_CONTEXT ( 'NONE', 'WORKASPACE' ) );
#3755 = SURFACE_SIDE_STYLE ('',( #3756 ) ) ;
#3756 = SURFACE_STYLE_FILL_AREA ( #3757 ) ;
#3757 = FILL_AREA_STYLE ('',( #3743 ) ) ;
#3758 = CARTESIAN_POINT ( 'NONE',  ( 2.911102851236953900, 4.990000000000000200, -3.042422642068630400 ) ) ;
#3759 = MECHANICAL_DESIGN_GEOMETRIC_PRESENTATION_REPRESENTATION (  '', ( #3745 ), #3754 ) ;
#3760 = PRESENTATION_LAYER_ASSIGNMENT (  '', '', ( #3745 ) ) ;
#3761 =( NAMED_UNIT ( * ) SI_UNIT ( $, .STERADIAN. ) SOLID_ANGLE_UNIT ( ) );
#3762 = UNCERTAINTY_MEASURE_WITH_UNIT (LENGTH_MEASURE( 1.000000000000000100E-005 ), #3766, 'distance_accuracy_value', 'NONE');
#3763 =( GEOMETRIC_REPRESENTATION_CONTEXT ( 3 ) GLOBAL_UNCERTAINTY_ASSIGNED_CONTEXT ( ( #3762 ) ) GLOBAL_UNIT_ASSIGNED_CONTEXT ( ( #3766, #3765, #3761 ) ) REPRESENTATION_CONTEXT ( 'NONE', 'WORKASPACE' ) );
#3764 = CARTESIAN_POINT ( 'NONE',  ( -0.6216876417207924900, 4.990000000000000200, -0.3362166561531371200 ) ) ;
#3765 =( NAMED_UNIT ( * ) PLANE_ANGLE_UNIT ( ) SI_UNIT ( $, .RADIAN. ) );
#3766 =( LENGTH_UNIT ( ) NAMED_UNIT ( * ) SI_UNIT ( .MILLI., .METRE. ) );
#3767 = MECHANICAL_DESIGN_GEOMETRIC_PRESENTATION_REPRESENTATION (  '', ( #3769 ), #3763 ) ;
#3768 = PRESENTATION_LAYER_ASSIGNMENT (  '', '', ( #3769 ) ) ;
#3769 = STYLED_ITEM ( 'NONE', ( #3770 ), #109 ) ;
#3770 = PRESENTATION_STYLE_ASSIGNMENT (( #3771 ) ) ;
#3771 = SURFACE_STYLE_USAGE ( .BOTH. , #3772 ) ;
#3772 = SURFACE_SIDE_STYLE ('',( #3773 ) ) ;
#3773 = SURFACE_STYLE_FILL_AREA ( #3774 ) ;
#3774 = FILL_AREA_STYLE ('',( #3781 ) ) ;
#3775 = COLOUR_RGB ( '',1.000000000000000000, 1.000000000000000000, 1.000000000000000000 ) ;
#3776 = FACE_OUTER_BOUND ( 'NONE', #106, .T. ) ;
#3777 = DIRECTION ( 'NONE',  ( -0.4132170265578689600, 0.0000000000000000000, 0.9106325762691961400 ) ) ;
#3778 = VECTOR ( 'NONE', #3777, 1000.000000000000200 ) ;
#3779 = CARTESIAN_POINT ( 'NONE',  ( -0.9762210924250177600, 4.990000000000000200, -3.042422642068630400 ) ) ;
#3780 = LINE ( 'NONE', #3779, #3778 ) ;
#3781 = FILL_AREA_STYLE_COLOUR ( '', #3775 ) ;
#3782 = DIRECTION ( 'NONE',  ( -0.0000000000000000000, 1.000000000000000000, -0.0000000000000000000 ) ) ;
#3783 = VECTOR ( 'NONE', #3782, 1000.000000000000000 ) ;
#3784 = CARTESIAN_POINT ( 'NONE',  ( 2.911102851236953900, 4.990000000000000200, -3.042422642068630400 ) ) ;
#3785 = LINE ( 'NONE', #3784, #3783 ) ;
ENDSEC;
END-ISO-10303-21;
